{
  "trial_id": 1,
  "trial_name": "trial_001_mlp",
  "model": "mlp",
  "best_epoch": 795,
  "elapsed_sec": 13507.036292791367,
  "direct_mae": 0.02953122742474079,
  "direct_rmse": 0.08770382404327393,
  "direct_r2": 0.9986907163402066,
  "direct_valid_ratio": 0.99941,
  "direct_residual_mean": 0.056601382791996,
  "direct_residual_median": 0.016347289085388184,
  "direct_residual_p90": 0.13527148962020874,
  "plus_newton_mae": 1.796794793837925e-05,
  "plus_newton_rmse": 0.0007535933398592322,
  "plus_newton_r2": 0.9999999033346548,
  "plus_newton_valid_ratio": 0.99941,
  "plus_newton_residual_mean": 4.993667780188986e-14,
  "plus_newton_residual_median": 2.220446049250313e-16,
  "plus_newton_residual_p90": 1.3677947663381929e-13,
  "plus_newton_newton_iter_mean": 2.498,
  "plus_newton_newton_iter_median": 3.0,
  "plus_newton_newton_iter_p90": 4.0,
  "plus_newton_converged_ratio": 0.99941,
  "hp_use_log_ab": false,
  "hp_optimizer": "adamw",
  "hp_criterion": "mse",
  "hp_dropout": 0.0,
  "hp_lr": 0.0005,
  "hp_weight_decay": 1e-05,
  "hp_hidden_dims": "[128, 128]",
  "hp_hidden_size": 128,
  "hp_num_layers": 2,
  "hp_head_hidden": 128,
  "hp_head_layers": 2,
  "hp_d_model": 64,
  "hp_nhead": 4,
  "hp_ff_dim": 128,
  "hp_use_cls_token": false
}