{
  "trial_id": 6,
  "trial_name": "trial_006_mlp",
  "model": "mlp",
  "best_epoch": 10,
  "elapsed_sec": 843.7385342121124,
  "direct_mae": 0.02275531366467476,
  "direct_rmse": 0.033991340547800064,
  "direct_r2": 0.9969883840178717,
  "direct_valid_ratio": 0.8526,
  "direct_residual_mean": 33.08136074046012,
  "direct_residual_median": 0.5809647516004681,
  "direct_residual_p90": 36.455262312647704,
  "plus_newton_mae": 0.00464119842052189,
  "plus_newton_rmse": 0.01885926224321804,
  "plus_newton_r2": 0.9990729302660747,
  "plus_newton_valid_ratio": 1.0,
  "plus_newton_residual_mean": 2.782612874821631,
  "plus_newton_residual_median": 1.2559397966072083e-15,
  "plus_newton_residual_p90": 7.484551797488569,
  "plus_newton_newton_iter_mean": 4.323,
  "plus_newton_newton_iter_median": 4.0,
  "plus_newton_newton_iter_p90": 7.0,
  "plus_newton_converged_ratio": 0.8525,
  "hp_use_log_features": true,
  "hp_optimizer": "adamw",
  "hp_weight_decay": 0.0001,
  "hp_dropout": 0.1,
  "hp_lr": 0.001,
  "hp_hidden_dims": "[256, 256, 128]",
  "hp_hidden_size": 128,
  "hp_num_layers": 2,
  "hp_head_hidden": 128,
  "hp_head_layers": 2,
  "hp_d_model": 96,
  "hp_nhead": 4,
  "hp_ff_dim": 192,
  "hp_use_cls_token": false
}