{
  "trial_id": 39,
  "trial_name": "trial_039_gru",
  "model": "gru",
  "best_epoch": 85,
  "elapsed_sec": 2280.798574924469,
  "direct_mae": 0.005053752567619085,
  "direct_rmse": 0.0071000889874994755,
  "direct_r2": 0.9998686014478975,
  "direct_valid_ratio": 0.8626,
  "direct_residual_mean": 2.6822674478443647,
  "direct_residual_median": 0.23162457387983484,
  "direct_residual_p90": 4.236591917399669,
  "plus_newton_mae": 0.0007016611388170302,
  "plus_newton_rmse": 0.0031638272332477125,
  "plus_newton_r2": 0.9999739091322274,
  "plus_newton_valid_ratio": 1.0,
  "plus_newton_residual_mean": 0.9135511102822349,
  "plus_newton_residual_median": 1.3322676295501878e-15,
  "plus_newton_residual_p90": 5.08300574985439,
  "plus_newton_newton_iter_mean": 3.7249,
  "plus_newton_newton_iter_median": 4.0,
  "plus_newton_newton_iter_p90": 6.0,
  "plus_newton_converged_ratio": 0.8626,
  "hp_use_log_features": true,
  "hp_optimizer": "adamw",
  "hp_weight_decay": 0.0001,
  "hp_dropout": 0.1,
  "hp_lr": 0.0005,
  "hp_hidden_dims": "[256, 256, 128]",
  "hp_hidden_size": 128,
  "hp_num_layers": 2,
  "hp_head_hidden": 128,
  "hp_head_layers": 2,
  "hp_d_model": 96,
  "hp_nhead": 4,
  "hp_ff_dim": 192,
  "hp_use_cls_token": false
}