{
  "trial_id": 11,
  "trial_name": "trial_011_lstm",
  "model": "lstm",
  "best_epoch": 181,
  "elapsed_sec": 3916.7528359889984,
  "direct_mae": 0.003650698810815811,
  "direct_rmse": 0.005264838691800833,
  "direct_r2": 0.9999277507809969,
  "direct_valid_ratio": 0.8731,
  "direct_residual_mean": 1.647946509340994,
  "direct_residual_median": 0.15244959542212286,
  "direct_residual_p90": 2.1991296307796646,
  "plus_newton_mae": 0.0006537360408313876,
  "plus_newton_rmse": 0.002923769553521843,
  "plus_newton_r2": 0.9999777182507578,
  "plus_newton_valid_ratio": 1.0,
  "plus_newton_residual_mean": 0.7823902845286671,
  "plus_newton_residual_median": 8.881784197001252e-16,
  "plus_newton_residual_p90": 4.891912558326164,
  "plus_newton_newton_iter_mean": 3.5439,
  "plus_newton_newton_iter_median": 4.0,
  "plus_newton_newton_iter_p90": 5.0,
  "plus_newton_converged_ratio": 0.8731,
  "hp_use_log_features": true,
  "hp_optimizer": "adamw",
  "hp_weight_decay": 0.0001,
  "hp_dropout": 0.05,
  "hp_lr": 0.0005,
  "hp_hidden_dims": "[256, 256, 128]",
  "hp_hidden_size": 96,
  "hp_num_layers": 2,
  "hp_head_hidden": 128,
  "hp_head_layers": 2,
  "hp_d_model": 96,
  "hp_nhead": 4,
  "hp_ff_dim": 192,
  "hp_use_cls_token": false
}