{
  "trial_id": 25,
  "trial_name": "trial_025_gru",
  "model": "gru",
  "best_epoch": 75,
  "elapsed_sec": 2232.374740600586,
  "direct_mae": 0.002939748577773571,
  "direct_rmse": 0.004210461396723986,
  "direct_r2": 0.9999537914472053,
  "direct_valid_ratio": 0.9032,
  "direct_residual_mean": 1.1958026967098099,
  "direct_residual_median": 0.09866597665705941,
  "direct_residual_p90": 1.6276561077735612,
  "plus_newton_mae": 0.00031667140856589236,
  "plus_newton_rmse": 0.001658880805032375,
  "plus_newton_r2": 0.9999928271232637,
  "plus_newton_valid_ratio": 1.0,
  "plus_newton_residual_mean": 0.5807935692351585,
  "plus_newton_residual_median": 8.881784197001252e-16,
  "plus_newton_residual_p90": 9.202416606513e-13,
  "plus_newton_newton_iter_mean": 3.4623,
  "plus_newton_newton_iter_median": 4.0,
  "plus_newton_newton_iter_p90": 5.0,
  "plus_newton_converged_ratio": 0.9032,
  "hp_use_log_features": true,
  "hp_optimizer": "adamw",
  "hp_weight_decay": 0.0001,
  "hp_dropout": 0.05,
  "hp_lr": 0.0005,
  "hp_hidden_dims": "[256, 256, 128]",
  "hp_hidden_size": 96,
  "hp_num_layers": 1,
  "hp_head_hidden": 128,
  "hp_head_layers": 2,
  "hp_d_model": 96,
  "hp_nhead": 4,
  "hp_ff_dim": 192,
  "hp_use_cls_token": false
}