{
  "trial_id": 24,
  "trial_name": "trial_024_lstm",
  "model": "lstm",
  "best_epoch": 75,
  "elapsed_sec": 2374.852032184601,
  "direct_mae": 0.0052719684317708015,
  "direct_rmse": 0.007665005046874285,
  "direct_r2": 0.9998468602786673,
  "direct_valid_ratio": 0.9237,
  "direct_residual_mean": 3.4689279832961692,
  "direct_residual_median": 0.24530026756806744,
  "direct_residual_p90": 5.661200773674721,
  "plus_newton_mae": 0.0007343425987540725,
  "plus_newton_rmse": 0.018789656122790203,
  "plus_newton_r2": 0.9990797609302806,
  "plus_newton_valid_ratio": 1.0,
  "plus_newton_residual_mean": 0.6053490596711631,
  "plus_newton_residual_median": 8.881784197001252e-16,
  "plus_newton_residual_p90": 6.361133841892303e-13,
  "plus_newton_newton_iter_mean": 4.1042,
  "plus_newton_newton_iter_median": 4.0,
  "plus_newton_newton_iter_p90": 6.0,
  "plus_newton_converged_ratio": 0.9235,
  "hp_use_log_features": true,
  "hp_optimizer": "adamw",
  "hp_weight_decay": 0.0001,
  "hp_dropout": 0.1,
  "hp_lr": 0.001,
  "hp_hidden_dims": "[256, 256, 128]",
  "hp_hidden_size": 128,
  "hp_num_layers": 2,
  "hp_head_hidden": 128,
  "hp_head_layers": 2,
  "hp_d_model": 96,
  "hp_nhead": 4,
  "hp_ff_dim": 192,
  "hp_use_cls_token": false
}