{
  "trial_id": 32,
  "trial_name": "trial_032_gru",
  "model": "gru",
  "best_epoch": 70,
  "elapsed_sec": 1996.7562153339386,
  "direct_mae": 0.004659124184399843,
  "direct_rmse": 0.006499730050563812,
  "direct_r2": 0.9998898831824274,
  "direct_valid_ratio": 0.9209,
  "direct_residual_mean": 4.5476957303639,
  "direct_residual_median": 0.22489028971522063,
  "direct_residual_p90": 6.820389225126731,
  "plus_newton_mae": 0.00045212507019199187,
  "plus_newton_rmse": 0.0027596069118738893,
  "plus_newton_r2": 0.9999801501398252,
  "plus_newton_valid_ratio": 1.0,
  "plus_newton_residual_mean": 0.5704335897228355,
  "plus_newton_residual_median": 8.881784197001252e-16,
  "plus_newton_residual_p90": 6.040501432380555e-13,
  "plus_newton_newton_iter_mean": 4.1125,
  "plus_newton_newton_iter_median": 4.0,
  "plus_newton_newton_iter_p90": 7.0,
  "plus_newton_converged_ratio": 0.9209,
  "hp_use_log_features": true,
  "hp_optimizer": "adamw",
  "hp_weight_decay": 0.0001,
  "hp_dropout": 0.05,
  "hp_lr": 0.001,
  "hp_hidden_dims": "[256, 256, 128]",
  "hp_hidden_size": 128,
  "hp_num_layers": 2,
  "hp_head_hidden": 128,
  "hp_head_layers": 2,
  "hp_d_model": 96,
  "hp_nhead": 4,
  "hp_ff_dim": 192,
  "hp_use_cls_token": false
}