{
  "trial_id": 3,
  "trial_name": "trial_003_mlp",
  "model": "mlp",
  "best_epoch": 14,
  "elapsed_sec": 1051.2228224277496,
  "direct_mae": 0.014273229986429214,
  "direct_rmse": 0.021306060254573822,
  "direct_r2": 0.9988167697313518,
  "direct_valid_ratio": 0.8687,
  "direct_residual_mean": 15.251108747848923,
  "direct_residual_median": 0.4021432235094702,
  "direct_residual_p90": 11.335489044376878,
  "plus_newton_mae": 0.0023573819682423543,
  "plus_newton_rmse": 0.010141950313776786,
  "plus_newton_r2": 0.9997318943533041,
  "plus_newton_valid_ratio": 1.0,
  "plus_newton_residual_mean": 0.9506601102318227,
  "plus_newton_residual_median": 1.3322676295501878e-15,
  "plus_newton_residual_p90": 5.992024170229454,
  "plus_newton_newton_iter_mean": 4.1085,
  "plus_newton_newton_iter_median": 4.0,
  "plus_newton_newton_iter_p90": 7.0,
  "plus_newton_converged_ratio": 0.8687,
  "hp_use_log_features": true,
  "hp_optimizer": "adamw",
  "hp_weight_decay": 0.0001,
  "hp_dropout": 0.05,
  "hp_lr": 0.0005,
  "hp_hidden_dims": "[256, 128, 64]",
  "hp_hidden_size": 128,
  "hp_num_layers": 2,
  "hp_head_hidden": 128,
  "hp_head_layers": 2,
  "hp_d_model": 96,
  "hp_nhead": 4,
  "hp_ff_dim": 192,
  "hp_use_cls_token": false
}