{
  "trial_id": 20,
  "trial_name": "trial_020_lstm",
  "model": "lstm",
  "best_epoch": 43,
  "elapsed_sec": 1596.985337972641,
  "direct_mae": 0.005906945094466209,
  "direct_rmse": 0.008253003470599651,
  "direct_r2": 0.9998224637347176,
  "direct_valid_ratio": 0.8958,
  "direct_residual_mean": 2.653287231495428,
  "direct_residual_median": 0.25065528148865046,
  "direct_residual_p90": 5.093123781286325,
  "plus_newton_mae": 0.0008085775930538576,
  "plus_newton_rmse": 0.0037703360450988474,
  "plus_newton_r2": 0.9999629470215491,
  "plus_newton_valid_ratio": 1.0,
  "plus_newton_residual_mean": 0.7318473510069468,
  "plus_newton_residual_median": 8.881784197001252e-16,
  "plus_newton_residual_p90": 3.9162704682846377,
  "plus_newton_newton_iter_mean": 3.9241,
  "plus_newton_newton_iter_median": 4.0,
  "plus_newton_newton_iter_p90": 6.0,
  "plus_newton_converged_ratio": 0.8958,
  "hp_use_log_features": true,
  "hp_optimizer": "adamw",
  "hp_weight_decay": 0.0001,
  "hp_dropout": 0.1,
  "hp_lr": 0.001,
  "hp_hidden_dims": "[256, 256, 128]",
  "hp_hidden_size": 96,
  "hp_num_layers": 2,
  "hp_head_hidden": 128,
  "hp_head_layers": 2,
  "hp_d_model": 96,
  "hp_nhead": 4,
  "hp_ff_dim": 192,
  "hp_use_cls_token": false
}