{
  "trial_id": 39,
  "trial_name": "trial_039_gru",
  "model": "gru",
  "best_epoch": 90,
  "elapsed_sec": 2296.9429342746735,
  "direct_mae": 0.005874986760318279,
  "direct_rmse": 0.008027174510061741,
  "direct_r2": 0.999832046756641,
  "direct_valid_ratio": 0.8244,
  "direct_residual_mean": 2.2361790225021085,
  "direct_residual_median": 0.2123116123044539,
  "direct_residual_p90": 3.9188293183500877,
  "plus_newton_mae": 0.0011768820978780578,
  "plus_newton_rmse": 0.004237722282870576,
  "plus_newton_r2": 0.9999531911482384,
  "plus_newton_valid_ratio": 1.0,
  "plus_newton_residual_mean": 1.1745937768239467,
  "plus_newton_residual_median": 1.1102230246251565e-15,
  "plus_newton_residual_p90": 5.988394130747061,
  "plus_newton_newton_iter_mean": 3.4793,
  "plus_newton_newton_iter_median": 4.0,
  "plus_newton_newton_iter_p90": 6.0,
  "plus_newton_converged_ratio": 0.8244,
  "hp_use_log_features": true,
  "hp_optimizer": "adamw",
  "hp_weight_decay": 0.0001,
  "hp_dropout": 0.1,
  "hp_lr": 0.0005,
  "hp_hidden_dims": "[256, 256, 128]",
  "hp_hidden_size": 128,
  "hp_num_layers": 2,
  "hp_head_hidden": 128,
  "hp_head_layers": 2,
  "hp_d_model": 96,
  "hp_nhead": 4,
  "hp_ff_dim": 192,
  "hp_use_cls_token": false
}