{
  "trial_id": 16,
  "trial_name": "trial_016_lstm",
  "model": "lstm",
  "best_epoch": 68,
  "elapsed_sec": 2119.492068529129,
  "direct_mae": 0.00461976882070303,
  "direct_rmse": 0.006922174245119095,
  "direct_r2": 0.9998751041299146,
  "direct_valid_ratio": 0.8528,
  "direct_residual_mean": 0.8540241375307225,
  "direct_residual_median": 0.08756791101712877,
  "direct_residual_p90": 1.393900632550487,
  "plus_newton_mae": 0.0008399332000563433,
  "plus_newton_rmse": 0.003548130548261978,
  "plus_newton_r2": 0.9999671857724658,
  "plus_newton_valid_ratio": 1.0,
  "plus_newton_residual_mean": 0.8652461107613615,
  "plus_newton_residual_median": 8.881784197001252e-16,
  "plus_newton_residual_p90": 4.984858140083654,
  "plus_newton_newton_iter_mean": 3.2037,
  "plus_newton_newton_iter_median": 3.0,
  "plus_newton_newton_iter_p90": 5.0,
  "plus_newton_converged_ratio": 0.8528,
  "hp_use_log_features": true,
  "hp_optimizer": "adamw",
  "hp_weight_decay": 0.0001,
  "hp_dropout": 0.05,
  "hp_lr": 0.001,
  "hp_hidden_dims": "[256, 256, 128]",
  "hp_hidden_size": 128,
  "hp_num_layers": 2,
  "hp_head_hidden": 128,
  "hp_head_layers": 2,
  "hp_d_model": 96,
  "hp_nhead": 4,
  "hp_ff_dim": 192,
  "hp_use_cls_token": false
}