{
  "trial_id": 4,
  "trial_name": "trial_004_mlp",
  "model": "mlp",
  "best_epoch": 4,
  "elapsed_sec": 1164.6581993103027,
  "direct_mae": 0.023292073979973793,
  "direct_rmse": 0.034543901681900024,
  "direct_r2": 0.9968896745999436,
  "direct_valid_ratio": 0.8305,
  "direct_residual_mean": 22.227521025877046,
  "direct_residual_median": 0.37193822905894053,
  "direct_residual_p90": 14.209402308637685,
  "plus_newton_mae": 0.004460477257860344,
  "plus_newton_rmse": 0.017547486379444012,
  "plus_newton_r2": 0.9991974116863311,
  "plus_newton_valid_ratio": 1.0,
  "plus_newton_residual_mean": 1.2496767036448353,
  "plus_newton_residual_median": 1.1102230246251565e-15,
  "plus_newton_residual_p90": 6.302394255422286,
  "plus_newton_newton_iter_mean": 3.8874,
  "plus_newton_newton_iter_median": 4.0,
  "plus_newton_newton_iter_p90": 6.0,
  "plus_newton_converged_ratio": 0.8305,
  "hp_use_log_features": true,
  "hp_optimizer": "adamw",
  "hp_weight_decay": 0.0001,
  "hp_dropout": 0.05,
  "hp_lr": 0.001,
  "hp_hidden_dims": "[256, 128, 64]",
  "hp_hidden_size": 128,
  "hp_num_layers": 2,
  "hp_head_hidden": 128,
  "hp_head_layers": 2,
  "hp_d_model": 96,
  "hp_nhead": 4,
  "hp_ff_dim": 192,
  "hp_use_cls_token": false
}