{
  "trial_id": 11,
  "trial_name": "trial_011_lstm",
  "model": "lstm",
  "best_epoch": 86,
  "elapsed_sec": 2332.6624324321747,
  "direct_mae": 0.004151806700974703,
  "direct_rmse": 0.006104638334363699,
  "direct_r2": 0.999902863408989,
  "direct_valid_ratio": 0.8931,
  "direct_residual_mean": 2.01401793702961,
  "direct_residual_median": 0.12030333506684539,
  "direct_residual_p90": 2.427397935539071,
  "plus_newton_mae": 0.0006021213837980009,
  "plus_newton_rmse": 0.00302974732534565,
  "plus_newton_r2": 0.9999760736844929,
  "plus_newton_valid_ratio": 1.0,
  "plus_newton_residual_mean": 0.6644992417969363,
  "plus_newton_residual_median": 8.881784197001252e-16,
  "plus_newton_residual_p90": 3.8405356301580396,
  "plus_newton_newton_iter_mean": 3.5769,
  "plus_newton_newton_iter_median": 4.0,
  "plus_newton_newton_iter_p90": 5.0,
  "plus_newton_converged_ratio": 0.8931,
  "hp_use_log_features": true,
  "hp_optimizer": "adamw",
  "hp_weight_decay": 0.0001,
  "hp_dropout": 0.05,
  "hp_lr": 0.0005,
  "hp_hidden_dims": "[256, 256, 128]",
  "hp_hidden_size": 96,
  "hp_num_layers": 2,
  "hp_head_hidden": 128,
  "hp_head_layers": 2,
  "hp_d_model": 96,
  "hp_nhead": 4,
  "hp_ff_dim": 192,
  "hp_use_cls_token": false
}