{
  "trial_id": 15,
  "trial_name": "trial_015_lstm",
  "model": "lstm",
  "best_epoch": 62,
  "elapsed_sec": 2177.979216337204,
  "direct_mae": 0.0043062930926680565,
  "direct_rmse": 0.006207653786987066,
  "direct_r2": 0.9998995574014863,
  "direct_valid_ratio": 0.9533,
  "direct_residual_mean": 2.879071659602778,
  "direct_residual_median": 0.1980430430218032,
  "direct_residual_p90": 4.4570618707982534,
  "plus_newton_mae": 0.00028841972257493683,
  "plus_newton_rmse": 0.002275796808826243,
  "plus_newton_r2": 0.9999865001180124,
  "plus_newton_valid_ratio": 1.0,
  "plus_newton_residual_mean": 0.3255275739362313,
  "plus_newton_residual_median": 8.881784197001252e-16,
  "plus_newton_residual_p90": 3.8169190030856735e-13,
  "plus_newton_newton_iter_mean": 4.1418,
  "plus_newton_newton_iter_median": 4.0,
  "plus_newton_newton_iter_p90": 6.0,
  "plus_newton_converged_ratio": 0.9533,
  "hp_use_log_features": true,
  "hp_optimizer": "adamw",
  "hp_weight_decay": 0.0001,
  "hp_dropout": 0.05,
  "hp_lr": 0.0005,
  "hp_hidden_dims": "[256, 256, 128]",
  "hp_hidden_size": 128,
  "hp_num_layers": 2,
  "hp_head_hidden": 128,
  "hp_head_layers": 2,
  "hp_d_model": 96,
  "hp_nhead": 4,
  "hp_ff_dim": 192,
  "hp_use_cls_token": false
}