{
  "trial_id": 5,
  "trial_name": "trial_005_mlp",
  "model": "mlp",
  "best_epoch": 34,
  "elapsed_sec": 1910.3105857372284,
  "direct_mae": 0.01193948369473219,
  "direct_rmse": 0.0180084016174078,
  "direct_r2": 0.9991546951703948,
  "direct_valid_ratio": 0.8418,
  "direct_residual_mean": 11.337531608398525,
  "direct_residual_median": 0.3271611681820082,
  "direct_residual_p90": 9.699750548989655,
  "plus_newton_mae": 0.0025359925938610384,
  "plus_newton_rmse": 0.028180988834019805,
  "plus_newton_r2": 0.9979299756243493,
  "plus_newton_valid_ratio": 1.0,
  "plus_newton_residual_mean": 1.3102052444822212,
  "plus_newton_residual_median": 1.304512053934559e-15,
  "plus_newton_residual_p90": 6.460173773760317,
  "plus_newton_newton_iter_mean": 3.8546,
  "plus_newton_newton_iter_median": 4.0,
  "plus_newton_newton_iter_p90": 6.0,
  "plus_newton_converged_ratio": 0.8417,
  "hp_use_log_features": true,
  "hp_optimizer": "adamw",
  "hp_weight_decay": 0.0001,
  "hp_dropout": 0.1,
  "hp_lr": 0.0005,
  "hp_hidden_dims": "[256, 256, 128]",
  "hp_hidden_size": 128,
  "hp_num_layers": 2,
  "hp_head_hidden": 128,
  "hp_head_layers": 2,
  "hp_d_model": 96,
  "hp_nhead": 4,
  "hp_ff_dim": 192,
  "hp_use_cls_token": false
}