{
  "trial_id": 2,
  "trial_name": "trial_002_mlp",
  "model": "mlp",
  "best_epoch": 20,
  "elapsed_sec": 1808.0626153945923,
  "direct_mae": 0.013845236971974373,
  "direct_rmse": 0.01970144920051098,
  "direct_r2": 0.9989882824077116,
  "direct_valid_ratio": 0.7922,
  "direct_residual_mean": 9.754338173743196,
  "direct_residual_median": 0.46737609072350217,
  "direct_residual_p90": 15.513951442122945,
  "plus_newton_mae": 0.002653333915753255,
  "plus_newton_rmse": 0.009128187553170242,
  "plus_newton_r2": 0.9997828138567044,
  "plus_newton_valid_ratio": 1.0,
  "plus_newton_residual_mean": 1.6653388644791867,
  "plus_newton_residual_median": 1.7763568394002505e-15,
  "plus_newton_residual_p90": 7.5075979415031755,
  "plus_newton_newton_iter_mean": 3.8578,
  "plus_newton_newton_iter_median": 4.0,
  "plus_newton_newton_iter_p90": 7.0,
  "plus_newton_converged_ratio": 0.7922,
  "hp_use_log_features": true,
  "hp_optimizer": "adamw",
  "hp_weight_decay": 0.0001,
  "hp_dropout": 0.05,
  "hp_lr": 0.001,
  "hp_hidden_dims": "[256, 256, 128]",
  "hp_hidden_size": 128,
  "hp_num_layers": 2,
  "hp_head_hidden": 128,
  "hp_head_layers": 2,
  "hp_d_model": 96,
  "hp_nhead": 4,
  "hp_ff_dim": 192,
  "hp_use_cls_token": false
}