{
  "trial_id": 8,
  "trial_name": "trial_008_mlp",
  "model": "mlp",
  "best_epoch": 19,
  "elapsed_sec": 1938.3882133960724,
  "direct_mae": 0.01896820403635502,
  "direct_rmse": 0.03130192682147026,
  "direct_r2": 0.9974460922593924,
  "direct_valid_ratio": 0.811,
  "direct_residual_mean": 24.175306298304022,
  "direct_residual_median": 0.6463101009178025,
  "direct_residual_p90": 21.23644209996389,
  "plus_newton_mae": 0.005271057219339912,
  "plus_newton_rmse": 0.03485661690284697,
  "plus_newton_r2": 0.9968331064147463,
  "plus_newton_valid_ratio": 1.0,
  "plus_newton_residual_mean": 1.555115133525172,
  "plus_newton_residual_median": 1.7763568394002505e-15,
  "plus_newton_residual_p90": 7.470921774789248,
  "plus_newton_newton_iter_mean": 4.0662,
  "plus_newton_newton_iter_median": 4.0,
  "plus_newton_newton_iter_p90": 7.0,
  "plus_newton_converged_ratio": 0.8109,
  "hp_use_log_features": true,
  "hp_optimizer": "adamw",
  "hp_weight_decay": 0.0001,
  "hp_dropout": 0.1,
  "hp_lr": 0.001,
  "hp_hidden_dims": "[256, 128, 64]",
  "hp_hidden_size": 128,
  "hp_num_layers": 2,
  "hp_head_hidden": 128,
  "hp_head_layers": 2,
  "hp_d_model": 96,
  "hp_nhead": 4,
  "hp_ff_dim": 192,
  "hp_use_cls_token": false
}