{
  "trial_id": 1,
  "trial_name": "trial_001_mlp",
  "model": "mlp",
  "best_epoch": 29,
  "elapsed_sec": 1893.9411404132843,
  "direct_mae": 0.011044500395655632,
  "direct_rmse": 0.016682153567671776,
  "direct_r2": 0.9992746172595366,
  "direct_valid_ratio": 0.8649,
  "direct_residual_mean": 8.395634174748057,
  "direct_residual_median": 0.2935908937777869,
  "direct_residual_p90": 7.3051317358243315,
  "plus_newton_mae": 0.0015496108226654842,
  "plus_newton_rmse": 0.00710356811876044,
  "plus_newton_r2": 0.999868472640132,
  "plus_newton_valid_ratio": 1.0,
  "plus_newton_residual_mean": 0.9199006748993211,
  "plus_newton_residual_median": 8.881784197001252e-16,
  "plus_newton_residual_p90": 5.720509693015119,
  "plus_newton_newton_iter_mean": 3.9216,
  "plus_newton_newton_iter_median": 4.0,
  "plus_newton_newton_iter_p90": 6.0,
  "plus_newton_converged_ratio": 0.8649,
  "hp_use_log_features": true,
  "hp_optimizer": "adamw",
  "hp_weight_decay": 0.0001,
  "hp_dropout": 0.05,
  "hp_lr": 0.0005,
  "hp_hidden_dims": "[256, 256, 128]",
  "hp_hidden_size": 128,
  "hp_num_layers": 2,
  "hp_head_hidden": 128,
  "hp_head_layers": 2,
  "hp_d_model": 96,
  "hp_nhead": 4,
  "hp_ff_dim": 192,
  "hp_use_cls_token": false
}