{
  "trial_id": 1241,
  "trial_name": "trial_1241_transformer",
  "model": "transformer",
  "best_epoch": 56,
  "elapsed_sec": 130.87307024002075,
  "direct_mae": 0.002979439916089177,
  "direct_rmse": 0.0037107833195477724,
  "direct_r2": 0.9999856661261219,
  "direct_valid_ratio": 1.0,
  "direct_residual_mean": 0.0036013962235301733,
  "direct_residual_median": 0.003187835216522217,
  "direct_residual_p90": 0.007025158405303955,
  "plus_newton_mae": 2.3433618234730357e-08,
  "plus_newton_rmse": 2.9915730187253674e-08,
  "plus_newton_r2": 0.9999999999999991,
  "plus_newton_valid_ratio": 1.0,
  "plus_newton_residual_mean": 2.6793847013311675e-14,
  "plus_newton_residual_median": 1.1102230246251565e-16,
  "plus_newton_residual_p90": 2.5206225995333413e-14,
  "plus_newton_newton_iter_mean": 2.0594,
  "plus_newton_newton_iter_median": 2.0,
  "plus_newton_newton_iter_p90": 2.0,
  "plus_newton_converged_ratio": 1.0,
  "hp_use_log_ab": false,
  "hp_optimizer": "adamw",
  "hp_criterion": "smoothl1",
  "hp_dropout": 0.0,
  "hp_lr": 0.001,
  "hp_weight_decay": 0.0001,
  "hp_hidden_dims": "[256, 256, 128]",
  "hp_hidden_size": 128,
  "hp_num_layers": 2,
  "hp_head_hidden": 64,
  "hp_head_layers": 2,
  "hp_d_model": 64,
  "hp_nhead": 2,
  "hp_ff_dim": 64,
  "hp_use_cls_token": false
}{
  "trial_id": 1241,
  "trial_name": "trial_1241_transformer",
  "model": "transformer",
  "best_epoch": 56,
  "elapsed_sec": 130.87307024002075,
  "direct_mae": 0.002979439916089177,
  "direct_rmse": 0.0037107833195477724,
  "direct_r2": 0.9999856661261219,
  "direct_valid_ratio": 1.0,
  "direct_residual_mean": 0.0036013962235301733,
  "direct_residual_median": 0.003187835216522217,
  "direct_residual_p90": 0.007025158405303955,
  "plus_newton_mae": 2.3433618234730357e-08,
  "plus_newton_rmse": 2.9915730187253674e-08,
  "plus_newton_r2": 0.9999999999999991,
  "plus_newton_valid_ratio": 1.0,
  "plus_newton_residual_mean": 2.6793847013311675e-14,
  "plus_newton_residual_median": 1.1102230246251565e-16,
  "plus_newton_residual_p90": 2.5206225995333413e-14,
  "plus_newton_newton_iter_mean": 2.0594,
  "plus_newton_newton_iter_median": 2.0,
  "plus_newton_newton_iter_p90": 2.0,
  "plus_newton_converged_ratio": 1.0,
  "hp_use_log_ab": false,
  "hp_optimizer": "adamw",
  "hp_criterion": "smoothl1",
  "hp_dropout": 0.0,
  "hp_lr": 0.001,
  "hp_weight_decay": 0.0001,
  "hp_hidden_dims": "[256, 256, 128]",
  "hp_hidden_size": 128,
  "hp_num_layers": 2,
  "hp_head_hidden": 64,
  "hp_head_layers": 2,
  "hp_d_model": 64,
  "hp_nhead": 2,
  "hp_ff_dim": 64,
  "hp_use_cls_token": false
}