{
  "trial_id": 254,
  "trial_name": "trial_254_transformer",
  "model": "transformer",
  "best_epoch": 76,
  "elapsed_sec": 305.39747762680054,
  "direct_mae": 0.002356270793825388,
  "direct_rmse": 0.0029464741237461567,
  "direct_r2": 0.9999909627213128,
  "direct_valid_ratio": 1.0,
  "direct_residual_mean": 0.0030394268687814474,
  "direct_residual_median": 0.002224743366241455,
  "direct_residual_p90": 0.00687403678894043,
  "plus_newton_mae": 2.3433617775478254e-08,
  "plus_newton_rmse": 2.991572982654533e-08,
  "plus_newton_r2": 0.9999999999999991,
  "plus_newton_valid_ratio": 1.0,
  "plus_newton_residual_mean": 3.448330600505303e-14,
  "plus_newton_residual_median": 1.1102230246251565e-16,
  "plus_newton_residual_p90": 4.8960835385969403e-14,
  "plus_newton_newton_iter_mean": 2.0571,
  "plus_newton_newton_iter_median": 2.0,
  "plus_newton_newton_iter_p90": 2.0,
  "plus_newton_converged_ratio": 1.0,
  "hp_use_log_ab": false,
  "hp_optimizer": "adamw",
  "hp_criterion": "mse",
  "hp_dropout": 0.0,
  "hp_lr": 0.001,
  "hp_weight_decay": 0.0001,
  "hp_hidden_dims": "[256, 256, 128]",
  "hp_hidden_size": 128,
  "hp_num_layers": 2,
  "hp_head_hidden": 128,
  "hp_head_layers": 2,
  "hp_d_model": 64,
  "hp_nhead": 4,
  "hp_ff_dim": 64,
  "hp_use_cls_token": true
}{
  "trial_id": 254,
  "trial_name": "trial_254_transformer",
  "model": "transformer",
  "best_epoch": 76,
  "elapsed_sec": 305.39747762680054,
  "direct_mae": 0.002356270793825388,
  "direct_rmse": 0.0029464741237461567,
  "direct_r2": 0.9999909627213128,
  "direct_valid_ratio": 1.0,
  "direct_residual_mean": 0.0030394268687814474,
  "direct_residual_median": 0.002224743366241455,
  "direct_residual_p90": 0.00687403678894043,
  "plus_newton_mae": 2.3433617775478254e-08,
  "plus_newton_rmse": 2.991572982654533e-08,
  "plus_newton_r2": 0.9999999999999991,
  "plus_newton_valid_ratio": 1.0,
  "plus_newton_residual_mean": 3.448330600505303e-14,
  "plus_newton_residual_median": 1.1102230246251565e-16,
  "plus_newton_residual_p90": 4.8960835385969403e-14,
  "plus_newton_newton_iter_mean": 2.0571,
  "plus_newton_newton_iter_median": 2.0,
  "plus_newton_newton_iter_p90": 2.0,
  "plus_newton_converged_ratio": 1.0,
  "hp_use_log_ab": false,
  "hp_optimizer": "adamw",
  "hp_criterion": "mse",
  "hp_dropout": 0.0,
  "hp_lr": 0.001,
  "hp_weight_decay": 0.0001,
  "hp_hidden_dims": "[256, 256, 128]",
  "hp_hidden_size": 128,
  "hp_num_layers": 2,
  "hp_head_hidden": 128,
  "hp_head_layers": 2,
  "hp_d_model": 64,
  "hp_nhead": 4,
  "hp_ff_dim": 64,
  "hp_use_cls_token": true
}