{
  "trial_id": 102,
  "trial_name": "trial_102_gru",
  "model": "gru",
  "best_epoch": 71,
  "elapsed_sec": 238.5696361064911,
  "direct_mae": 0.010959750041365623,
  "direct_rmse": 0.015772689133882523,
  "direct_r2": 0.9997410333307926,
  "direct_valid_ratio": 1.0,
  "direct_residual_mean": 0.012633251957595348,
  "direct_residual_median": 0.008650779724121094,
  "direct_residual_p90": 0.030336356163024908,
  "plus_newton_mae": 2.343361841912338e-08,
  "plus_newton_rmse": 2.9915729582671586e-08,
  "plus_newton_r2": 0.9999999999999991,
  "plus_newton_valid_ratio": 1.0,
  "plus_newton_residual_mean": 4.423068735086262e-14,
  "plus_newton_residual_median": 1.1102230246251565e-16,
  "plus_newton_residual_p90": 1.0192957589083566e-13,
  "plus_newton_newton_iter_mean": 2.1495,
  "plus_newton_newton_iter_median": 2.0,
  "plus_newton_newton_iter_p90": 3.0,
  "plus_newton_converged_ratio": 1.0,
  "hp_use_log_ab": false,
  "hp_optimizer": "adamw",
  "hp_criterion": "mse",
  "hp_dropout": 0.1,
  "hp_lr": 0.0005,
  "hp_weight_decay": 1e-05,
  "hp_hidden_dims": "[256, 256, 128]",
  "hp_hidden_size": 64,
  "hp_num_layers": 2,
  "hp_head_hidden": 64,
  "hp_head_layers": 2,
  "hp_d_model": 64,
  "hp_nhead": 4,
  "hp_ff_dim": 128,
  "hp_use_cls_token": false
}{
  "trial_id": 102,
  "trial_name": "trial_102_gru",
  "model": "gru",
  "best_epoch": 71,
  "elapsed_sec": 238.5696361064911,
  "direct_mae": 0.010959750041365623,
  "direct_rmse": 0.015772689133882523,
  "direct_r2": 0.9997410333307926,
  "direct_valid_ratio": 1.0,
  "direct_residual_mean": 0.012633251957595348,
  "direct_residual_median": 0.008650779724121094,
  "direct_residual_p90": 0.030336356163024908,
  "plus_newton_mae": 2.343361841912338e-08,
  "plus_newton_rmse": 2.9915729582671586e-08,
  "plus_newton_r2": 0.9999999999999991,
  "plus_newton_valid_ratio": 1.0,
  "plus_newton_residual_mean": 4.423068735086262e-14,
  "plus_newton_residual_median": 1.1102230246251565e-16,
  "plus_newton_residual_p90": 1.0192957589083566e-13,
  "plus_newton_newton_iter_mean": 2.1495,
  "plus_newton_newton_iter_median": 2.0,
  "plus_newton_newton_iter_p90": 3.0,
  "plus_newton_converged_ratio": 1.0,
  "hp_use_log_ab": false,
  "hp_optimizer": "adamw",
  "hp_criterion": "mse",
  "hp_dropout": 0.1,
  "hp_lr": 0.0005,
  "hp_weight_decay": 1e-05,
  "hp_hidden_dims": "[256, 256, 128]",
  "hp_hidden_size": 64,
  "hp_num_layers": 2,
  "hp_head_hidden": 64,
  "hp_head_layers": 2,
  "hp_d_model": 64,
  "hp_nhead": 4,
  "hp_ff_dim": 128,
  "hp_use_cls_token": false
}