{
  "trial_id": 2670,
  "trial_name": "trial_2670_transformer",
  "model": "transformer",
  "best_epoch": 42,
  "elapsed_sec": 552.7862989902496,
  "direct_mae": 0.10465390980243683,
  "direct_rmse": 0.13269321620464325,
  "direct_r2": 0.981671379879117,
  "direct_valid_ratio": 1.0,
  "direct_residual_mean": 0.13217812776565552,
  "direct_residual_median": 0.1072859913110733,
  "direct_residual_p90": 0.25034373402595533,
  "plus_newton_mae": 2.3433619702956396e-08,
  "plus_newton_rmse": 2.9915730184506707e-08,
  "plus_newton_r2": 0.9999999999999991,
  "plus_newton_valid_ratio": 1.0,
  "plus_newton_residual_mean": 3.343283017121103e-14,
  "plus_newton_residual_median": 1.1102230246251565e-16,
  "plus_newton_residual_p90": 4.586331314726526e-14,
  "plus_newton_newton_iter_mean": 2.6098,
  "plus_newton_newton_iter_median": 3.0,
  "plus_newton_newton_iter_p90": 3.0,
  "plus_newton_converged_ratio": 1.0,
  "hp_use_log_ab": true,
  "hp_optimizer": "adamw",
  "hp_criterion": "mse",
  "hp_dropout": 0.1,
  "hp_lr": 0.001,
  "hp_weight_decay": 1e-05,
  "hp_hidden_dims": "[256, 256, 128]",
  "hp_hidden_size": 128,
  "hp_num_layers": 2,
  "hp_head_hidden": 128,
  "hp_head_layers": 1,
  "hp_d_model": 64,
  "hp_nhead": 4,
  "hp_ff_dim": 64,
  "hp_use_cls_token": true
}{
  "trial_id": 2670,
  "trial_name": "trial_2670_transformer",
  "model": "transformer",
  "best_epoch": 42,
  "elapsed_sec": 552.7862989902496,
  "direct_mae": 0.10465390980243683,
  "direct_rmse": 0.13269321620464325,
  "direct_r2": 0.981671379879117,
  "direct_valid_ratio": 1.0,
  "direct_residual_mean": 0.13217812776565552,
  "direct_residual_median": 0.1072859913110733,
  "direct_residual_p90": 0.25034373402595533,
  "plus_newton_mae": 2.3433619702956396e-08,
  "plus_newton_rmse": 2.9915730184506707e-08,
  "plus_newton_r2": 0.9999999999999991,
  "plus_newton_valid_ratio": 1.0,
  "plus_newton_residual_mean": 3.343283017121103e-14,
  "plus_newton_residual_median": 1.1102230246251565e-16,
  "plus_newton_residual_p90": 4.586331314726526e-14,
  "plus_newton_newton_iter_mean": 2.6098,
  "plus_newton_newton_iter_median": 3.0,
  "plus_newton_newton_iter_p90": 3.0,
  "plus_newton_converged_ratio": 1.0,
  "hp_use_log_ab": true,
  "hp_optimizer": "adamw",
  "hp_criterion": "mse",
  "hp_dropout": 0.1,
  "hp_lr": 0.001,
  "hp_weight_decay": 1e-05,
  "hp_hidden_dims": "[256, 256, 128]",
  "hp_hidden_size": 128,
  "hp_num_layers": 2,
  "hp_head_hidden": 128,
  "hp_head_layers": 1,
  "hp_d_model": 64,
  "hp_nhead": 4,
  "hp_ff_dim": 64,
  "hp_use_cls_token": true
}