{
  "trial_id": 299,
  "trial_name": "trial_299_lstm",
  "model": "lstm",
  "best_epoch": 82,
  "elapsed_sec": 220.0690689086914,
  "direct_mae": 0.09791307151317596,
  "direct_rmse": 0.12456632405519485,
  "direct_r2": 0.983847726136446,
  "direct_valid_ratio": 1.0,
  "direct_residual_mean": 0.1230292022228241,
  "direct_residual_median": 0.09732075780630112,
  "direct_residual_p90": 0.24374328851699834,
  "plus_newton_mae": 2.3433617950045657e-08,
  "plus_newton_rmse": 2.991572904377141e-08,
  "plus_newton_r2": 0.9999999999999991,
  "plus_newton_valid_ratio": 1.0,
  "plus_newton_residual_mean": 3.686774996035518e-14,
  "plus_newton_residual_median": 1.1102230246251565e-16,
  "plus_newton_residual_p90": 5.448419493347966e-14,
  "plus_newton_newton_iter_mean": 2.5949,
  "plus_newton_newton_iter_median": 3.0,
  "plus_newton_newton_iter_p90": 3.0,
  "plus_newton_converged_ratio": 1.0,
  "hp_use_log_ab": true,
  "hp_optimizer": "adamw",
  "hp_criterion": "mse",
  "hp_dropout": 0.0,
  "hp_lr": 0.0005,
  "hp_weight_decay": 1e-05,
  "hp_hidden_dims": "[256, 256, 128]",
  "hp_hidden_size": 128,
  "hp_num_layers": 1,
  "hp_head_hidden": 128,
  "hp_head_layers": 1,
  "hp_d_model": 64,
  "hp_nhead": 4,
  "hp_ff_dim": 128,
  "hp_use_cls_token": false
}{
  "trial_id": 299,
  "trial_name": "trial_299_lstm",
  "model": "lstm",
  "best_epoch": 82,
  "elapsed_sec": 220.0690689086914,
  "direct_mae": 0.09791307151317596,
  "direct_rmse": 0.12456632405519485,
  "direct_r2": 0.983847726136446,
  "direct_valid_ratio": 1.0,
  "direct_residual_mean": 0.1230292022228241,
  "direct_residual_median": 0.09732075780630112,
  "direct_residual_p90": 0.24374328851699834,
  "plus_newton_mae": 2.3433617950045657e-08,
  "plus_newton_rmse": 2.991572904377141e-08,
  "plus_newton_r2": 0.9999999999999991,
  "plus_newton_valid_ratio": 1.0,
  "plus_newton_residual_mean": 3.686774996035518e-14,
  "plus_newton_residual_median": 1.1102230246251565e-16,
  "plus_newton_residual_p90": 5.448419493347966e-14,
  "plus_newton_newton_iter_mean": 2.5949,
  "plus_newton_newton_iter_median": 3.0,
  "plus_newton_newton_iter_p90": 3.0,
  "plus_newton_converged_ratio": 1.0,
  "hp_use_log_ab": true,
  "hp_optimizer": "adamw",
  "hp_criterion": "mse",
  "hp_dropout": 0.0,
  "hp_lr": 0.0005,
  "hp_weight_decay": 1e-05,
  "hp_hidden_dims": "[256, 256, 128]",
  "hp_hidden_size": 128,
  "hp_num_layers": 1,
  "hp_head_hidden": 128,
  "hp_head_layers": 1,
  "hp_d_model": 64,
  "hp_nhead": 4,
  "hp_ff_dim": 128,
  "hp_use_cls_token": false
}