{
  "trial_id": 301,
  "trial_name": "trial_301_lstm",
  "model": "lstm",
  "best_epoch": 115,
  "elapsed_sec": 270.3434011936188,
  "direct_mae": 0.09470780938863754,
  "direct_rmse": 0.12095591425895691,
  "direct_r2": 0.9847704665735364,
  "direct_valid_ratio": 1.0,
  "direct_residual_mean": 0.11906274408102036,
  "direct_residual_median": 0.09409371018409729,
  "direct_residual_p90": 0.24055008292198188,
  "plus_newton_mae": 2.3433618631410967e-08,
  "plus_newton_rmse": 2.991573004797084e-08,
  "plus_newton_r2": 0.9999999999999991,
  "plus_newton_valid_ratio": 1.0,
  "plus_newton_residual_mean": 3.7897364529583905e-14,
  "plus_newton_residual_median": 1.1102230246251565e-16,
  "plus_newton_residual_p90": 6.051825707231732e-14,
  "plus_newton_newton_iter_mean": 2.5937,
  "plus_newton_newton_iter_median": 3.0,
  "plus_newton_newton_iter_p90": 3.0,
  "plus_newton_converged_ratio": 1.0,
  "hp_use_log_ab": true,
  "hp_optimizer": "adamw",
  "hp_criterion": "mse",
  "hp_dropout": 0.0,
  "hp_lr": 0.0005,
  "hp_weight_decay": 1e-05,
  "hp_hidden_dims": "[256, 256, 128]",
  "hp_hidden_size": 128,
  "hp_num_layers": 2,
  "hp_head_hidden": 64,
  "hp_head_layers": 1,
  "hp_d_model": 64,
  "hp_nhead": 4,
  "hp_ff_dim": 128,
  "hp_use_cls_token": false
}{
  "trial_id": 301,
  "trial_name": "trial_301_lstm",
  "model": "lstm",
  "best_epoch": 115,
  "elapsed_sec": 270.3434011936188,
  "direct_mae": 0.09470780938863754,
  "direct_rmse": 0.12095591425895691,
  "direct_r2": 0.9847704665735364,
  "direct_valid_ratio": 1.0,
  "direct_residual_mean": 0.11906274408102036,
  "direct_residual_median": 0.09409371018409729,
  "direct_residual_p90": 0.24055008292198188,
  "plus_newton_mae": 2.3433618631410967e-08,
  "plus_newton_rmse": 2.991573004797084e-08,
  "plus_newton_r2": 0.9999999999999991,
  "plus_newton_valid_ratio": 1.0,
  "plus_newton_residual_mean": 3.7897364529583905e-14,
  "plus_newton_residual_median": 1.1102230246251565e-16,
  "plus_newton_residual_p90": 6.051825707231732e-14,
  "plus_newton_newton_iter_mean": 2.5937,
  "plus_newton_newton_iter_median": 3.0,
  "plus_newton_newton_iter_p90": 3.0,
  "plus_newton_converged_ratio": 1.0,
  "hp_use_log_ab": true,
  "hp_optimizer": "adamw",
  "hp_criterion": "mse",
  "hp_dropout": 0.0,
  "hp_lr": 0.0005,
  "hp_weight_decay": 1e-05,
  "hp_hidden_dims": "[256, 256, 128]",
  "hp_hidden_size": 128,
  "hp_num_layers": 2,
  "hp_head_hidden": 64,
  "hp_head_layers": 1,
  "hp_d_model": 64,
  "hp_nhead": 4,
  "hp_ff_dim": 128,
  "hp_use_cls_token": false
}