{
  "trial_id": 2674,
  "trial_name": "trial_2674_transformer",
  "model": "transformer",
  "best_epoch": 38,
  "elapsed_sec": 523.1412105560303,
  "direct_mae": 0.006845364347100258,
  "direct_rmse": 0.008581436239182949,
  "direct_r2": 0.999923342904367,
  "direct_valid_ratio": 1.0,
  "direct_residual_mean": 0.008317485451698303,
  "direct_residual_median": 0.006831077858805656,
  "direct_residual_p90": 0.01602795720100403,
  "plus_newton_mae": 2.3433617899337467e-08,
  "plus_newton_rmse": 2.991572919345113e-08,
  "plus_newton_r2": 0.9999999999999991,
  "plus_newton_valid_ratio": 1.0,
  "plus_newton_residual_mean": 3.0107437178065506e-14,
  "plus_newton_residual_median": 1.1102230246251565e-16,
  "plus_newton_residual_p90": 4.453104551771507e-14,
  "plus_newton_newton_iter_mean": 2.1433,
  "plus_newton_newton_iter_median": 2.0,
  "plus_newton_newton_iter_p90": 3.0,
  "plus_newton_converged_ratio": 1.0,
  "hp_use_log_ab": true,
  "hp_optimizer": "adamw",
  "hp_criterion": "mse",
  "hp_dropout": 0.1,
  "hp_lr": 0.001,
  "hp_weight_decay": 1e-05,
  "hp_hidden_dims": "[256, 256, 128]",
  "hp_hidden_size": 128,
  "hp_num_layers": 2,
  "hp_head_hidden": 128,
  "hp_head_layers": 2,
  "hp_d_model": 32,
  "hp_nhead": 2,
  "hp_ff_dim": 64,
  "hp_use_cls_token": true
}{
  "trial_id": 2674,
  "trial_name": "trial_2674_transformer",
  "model": "transformer",
  "best_epoch": 38,
  "elapsed_sec": 523.1412105560303,
  "direct_mae": 0.006845364347100258,
  "direct_rmse": 0.008581436239182949,
  "direct_r2": 0.999923342904367,
  "direct_valid_ratio": 1.0,
  "direct_residual_mean": 0.008317485451698303,
  "direct_residual_median": 0.006831077858805656,
  "direct_residual_p90": 0.01602795720100403,
  "plus_newton_mae": 2.3433617899337467e-08,
  "plus_newton_rmse": 2.991572919345113e-08,
  "plus_newton_r2": 0.9999999999999991,
  "plus_newton_valid_ratio": 1.0,
  "plus_newton_residual_mean": 3.0107437178065506e-14,
  "plus_newton_residual_median": 1.1102230246251565e-16,
  "plus_newton_residual_p90": 4.453104551771507e-14,
  "plus_newton_newton_iter_mean": 2.1433,
  "plus_newton_newton_iter_median": 2.0,
  "plus_newton_newton_iter_p90": 3.0,
  "plus_newton_converged_ratio": 1.0,
  "hp_use_log_ab": true,
  "hp_optimizer": "adamw",
  "hp_criterion": "mse",
  "hp_dropout": 0.1,
  "hp_lr": 0.001,
  "hp_weight_decay": 1e-05,
  "hp_hidden_dims": "[256, 256, 128]",
  "hp_hidden_size": 128,
  "hp_num_layers": 2,
  "hp_head_hidden": 128,
  "hp_head_layers": 2,
  "hp_d_model": 32,
  "hp_nhead": 2,
  "hp_ff_dim": 64,
  "hp_use_cls_token": true
}