{
  "trial_id": 3214,
  "trial_name": "trial_3214_transformer",
  "model": "transformer",
  "best_epoch": 30,
  "elapsed_sec": 71.07963848114014,
  "direct_mae": 0.09723762422800064,
  "direct_rmse": 0.14312195777893066,
  "direct_r2": 0.9786771666258574,
  "direct_valid_ratio": 1.0,
  "direct_residual_mean": 0.1278148889541626,
  "direct_residual_median": 0.07707267999649048,
  "direct_residual_p90": 0.2920269966125489,
  "plus_newton_mae": 2.343361835865712e-08,
  "plus_newton_rmse": 2.991572977326308e-08,
  "plus_newton_r2": 0.9999999999999991,
  "plus_newton_valid_ratio": 1.0,
  "plus_newton_residual_mean": 5.000354404677791e-14,
  "plus_newton_residual_median": 1.1102230246251565e-16,
  "plus_newton_residual_p90": 1.2488343692496087e-13,
  "plus_newton_newton_iter_mean": 2.5623,
  "plus_newton_newton_iter_median": 2.0,
  "plus_newton_newton_iter_p90": 3.0,
  "plus_newton_converged_ratio": 1.0,
  "hp_use_log_ab": true,
  "hp_optimizer": "adamw",
  "hp_criterion": "smoothl1",
  "hp_dropout": 0.0,
  "hp_lr": 0.001,
  "hp_weight_decay": 0.0001,
  "hp_hidden_dims": "[256, 256, 128]",
  "hp_hidden_size": 128,
  "hp_num_layers": 1,
  "hp_head_hidden": 64,
  "hp_head_layers": 1,
  "hp_d_model": 64,
  "hp_nhead": 4,
  "hp_ff_dim": 64,
  "hp_use_cls_token": true
}{
  "trial_id": 3214,
  "trial_name": "trial_3214_transformer",
  "model": "transformer",
  "best_epoch": 30,
  "elapsed_sec": 71.07963848114014,
  "direct_mae": 0.09723762422800064,
  "direct_rmse": 0.14312195777893066,
  "direct_r2": 0.9786771666258574,
  "direct_valid_ratio": 1.0,
  "direct_residual_mean": 0.1278148889541626,
  "direct_residual_median": 0.07707267999649048,
  "direct_residual_p90": 0.2920269966125489,
  "plus_newton_mae": 2.343361835865712e-08,
  "plus_newton_rmse": 2.991572977326308e-08,
  "plus_newton_r2": 0.9999999999999991,
  "plus_newton_valid_ratio": 1.0,
  "plus_newton_residual_mean": 5.000354404677791e-14,
  "plus_newton_residual_median": 1.1102230246251565e-16,
  "plus_newton_residual_p90": 1.2488343692496087e-13,
  "plus_newton_newton_iter_mean": 2.5623,
  "plus_newton_newton_iter_median": 2.0,
  "plus_newton_newton_iter_p90": 3.0,
  "plus_newton_converged_ratio": 1.0,
  "hp_use_log_ab": true,
  "hp_optimizer": "adamw",
  "hp_criterion": "smoothl1",
  "hp_dropout": 0.0,
  "hp_lr": 0.001,
  "hp_weight_decay": 0.0001,
  "hp_hidden_dims": "[256, 256, 128]",
  "hp_hidden_size": 128,
  "hp_num_layers": 1,
  "hp_head_hidden": 64,
  "hp_head_layers": 1,
  "hp_d_model": 64,
  "hp_nhead": 4,
  "hp_ff_dim": 64,
  "hp_use_cls_token": true
}