{
  "trial_id": 137,
  "trial_name": "trial_137_transformer",
  "model": "transformer",
  "best_epoch": 30,
  "elapsed_sec": 143.58900117874146,
  "direct_mae": 0.3405882716178894,
  "direct_rmse": 0.4169442355632782,
  "direct_r2": 0.819037601351738,
  "direct_valid_ratio": 1.0,
  "direct_residual_mean": 0.38374313712120056,
  "direct_residual_median": 0.3602655529975891,
  "direct_residual_p90": 0.7254462242126466,
  "plus_newton_mae": 2.3433619123725458e-08,
  "plus_newton_rmse": 2.99157309132462e-08,
  "plus_newton_r2": 0.9999999999999991,
  "plus_newton_valid_ratio": 1.0,
  "plus_newton_residual_mean": 4.393919420483226e-14,
  "plus_newton_residual_median": 1.6653345369377348e-16,
  "plus_newton_residual_p90": 1.029287766129983e-13,
  "plus_newton_newton_iter_mean": 2.7556,
  "plus_newton_newton_iter_median": 3.0,
  "plus_newton_newton_iter_p90": 3.0,
  "plus_newton_converged_ratio": 1.0,
  "hp_use_log_ab": false,
  "hp_optimizer": "adamw",
  "hp_criterion": "mse",
  "hp_dropout": 0.0,
  "hp_lr": 0.001,
  "hp_weight_decay": 0.0001,
  "hp_hidden_dims": "[256, 256, 128]",
  "hp_hidden_size": 128,
  "hp_num_layers": 1,
  "hp_head_hidden": 64,
  "hp_head_layers": 1,
  "hp_d_model": 64,
  "hp_nhead": 2,
  "hp_ff_dim": 64,
  "hp_use_cls_token": false
}{
  "trial_id": 137,
  "trial_name": "trial_137_transformer",
  "model": "transformer",
  "best_epoch": 30,
  "elapsed_sec": 143.58900117874146,
  "direct_mae": 0.3405882716178894,
  "direct_rmse": 0.4169442355632782,
  "direct_r2": 0.819037601351738,
  "direct_valid_ratio": 1.0,
  "direct_residual_mean": 0.38374313712120056,
  "direct_residual_median": 0.3602655529975891,
  "direct_residual_p90": 0.7254462242126466,
  "plus_newton_mae": 2.3433619123725458e-08,
  "plus_newton_rmse": 2.99157309132462e-08,
  "plus_newton_r2": 0.9999999999999991,
  "plus_newton_valid_ratio": 1.0,
  "plus_newton_residual_mean": 4.393919420483226e-14,
  "plus_newton_residual_median": 1.6653345369377348e-16,
  "plus_newton_residual_p90": 1.029287766129983e-13,
  "plus_newton_newton_iter_mean": 2.7556,
  "plus_newton_newton_iter_median": 3.0,
  "plus_newton_newton_iter_p90": 3.0,
  "plus_newton_converged_ratio": 1.0,
  "hp_use_log_ab": false,
  "hp_optimizer": "adamw",
  "hp_criterion": "mse",
  "hp_dropout": 0.0,
  "hp_lr": 0.001,
  "hp_weight_decay": 0.0001,
  "hp_hidden_dims": "[256, 256, 128]",
  "hp_hidden_size": 128,
  "hp_num_layers": 1,
  "hp_head_hidden": 64,
  "hp_head_layers": 1,
  "hp_d_model": 64,
  "hp_nhead": 2,
  "hp_ff_dim": 64,
  "hp_use_cls_token": false
}