{
  "trial_id": 722,
  "trial_name": "trial_722_transformer",
  "model": "transformer",
  "best_epoch": 69,
  "elapsed_sec": 180.73726224899292,
  "direct_mae": 0.010298357345163822,
  "direct_rmse": 0.015607153065502644,
  "direct_r2": 0.999746440560557,
  "direct_valid_ratio": 1.0,
  "direct_residual_mean": 0.011894367635250092,
  "direct_residual_median": 0.007574915885925293,
  "direct_residual_p90": 0.03152964711189271,
  "plus_newton_mae": 2.343361752313831e-08,
  "plus_newton_rmse": 2.9915729389830117e-08,
  "plus_newton_r2": 0.9999999999999991,
  "plus_newton_valid_ratio": 1.0,
  "plus_newton_residual_mean": 4.8597927974141723e-14,
  "plus_newton_residual_median": 1.1102230246251565e-16,
  "plus_newton_residual_p90": 1.2806977700563495e-13,
  "plus_newton_newton_iter_mean": 2.1328,
  "plus_newton_newton_iter_median": 2.0,
  "plus_newton_newton_iter_p90": 3.0,
  "plus_newton_converged_ratio": 1.0,
  "hp_use_log_ab": false,
  "hp_optimizer": "adamw",
  "hp_criterion": "mse",
  "hp_dropout": 0.1,
  "hp_lr": 0.001,
  "hp_weight_decay": 0.0001,
  "hp_hidden_dims": "[256, 256, 128]",
  "hp_hidden_size": 128,
  "hp_num_layers": 2,
  "hp_head_hidden": 64,
  "hp_head_layers": 2,
  "hp_d_model": 32,
  "hp_nhead": 2,
  "hp_ff_dim": 64,
  "hp_use_cls_token": true
}{
  "trial_id": 722,
  "trial_name": "trial_722_transformer",
  "model": "transformer",
  "best_epoch": 69,
  "elapsed_sec": 180.73726224899292,
  "direct_mae": 0.010298357345163822,
  "direct_rmse": 0.015607153065502644,
  "direct_r2": 0.999746440560557,
  "direct_valid_ratio": 1.0,
  "direct_residual_mean": 0.011894367635250092,
  "direct_residual_median": 0.007574915885925293,
  "direct_residual_p90": 0.03152964711189271,
  "plus_newton_mae": 2.343361752313831e-08,
  "plus_newton_rmse": 2.9915729389830117e-08,
  "plus_newton_r2": 0.9999999999999991,
  "plus_newton_valid_ratio": 1.0,
  "plus_newton_residual_mean": 4.8597927974141723e-14,
  "plus_newton_residual_median": 1.1102230246251565e-16,
  "plus_newton_residual_p90": 1.2806977700563495e-13,
  "plus_newton_newton_iter_mean": 2.1328,
  "plus_newton_newton_iter_median": 2.0,
  "plus_newton_newton_iter_p90": 3.0,
  "plus_newton_converged_ratio": 1.0,
  "hp_use_log_ab": false,
  "hp_optimizer": "adamw",
  "hp_criterion": "mse",
  "hp_dropout": 0.1,
  "hp_lr": 0.001,
  "hp_weight_decay": 0.0001,
  "hp_hidden_dims": "[256, 256, 128]",
  "hp_hidden_size": 128,
  "hp_num_layers": 2,
  "hp_head_hidden": 64,
  "hp_head_layers": 2,
  "hp_d_model": 32,
  "hp_nhead": 2,
  "hp_ff_dim": 64,
  "hp_use_cls_token": true
}