{
  "trial_id": 2624,
  "trial_name": "trial_2624_transformer",
  "model": "transformer",
  "best_epoch": 53,
  "elapsed_sec": 1016.3280136585236,
  "direct_mae": 0.006182722747325897,
  "direct_rmse": 0.00814731139689684,
  "direct_r2": 0.9999309027189156,
  "direct_valid_ratio": 1.0,
  "direct_residual_mean": 0.007642666809260845,
  "direct_residual_median": 0.0057351067662239075,
  "direct_residual_p90": 0.016857856512069704,
  "plus_newton_mae": 2.3433618288511638e-08,
  "plus_newton_rmse": 2.9915730484261304e-08,
  "plus_newton_r2": 0.9999999999999991,
  "plus_newton_valid_ratio": 1.0,
  "plus_newton_residual_mean": 3.686790503006497e-14,
  "plus_newton_residual_median": 1.1102230246251565e-16,
  "plus_newton_residual_p90": 6.507849814596518e-14,
  "plus_newton_newton_iter_mean": 2.1406,
  "plus_newton_newton_iter_median": 2.0,
  "plus_newton_newton_iter_p90": 3.0,
  "plus_newton_converged_ratio": 1.0,
  "hp_use_log_ab": true,
  "hp_optimizer": "adamw",
  "hp_criterion": "mse",
  "hp_dropout": 0.1,
  "hp_lr": 0.001,
  "hp_weight_decay": 1e-05,
  "hp_hidden_dims": "[256, 256, 128]",
  "hp_hidden_size": 128,
  "hp_num_layers": 1,
  "hp_head_hidden": 128,
  "hp_head_layers": 2,
  "hp_d_model": 64,
  "hp_nhead": 4,
  "hp_ff_dim": 128,
  "hp_use_cls_token": true
}{
  "trial_id": 2624,
  "trial_name": "trial_2624_transformer",
  "model": "transformer",
  "best_epoch": 53,
  "elapsed_sec": 1016.3280136585236,
  "direct_mae": 0.006182722747325897,
  "direct_rmse": 0.00814731139689684,
  "direct_r2": 0.9999309027189156,
  "direct_valid_ratio": 1.0,
  "direct_residual_mean": 0.007642666809260845,
  "direct_residual_median": 0.0057351067662239075,
  "direct_residual_p90": 0.016857856512069704,
  "plus_newton_mae": 2.3433618288511638e-08,
  "plus_newton_rmse": 2.9915730484261304e-08,
  "plus_newton_r2": 0.9999999999999991,
  "plus_newton_valid_ratio": 1.0,
  "plus_newton_residual_mean": 3.686790503006497e-14,
  "plus_newton_residual_median": 1.1102230246251565e-16,
  "plus_newton_residual_p90": 6.507849814596518e-14,
  "plus_newton_newton_iter_mean": 2.1406,
  "plus_newton_newton_iter_median": 2.0,
  "plus_newton_newton_iter_p90": 3.0,
  "plus_newton_converged_ratio": 1.0,
  "hp_use_log_ab": true,
  "hp_optimizer": "adamw",
  "hp_criterion": "mse",
  "hp_dropout": 0.1,
  "hp_lr": 0.001,
  "hp_weight_decay": 1e-05,
  "hp_hidden_dims": "[256, 256, 128]",
  "hp_hidden_size": 128,
  "hp_num_layers": 1,
  "hp_head_hidden": 128,
  "hp_head_layers": 2,
  "hp_d_model": 64,
  "hp_nhead": 4,
  "hp_ff_dim": 128,
  "hp_use_cls_token": true
}