{
  "trial_id": 3187,
  "trial_name": "trial_3187_transformer",
  "model": "transformer",
  "best_epoch": 119,
  "elapsed_sec": 209.7665479183197,
  "direct_mae": 0.00111124396789819,
  "direct_rmse": 0.001424441928975284,
  "direct_r2": 0.9999978878638558,
  "direct_valid_ratio": 1.0,
  "direct_residual_mean": 0.0013750988291576505,
  "direct_residual_median": 0.0010403096675872803,
  "direct_residual_p90": 0.0028944015502929688,
  "plus_newton_mae": 2.343361780079037e-08,
  "plus_newton_rmse": 2.991573057658139e-08,
  "plus_newton_r2": 0.9999999999999991,
  "plus_newton_valid_ratio": 1.0,
  "plus_newton_residual_mean": 2.825910390184423e-14,
  "plus_newton_residual_median": 7.37257477290143e-17,
  "plus_newton_residual_p90": 1.3444800828210686e-14,
  "plus_newton_newton_iter_mean": 1.9809,
  "plus_newton_newton_iter_median": 2.0,
  "plus_newton_newton_iter_p90": 2.0,
  "plus_newton_converged_ratio": 1.0,
  "hp_use_log_ab": true,
  "hp_optimizer": "adamw",
  "hp_criterion": "smoothl1",
  "hp_dropout": 0.0,
  "hp_lr": 0.001,
  "hp_weight_decay": 1e-05,
  "hp_hidden_dims": "[256, 256, 128]",
  "hp_hidden_size": 128,
  "hp_num_layers": 2,
  "hp_head_hidden": 128,
  "hp_head_layers": 2,
  "hp_d_model": 32,
  "hp_nhead": 2,
  "hp_ff_dim": 128,
  "hp_use_cls_token": false
}{
  "trial_id": 3187,
  "trial_name": "trial_3187_transformer",
  "model": "transformer",
  "best_epoch": 119,
  "elapsed_sec": 209.7665479183197,
  "direct_mae": 0.00111124396789819,
  "direct_rmse": 0.001424441928975284,
  "direct_r2": 0.9999978878638558,
  "direct_valid_ratio": 1.0,
  "direct_residual_mean": 0.0013750988291576505,
  "direct_residual_median": 0.0010403096675872803,
  "direct_residual_p90": 0.0028944015502929688,
  "plus_newton_mae": 2.343361780079037e-08,
  "plus_newton_rmse": 2.991573057658139e-08,
  "plus_newton_r2": 0.9999999999999991,
  "plus_newton_valid_ratio": 1.0,
  "plus_newton_residual_mean": 2.825910390184423e-14,
  "plus_newton_residual_median": 7.37257477290143e-17,
  "plus_newton_residual_p90": 1.3444800828210686e-14,
  "plus_newton_newton_iter_mean": 1.9809,
  "plus_newton_newton_iter_median": 2.0,
  "plus_newton_newton_iter_p90": 2.0,
  "plus_newton_converged_ratio": 1.0,
  "hp_use_log_ab": true,
  "hp_optimizer": "adamw",
  "hp_criterion": "smoothl1",
  "hp_dropout": 0.0,
  "hp_lr": 0.001,
  "hp_weight_decay": 1e-05,
  "hp_hidden_dims": "[256, 256, 128]",
  "hp_hidden_size": 128,
  "hp_num_layers": 2,
  "hp_head_hidden": 128,
  "hp_head_layers": 2,
  "hp_d_model": 32,
  "hp_nhead": 2,
  "hp_ff_dim": 128,
  "hp_use_cls_token": false
}