{
  "trial_id": 2380,
  "trial_name": "trial_2380_transformer",
  "model": "transformer",
  "best_epoch": 43,
  "elapsed_sec": 107.45312142372131,
  "direct_mae": 0.10490874201059341,
  "direct_rmse": 0.130490243434906,
  "direct_r2": 0.9822749085724354,
  "direct_valid_ratio": 1.0,
  "direct_residual_mean": 0.13180769979953766,
  "direct_residual_median": 0.11062221229076385,
  "direct_residual_p90": 0.25312333703041084,
  "plus_newton_mae": 2.3433620006905083e-08,
  "plus_newton_rmse": 2.99157310889496e-08,
  "plus_newton_r2": 0.9999999999999991,
  "plus_newton_valid_ratio": 1.0,
  "plus_newton_residual_mean": 3.602156104416337e-14,
  "plus_newton_residual_median": 1.1102230246251565e-16,
  "plus_newton_residual_p90": 5.596634267135418e-14,
  "plus_newton_newton_iter_mean": 2.6172,
  "plus_newton_newton_iter_median": 3.0,
  "plus_newton_newton_iter_p90": 3.0,
  "plus_newton_converged_ratio": 1.0,
  "hp_use_log_ab": true,
  "hp_optimizer": "adamw",
  "hp_criterion": "mse",
  "hp_dropout": 0.0,
  "hp_lr": 0.0005,
  "hp_weight_decay": 1e-05,
  "hp_hidden_dims": "[256, 256, 128]",
  "hp_hidden_size": 128,
  "hp_num_layers": 2,
  "hp_head_hidden": 64,
  "hp_head_layers": 1,
  "hp_d_model": 64,
  "hp_nhead": 2,
  "hp_ff_dim": 128,
  "hp_use_cls_token": true
}{
  "trial_id": 2380,
  "trial_name": "trial_2380_transformer",
  "model": "transformer",
  "best_epoch": 43,
  "elapsed_sec": 107.45312142372131,
  "direct_mae": 0.10490874201059341,
  "direct_rmse": 0.130490243434906,
  "direct_r2": 0.9822749085724354,
  "direct_valid_ratio": 1.0,
  "direct_residual_mean": 0.13180769979953766,
  "direct_residual_median": 0.11062221229076385,
  "direct_residual_p90": 0.25312333703041084,
  "plus_newton_mae": 2.3433620006905083e-08,
  "plus_newton_rmse": 2.99157310889496e-08,
  "plus_newton_r2": 0.9999999999999991,
  "plus_newton_valid_ratio": 1.0,
  "plus_newton_residual_mean": 3.602156104416337e-14,
  "plus_newton_residual_median": 1.1102230246251565e-16,
  "plus_newton_residual_p90": 5.596634267135418e-14,
  "plus_newton_newton_iter_mean": 2.6172,
  "plus_newton_newton_iter_median": 3.0,
  "plus_newton_newton_iter_p90": 3.0,
  "plus_newton_converged_ratio": 1.0,
  "hp_use_log_ab": true,
  "hp_optimizer": "adamw",
  "hp_criterion": "mse",
  "hp_dropout": 0.0,
  "hp_lr": 0.0005,
  "hp_weight_decay": 1e-05,
  "hp_hidden_dims": "[256, 256, 128]",
  "hp_hidden_size": 128,
  "hp_num_layers": 2,
  "hp_head_hidden": 64,
  "hp_head_layers": 1,
  "hp_d_model": 64,
  "hp_nhead": 2,
  "hp_ff_dim": 128,
  "hp_use_cls_token": true
}