{
  "trial_id": 247,
  "trial_name": "trial_247_transformer",
  "model": "transformer",
  "best_epoch": 69,
  "elapsed_sec": 287.03638792037964,
  "direct_mae": 0.001795052201487124,
  "direct_rmse": 0.0024912229273468256,
  "direct_r2": 0.9999935396267574,
  "direct_valid_ratio": 1.0,
  "direct_residual_mean": 0.00220777140930295,
  "direct_residual_median": 0.001573123037815094,
  "direct_residual_p90": 0.004817774891853333,
  "plus_newton_mae": 2.3433617474517307e-08,
  "plus_newton_rmse": 2.991573019808475e-08,
  "plus_newton_r2": 0.9999999999999991,
  "plus_newton_valid_ratio": 1.0,
  "plus_newton_residual_mean": 2.9046947670576716e-14,
  "plus_newton_residual_median": 1.1102230246251565e-16,
  "plus_newton_residual_p90": 2.7988722450800237e-14,
  "plus_newton_newton_iter_mean": 1.9962,
  "plus_newton_newton_iter_median": 2.0,
  "plus_newton_newton_iter_p90": 2.0,
  "plus_newton_converged_ratio": 1.0,
  "hp_use_log_ab": false,
  "hp_optimizer": "adamw",
  "hp_criterion": "mse",
  "hp_dropout": 0.0,
  "hp_lr": 0.001,
  "hp_weight_decay": 0.0001,
  "hp_hidden_dims": "[256, 256, 128]",
  "hp_hidden_size": 128,
  "hp_num_layers": 2,
  "hp_head_hidden": 128,
  "hp_head_layers": 2,
  "hp_d_model": 32,
  "hp_nhead": 4,
  "hp_ff_dim": 128,
  "hp_use_cls_token": false
}{
  "trial_id": 247,
  "trial_name": "trial_247_transformer",
  "model": "transformer",
  "best_epoch": 69,
  "elapsed_sec": 287.03638792037964,
  "direct_mae": 0.001795052201487124,
  "direct_rmse": 0.0024912229273468256,
  "direct_r2": 0.9999935396267574,
  "direct_valid_ratio": 1.0,
  "direct_residual_mean": 0.00220777140930295,
  "direct_residual_median": 0.001573123037815094,
  "direct_residual_p90": 0.004817774891853333,
  "plus_newton_mae": 2.3433617474517307e-08,
  "plus_newton_rmse": 2.991573019808475e-08,
  "plus_newton_r2": 0.9999999999999991,
  "plus_newton_valid_ratio": 1.0,
  "plus_newton_residual_mean": 2.9046947670576716e-14,
  "plus_newton_residual_median": 1.1102230246251565e-16,
  "plus_newton_residual_p90": 2.7988722450800237e-14,
  "plus_newton_newton_iter_mean": 1.9962,
  "plus_newton_newton_iter_median": 2.0,
  "plus_newton_newton_iter_p90": 2.0,
  "plus_newton_converged_ratio": 1.0,
  "hp_use_log_ab": false,
  "hp_optimizer": "adamw",
  "hp_criterion": "mse",
  "hp_dropout": 0.0,
  "hp_lr": 0.001,
  "hp_weight_decay": 0.0001,
  "hp_hidden_dims": "[256, 256, 128]",
  "hp_hidden_size": 128,
  "hp_num_layers": 2,
  "hp_head_hidden": 128,
  "hp_head_layers": 2,
  "hp_d_model": 32,
  "hp_nhead": 4,
  "hp_ff_dim": 128,
  "hp_use_cls_token": false
}