{
  "trial_id": 1494,
  "trial_name": "trial_1494_transformer",
  "model": "transformer",
  "best_epoch": 77,
  "elapsed_sec": 168.09389662742615,
  "direct_mae": 0.003006597515195608,
  "direct_rmse": 0.0037708692252635956,
  "direct_r2": 0.9999851981738175,
  "direct_valid_ratio": 1.0,
  "direct_residual_mean": 0.0035855774767696857,
  "direct_residual_median": 0.0030700676143169403,
  "direct_residual_p90": 0.006611073017120364,
  "plus_newton_mae": 2.34336171576578e-08,
  "plus_newton_rmse": 2.991572990133897e-08,
  "plus_newton_r2": 0.9999999999999991,
  "plus_newton_valid_ratio": 1.0,
  "plus_newton_residual_mean": 2.946035215205476e-14,
  "plus_newton_residual_median": 1.1102230246251565e-16,
  "plus_newton_residual_p90": 4.33098001906274e-14,
  "plus_newton_newton_iter_mean": 2.044,
  "plus_newton_newton_iter_median": 2.0,
  "plus_newton_newton_iter_p90": 2.0,
  "plus_newton_converged_ratio": 1.0,
  "hp_use_log_ab": false,
  "hp_optimizer": "adamw",
  "hp_criterion": "smoothl1",
  "hp_dropout": 0.0,
  "hp_lr": 0.0005,
  "hp_weight_decay": 0.0001,
  "hp_hidden_dims": "[256, 256, 128]",
  "hp_hidden_size": 128,
  "hp_num_layers": 2,
  "hp_head_hidden": 64,
  "hp_head_layers": 2,
  "hp_d_model": 32,
  "hp_nhead": 4,
  "hp_ff_dim": 64,
  "hp_use_cls_token": true
}{
  "trial_id": 1494,
  "trial_name": "trial_1494_transformer",
  "model": "transformer",
  "best_epoch": 77,
  "elapsed_sec": 168.09389662742615,
  "direct_mae": 0.003006597515195608,
  "direct_rmse": 0.0037708692252635956,
  "direct_r2": 0.9999851981738175,
  "direct_valid_ratio": 1.0,
  "direct_residual_mean": 0.0035855774767696857,
  "direct_residual_median": 0.0030700676143169403,
  "direct_residual_p90": 0.006611073017120364,
  "plus_newton_mae": 2.34336171576578e-08,
  "plus_newton_rmse": 2.991572990133897e-08,
  "plus_newton_r2": 0.9999999999999991,
  "plus_newton_valid_ratio": 1.0,
  "plus_newton_residual_mean": 2.946035215205476e-14,
  "plus_newton_residual_median": 1.1102230246251565e-16,
  "plus_newton_residual_p90": 4.33098001906274e-14,
  "plus_newton_newton_iter_mean": 2.044,
  "plus_newton_newton_iter_median": 2.0,
  "plus_newton_newton_iter_p90": 2.0,
  "plus_newton_converged_ratio": 1.0,
  "hp_use_log_ab": false,
  "hp_optimizer": "adamw",
  "hp_criterion": "smoothl1",
  "hp_dropout": 0.0,
  "hp_lr": 0.0005,
  "hp_weight_decay": 0.0001,
  "hp_hidden_dims": "[256, 256, 128]",
  "hp_hidden_size": 128,
  "hp_num_layers": 2,
  "hp_head_hidden": 64,
  "hp_head_layers": 2,
  "hp_d_model": 32,
  "hp_nhead": 4,
  "hp_ff_dim": 64,
  "hp_use_cls_token": true
}