{
  "trial_id": 1571,
  "trial_name": "trial_1571_transformer",
  "model": "transformer",
  "best_epoch": 12,
  "elapsed_sec": 44.262858867645264,
  "direct_mae": 0.33782967925071716,
  "direct_rmse": 0.42030465602874756,
  "direct_r2": 0.8161088675260544,
  "direct_valid_ratio": 1.0,
  "direct_residual_mean": 0.3820893466472626,
  "direct_residual_median": 0.34624871611595154,
  "direct_residual_p90": 0.7838445186614992,
  "plus_newton_mae": 2.3433619372013546e-08,
  "plus_newton_rmse": 2.99157312451443e-08,
  "plus_newton_r2": 0.9999999999999991,
  "plus_newton_valid_ratio": 1.0,
  "plus_newton_residual_mean": 4.2823819170237466e-14,
  "plus_newton_residual_median": 1.1102230246251565e-16,
  "plus_newton_residual_p90": 9.798273303829321e-14,
  "plus_newton_newton_iter_mean": 2.7631,
  "plus_newton_newton_iter_median": 3.0,
  "plus_newton_newton_iter_p90": 3.0,
  "plus_newton_converged_ratio": 1.0,
  "hp_use_log_ab": false,
  "hp_optimizer": "adamw",
  "hp_criterion": "smoothl1",
  "hp_dropout": 0.1,
  "hp_lr": 0.001,
  "hp_weight_decay": 1e-05,
  "hp_hidden_dims": "[256, 256, 128]",
  "hp_hidden_size": 128,
  "hp_num_layers": 1,
  "hp_head_hidden": 128,
  "hp_head_layers": 1,
  "hp_d_model": 32,
  "hp_nhead": 2,
  "hp_ff_dim": 128,
  "hp_use_cls_token": false
}{
  "trial_id": 1571,
  "trial_name": "trial_1571_transformer",
  "model": "transformer",
  "best_epoch": 12,
  "elapsed_sec": 44.262858867645264,
  "direct_mae": 0.33782967925071716,
  "direct_rmse": 0.42030465602874756,
  "direct_r2": 0.8161088675260544,
  "direct_valid_ratio": 1.0,
  "direct_residual_mean": 0.3820893466472626,
  "direct_residual_median": 0.34624871611595154,
  "direct_residual_p90": 0.7838445186614992,
  "plus_newton_mae": 2.3433619372013546e-08,
  "plus_newton_rmse": 2.99157312451443e-08,
  "plus_newton_r2": 0.9999999999999991,
  "plus_newton_valid_ratio": 1.0,
  "plus_newton_residual_mean": 4.2823819170237466e-14,
  "plus_newton_residual_median": 1.1102230246251565e-16,
  "plus_newton_residual_p90": 9.798273303829321e-14,
  "plus_newton_newton_iter_mean": 2.7631,
  "plus_newton_newton_iter_median": 3.0,
  "plus_newton_newton_iter_p90": 3.0,
  "plus_newton_converged_ratio": 1.0,
  "hp_use_log_ab": false,
  "hp_optimizer": "adamw",
  "hp_criterion": "smoothl1",
  "hp_dropout": 0.1,
  "hp_lr": 0.001,
  "hp_weight_decay": 1e-05,
  "hp_hidden_dims": "[256, 256, 128]",
  "hp_hidden_size": 128,
  "hp_num_layers": 1,
  "hp_head_hidden": 128,
  "hp_head_layers": 1,
  "hp_d_model": 32,
  "hp_nhead": 2,
  "hp_ff_dim": 128,
  "hp_use_cls_token": false
}