{
  "trial_id": 2072,
  "trial_name": "trial_2072_transformer",
  "model": "transformer",
  "best_epoch": 117,
  "elapsed_sec": 170.01728892326355,
  "direct_mae": 0.0034817340783774853,
  "direct_rmse": 0.004542469512671232,
  "direct_r2": 0.9999785208819958,
  "direct_valid_ratio": 1.0,
  "direct_residual_mean": 0.0042722756043076515,
  "direct_residual_median": 0.003233306109905243,
  "direct_residual_p90": 0.009031289815902711,
  "plus_newton_mae": 2.3433619065057197e-08,
  "plus_newton_rmse": 2.991573067239134e-08,
  "plus_newton_r2": 0.9999999999999991,
  "plus_newton_valid_ratio": 1.0,
  "plus_newton_residual_mean": 3.041017717420643e-14,
  "plus_newton_residual_median": 1.1102230246251565e-16,
  "plus_newton_residual_p90": 2.9648505872614826e-14,
  "plus_newton_newton_iter_mean": 2.0569,
  "plus_newton_newton_iter_median": 2.0,
  "plus_newton_newton_iter_p90": 2.0,
  "plus_newton_converged_ratio": 1.0,
  "hp_use_log_ab": true,
  "hp_optimizer": "adamw",
  "hp_criterion": "mse",
  "hp_dropout": 0.0,
  "hp_lr": 0.001,
  "hp_weight_decay": 1e-05,
  "hp_hidden_dims": "[256, 256, 128]",
  "hp_hidden_size": 128,
  "hp_num_layers": 1,
  "hp_head_hidden": 64,
  "hp_head_layers": 2,
  "hp_d_model": 32,
  "hp_nhead": 4,
  "hp_ff_dim": 128,
  "hp_use_cls_token": true
}{
  "trial_id": 2072,
  "trial_name": "trial_2072_transformer",
  "model": "transformer",
  "best_epoch": 117,
  "elapsed_sec": 170.01728892326355,
  "direct_mae": 0.0034817340783774853,
  "direct_rmse": 0.004542469512671232,
  "direct_r2": 0.9999785208819958,
  "direct_valid_ratio": 1.0,
  "direct_residual_mean": 0.0042722756043076515,
  "direct_residual_median": 0.003233306109905243,
  "direct_residual_p90": 0.009031289815902711,
  "plus_newton_mae": 2.3433619065057197e-08,
  "plus_newton_rmse": 2.991573067239134e-08,
  "plus_newton_r2": 0.9999999999999991,
  "plus_newton_valid_ratio": 1.0,
  "plus_newton_residual_mean": 3.041017717420643e-14,
  "plus_newton_residual_median": 1.1102230246251565e-16,
  "plus_newton_residual_p90": 2.9648505872614826e-14,
  "plus_newton_newton_iter_mean": 2.0569,
  "plus_newton_newton_iter_median": 2.0,
  "plus_newton_newton_iter_p90": 2.0,
  "plus_newton_converged_ratio": 1.0,
  "hp_use_log_ab": true,
  "hp_optimizer": "adamw",
  "hp_criterion": "mse",
  "hp_dropout": 0.0,
  "hp_lr": 0.001,
  "hp_weight_decay": 1e-05,
  "hp_hidden_dims": "[256, 256, 128]",
  "hp_hidden_size": 128,
  "hp_num_layers": 1,
  "hp_head_hidden": 64,
  "hp_head_layers": 2,
  "hp_d_model": 32,
  "hp_nhead": 4,
  "hp_ff_dim": 128,
  "hp_use_cls_token": true
}