{
  "trial_id": 1889,
  "trial_name": "trial_1889_transformer",
  "model": "transformer",
  "best_epoch": 13,
  "elapsed_sec": 57.70536422729492,
  "direct_mae": 0.33864936232566833,
  "direct_rmse": 0.41925379633903503,
  "direct_r2": 0.8170272558927536,
  "direct_valid_ratio": 1.0,
  "direct_residual_mean": 0.38314536213874817,
  "direct_residual_median": 0.3504008650779724,
  "direct_residual_p90": 0.7720336556434632,
  "plus_newton_mae": 2.343361848870633e-08,
  "plus_newton_rmse": 2.991573075596801e-08,
  "plus_newton_r2": 0.9999999999999991,
  "plus_newton_valid_ratio": 1.0,
  "plus_newton_residual_mean": 4.459958209164974e-14,
  "plus_newton_residual_median": 1.1102230246251565e-16,
  "plus_newton_residual_p90": 1.0176304243714209e-13,
  "plus_newton_newton_iter_mean": 2.7633,
  "plus_newton_newton_iter_median": 3.0,
  "plus_newton_newton_iter_p90": 3.0,
  "plus_newton_converged_ratio": 1.0,
  "hp_use_log_ab": false,
  "hp_optimizer": "adamw",
  "hp_criterion": "smoothl1",
  "hp_dropout": 0.1,
  "hp_lr": 0.0005,
  "hp_weight_decay": 1e-05,
  "hp_hidden_dims": "[256, 256, 128]",
  "hp_hidden_size": 128,
  "hp_num_layers": 2,
  "hp_head_hidden": 128,
  "hp_head_layers": 1,
  "hp_d_model": 32,
  "hp_nhead": 2,
  "hp_ff_dim": 64,
  "hp_use_cls_token": false
}{
  "trial_id": 1889,
  "trial_name": "trial_1889_transformer",
  "model": "transformer",
  "best_epoch": 13,
  "elapsed_sec": 57.70536422729492,
  "direct_mae": 0.33864936232566833,
  "direct_rmse": 0.41925379633903503,
  "direct_r2": 0.8170272558927536,
  "direct_valid_ratio": 1.0,
  "direct_residual_mean": 0.38314536213874817,
  "direct_residual_median": 0.3504008650779724,
  "direct_residual_p90": 0.7720336556434632,
  "plus_newton_mae": 2.343361848870633e-08,
  "plus_newton_rmse": 2.991573075596801e-08,
  "plus_newton_r2": 0.9999999999999991,
  "plus_newton_valid_ratio": 1.0,
  "plus_newton_residual_mean": 4.459958209164974e-14,
  "plus_newton_residual_median": 1.1102230246251565e-16,
  "plus_newton_residual_p90": 1.0176304243714209e-13,
  "plus_newton_newton_iter_mean": 2.7633,
  "plus_newton_newton_iter_median": 3.0,
  "plus_newton_newton_iter_p90": 3.0,
  "plus_newton_converged_ratio": 1.0,
  "hp_use_log_ab": false,
  "hp_optimizer": "adamw",
  "hp_criterion": "smoothl1",
  "hp_dropout": 0.1,
  "hp_lr": 0.0005,
  "hp_weight_decay": 1e-05,
  "hp_hidden_dims": "[256, 256, 128]",
  "hp_hidden_size": 128,
  "hp_num_layers": 2,
  "hp_head_hidden": 128,
  "hp_head_layers": 1,
  "hp_d_model": 32,
  "hp_nhead": 2,
  "hp_ff_dim": 64,
  "hp_use_cls_token": false
}