{
  "trial_id": 560,
  "trial_name": "trial_560_transformer",
  "model": "transformer",
  "best_epoch": 42,
  "elapsed_sec": 97.59587168693542,
  "direct_mae": 0.3403731882572174,
  "direct_rmse": 0.4169565737247467,
  "direct_r2": 0.8190269023180008,
  "direct_valid_ratio": 1.0,
  "direct_residual_mean": 0.38388001918792725,
  "direct_residual_median": 0.36113080382347107,
  "direct_residual_p90": 0.7283801019191742,
  "plus_newton_mae": 2.3433617599559428e-08,
  "plus_newton_rmse": 2.99157296177076e-08,
  "plus_newton_r2": 0.9999999999999991,
  "plus_newton_valid_ratio": 1.0,
  "plus_newton_residual_mean": 4.518224352810987e-14,
  "plus_newton_residual_median": 1.6653345369377348e-16,
  "plus_newton_residual_p90": 1.0891287871572786e-13,
  "plus_newton_newton_iter_mean": 2.7552,
  "plus_newton_newton_iter_median": 3.0,
  "plus_newton_newton_iter_p90": 3.0,
  "plus_newton_converged_ratio": 1.0,
  "hp_use_log_ab": false,
  "hp_optimizer": "adamw",
  "hp_criterion": "mse",
  "hp_dropout": 0.1,
  "hp_lr": 0.001,
  "hp_weight_decay": 1e-05,
  "hp_hidden_dims": "[256, 256, 128]",
  "hp_hidden_size": 128,
  "hp_num_layers": 1,
  "hp_head_hidden": 128,
  "hp_head_layers": 1,
  "hp_d_model": 64,
  "hp_nhead": 4,
  "hp_ff_dim": 128,
  "hp_use_cls_token": true
}{
  "trial_id": 560,
  "trial_name": "trial_560_transformer",
  "model": "transformer",
  "best_epoch": 42,
  "elapsed_sec": 97.59587168693542,
  "direct_mae": 0.3403731882572174,
  "direct_rmse": 0.4169565737247467,
  "direct_r2": 0.8190269023180008,
  "direct_valid_ratio": 1.0,
  "direct_residual_mean": 0.38388001918792725,
  "direct_residual_median": 0.36113080382347107,
  "direct_residual_p90": 0.7283801019191742,
  "plus_newton_mae": 2.3433617599559428e-08,
  "plus_newton_rmse": 2.99157296177076e-08,
  "plus_newton_r2": 0.9999999999999991,
  "plus_newton_valid_ratio": 1.0,
  "plus_newton_residual_mean": 4.518224352810987e-14,
  "plus_newton_residual_median": 1.6653345369377348e-16,
  "plus_newton_residual_p90": 1.0891287871572786e-13,
  "plus_newton_newton_iter_mean": 2.7552,
  "plus_newton_newton_iter_median": 3.0,
  "plus_newton_newton_iter_p90": 3.0,
  "plus_newton_converged_ratio": 1.0,
  "hp_use_log_ab": false,
  "hp_optimizer": "adamw",
  "hp_criterion": "mse",
  "hp_dropout": 0.1,
  "hp_lr": 0.001,
  "hp_weight_decay": 1e-05,
  "hp_hidden_dims": "[256, 256, 128]",
  "hp_hidden_size": 128,
  "hp_num_layers": 1,
  "hp_head_hidden": 128,
  "hp_head_layers": 1,
  "hp_d_model": 64,
  "hp_nhead": 4,
  "hp_ff_dim": 128,
  "hp_use_cls_token": true
}