{
  "trial_id": 130,
  "trial_name": "trial_130_transformer",
  "model": "transformer",
  "best_epoch": 40,
  "elapsed_sec": 182.702006816864,
  "direct_mae": 0.340597927570343,
  "direct_rmse": 0.4169410467147827,
  "direct_r2": 0.81904037296772,
  "direct_valid_ratio": 1.0,
  "direct_residual_mean": 0.38377588987350464,
  "direct_residual_median": 0.3606685996055603,
  "direct_residual_p90": 0.7213973462581634,
  "plus_newton_mae": 2.3433619218211348e-08,
  "plus_newton_rmse": 2.991573121351786e-08,
  "plus_newton_r2": 0.9999999999999991,
  "plus_newton_valid_ratio": 1.0,
  "plus_newton_residual_mean": 4.463017568639172e-14,
  "plus_newton_residual_median": 1.3877787807814457e-16,
  "plus_newton_residual_p90": 1.0548228956963616e-13,
  "plus_newton_newton_iter_mean": 2.7565,
  "plus_newton_newton_iter_median": 3.0,
  "plus_newton_newton_iter_p90": 3.0,
  "plus_newton_converged_ratio": 1.0,
  "hp_use_log_ab": false,
  "hp_optimizer": "adamw",
  "hp_criterion": "mse",
  "hp_dropout": 0.0,
  "hp_lr": 0.001,
  "hp_weight_decay": 0.0001,
  "hp_hidden_dims": "[256, 256, 128]",
  "hp_hidden_size": 128,
  "hp_num_layers": 1,
  "hp_head_hidden": 64,
  "hp_head_layers": 1,
  "hp_d_model": 32,
  "hp_nhead": 2,
  "hp_ff_dim": 64,
  "hp_use_cls_token": true
}{
  "trial_id": 130,
  "trial_name": "trial_130_transformer",
  "model": "transformer",
  "best_epoch": 40,
  "elapsed_sec": 182.702006816864,
  "direct_mae": 0.340597927570343,
  "direct_rmse": 0.4169410467147827,
  "direct_r2": 0.81904037296772,
  "direct_valid_ratio": 1.0,
  "direct_residual_mean": 0.38377588987350464,
  "direct_residual_median": 0.3606685996055603,
  "direct_residual_p90": 0.7213973462581634,
  "plus_newton_mae": 2.3433619218211348e-08,
  "plus_newton_rmse": 2.991573121351786e-08,
  "plus_newton_r2": 0.9999999999999991,
  "plus_newton_valid_ratio": 1.0,
  "plus_newton_residual_mean": 4.463017568639172e-14,
  "plus_newton_residual_median": 1.3877787807814457e-16,
  "plus_newton_residual_p90": 1.0548228956963616e-13,
  "plus_newton_newton_iter_mean": 2.7565,
  "plus_newton_newton_iter_median": 3.0,
  "plus_newton_newton_iter_p90": 3.0,
  "plus_newton_converged_ratio": 1.0,
  "hp_use_log_ab": false,
  "hp_optimizer": "adamw",
  "hp_criterion": "mse",
  "hp_dropout": 0.0,
  "hp_lr": 0.001,
  "hp_weight_decay": 0.0001,
  "hp_hidden_dims": "[256, 256, 128]",
  "hp_hidden_size": 128,
  "hp_num_layers": 1,
  "hp_head_hidden": 64,
  "hp_head_layers": 1,
  "hp_d_model": 32,
  "hp_nhead": 2,
  "hp_ff_dim": 64,
  "hp_use_cls_token": true
}