{
  "trial_id": 378,
  "trial_name": "trial_378_lstm",
  "model": "lstm",
  "best_epoch": 47,
  "elapsed_sec": 150.10825538635254,
  "direct_mae": 0.011153311468660831,
  "direct_rmse": 0.01381769124418497,
  "direct_r2": 0.9998012517316965,
  "direct_valid_ratio": 1.0,
  "direct_residual_mean": 0.013099128380417824,
  "direct_residual_median": 0.01161285862326622,
  "direct_residual_p90": 0.02562735676765442,
  "plus_newton_mae": 2.3433617341586342e-08,
  "plus_newton_rmse": 2.991573053107216e-08,
  "plus_newton_r2": 0.9999999999999991,
  "plus_newton_valid_ratio": 1.0,
  "plus_newton_residual_mean": 3.363585574584144e-14,
  "plus_newton_residual_median": 1.1102230246251565e-16,
  "plus_newton_residual_p90": 5.020706073111123e-14,
  "plus_newton_newton_iter_mean": 2.1797,
  "plus_newton_newton_iter_median": 2.0,
  "plus_newton_newton_iter_p90": 3.0,
  "plus_newton_converged_ratio": 1.0,
  "hp_use_log_ab": true,
  "hp_optimizer": "adamw",
  "hp_criterion": "mse",
  "hp_dropout": 0.1,
  "hp_lr": 0.0005,
  "hp_weight_decay": 0.0001,
  "hp_hidden_dims": "[256, 256, 128]",
  "hp_hidden_size": 128,
  "hp_num_layers": 1,
  "hp_head_hidden": 64,
  "hp_head_layers": 2,
  "hp_d_model": 64,
  "hp_nhead": 4,
  "hp_ff_dim": 128,
  "hp_use_cls_token": false
}{
  "trial_id": 378,
  "trial_name": "trial_378_lstm",
  "model": "lstm",
  "best_epoch": 47,
  "elapsed_sec": 150.10825538635254,
  "direct_mae": 0.011153311468660831,
  "direct_rmse": 0.01381769124418497,
  "direct_r2": 0.9998012517316965,
  "direct_valid_ratio": 1.0,
  "direct_residual_mean": 0.013099128380417824,
  "direct_residual_median": 0.01161285862326622,
  "direct_residual_p90": 0.02562735676765442,
  "plus_newton_mae": 2.3433617341586342e-08,
  "plus_newton_rmse": 2.991573053107216e-08,
  "plus_newton_r2": 0.9999999999999991,
  "plus_newton_valid_ratio": 1.0,
  "plus_newton_residual_mean": 3.363585574584144e-14,
  "plus_newton_residual_median": 1.1102230246251565e-16,
  "plus_newton_residual_p90": 5.020706073111123e-14,
  "plus_newton_newton_iter_mean": 2.1797,
  "plus_newton_newton_iter_median": 2.0,
  "plus_newton_newton_iter_p90": 3.0,
  "plus_newton_converged_ratio": 1.0,
  "hp_use_log_ab": true,
  "hp_optimizer": "adamw",
  "hp_criterion": "mse",
  "hp_dropout": 0.1,
  "hp_lr": 0.0005,
  "hp_weight_decay": 0.0001,
  "hp_hidden_dims": "[256, 256, 128]",
  "hp_hidden_size": 128,
  "hp_num_layers": 1,
  "hp_head_hidden": 64,
  "hp_head_layers": 2,
  "hp_d_model": 64,
  "hp_nhead": 4,
  "hp_ff_dim": 128,
  "hp_use_cls_token": false
}