{
  "trial_id": 13,
  "trial_name": "trial_013_gru",
  "model": "gru",
  "best_epoch": 120,
  "elapsed_sec": 304.19185423851013,
  "direct_mae": 0.3389427363872528,
  "direct_rmse": 0.41630086302757263,
  "direct_r2": 0.8195956498384476,
  "direct_valid_ratio": 1.0,
  "direct_residual_mean": 0.3805862069129944,
  "direct_residual_median": 0.3560175895690918,
  "direct_residual_p90": 0.7156127750873568,
  "plus_newton_mae": 2.3433619710946805e-08,
  "plus_newton_rmse": 2.991573184837238e-08,
  "plus_newton_r2": 0.9999999999999991,
  "plus_newton_valid_ratio": 1.0,
  "plus_newton_residual_mean": 4.4200313429287424e-14,
  "plus_newton_residual_median": 2.220446049250313e-16,
  "plus_newton_residual_p90": 1.023348072948239e-13,
  "plus_newton_newton_iter_mean": 2.7477,
  "plus_newton_newton_iter_median": 3.0,
  "plus_newton_newton_iter_p90": 3.0,
  "plus_newton_converged_ratio": 1.0,
  "hp_use_log_ab": false,
  "hp_optimizer": "adamw",
  "hp_criterion": "mse",
  "hp_dropout": 0.0,
  "hp_lr": 0.001,
  "hp_weight_decay": 1e-05,
  "hp_hidden_dims": "[256, 256, 128]",
  "hp_hidden_size": 128,
  "hp_num_layers": 2,
  "hp_head_hidden": 64,
  "hp_head_layers": 1,
  "hp_d_model": 64,
  "hp_nhead": 4,
  "hp_ff_dim": 128,
  "hp_use_cls_token": false
}{
  "trial_id": 13,
  "trial_name": "trial_013_gru",
  "model": "gru",
  "best_epoch": 120,
  "elapsed_sec": 304.19185423851013,
  "direct_mae": 0.3389427363872528,
  "direct_rmse": 0.41630086302757263,
  "direct_r2": 0.8195956498384476,
  "direct_valid_ratio": 1.0,
  "direct_residual_mean": 0.3805862069129944,
  "direct_residual_median": 0.3560175895690918,
  "direct_residual_p90": 0.7156127750873568,
  "plus_newton_mae": 2.3433619710946805e-08,
  "plus_newton_rmse": 2.991573184837238e-08,
  "plus_newton_r2": 0.9999999999999991,
  "plus_newton_valid_ratio": 1.0,
  "plus_newton_residual_mean": 4.4200313429287424e-14,
  "plus_newton_residual_median": 2.220446049250313e-16,
  "plus_newton_residual_p90": 1.023348072948239e-13,
  "plus_newton_newton_iter_mean": 2.7477,
  "plus_newton_newton_iter_median": 3.0,
  "plus_newton_newton_iter_p90": 3.0,
  "plus_newton_converged_ratio": 1.0,
  "hp_use_log_ab": false,
  "hp_optimizer": "adamw",
  "hp_criterion": "mse",
  "hp_dropout": 0.0,
  "hp_lr": 0.001,
  "hp_weight_decay": 1e-05,
  "hp_hidden_dims": "[256, 256, 128]",
  "hp_hidden_size": 128,
  "hp_num_layers": 2,
  "hp_head_hidden": 64,
  "hp_head_layers": 1,
  "hp_d_model": 64,
  "hp_nhead": 4,
  "hp_ff_dim": 128,
  "hp_use_cls_token": false
}