{
  "trial_id": 525,
  "trial_name": "trial_525_transformer",
  "model": "transformer",
  "best_epoch": 44,
  "elapsed_sec": 104.27299809455872,
  "direct_mae": 0.340778112411499,
  "direct_rmse": 0.4169806241989136,
  "direct_r2": 0.8190060257911682,
  "direct_valid_ratio": 1.0,
  "direct_residual_mean": 0.3839815855026245,
  "direct_residual_median": 0.36133912205696106,
  "direct_residual_p90": 0.7201061606407165,
  "plus_newton_mae": 2.3433619312008773e-08,
  "plus_newton_rmse": 2.99157314002169e-08,
  "plus_newton_r2": 0.9999999999999991,
  "plus_newton_valid_ratio": 1.0,
  "plus_newton_residual_mean": 4.491072790477755e-14,
  "plus_newton_residual_median": 1.6653345369377348e-16,
  "plus_newton_residual_p90": 1.0669798378160069e-13,
  "plus_newton_newton_iter_mean": 2.7548,
  "plus_newton_newton_iter_median": 3.0,
  "plus_newton_newton_iter_p90": 3.0,
  "plus_newton_converged_ratio": 1.0,
  "hp_use_log_ab": false,
  "hp_optimizer": "adamw",
  "hp_criterion": "mse",
  "hp_dropout": 0.1,
  "hp_lr": 0.001,
  "hp_weight_decay": 1e-05,
  "hp_hidden_dims": "[256, 256, 128]",
  "hp_hidden_size": 128,
  "hp_num_layers": 1,
  "hp_head_hidden": 64,
  "hp_head_layers": 1,
  "hp_d_model": 64,
  "hp_nhead": 4,
  "hp_ff_dim": 64,
  "hp_use_cls_token": false
}{
  "trial_id": 525,
  "trial_name": "trial_525_transformer",
  "model": "transformer",
  "best_epoch": 44,
  "elapsed_sec": 104.27299809455872,
  "direct_mae": 0.340778112411499,
  "direct_rmse": 0.4169806241989136,
  "direct_r2": 0.8190060257911682,
  "direct_valid_ratio": 1.0,
  "direct_residual_mean": 0.3839815855026245,
  "direct_residual_median": 0.36133912205696106,
  "direct_residual_p90": 0.7201061606407165,
  "plus_newton_mae": 2.3433619312008773e-08,
  "plus_newton_rmse": 2.99157314002169e-08,
  "plus_newton_r2": 0.9999999999999991,
  "plus_newton_valid_ratio": 1.0,
  "plus_newton_residual_mean": 4.491072790477755e-14,
  "plus_newton_residual_median": 1.6653345369377348e-16,
  "plus_newton_residual_p90": 1.0669798378160069e-13,
  "plus_newton_newton_iter_mean": 2.7548,
  "plus_newton_newton_iter_median": 3.0,
  "plus_newton_newton_iter_p90": 3.0,
  "plus_newton_converged_ratio": 1.0,
  "hp_use_log_ab": false,
  "hp_optimizer": "adamw",
  "hp_criterion": "mse",
  "hp_dropout": 0.1,
  "hp_lr": 0.001,
  "hp_weight_decay": 1e-05,
  "hp_hidden_dims": "[256, 256, 128]",
  "hp_hidden_size": 128,
  "hp_num_layers": 1,
  "hp_head_hidden": 64,
  "hp_head_layers": 1,
  "hp_d_model": 64,
  "hp_nhead": 4,
  "hp_ff_dim": 64,
  "hp_use_cls_token": false
}