{
  "trial_id": 2857,
  "trial_name": "trial_2857_transformer",
  "model": "transformer",
  "best_epoch": 43,
  "elapsed_sec": 358.17188715934753,
  "direct_mae": 0.10436567664146423,
  "direct_rmse": 0.1312171071767807,
  "direct_r2": 0.9820768926292658,
  "direct_valid_ratio": 1.0,
  "direct_residual_mean": 0.13122515380382538,
  "direct_residual_median": 0.10769623517990112,
  "direct_residual_p90": 0.2477063626050951,
  "plus_newton_mae": 2.3433619000302835e-08,
  "plus_newton_rmse": 2.991572989357765e-08,
  "plus_newton_r2": 0.9999999999999991,
  "plus_newton_valid_ratio": 1.0,
  "plus_newton_residual_mean": 3.379998029348329e-14,
  "plus_newton_residual_median": 1.1102230246251565e-16,
  "plus_newton_residual_p90": 4.9077408803555065e-14,
  "plus_newton_newton_iter_mean": 2.6059,
  "plus_newton_newton_iter_median": 3.0,
  "plus_newton_newton_iter_p90": 3.0,
  "plus_newton_converged_ratio": 1.0,
  "hp_use_log_ab": true,
  "hp_optimizer": "adamw",
  "hp_criterion": "mse",
  "hp_dropout": 0.1,
  "hp_lr": 0.0005,
  "hp_weight_decay": 1e-05,
  "hp_hidden_dims": "[256, 256, 128]",
  "hp_hidden_size": 128,
  "hp_num_layers": 1,
  "hp_head_hidden": 128,
  "hp_head_layers": 1,
  "hp_d_model": 64,
  "hp_nhead": 2,
  "hp_ff_dim": 64,
  "hp_use_cls_token": false
}{
  "trial_id": 2857,
  "trial_name": "trial_2857_transformer",
  "model": "transformer",
  "best_epoch": 43,
  "elapsed_sec": 358.17188715934753,
  "direct_mae": 0.10436567664146423,
  "direct_rmse": 0.1312171071767807,
  "direct_r2": 0.9820768926292658,
  "direct_valid_ratio": 1.0,
  "direct_residual_mean": 0.13122515380382538,
  "direct_residual_median": 0.10769623517990112,
  "direct_residual_p90": 0.2477063626050951,
  "plus_newton_mae": 2.3433619000302835e-08,
  "plus_newton_rmse": 2.991572989357765e-08,
  "plus_newton_r2": 0.9999999999999991,
  "plus_newton_valid_ratio": 1.0,
  "plus_newton_residual_mean": 3.379998029348329e-14,
  "plus_newton_residual_median": 1.1102230246251565e-16,
  "plus_newton_residual_p90": 4.9077408803555065e-14,
  "plus_newton_newton_iter_mean": 2.6059,
  "plus_newton_newton_iter_median": 3.0,
  "plus_newton_newton_iter_p90": 3.0,
  "plus_newton_converged_ratio": 1.0,
  "hp_use_log_ab": true,
  "hp_optimizer": "adamw",
  "hp_criterion": "mse",
  "hp_dropout": 0.1,
  "hp_lr": 0.0005,
  "hp_weight_decay": 1e-05,
  "hp_hidden_dims": "[256, 256, 128]",
  "hp_hidden_size": 128,
  "hp_num_layers": 1,
  "hp_head_hidden": 128,
  "hp_head_layers": 1,
  "hp_d_model": 64,
  "hp_nhead": 2,
  "hp_ff_dim": 64,
  "hp_use_cls_token": false
}