{
  "trial_id": 200,
  "trial_name": "trial_200_lstm",
  "model": "lstm",
  "best_epoch": 53,
  "elapsed_sec": 203.5175702571869,
  "direct_mae": 0.007082763593643904,
  "direct_rmse": 0.011096249334514141,
  "direct_r2": 0.9998718304559588,
  "direct_valid_ratio": 1.0,
  "direct_residual_mean": 0.008432554081082344,
  "direct_residual_median": 0.004707396030426025,
  "direct_residual_p90": 0.02237314581871033,
  "plus_newton_mae": 2.3433616558808536e-08,
  "plus_newton_rmse": 2.991572873776742e-08,
  "plus_newton_r2": 0.9999999999999991,
  "plus_newton_valid_ratio": 1.0,
  "plus_newton_residual_mean": 4.352505061900629e-14,
  "plus_newton_residual_median": 1.1102230246251565e-16,
  "plus_newton_residual_p90": 8.084644065320398e-14,
  "plus_newton_newton_iter_mean": 2.1294,
  "plus_newton_newton_iter_median": 2.0,
  "plus_newton_newton_iter_p90": 3.0,
  "plus_newton_converged_ratio": 1.0,
  "hp_use_log_ab": false,
  "hp_optimizer": "adamw",
  "hp_criterion": "smoothl1",
  "hp_dropout": 0.1,
  "hp_lr": 0.001,
  "hp_weight_decay": 1e-05,
  "hp_hidden_dims": "[256, 256, 128]",
  "hp_hidden_size": 64,
  "hp_num_layers": 2,
  "hp_head_hidden": 128,
  "hp_head_layers": 2,
  "hp_d_model": 64,
  "hp_nhead": 4,
  "hp_ff_dim": 128,
  "hp_use_cls_token": false
}{
  "trial_id": 200,
  "trial_name": "trial_200_lstm",
  "model": "lstm",
  "best_epoch": 53,
  "elapsed_sec": 203.5175702571869,
  "direct_mae": 0.007082763593643904,
  "direct_rmse": 0.011096249334514141,
  "direct_r2": 0.9998718304559588,
  "direct_valid_ratio": 1.0,
  "direct_residual_mean": 0.008432554081082344,
  "direct_residual_median": 0.004707396030426025,
  "direct_residual_p90": 0.02237314581871033,
  "plus_newton_mae": 2.3433616558808536e-08,
  "plus_newton_rmse": 2.991572873776742e-08,
  "plus_newton_r2": 0.9999999999999991,
  "plus_newton_valid_ratio": 1.0,
  "plus_newton_residual_mean": 4.352505061900629e-14,
  "plus_newton_residual_median": 1.1102230246251565e-16,
  "plus_newton_residual_p90": 8.084644065320398e-14,
  "plus_newton_newton_iter_mean": 2.1294,
  "plus_newton_newton_iter_median": 2.0,
  "plus_newton_newton_iter_p90": 3.0,
  "plus_newton_converged_ratio": 1.0,
  "hp_use_log_ab": false,
  "hp_optimizer": "adamw",
  "hp_criterion": "smoothl1",
  "hp_dropout": 0.1,
  "hp_lr": 0.001,
  "hp_weight_decay": 1e-05,
  "hp_hidden_dims": "[256, 256, 128]",
  "hp_hidden_size": 64,
  "hp_num_layers": 2,
  "hp_head_hidden": 128,
  "hp_head_layers": 2,
  "hp_d_model": 64,
  "hp_nhead": 4,
  "hp_ff_dim": 128,
  "hp_use_cls_token": false
}