{
  "trial_id": 265,
  "trial_name": "trial_265_lstm",
  "model": "lstm",
  "best_epoch": 38,
  "elapsed_sec": 126.19365406036377,
  "direct_mae": 0.10721058398485184,
  "direct_rmse": 0.134502112865448,
  "direct_r2": 0.9811682552099228,
  "direct_valid_ratio": 1.0,
  "direct_residual_mean": 0.1348317563533783,
  "direct_residual_median": 0.11113782227039337,
  "direct_residual_p90": 0.25864441394805915,
  "plus_newton_mae": 2.34336194342093e-08,
  "plus_newton_rmse": 2.991572988436639e-08,
  "plus_newton_r2": 0.9999999999999991,
  "plus_newton_valid_ratio": 1.0,
  "plus_newton_residual_mean": 3.424012511696106e-14,
  "plus_newton_residual_median": 1.1102230246251565e-16,
  "plus_newton_residual_p90": 4.991007607202393e-14,
  "plus_newton_newton_iter_mean": 2.6171,
  "plus_newton_newton_iter_median": 3.0,
  "plus_newton_newton_iter_p90": 3.0,
  "plus_newton_converged_ratio": 1.0,
  "hp_use_log_ab": true,
  "hp_optimizer": "adamw",
  "hp_criterion": "mse",
  "hp_dropout": 0.0,
  "hp_lr": 0.001,
  "hp_weight_decay": 1e-05,
  "hp_hidden_dims": "[256, 256, 128]",
  "hp_hidden_size": 128,
  "hp_num_layers": 1,
  "hp_head_hidden": 64,
  "hp_head_layers": 1,
  "hp_d_model": 64,
  "hp_nhead": 4,
  "hp_ff_dim": 128,
  "hp_use_cls_token": false
}{
  "trial_id": 265,
  "trial_name": "trial_265_lstm",
  "model": "lstm",
  "best_epoch": 38,
  "elapsed_sec": 126.19365406036377,
  "direct_mae": 0.10721058398485184,
  "direct_rmse": 0.134502112865448,
  "direct_r2": 0.9811682552099228,
  "direct_valid_ratio": 1.0,
  "direct_residual_mean": 0.1348317563533783,
  "direct_residual_median": 0.11113782227039337,
  "direct_residual_p90": 0.25864441394805915,
  "plus_newton_mae": 2.34336194342093e-08,
  "plus_newton_rmse": 2.991572988436639e-08,
  "plus_newton_r2": 0.9999999999999991,
  "plus_newton_valid_ratio": 1.0,
  "plus_newton_residual_mean": 3.424012511696106e-14,
  "plus_newton_residual_median": 1.1102230246251565e-16,
  "plus_newton_residual_p90": 4.991007607202393e-14,
  "plus_newton_newton_iter_mean": 2.6171,
  "plus_newton_newton_iter_median": 3.0,
  "plus_newton_newton_iter_p90": 3.0,
  "plus_newton_converged_ratio": 1.0,
  "hp_use_log_ab": true,
  "hp_optimizer": "adamw",
  "hp_criterion": "mse",
  "hp_dropout": 0.0,
  "hp_lr": 0.001,
  "hp_weight_decay": 1e-05,
  "hp_hidden_dims": "[256, 256, 128]",
  "hp_hidden_size": 128,
  "hp_num_layers": 1,
  "hp_head_hidden": 64,
  "hp_head_layers": 1,
  "hp_d_model": 64,
  "hp_nhead": 4,
  "hp_ff_dim": 128,
  "hp_use_cls_token": false
}