{
  "trial_id": 2730,
  "trial_name": "trial_2730_transformer",
  "model": "transformer",
  "best_epoch": 22,
  "elapsed_sec": 268.5465033054352,
  "direct_mae": 0.10797709971666336,
  "direct_rmse": 0.1335553675889969,
  "direct_r2": 0.9814324304461479,
  "direct_valid_ratio": 1.0,
  "direct_residual_mean": 0.13511331379413605,
  "direct_residual_median": 0.1152043491601944,
  "direct_residual_p90": 0.2598012864589691,
  "plus_newton_mae": 2.3433618893947065e-08,
  "plus_newton_rmse": 2.991573068196402e-08,
  "plus_newton_r2": 0.9999999999999991,
  "plus_newton_valid_ratio": 1.0,
  "plus_newton_residual_mean": 3.4042618735916015e-14,
  "plus_newton_residual_median": 1.1102230246251565e-16,
  "plus_newton_residual_p90": 4.496403249731884e-14,
  "plus_newton_newton_iter_mean": 2.6315,
  "plus_newton_newton_iter_median": 3.0,
  "plus_newton_newton_iter_p90": 3.0,
  "plus_newton_converged_ratio": 1.0,
  "hp_use_log_ab": true,
  "hp_optimizer": "adamw",
  "hp_criterion": "mse",
  "hp_dropout": 0.1,
  "hp_lr": 0.001,
  "hp_weight_decay": 0.0001,
  "hp_hidden_dims": "[256, 256, 128]",
  "hp_hidden_size": 128,
  "hp_num_layers": 1,
  "hp_head_hidden": 128,
  "hp_head_layers": 1,
  "hp_d_model": 64,
  "hp_nhead": 2,
  "hp_ff_dim": 64,
  "hp_use_cls_token": true
}{
  "trial_id": 2730,
  "trial_name": "trial_2730_transformer",
  "model": "transformer",
  "best_epoch": 22,
  "elapsed_sec": 268.5465033054352,
  "direct_mae": 0.10797709971666336,
  "direct_rmse": 0.1335553675889969,
  "direct_r2": 0.9814324304461479,
  "direct_valid_ratio": 1.0,
  "direct_residual_mean": 0.13511331379413605,
  "direct_residual_median": 0.1152043491601944,
  "direct_residual_p90": 0.2598012864589691,
  "plus_newton_mae": 2.3433618893947065e-08,
  "plus_newton_rmse": 2.991573068196402e-08,
  "plus_newton_r2": 0.9999999999999991,
  "plus_newton_valid_ratio": 1.0,
  "plus_newton_residual_mean": 3.4042618735916015e-14,
  "plus_newton_residual_median": 1.1102230246251565e-16,
  "plus_newton_residual_p90": 4.496403249731884e-14,
  "plus_newton_newton_iter_mean": 2.6315,
  "plus_newton_newton_iter_median": 3.0,
  "plus_newton_newton_iter_p90": 3.0,
  "plus_newton_converged_ratio": 1.0,
  "hp_use_log_ab": true,
  "hp_optimizer": "adamw",
  "hp_criterion": "mse",
  "hp_dropout": 0.1,
  "hp_lr": 0.001,
  "hp_weight_decay": 0.0001,
  "hp_hidden_dims": "[256, 256, 128]",
  "hp_hidden_size": 128,
  "hp_num_layers": 1,
  "hp_head_hidden": 128,
  "hp_head_layers": 1,
  "hp_d_model": 64,
  "hp_nhead": 2,
  "hp_ff_dim": 64,
  "hp_use_cls_token": true
}