{
  "trial_id": 313,
  "trial_name": "trial_313_gru",
  "model": "gru",
  "best_epoch": 112,
  "elapsed_sec": 246.94215726852417,
  "direct_mae": 0.09590505063533783,
  "direct_rmse": 0.12063418328762054,
  "direct_r2": 0.9848513770848513,
  "direct_valid_ratio": 1.0,
  "direct_residual_mean": 0.120070680975914,
  "direct_residual_median": 0.09829659759998322,
  "direct_residual_p90": 0.2374067008495331,
  "plus_newton_mae": 2.3433617869317656e-08,
  "plus_newton_rmse": 2.9915728337120894e-08,
  "plus_newton_r2": 0.9999999999999991,
  "plus_newton_valid_ratio": 1.0,
  "plus_newton_residual_mean": 3.664984741066262e-14,
  "plus_newton_residual_median": 1.1102230246251565e-16,
  "plus_newton_residual_p90": 5.717648576819556e-14,
  "plus_newton_newton_iter_mean": 2.5964,
  "plus_newton_newton_iter_median": 3.0,
  "plus_newton_newton_iter_p90": 3.0,
  "plus_newton_converged_ratio": 1.0,
  "hp_use_log_ab": true,
  "hp_optimizer": "adamw",
  "hp_criterion": "mse",
  "hp_dropout": 0.0,
  "hp_lr": 0.0005,
  "hp_weight_decay": 0.0001,
  "hp_hidden_dims": "[256, 256, 128]",
  "hp_hidden_size": 128,
  "hp_num_layers": 1,
  "hp_head_hidden": 64,
  "hp_head_layers": 1,
  "hp_d_model": 64,
  "hp_nhead": 4,
  "hp_ff_dim": 128,
  "hp_use_cls_token": false
}{
  "trial_id": 313,
  "trial_name": "trial_313_gru",
  "model": "gru",
  "best_epoch": 112,
  "elapsed_sec": 246.94215726852417,
  "direct_mae": 0.09590505063533783,
  "direct_rmse": 0.12063418328762054,
  "direct_r2": 0.9848513770848513,
  "direct_valid_ratio": 1.0,
  "direct_residual_mean": 0.120070680975914,
  "direct_residual_median": 0.09829659759998322,
  "direct_residual_p90": 0.2374067008495331,
  "plus_newton_mae": 2.3433617869317656e-08,
  "plus_newton_rmse": 2.9915728337120894e-08,
  "plus_newton_r2": 0.9999999999999991,
  "plus_newton_valid_ratio": 1.0,
  "plus_newton_residual_mean": 3.664984741066262e-14,
  "plus_newton_residual_median": 1.1102230246251565e-16,
  "plus_newton_residual_p90": 5.717648576819556e-14,
  "plus_newton_newton_iter_mean": 2.5964,
  "plus_newton_newton_iter_median": 3.0,
  "plus_newton_newton_iter_p90": 3.0,
  "plus_newton_converged_ratio": 1.0,
  "hp_use_log_ab": true,
  "hp_optimizer": "adamw",
  "hp_criterion": "mse",
  "hp_dropout": 0.0,
  "hp_lr": 0.0005,
  "hp_weight_decay": 0.0001,
  "hp_hidden_dims": "[256, 256, 128]",
  "hp_hidden_size": 128,
  "hp_num_layers": 1,
  "hp_head_hidden": 64,
  "hp_head_layers": 1,
  "hp_d_model": 64,
  "hp_nhead": 4,
  "hp_ff_dim": 128,
  "hp_use_cls_token": false
}