{
  "trial_id": 500,
  "trial_name": "trial_500_gru",
  "model": "gru",
  "best_epoch": 31,
  "elapsed_sec": 111.52389550209045,
  "direct_mae": 0.005872346460819244,
  "direct_rmse": 0.008085731416940689,
  "direct_r2": 0.9999319432754419,
  "direct_valid_ratio": 1.0,
  "direct_residual_mean": 0.007024561986327171,
  "direct_residual_median": 0.005218878388404846,
  "direct_residual_p90": 0.015869688987731934,
  "plus_newton_mae": 2.343361840078009e-08,
  "plus_newton_rmse": 2.991572981144464e-08,
  "plus_newton_r2": 0.9999999999999991,
  "plus_newton_valid_ratio": 1.0,
  "plus_newton_residual_mean": 4.1555696132492856e-14,
  "plus_newton_residual_median": 1.1102230246251565e-16,
  "plus_newton_residual_p90": 8.918421556813895e-14,
  "plus_newton_newton_iter_mean": 2.0907,
  "plus_newton_newton_iter_median": 2.0,
  "plus_newton_newton_iter_p90": 3.0,
  "plus_newton_converged_ratio": 1.0,
  "hp_use_log_ab": true,
  "hp_optimizer": "adamw",
  "hp_criterion": "smoothl1",
  "hp_dropout": 0.1,
  "hp_lr": 0.0005,
  "hp_weight_decay": 0.0001,
  "hp_hidden_dims": "[256, 256, 128]",
  "hp_hidden_size": 64,
  "hp_num_layers": 1,
  "hp_head_hidden": 128,
  "hp_head_layers": 2,
  "hp_d_model": 64,
  "hp_nhead": 4,
  "hp_ff_dim": 128,
  "hp_use_cls_token": false
}{
  "trial_id": 500,
  "trial_name": "trial_500_gru",
  "model": "gru",
  "best_epoch": 31,
  "elapsed_sec": 111.52389550209045,
  "direct_mae": 0.005872346460819244,
  "direct_rmse": 0.008085731416940689,
  "direct_r2": 0.9999319432754419,
  "direct_valid_ratio": 1.0,
  "direct_residual_mean": 0.007024561986327171,
  "direct_residual_median": 0.005218878388404846,
  "direct_residual_p90": 0.015869688987731934,
  "plus_newton_mae": 2.343361840078009e-08,
  "plus_newton_rmse": 2.991572981144464e-08,
  "plus_newton_r2": 0.9999999999999991,
  "plus_newton_valid_ratio": 1.0,
  "plus_newton_residual_mean": 4.1555696132492856e-14,
  "plus_newton_residual_median": 1.1102230246251565e-16,
  "plus_newton_residual_p90": 8.918421556813895e-14,
  "plus_newton_newton_iter_mean": 2.0907,
  "plus_newton_newton_iter_median": 2.0,
  "plus_newton_newton_iter_p90": 3.0,
  "plus_newton_converged_ratio": 1.0,
  "hp_use_log_ab": true,
  "hp_optimizer": "adamw",
  "hp_criterion": "smoothl1",
  "hp_dropout": 0.1,
  "hp_lr": 0.0005,
  "hp_weight_decay": 0.0001,
  "hp_hidden_dims": "[256, 256, 128]",
  "hp_hidden_size": 64,
  "hp_num_layers": 1,
  "hp_head_hidden": 128,
  "hp_head_layers": 2,
  "hp_d_model": 64,
  "hp_nhead": 4,
  "hp_ff_dim": 128,
  "hp_use_cls_token": false
}