{
  "trial_id": 749,
  "trial_name": "trial_749_transformer",
  "model": "transformer",
  "best_epoch": 21,
  "elapsed_sec": 81.02822613716125,
  "direct_mae": 0.3406963348388672,
  "direct_rmse": 0.41700831055641174,
  "direct_r2": 0.8189819753170013,
  "direct_valid_ratio": 1.0,
  "direct_residual_mean": 0.38423952460289,
  "direct_residual_median": 0.3612460494041443,
  "direct_residual_p90": 0.7267419993877415,
  "plus_newton_mae": 2.3433617685729277e-08,
  "plus_newton_rmse": 2.9915730105513724e-08,
  "plus_newton_r2": 0.9999999999999991,
  "plus_newton_valid_ratio": 1.0,
  "plus_newton_residual_mean": 4.392573253043011e-14,
  "plus_newton_residual_median": 2.220446049250313e-16,
  "plus_newton_residual_p90": 1.0494938251781617e-13,
  "plus_newton_newton_iter_mean": 2.7561,
  "plus_newton_newton_iter_median": 3.0,
  "plus_newton_newton_iter_p90": 3.0,
  "plus_newton_converged_ratio": 1.0,
  "hp_use_log_ab": false,
  "hp_optimizer": "adamw",
  "hp_criterion": "mse",
  "hp_dropout": 0.1,
  "hp_lr": 0.001,
  "hp_weight_decay": 0.0001,
  "hp_hidden_dims": "[256, 256, 128]",
  "hp_hidden_size": 128,
  "hp_num_layers": 2,
  "hp_head_hidden": 128,
  "hp_head_layers": 1,
  "hp_d_model": 64,
  "hp_nhead": 4,
  "hp_ff_dim": 64,
  "hp_use_cls_token": false
}{
  "trial_id": 749,
  "trial_name": "trial_749_transformer",
  "model": "transformer",
  "best_epoch": 21,
  "elapsed_sec": 81.02822613716125,
  "direct_mae": 0.3406963348388672,
  "direct_rmse": 0.41700831055641174,
  "direct_r2": 0.8189819753170013,
  "direct_valid_ratio": 1.0,
  "direct_residual_mean": 0.38423952460289,
  "direct_residual_median": 0.3612460494041443,
  "direct_residual_p90": 0.7267419993877415,
  "plus_newton_mae": 2.3433617685729277e-08,
  "plus_newton_rmse": 2.9915730105513724e-08,
  "plus_newton_r2": 0.9999999999999991,
  "plus_newton_valid_ratio": 1.0,
  "plus_newton_residual_mean": 4.392573253043011e-14,
  "plus_newton_residual_median": 2.220446049250313e-16,
  "plus_newton_residual_p90": 1.0494938251781617e-13,
  "plus_newton_newton_iter_mean": 2.7561,
  "plus_newton_newton_iter_median": 3.0,
  "plus_newton_newton_iter_p90": 3.0,
  "plus_newton_converged_ratio": 1.0,
  "hp_use_log_ab": false,
  "hp_optimizer": "adamw",
  "hp_criterion": "mse",
  "hp_dropout": 0.1,
  "hp_lr": 0.001,
  "hp_weight_decay": 0.0001,
  "hp_hidden_dims": "[256, 256, 128]",
  "hp_hidden_size": 128,
  "hp_num_layers": 2,
  "hp_head_hidden": 128,
  "hp_head_layers": 1,
  "hp_d_model": 64,
  "hp_nhead": 4,
  "hp_ff_dim": 64,
  "hp_use_cls_token": false
}