{
  "trial_id": 2257,
  "trial_name": "trial_2257_transformer",
  "model": "transformer",
  "best_epoch": 102,
  "elapsed_sec": 207.12060379981995,
  "direct_mae": 0.001924621406942606,
  "direct_rmse": 0.0024857046082615852,
  "direct_r2": 0.9999935682162686,
  "direct_valid_ratio": 1.0,
  "direct_residual_mean": 0.0023412315640598536,
  "direct_residual_median": 0.0018141046166419983,
  "direct_residual_p90": 0.005109208822250367,
  "plus_newton_mae": 2.3433617222626934e-08,
  "plus_newton_rmse": 2.9915729726707316e-08,
  "plus_newton_r2": 0.9999999999999991,
  "plus_newton_valid_ratio": 1.0,
  "plus_newton_residual_mean": 3.247758479668034e-14,
  "plus_newton_residual_median": 1.1102230246251565e-16,
  "plus_newton_residual_p90": 3.376188217885105e-14,
  "plus_newton_newton_iter_mean": 1.994,
  "plus_newton_newton_iter_median": 2.0,
  "plus_newton_newton_iter_p90": 2.0,
  "plus_newton_converged_ratio": 1.0,
  "hp_use_log_ab": true,
  "hp_optimizer": "adamw",
  "hp_criterion": "mse",
  "hp_dropout": 0.0,
  "hp_lr": 0.001,
  "hp_weight_decay": 0.0001,
  "hp_hidden_dims": "[256, 256, 128]",
  "hp_hidden_size": 128,
  "hp_num_layers": 2,
  "hp_head_hidden": 64,
  "hp_head_layers": 2,
  "hp_d_model": 32,
  "hp_nhead": 2,
  "hp_ff_dim": 64,
  "hp_use_cls_token": false
}{
  "trial_id": 2257,
  "trial_name": "trial_2257_transformer",
  "model": "transformer",
  "best_epoch": 102,
  "elapsed_sec": 207.12060379981995,
  "direct_mae": 0.001924621406942606,
  "direct_rmse": 0.0024857046082615852,
  "direct_r2": 0.9999935682162686,
  "direct_valid_ratio": 1.0,
  "direct_residual_mean": 0.0023412315640598536,
  "direct_residual_median": 0.0018141046166419983,
  "direct_residual_p90": 0.005109208822250367,
  "plus_newton_mae": 2.3433617222626934e-08,
  "plus_newton_rmse": 2.9915729726707316e-08,
  "plus_newton_r2": 0.9999999999999991,
  "plus_newton_valid_ratio": 1.0,
  "plus_newton_residual_mean": 3.247758479668034e-14,
  "plus_newton_residual_median": 1.1102230246251565e-16,
  "plus_newton_residual_p90": 3.376188217885105e-14,
  "plus_newton_newton_iter_mean": 1.994,
  "plus_newton_newton_iter_median": 2.0,
  "plus_newton_newton_iter_p90": 2.0,
  "plus_newton_converged_ratio": 1.0,
  "hp_use_log_ab": true,
  "hp_optimizer": "adamw",
  "hp_criterion": "mse",
  "hp_dropout": 0.0,
  "hp_lr": 0.001,
  "hp_weight_decay": 0.0001,
  "hp_hidden_dims": "[256, 256, 128]",
  "hp_hidden_size": 128,
  "hp_num_layers": 2,
  "hp_head_hidden": 64,
  "hp_head_layers": 2,
  "hp_d_model": 32,
  "hp_nhead": 2,
  "hp_ff_dim": 64,
  "hp_use_cls_token": false
}