{
  "trial_id": 2080,
  "trial_name": "trial_2080_transformer",
  "model": "transformer",
  "best_epoch": 120,
  "elapsed_sec": 170.5958833694458,
  "direct_mae": 0.0015335885109379888,
  "direct_rmse": 0.002003011293709278,
  "direct_r2": 0.999995823628069,
  "direct_valid_ratio": 1.0,
  "direct_residual_mean": 0.0019295213278383017,
  "direct_residual_median": 0.0013859868049621582,
  "direct_residual_p90": 0.004276055097579956,
  "plus_newton_mae": 2.3433618780547373e-08,
  "plus_newton_rmse": 2.99157304989493e-08,
  "plus_newton_r2": 0.9999999999999991,
  "plus_newton_valid_ratio": 1.0,
  "plus_newton_residual_mean": 3.016374513107266e-14,
  "plus_newton_residual_median": 8.326672684688674e-17,
  "plus_newton_residual_p90": 2.8382851624542188e-14,
  "plus_newton_newton_iter_mean": 2.0007,
  "plus_newton_newton_iter_median": 2.0,
  "plus_newton_newton_iter_p90": 2.0,
  "plus_newton_converged_ratio": 1.0,
  "hp_use_log_ab": true,
  "hp_optimizer": "adamw",
  "hp_criterion": "mse",
  "hp_dropout": 0.0,
  "hp_lr": 0.001,
  "hp_weight_decay": 1e-05,
  "hp_hidden_dims": "[256, 256, 128]",
  "hp_hidden_size": 128,
  "hp_num_layers": 1,
  "hp_head_hidden": 64,
  "hp_head_layers": 2,
  "hp_d_model": 64,
  "hp_nhead": 4,
  "hp_ff_dim": 128,
  "hp_use_cls_token": true
}{
  "trial_id": 2080,
  "trial_name": "trial_2080_transformer",
  "model": "transformer",
  "best_epoch": 120,
  "elapsed_sec": 170.5958833694458,
  "direct_mae": 0.0015335885109379888,
  "direct_rmse": 0.002003011293709278,
  "direct_r2": 0.999995823628069,
  "direct_valid_ratio": 1.0,
  "direct_residual_mean": 0.0019295213278383017,
  "direct_residual_median": 0.0013859868049621582,
  "direct_residual_p90": 0.004276055097579956,
  "plus_newton_mae": 2.3433618780547373e-08,
  "plus_newton_rmse": 2.99157304989493e-08,
  "plus_newton_r2": 0.9999999999999991,
  "plus_newton_valid_ratio": 1.0,
  "plus_newton_residual_mean": 3.016374513107266e-14,
  "plus_newton_residual_median": 8.326672684688674e-17,
  "plus_newton_residual_p90": 2.8382851624542188e-14,
  "plus_newton_newton_iter_mean": 2.0007,
  "plus_newton_newton_iter_median": 2.0,
  "plus_newton_newton_iter_p90": 2.0,
  "plus_newton_converged_ratio": 1.0,
  "hp_use_log_ab": true,
  "hp_optimizer": "adamw",
  "hp_criterion": "mse",
  "hp_dropout": 0.0,
  "hp_lr": 0.001,
  "hp_weight_decay": 1e-05,
  "hp_hidden_dims": "[256, 256, 128]",
  "hp_hidden_size": 128,
  "hp_num_layers": 1,
  "hp_head_hidden": 64,
  "hp_head_layers": 2,
  "hp_d_model": 64,
  "hp_nhead": 4,
  "hp_ff_dim": 128,
  "hp_use_cls_token": true
}