{
  "trial_id": 2754,
  "trial_name": "trial_2754_transformer",
  "model": "transformer",
  "best_epoch": 44,
  "elapsed_sec": 493.9234662055969,
  "direct_mae": 0.10558366775512695,
  "direct_rmse": 0.1343752145767212,
  "direct_r2": 0.981203768402338,
  "direct_valid_ratio": 1.0,
  "direct_residual_mean": 0.13344426453113556,
  "direct_residual_median": 0.10761809349060059,
  "direct_residual_p90": 0.2539861798286438,
  "plus_newton_mae": 2.3433619060907487e-08,
  "plus_newton_rmse": 2.9915729866348274e-08,
  "plus_newton_r2": 0.9999999999999991,
  "plus_newton_valid_ratio": 1.0,
  "plus_newton_residual_mean": 3.3802655774017434e-14,
  "plus_newton_residual_median": 1.1102230246251565e-16,
  "plus_newton_residual_p90": 5.063727215315343e-14,
  "plus_newton_newton_iter_mean": 2.61,
  "plus_newton_newton_iter_median": 3.0,
  "plus_newton_newton_iter_p90": 3.0,
  "plus_newton_converged_ratio": 1.0,
  "hp_use_log_ab": true,
  "hp_optimizer": "adamw",
  "hp_criterion": "mse",
  "hp_dropout": 0.1,
  "hp_lr": 0.001,
  "hp_weight_decay": 0.0001,
  "hp_hidden_dims": "[256, 256, 128]",
  "hp_hidden_size": 128,
  "hp_num_layers": 2,
  "hp_head_hidden": 64,
  "hp_head_layers": 1,
  "hp_d_model": 32,
  "hp_nhead": 2,
  "hp_ff_dim": 64,
  "hp_use_cls_token": true
}{
  "trial_id": 2754,
  "trial_name": "trial_2754_transformer",
  "model": "transformer",
  "best_epoch": 44,
  "elapsed_sec": 493.9234662055969,
  "direct_mae": 0.10558366775512695,
  "direct_rmse": 0.1343752145767212,
  "direct_r2": 0.981203768402338,
  "direct_valid_ratio": 1.0,
  "direct_residual_mean": 0.13344426453113556,
  "direct_residual_median": 0.10761809349060059,
  "direct_residual_p90": 0.2539861798286438,
  "plus_newton_mae": 2.3433619060907487e-08,
  "plus_newton_rmse": 2.9915729866348274e-08,
  "plus_newton_r2": 0.9999999999999991,
  "plus_newton_valid_ratio": 1.0,
  "plus_newton_residual_mean": 3.3802655774017434e-14,
  "plus_newton_residual_median": 1.1102230246251565e-16,
  "plus_newton_residual_p90": 5.063727215315343e-14,
  "plus_newton_newton_iter_mean": 2.61,
  "plus_newton_newton_iter_median": 3.0,
  "plus_newton_newton_iter_p90": 3.0,
  "plus_newton_converged_ratio": 1.0,
  "hp_use_log_ab": true,
  "hp_optimizer": "adamw",
  "hp_criterion": "mse",
  "hp_dropout": 0.1,
  "hp_lr": 0.001,
  "hp_weight_decay": 0.0001,
  "hp_hidden_dims": "[256, 256, 128]",
  "hp_hidden_size": 128,
  "hp_num_layers": 2,
  "hp_head_hidden": 64,
  "hp_head_layers": 1,
  "hp_d_model": 32,
  "hp_nhead": 2,
  "hp_ff_dim": 64,
  "hp_use_cls_token": true
}