{
  "trial_id": 673,
  "trial_name": "trial_673_transformer",
  "model": "transformer",
  "best_epoch": 37,
  "elapsed_sec": 88.94586086273193,
  "direct_mae": 0.3414267897605896,
  "direct_rmse": 0.4170498549938202,
  "direct_r2": 0.8189459294080734,
  "direct_valid_ratio": 1.0,
  "direct_residual_mean": 0.3846342861652374,
  "direct_residual_median": 0.3627457916736603,
  "direct_residual_p90": 0.7161410570144653,
  "plus_newton_mae": 2.3433619421543798e-08,
  "plus_newton_rmse": 2.991573108998305e-08,
  "plus_newton_r2": 0.9999999999999991,
  "plus_newton_valid_ratio": 1.0,
  "plus_newton_residual_mean": 4.4089020335643274e-14,
  "plus_newton_residual_median": 2.220446049250313e-16,
  "plus_newton_residual_p90": 1.0414030748862047e-13,
  "plus_newton_newton_iter_mean": 2.757,
  "plus_newton_newton_iter_median": 3.0,
  "plus_newton_newton_iter_p90": 3.0,
  "plus_newton_converged_ratio": 1.0,
  "hp_use_log_ab": false,
  "hp_optimizer": "adamw",
  "hp_criterion": "mse",
  "hp_dropout": 0.1,
  "hp_lr": 0.001,
  "hp_weight_decay": 0.0001,
  "hp_hidden_dims": "[256, 256, 128]",
  "hp_hidden_size": 128,
  "hp_num_layers": 1,
  "hp_head_hidden": 128,
  "hp_head_layers": 1,
  "hp_d_model": 32,
  "hp_nhead": 2,
  "hp_ff_dim": 64,
  "hp_use_cls_token": false
}{
  "trial_id": 673,
  "trial_name": "trial_673_transformer",
  "model": "transformer",
  "best_epoch": 37,
  "elapsed_sec": 88.94586086273193,
  "direct_mae": 0.3414267897605896,
  "direct_rmse": 0.4170498549938202,
  "direct_r2": 0.8189459294080734,
  "direct_valid_ratio": 1.0,
  "direct_residual_mean": 0.3846342861652374,
  "direct_residual_median": 0.3627457916736603,
  "direct_residual_p90": 0.7161410570144653,
  "plus_newton_mae": 2.3433619421543798e-08,
  "plus_newton_rmse": 2.991573108998305e-08,
  "plus_newton_r2": 0.9999999999999991,
  "plus_newton_valid_ratio": 1.0,
  "plus_newton_residual_mean": 4.4089020335643274e-14,
  "plus_newton_residual_median": 2.220446049250313e-16,
  "plus_newton_residual_p90": 1.0414030748862047e-13,
  "plus_newton_newton_iter_mean": 2.757,
  "plus_newton_newton_iter_median": 3.0,
  "plus_newton_newton_iter_p90": 3.0,
  "plus_newton_converged_ratio": 1.0,
  "hp_use_log_ab": false,
  "hp_optimizer": "adamw",
  "hp_criterion": "mse",
  "hp_dropout": 0.1,
  "hp_lr": 0.001,
  "hp_weight_decay": 0.0001,
  "hp_hidden_dims": "[256, 256, 128]",
  "hp_hidden_size": 128,
  "hp_num_layers": 1,
  "hp_head_hidden": 128,
  "hp_head_layers": 1,
  "hp_d_model": 32,
  "hp_nhead": 2,
  "hp_ff_dim": 64,
  "hp_use_cls_token": false
}