{
  "trial_id": 3152,
  "trial_name": "trial_3152_transformer",
  "model": "transformer",
  "best_epoch": 4,
  "elapsed_sec": 41.47780776023865,
  "direct_mae": 0.1035584956407547,
  "direct_rmse": 0.14140863716602325,
  "direct_r2": 0.9791846256703138,
  "direct_valid_ratio": 1.0,
  "direct_residual_mean": 0.13334763050079346,
  "direct_residual_median": 0.0913659930229187,
  "direct_residual_p90": 0.2737497687339783,
  "plus_newton_mae": 2.3433618756369413e-08,
  "plus_newton_rmse": 2.9915730434670165e-08,
  "plus_newton_r2": 0.9999999999999991,
  "plus_newton_valid_ratio": 1.0,
  "plus_newton_residual_mean": 3.975430632599257e-14,
  "plus_newton_residual_median": 1.1102230246251565e-16,
  "plus_newton_residual_p90": 5.676015213396143e-14,
  "plus_newton_newton_iter_mean": 2.5931,
  "plus_newton_newton_iter_median": 3.0,
  "plus_newton_newton_iter_p90": 3.0,
  "plus_newton_converged_ratio": 1.0,
  "hp_use_log_ab": true,
  "hp_optimizer": "adamw",
  "hp_criterion": "smoothl1",
  "hp_dropout": 0.0,
  "hp_lr": 0.001,
  "hp_weight_decay": 1e-05,
  "hp_hidden_dims": "[256, 256, 128]",
  "hp_hidden_size": 128,
  "hp_num_layers": 2,
  "hp_head_hidden": 64,
  "hp_head_layers": 1,
  "hp_d_model": 64,
  "hp_nhead": 4,
  "hp_ff_dim": 128,
  "hp_use_cls_token": true
}{
  "trial_id": 3152,
  "trial_name": "trial_3152_transformer",
  "model": "transformer",
  "best_epoch": 4,
  "elapsed_sec": 41.47780776023865,
  "direct_mae": 0.1035584956407547,
  "direct_rmse": 0.14140863716602325,
  "direct_r2": 0.9791846256703138,
  "direct_valid_ratio": 1.0,
  "direct_residual_mean": 0.13334763050079346,
  "direct_residual_median": 0.0913659930229187,
  "direct_residual_p90": 0.2737497687339783,
  "plus_newton_mae": 2.3433618756369413e-08,
  "plus_newton_rmse": 2.9915730434670165e-08,
  "plus_newton_r2": 0.9999999999999991,
  "plus_newton_valid_ratio": 1.0,
  "plus_newton_residual_mean": 3.975430632599257e-14,
  "plus_newton_residual_median": 1.1102230246251565e-16,
  "plus_newton_residual_p90": 5.676015213396143e-14,
  "plus_newton_newton_iter_mean": 2.5931,
  "plus_newton_newton_iter_median": 3.0,
  "plus_newton_newton_iter_p90": 3.0,
  "plus_newton_converged_ratio": 1.0,
  "hp_use_log_ab": true,
  "hp_optimizer": "adamw",
  "hp_criterion": "smoothl1",
  "hp_dropout": 0.0,
  "hp_lr": 0.001,
  "hp_weight_decay": 1e-05,
  "hp_hidden_dims": "[256, 256, 128]",
  "hp_hidden_size": 128,
  "hp_num_layers": 2,
  "hp_head_hidden": 64,
  "hp_head_layers": 1,
  "hp_d_model": 64,
  "hp_nhead": 4,
  "hp_ff_dim": 128,
  "hp_use_cls_token": true
}