{
  "trial_id": 2289,
  "trial_name": "trial_2289_transformer",
  "model": "transformer",
  "best_epoch": 111,
  "elapsed_sec": 206.80266427993774,
  "direct_mae": 0.0009944820776581764,
  "direct_rmse": 0.0013042195932939649,
  "direct_r2": 0.999998229345465,
  "direct_valid_ratio": 1.0,
  "direct_residual_mean": 0.0012235465692356229,
  "direct_residual_median": 0.0008945539593696594,
  "direct_residual_p90": 0.002740854769945146,
  "plus_newton_mae": 2.3433619047298718e-08,
  "plus_newton_rmse": 2.9915729445277866e-08,
  "plus_newton_r2": 0.9999999999999991,
  "plus_newton_valid_ratio": 1.0,
  "plus_newton_residual_mean": 3.48713499015713e-14,
  "plus_newton_residual_median": 1.1102230246251565e-16,
  "plus_newton_residual_p90": 3.693503836110786e-14,
  "plus_newton_newton_iter_mean": 1.9401,
  "plus_newton_newton_iter_median": 2.0,
  "plus_newton_newton_iter_p90": 2.0,
  "plus_newton_converged_ratio": 1.0,
  "hp_use_log_ab": true,
  "hp_optimizer": "adamw",
  "hp_criterion": "mse",
  "hp_dropout": 0.0,
  "hp_lr": 0.001,
  "hp_weight_decay": 0.0001,
  "hp_hidden_dims": "[256, 256, 128]",
  "hp_hidden_size": 128,
  "hp_num_layers": 2,
  "hp_head_hidden": 128,
  "hp_head_layers": 2,
  "hp_d_model": 32,
  "hp_nhead": 2,
  "hp_ff_dim": 64,
  "hp_use_cls_token": false
}{
  "trial_id": 2289,
  "trial_name": "trial_2289_transformer",
  "model": "transformer",
  "best_epoch": 111,
  "elapsed_sec": 206.80266427993774,
  "direct_mae": 0.0009944820776581764,
  "direct_rmse": 0.0013042195932939649,
  "direct_r2": 0.999998229345465,
  "direct_valid_ratio": 1.0,
  "direct_residual_mean": 0.0012235465692356229,
  "direct_residual_median": 0.0008945539593696594,
  "direct_residual_p90": 0.002740854769945146,
  "plus_newton_mae": 2.3433619047298718e-08,
  "plus_newton_rmse": 2.9915729445277866e-08,
  "plus_newton_r2": 0.9999999999999991,
  "plus_newton_valid_ratio": 1.0,
  "plus_newton_residual_mean": 3.48713499015713e-14,
  "plus_newton_residual_median": 1.1102230246251565e-16,
  "plus_newton_residual_p90": 3.693503836110786e-14,
  "plus_newton_newton_iter_mean": 1.9401,
  "plus_newton_newton_iter_median": 2.0,
  "plus_newton_newton_iter_p90": 2.0,
  "plus_newton_converged_ratio": 1.0,
  "hp_use_log_ab": true,
  "hp_optimizer": "adamw",
  "hp_criterion": "mse",
  "hp_dropout": 0.0,
  "hp_lr": 0.001,
  "hp_weight_decay": 0.0001,
  "hp_hidden_dims": "[256, 256, 128]",
  "hp_hidden_size": 128,
  "hp_num_layers": 2,
  "hp_head_hidden": 128,
  "hp_head_layers": 2,
  "hp_d_model": 32,
  "hp_nhead": 2,
  "hp_ff_dim": 64,
  "hp_use_cls_token": false
}