{
  "trial_id": 152,
  "trial_name": "trial_152_gru",
  "model": "gru",
  "best_epoch": 27,
  "elapsed_sec": 131.2147090435028,
  "direct_mae": 0.0017061912221834064,
  "direct_rmse": 0.003099071094766259,
  "direct_r2": 0.9999900024067756,
  "direct_valid_ratio": 1.0,
  "direct_residual_mean": 0.0020156458485871553,
  "direct_residual_median": 0.0013848543167114258,
  "direct_residual_p90": 0.004001629352569581,
  "plus_newton_mae": 2.3433617210723682e-08,
  "plus_newton_rmse": 2.991572991682336e-08,
  "plus_newton_r2": 0.9999999999999991,
  "plus_newton_valid_ratio": 1.0,
  "plus_newton_residual_mean": 1.5286488201596164e-14,
  "plus_newton_residual_median": 8.326672684688674e-17,
  "plus_newton_residual_p90": 7.683437219796482e-15,
  "plus_newton_newton_iter_mean": 1.9971,
  "plus_newton_newton_iter_median": 2.0,
  "plus_newton_newton_iter_p90": 2.0,
  "plus_newton_converged_ratio": 1.0,
  "hp_use_log_ab": false,
  "hp_optimizer": "adamw",
  "hp_criterion": "smoothl1",
  "hp_dropout": 0.0,
  "hp_lr": 0.001,
  "hp_weight_decay": 0.0001,
  "hp_hidden_dims": "[256, 256, 128]",
  "hp_hidden_size": 64,
  "hp_num_layers": 2,
  "hp_head_hidden": 128,
  "hp_head_layers": 2,
  "hp_d_model": 64,
  "hp_nhead": 4,
  "hp_ff_dim": 128,
  "hp_use_cls_token": false
}{
  "trial_id": 152,
  "trial_name": "trial_152_gru",
  "model": "gru",
  "best_epoch": 27,
  "elapsed_sec": 131.2147090435028,
  "direct_mae": 0.0017061912221834064,
  "direct_rmse": 0.003099071094766259,
  "direct_r2": 0.9999900024067756,
  "direct_valid_ratio": 1.0,
  "direct_residual_mean": 0.0020156458485871553,
  "direct_residual_median": 0.0013848543167114258,
  "direct_residual_p90": 0.004001629352569581,
  "plus_newton_mae": 2.3433617210723682e-08,
  "plus_newton_rmse": 2.991572991682336e-08,
  "plus_newton_r2": 0.9999999999999991,
  "plus_newton_valid_ratio": 1.0,
  "plus_newton_residual_mean": 1.5286488201596164e-14,
  "plus_newton_residual_median": 8.326672684688674e-17,
  "plus_newton_residual_p90": 7.683437219796482e-15,
  "plus_newton_newton_iter_mean": 1.9971,
  "plus_newton_newton_iter_median": 2.0,
  "plus_newton_newton_iter_p90": 2.0,
  "plus_newton_converged_ratio": 1.0,
  "hp_use_log_ab": false,
  "hp_optimizer": "adamw",
  "hp_criterion": "smoothl1",
  "hp_dropout": 0.0,
  "hp_lr": 0.001,
  "hp_weight_decay": 0.0001,
  "hp_hidden_dims": "[256, 256, 128]",
  "hp_hidden_size": 64,
  "hp_num_layers": 2,
  "hp_head_hidden": 128,
  "hp_head_layers": 2,
  "hp_d_model": 64,
  "hp_nhead": 4,
  "hp_ff_dim": 128,
  "hp_use_cls_token": false
}