{
  "trial_id": 124,
  "trial_name": "trial_124_lstm",
  "model": "lstm",
  "best_epoch": 100,
  "elapsed_sec": 309.0008981227875,
  "direct_mae": 0.006508141290396452,
  "direct_rmse": 0.009942575357854366,
  "direct_r2": 0.9998970965025364,
  "direct_valid_ratio": 1.0,
  "direct_residual_mean": 0.007546974811702967,
  "direct_residual_median": 0.004086852073669434,
  "direct_residual_p90": 0.02035764455795289,
  "plus_newton_mae": 2.343361915216772e-08,
  "plus_newton_rmse": 2.991573072187115e-08,
  "plus_newton_r2": 0.9999999999999991,
  "plus_newton_valid_ratio": 1.0,
  "plus_newton_residual_mean": 3.3321230894807616e-14,
  "plus_newton_residual_median": 1.1102230246251565e-16,
  "plus_newton_residual_p90": 6.263878304935141e-14,
  "plus_newton_newton_iter_mean": 2.1161,
  "plus_newton_newton_iter_median": 2.0,
  "plus_newton_newton_iter_p90": 3.0,
  "plus_newton_converged_ratio": 1.0,
  "hp_use_log_ab": false,
  "hp_optimizer": "adamw",
  "hp_criterion": "mse",
  "hp_dropout": 0.1,
  "hp_lr": 0.0005,
  "hp_weight_decay": 0.0001,
  "hp_hidden_dims": "[256, 256, 128]",
  "hp_hidden_size": 128,
  "hp_num_layers": 1,
  "hp_head_hidden": 128,
  "hp_head_layers": 2,
  "hp_d_model": 64,
  "hp_nhead": 4,
  "hp_ff_dim": 128,
  "hp_use_cls_token": false
}{
  "trial_id": 124,
  "trial_name": "trial_124_lstm",
  "model": "lstm",
  "best_epoch": 100,
  "elapsed_sec": 309.0008981227875,
  "direct_mae": 0.006508141290396452,
  "direct_rmse": 0.009942575357854366,
  "direct_r2": 0.9998970965025364,
  "direct_valid_ratio": 1.0,
  "direct_residual_mean": 0.007546974811702967,
  "direct_residual_median": 0.004086852073669434,
  "direct_residual_p90": 0.02035764455795289,
  "plus_newton_mae": 2.343361915216772e-08,
  "plus_newton_rmse": 2.991573072187115e-08,
  "plus_newton_r2": 0.9999999999999991,
  "plus_newton_valid_ratio": 1.0,
  "plus_newton_residual_mean": 3.3321230894807616e-14,
  "plus_newton_residual_median": 1.1102230246251565e-16,
  "plus_newton_residual_p90": 6.263878304935141e-14,
  "plus_newton_newton_iter_mean": 2.1161,
  "plus_newton_newton_iter_median": 2.0,
  "plus_newton_newton_iter_p90": 3.0,
  "plus_newton_converged_ratio": 1.0,
  "hp_use_log_ab": false,
  "hp_optimizer": "adamw",
  "hp_criterion": "mse",
  "hp_dropout": 0.1,
  "hp_lr": 0.0005,
  "hp_weight_decay": 0.0001,
  "hp_hidden_dims": "[256, 256, 128]",
  "hp_hidden_size": 128,
  "hp_num_layers": 1,
  "hp_head_hidden": 128,
  "hp_head_layers": 2,
  "hp_d_model": 64,
  "hp_nhead": 4,
  "hp_ff_dim": 128,
  "hp_use_cls_token": false
}