{
  "trial_id": 644,
  "trial_name": "trial_644_transformer",
  "model": "transformer",
  "best_epoch": 54,
  "elapsed_sec": 115.7824113368988,
  "direct_mae": 0.3404790163040161,
  "direct_rmse": 0.4169248640537262,
  "direct_r2": 0.8190544247627258,
  "direct_valid_ratio": 1.0,
  "direct_residual_mean": 0.3836081027984619,
  "direct_residual_median": 0.35981714725494385,
  "direct_residual_p90": 0.7257783889770508,
  "plus_newton_mae": 2.3433619351293532e-08,
  "plus_newton_rmse": 2.991573104317448e-08,
  "plus_newton_r2": 0.9999999999999991,
  "plus_newton_valid_ratio": 1.0,
  "plus_newton_residual_mean": 4.4810508642059e-14,
  "plus_newton_residual_median": 1.6653345369377348e-16,
  "plus_newton_residual_p90": 1.0459411114993604e-13,
  "plus_newton_newton_iter_mean": 2.7546,
  "plus_newton_newton_iter_median": 3.0,
  "plus_newton_newton_iter_p90": 3.0,
  "plus_newton_converged_ratio": 1.0,
  "hp_use_log_ab": false,
  "hp_optimizer": "adamw",
  "hp_criterion": "mse",
  "hp_dropout": 0.1,
  "hp_lr": 0.001,
  "hp_weight_decay": 0.0001,
  "hp_hidden_dims": "[256, 256, 128]",
  "hp_hidden_size": 128,
  "hp_num_layers": 1,
  "hp_head_hidden": 64,
  "hp_head_layers": 1,
  "hp_d_model": 32,
  "hp_nhead": 2,
  "hp_ff_dim": 128,
  "hp_use_cls_token": true
}{
  "trial_id": 644,
  "trial_name": "trial_644_transformer",
  "model": "transformer",
  "best_epoch": 54,
  "elapsed_sec": 115.7824113368988,
  "direct_mae": 0.3404790163040161,
  "direct_rmse": 0.4169248640537262,
  "direct_r2": 0.8190544247627258,
  "direct_valid_ratio": 1.0,
  "direct_residual_mean": 0.3836081027984619,
  "direct_residual_median": 0.35981714725494385,
  "direct_residual_p90": 0.7257783889770508,
  "plus_newton_mae": 2.3433619351293532e-08,
  "plus_newton_rmse": 2.991573104317448e-08,
  "plus_newton_r2": 0.9999999999999991,
  "plus_newton_valid_ratio": 1.0,
  "plus_newton_residual_mean": 4.4810508642059e-14,
  "plus_newton_residual_median": 1.6653345369377348e-16,
  "plus_newton_residual_p90": 1.0459411114993604e-13,
  "plus_newton_newton_iter_mean": 2.7546,
  "plus_newton_newton_iter_median": 3.0,
  "plus_newton_newton_iter_p90": 3.0,
  "plus_newton_converged_ratio": 1.0,
  "hp_use_log_ab": false,
  "hp_optimizer": "adamw",
  "hp_criterion": "mse",
  "hp_dropout": 0.1,
  "hp_lr": 0.001,
  "hp_weight_decay": 0.0001,
  "hp_hidden_dims": "[256, 256, 128]",
  "hp_hidden_size": 128,
  "hp_num_layers": 1,
  "hp_head_hidden": 64,
  "hp_head_layers": 1,
  "hp_d_model": 32,
  "hp_nhead": 2,
  "hp_ff_dim": 128,
  "hp_use_cls_token": true
}