{
  "trial_id": 2816,
  "trial_name": "trial_2816_transformer",
  "model": "transformer",
  "best_epoch": 33,
  "elapsed_sec": 399.46023297309875,
  "direct_mae": 0.0072966329753398895,
  "direct_rmse": 0.00930651742964983,
  "direct_r2": 0.999909841484623,
  "direct_valid_ratio": 1.0,
  "direct_residual_mean": 0.00893639400601387,
  "direct_residual_median": 0.007054731249809265,
  "direct_residual_p90": 0.0189181387424469,
  "plus_newton_mae": 2.3433617127193575e-08,
  "plus_newton_rmse": 2.991572913187471e-08,
  "plus_newton_r2": 0.9999999999999991,
  "plus_newton_valid_ratio": 1.0,
  "plus_newton_residual_mean": 3.647903938190712e-14,
  "plus_newton_residual_median": 1.1102230246251565e-16,
  "plus_newton_residual_p90": 6.196154700433003e-14,
  "plus_newton_newton_iter_mean": 2.1475,
  "plus_newton_newton_iter_median": 2.0,
  "plus_newton_newton_iter_p90": 3.0,
  "plus_newton_converged_ratio": 1.0,
  "hp_use_log_ab": true,
  "hp_optimizer": "adamw",
  "hp_criterion": "mse",
  "hp_dropout": 0.1,
  "hp_lr": 0.001,
  "hp_weight_decay": 0.0001,
  "hp_hidden_dims": "[256, 256, 128]",
  "hp_hidden_size": 128,
  "hp_num_layers": 2,
  "hp_head_hidden": 128,
  "hp_head_layers": 2,
  "hp_d_model": 64,
  "hp_nhead": 4,
  "hp_ff_dim": 128,
  "hp_use_cls_token": true
}{
  "trial_id": 2816,
  "trial_name": "trial_2816_transformer",
  "model": "transformer",
  "best_epoch": 33,
  "elapsed_sec": 399.46023297309875,
  "direct_mae": 0.0072966329753398895,
  "direct_rmse": 0.00930651742964983,
  "direct_r2": 0.999909841484623,
  "direct_valid_ratio": 1.0,
  "direct_residual_mean": 0.00893639400601387,
  "direct_residual_median": 0.007054731249809265,
  "direct_residual_p90": 0.0189181387424469,
  "plus_newton_mae": 2.3433617127193575e-08,
  "plus_newton_rmse": 2.991572913187471e-08,
  "plus_newton_r2": 0.9999999999999991,
  "plus_newton_valid_ratio": 1.0,
  "plus_newton_residual_mean": 3.647903938190712e-14,
  "plus_newton_residual_median": 1.1102230246251565e-16,
  "plus_newton_residual_p90": 6.196154700433003e-14,
  "plus_newton_newton_iter_mean": 2.1475,
  "plus_newton_newton_iter_median": 2.0,
  "plus_newton_newton_iter_p90": 3.0,
  "plus_newton_converged_ratio": 1.0,
  "hp_use_log_ab": true,
  "hp_optimizer": "adamw",
  "hp_criterion": "mse",
  "hp_dropout": 0.1,
  "hp_lr": 0.001,
  "hp_weight_decay": 0.0001,
  "hp_hidden_dims": "[256, 256, 128]",
  "hp_hidden_size": 128,
  "hp_num_layers": 2,
  "hp_head_hidden": 128,
  "hp_head_layers": 2,
  "hp_d_model": 64,
  "hp_nhead": 4,
  "hp_ff_dim": 128,
  "hp_use_cls_token": true
}