{
  "trial_id": 134,
  "trial_name": "trial_134_gru",
  "model": "gru",
  "best_epoch": 105,
  "elapsed_sec": 330.17020535469055,
  "direct_mae": 0.002191913779824972,
  "direct_rmse": 0.002833439502865076,
  "direct_r2": 0.9999916428096185,
  "direct_valid_ratio": 1.0,
  "direct_residual_mean": 0.0026299264281988144,
  "direct_residual_median": 0.0021119415760040283,
  "direct_residual_p90": 0.005447864532470703,
  "plus_newton_mae": 2.3433619015515507e-08,
  "plus_newton_rmse": 2.9915730649553444e-08,
  "plus_newton_r2": 0.9999999999999991,
  "plus_newton_valid_ratio": 1.0,
  "plus_newton_residual_mean": 3.1124628835558597e-14,
  "plus_newton_residual_median": 1.1102230246251565e-16,
  "plus_newton_residual_p90": 4.26436663758523e-14,
  "plus_newton_newton_iter_mean": 2.006,
  "plus_newton_newton_iter_median": 2.0,
  "plus_newton_newton_iter_p90": 2.0,
  "plus_newton_converged_ratio": 1.0,
  "hp_use_log_ab": false,
  "hp_optimizer": "adamw",
  "hp_criterion": "smoothl1",
  "hp_dropout": 0.0,
  "hp_lr": 0.001,
  "hp_weight_decay": 1e-05,
  "hp_hidden_dims": "[256, 256, 128]",
  "hp_hidden_size": 64,
  "hp_num_layers": 2,
  "hp_head_hidden": 64,
  "hp_head_layers": 2,
  "hp_d_model": 64,
  "hp_nhead": 4,
  "hp_ff_dim": 128,
  "hp_use_cls_token": false
}{
  "trial_id": 134,
  "trial_name": "trial_134_gru",
  "model": "gru",
  "best_epoch": 105,
  "elapsed_sec": 330.17020535469055,
  "direct_mae": 0.002191913779824972,
  "direct_rmse": 0.002833439502865076,
  "direct_r2": 0.9999916428096185,
  "direct_valid_ratio": 1.0,
  "direct_residual_mean": 0.0026299264281988144,
  "direct_residual_median": 0.0021119415760040283,
  "direct_residual_p90": 0.005447864532470703,
  "plus_newton_mae": 2.3433619015515507e-08,
  "plus_newton_rmse": 2.9915730649553444e-08,
  "plus_newton_r2": 0.9999999999999991,
  "plus_newton_valid_ratio": 1.0,
  "plus_newton_residual_mean": 3.1124628835558597e-14,
  "plus_newton_residual_median": 1.1102230246251565e-16,
  "plus_newton_residual_p90": 4.26436663758523e-14,
  "plus_newton_newton_iter_mean": 2.006,
  "plus_newton_newton_iter_median": 2.0,
  "plus_newton_newton_iter_p90": 2.0,
  "plus_newton_converged_ratio": 1.0,
  "hp_use_log_ab": false,
  "hp_optimizer": "adamw",
  "hp_criterion": "smoothl1",
  "hp_dropout": 0.0,
  "hp_lr": 0.001,
  "hp_weight_decay": 1e-05,
  "hp_hidden_dims": "[256, 256, 128]",
  "hp_hidden_size": 64,
  "hp_num_layers": 2,
  "hp_head_hidden": 64,
  "hp_head_layers": 2,
  "hp_d_model": 64,
  "hp_nhead": 4,
  "hp_ff_dim": 128,
  "hp_use_cls_token": false
}