{
  "trial_id": 1434,
  "trial_name": "trial_1434_transformer",
  "model": "transformer",
  "best_epoch": 97,
  "elapsed_sec": 165.9807677268982,
  "direct_mae": 0.004042540676891804,
  "direct_rmse": 0.004944401327520609,
  "direct_r2": 0.9999745516397525,
  "direct_valid_ratio": 1.0,
  "direct_residual_mean": 0.004880430176854134,
  "direct_residual_median": 0.004115894436836243,
  "direct_residual_p90": 0.009478747844696045,
  "plus_newton_mae": 2.343361902197426e-08,
  "plus_newton_rmse": 2.991573015911521e-08,
  "plus_newton_r2": 0.9999999999999991,
  "plus_newton_valid_ratio": 1.0,
  "plus_newton_residual_mean": 3.0533135023519125e-14,
  "plus_newton_residual_median": 1.1102230246251565e-16,
  "plus_newton_residual_p90": 3.392286451742168e-14,
  "plus_newton_newton_iter_mean": 2.0847,
  "plus_newton_newton_iter_median": 2.0,
  "plus_newton_newton_iter_p90": 2.0,
  "plus_newton_converged_ratio": 1.0,
  "hp_use_log_ab": false,
  "hp_optimizer": "adamw",
  "hp_criterion": "smoothl1",
  "hp_dropout": 0.0,
  "hp_lr": 0.0005,
  "hp_weight_decay": 0.0001,
  "hp_hidden_dims": "[256, 256, 128]",
  "hp_hidden_size": 128,
  "hp_num_layers": 1,
  "hp_head_hidden": 64,
  "hp_head_layers": 2,
  "hp_d_model": 64,
  "hp_nhead": 2,
  "hp_ff_dim": 64,
  "hp_use_cls_token": true
}{
  "trial_id": 1434,
  "trial_name": "trial_1434_transformer",
  "model": "transformer",
  "best_epoch": 97,
  "elapsed_sec": 165.9807677268982,
  "direct_mae": 0.004042540676891804,
  "direct_rmse": 0.004944401327520609,
  "direct_r2": 0.9999745516397525,
  "direct_valid_ratio": 1.0,
  "direct_residual_mean": 0.004880430176854134,
  "direct_residual_median": 0.004115894436836243,
  "direct_residual_p90": 0.009478747844696045,
  "plus_newton_mae": 2.343361902197426e-08,
  "plus_newton_rmse": 2.991573015911521e-08,
  "plus_newton_r2": 0.9999999999999991,
  "plus_newton_valid_ratio": 1.0,
  "plus_newton_residual_mean": 3.0533135023519125e-14,
  "plus_newton_residual_median": 1.1102230246251565e-16,
  "plus_newton_residual_p90": 3.392286451742168e-14,
  "plus_newton_newton_iter_mean": 2.0847,
  "plus_newton_newton_iter_median": 2.0,
  "plus_newton_newton_iter_p90": 2.0,
  "plus_newton_converged_ratio": 1.0,
  "hp_use_log_ab": false,
  "hp_optimizer": "adamw",
  "hp_criterion": "smoothl1",
  "hp_dropout": 0.0,
  "hp_lr": 0.0005,
  "hp_weight_decay": 0.0001,
  "hp_hidden_dims": "[256, 256, 128]",
  "hp_hidden_size": 128,
  "hp_num_layers": 1,
  "hp_head_hidden": 64,
  "hp_head_layers": 2,
  "hp_d_model": 64,
  "hp_nhead": 2,
  "hp_ff_dim": 64,
  "hp_use_cls_token": true
}