{
  "trial_id": 3264,
  "trial_name": "trial_3264_transformer",
  "model": "transformer",
  "best_epoch": 81,
  "elapsed_sec": 152.26763248443604,
  "direct_mae": 0.0010491895955055952,
  "direct_rmse": 0.001335798529908061,
  "direct_r2": 0.9999981425619353,
  "direct_valid_ratio": 1.0,
  "direct_residual_mean": 0.001278598327189684,
  "direct_residual_median": 0.0010104179382324219,
  "direct_residual_p90": 0.00265730619430542,
  "plus_newton_mae": 2.3433618605923226e-08,
  "plus_newton_rmse": 2.991573038460044e-08,
  "plus_newton_r2": 0.9999999999999991,
  "plus_newton_valid_ratio": 1.0,
  "plus_newton_residual_mean": 2.544377383107831e-14,
  "plus_newton_residual_median": 5.551115123125783e-17,
  "plus_newton_residual_p90": 1.1335377081422889e-14,
  "plus_newton_newton_iter_mean": 1.9722,
  "plus_newton_newton_iter_median": 2.0,
  "plus_newton_newton_iter_p90": 2.0,
  "plus_newton_converged_ratio": 1.0,
  "hp_use_log_ab": true,
  "hp_optimizer": "adamw",
  "hp_criterion": "smoothl1",
  "hp_dropout": 0.0,
  "hp_lr": 0.001,
  "hp_weight_decay": 0.0001,
  "hp_hidden_dims": "[256, 256, 128]",
  "hp_hidden_size": 128,
  "hp_num_layers": 1,
  "hp_head_hidden": 128,
  "hp_head_layers": 2,
  "hp_d_model": 64,
  "hp_nhead": 4,
  "hp_ff_dim": 128,
  "hp_use_cls_token": true
}{
  "trial_id": 3264,
  "trial_name": "trial_3264_transformer",
  "model": "transformer",
  "best_epoch": 81,
  "elapsed_sec": 152.26763248443604,
  "direct_mae": 0.0010491895955055952,
  "direct_rmse": 0.001335798529908061,
  "direct_r2": 0.9999981425619353,
  "direct_valid_ratio": 1.0,
  "direct_residual_mean": 0.001278598327189684,
  "direct_residual_median": 0.0010104179382324219,
  "direct_residual_p90": 0.00265730619430542,
  "plus_newton_mae": 2.3433618605923226e-08,
  "plus_newton_rmse": 2.991573038460044e-08,
  "plus_newton_r2": 0.9999999999999991,
  "plus_newton_valid_ratio": 1.0,
  "plus_newton_residual_mean": 2.544377383107831e-14,
  "plus_newton_residual_median": 5.551115123125783e-17,
  "plus_newton_residual_p90": 1.1335377081422889e-14,
  "plus_newton_newton_iter_mean": 1.9722,
  "plus_newton_newton_iter_median": 2.0,
  "plus_newton_newton_iter_p90": 2.0,
  "plus_newton_converged_ratio": 1.0,
  "hp_use_log_ab": true,
  "hp_optimizer": "adamw",
  "hp_criterion": "smoothl1",
  "hp_dropout": 0.0,
  "hp_lr": 0.001,
  "hp_weight_decay": 0.0001,
  "hp_hidden_dims": "[256, 256, 128]",
  "hp_hidden_size": 128,
  "hp_num_layers": 1,
  "hp_head_hidden": 128,
  "hp_head_layers": 2,
  "hp_d_model": 64,
  "hp_nhead": 4,
  "hp_ff_dim": 128,
  "hp_use_cls_token": true
}