{
  "trial_id": 90,
  "trial_name": "trial_090_lstm",
  "model": "lstm",
  "best_epoch": 102,
  "elapsed_sec": 315.4281368255615,
  "direct_mae": 0.01280589122325182,
  "direct_rmse": 0.0176666509360075,
  "direct_r2": 0.99967510663555,
  "direct_valid_ratio": 1.0,
  "direct_residual_mean": 0.01506401039659977,
  "direct_residual_median": 0.011323869228363037,
  "direct_residual_p90": 0.03501502275466919,
  "plus_newton_mae": 2.343361705742824e-08,
  "plus_newton_rmse": 2.991572904481263e-08,
  "plus_newton_r2": 0.9999999999999991,
  "plus_newton_valid_ratio": 1.0,
  "plus_newton_residual_mean": 3.876324391451365e-14,
  "plus_newton_residual_median": 1.1102230246251565e-16,
  "plus_newton_residual_p90": 7.682743330406083e-14,
  "plus_newton_newton_iter_mean": 2.2116,
  "plus_newton_newton_iter_median": 2.0,
  "plus_newton_newton_iter_p90": 3.0,
  "plus_newton_converged_ratio": 1.0,
  "hp_use_log_ab": false,
  "hp_optimizer": "adamw",
  "hp_criterion": "mse",
  "hp_dropout": 0.1,
  "hp_lr": 0.001,
  "hp_weight_decay": 0.0001,
  "hp_hidden_dims": "[256, 256, 128]",
  "hp_hidden_size": 128,
  "hp_num_layers": 1,
  "hp_head_hidden": 64,
  "hp_head_layers": 2,
  "hp_d_model": 64,
  "hp_nhead": 4,
  "hp_ff_dim": 128,
  "hp_use_cls_token": false
}{
  "trial_id": 90,
  "trial_name": "trial_090_lstm",
  "model": "lstm",
  "best_epoch": 102,
  "elapsed_sec": 315.4281368255615,
  "direct_mae": 0.01280589122325182,
  "direct_rmse": 0.0176666509360075,
  "direct_r2": 0.99967510663555,
  "direct_valid_ratio": 1.0,
  "direct_residual_mean": 0.01506401039659977,
  "direct_residual_median": 0.011323869228363037,
  "direct_residual_p90": 0.03501502275466919,
  "plus_newton_mae": 2.343361705742824e-08,
  "plus_newton_rmse": 2.991572904481263e-08,
  "plus_newton_r2": 0.9999999999999991,
  "plus_newton_valid_ratio": 1.0,
  "plus_newton_residual_mean": 3.876324391451365e-14,
  "plus_newton_residual_median": 1.1102230246251565e-16,
  "plus_newton_residual_p90": 7.682743330406083e-14,
  "plus_newton_newton_iter_mean": 2.2116,
  "plus_newton_newton_iter_median": 2.0,
  "plus_newton_newton_iter_p90": 3.0,
  "plus_newton_converged_ratio": 1.0,
  "hp_use_log_ab": false,
  "hp_optimizer": "adamw",
  "hp_criterion": "mse",
  "hp_dropout": 0.1,
  "hp_lr": 0.001,
  "hp_weight_decay": 0.0001,
  "hp_hidden_dims": "[256, 256, 128]",
  "hp_hidden_size": 128,
  "hp_num_layers": 1,
  "hp_head_hidden": 64,
  "hp_head_layers": 2,
  "hp_d_model": 64,
  "hp_nhead": 4,
  "hp_ff_dim": 128,
  "hp_use_cls_token": false
}