{
  "trial_id": 2462,
  "trial_name": "trial_2462_transformer",
  "model": "transformer",
  "best_epoch": 116,
  "elapsed_sec": 173.86935687065125,
  "direct_mae": 0.002225147793069482,
  "direct_rmse": 0.0028520235791802406,
  "direct_r2": 0.9999915328235147,
  "direct_valid_ratio": 1.0,
  "direct_residual_mean": 0.002678900957107544,
  "direct_residual_median": 0.0021120309829711914,
  "direct_residual_p90": 0.005781576037406923,
  "plus_newton_mae": 2.343361762428526e-08,
  "plus_newton_rmse": 2.9915729778991814e-08,
  "plus_newton_r2": 0.9999999999999991,
  "plus_newton_valid_ratio": 1.0,
  "plus_newton_residual_mean": 3.044035239845405e-14,
  "plus_newton_residual_median": 1.1102230246251565e-16,
  "plus_newton_residual_p90": 3.4638958368304884e-14,
  "plus_newton_newton_iter_mean": 2.0064,
  "plus_newton_newton_iter_median": 2.0,
  "plus_newton_newton_iter_p90": 2.0,
  "plus_newton_converged_ratio": 1.0,
  "hp_use_log_ab": true,
  "hp_optimizer": "adamw",
  "hp_criterion": "mse",
  "hp_dropout": 0.0,
  "hp_lr": 0.0005,
  "hp_weight_decay": 0.0001,
  "hp_hidden_dims": "[256, 256, 128]",
  "hp_hidden_size": 128,
  "hp_num_layers": 1,
  "hp_head_hidden": 64,
  "hp_head_layers": 2,
  "hp_d_model": 64,
  "hp_nhead": 4,
  "hp_ff_dim": 64,
  "hp_use_cls_token": true
}{
  "trial_id": 2462,
  "trial_name": "trial_2462_transformer",
  "model": "transformer",
  "best_epoch": 116,
  "elapsed_sec": 173.86935687065125,
  "direct_mae": 0.002225147793069482,
  "direct_rmse": 0.0028520235791802406,
  "direct_r2": 0.9999915328235147,
  "direct_valid_ratio": 1.0,
  "direct_residual_mean": 0.002678900957107544,
  "direct_residual_median": 0.0021120309829711914,
  "direct_residual_p90": 0.005781576037406923,
  "plus_newton_mae": 2.343361762428526e-08,
  "plus_newton_rmse": 2.9915729778991814e-08,
  "plus_newton_r2": 0.9999999999999991,
  "plus_newton_valid_ratio": 1.0,
  "plus_newton_residual_mean": 3.044035239845405e-14,
  "plus_newton_residual_median": 1.1102230246251565e-16,
  "plus_newton_residual_p90": 3.4638958368304884e-14,
  "plus_newton_newton_iter_mean": 2.0064,
  "plus_newton_newton_iter_median": 2.0,
  "plus_newton_newton_iter_p90": 2.0,
  "plus_newton_converged_ratio": 1.0,
  "hp_use_log_ab": true,
  "hp_optimizer": "adamw",
  "hp_criterion": "mse",
  "hp_dropout": 0.0,
  "hp_lr": 0.0005,
  "hp_weight_decay": 0.0001,
  "hp_hidden_dims": "[256, 256, 128]",
  "hp_hidden_size": 128,
  "hp_num_layers": 1,
  "hp_head_hidden": 64,
  "hp_head_layers": 2,
  "hp_d_model": 64,
  "hp_nhead": 4,
  "hp_ff_dim": 64,
  "hp_use_cls_token": true
}