{
  "trial_id": 2634,
  "trial_name": "trial_2634_transformer",
  "model": "transformer",
  "best_epoch": 66,
  "elapsed_sec": 790.9896461963654,
  "direct_mae": 0.10426453500986099,
  "direct_rmse": 0.1342124193906784,
  "direct_r2": 0.9812492877244949,
  "direct_valid_ratio": 1.0,
  "direct_residual_mean": 0.1327161341905594,
  "direct_residual_median": 0.1019829511642456,
  "direct_residual_p90": 0.26339967250823976,
  "plus_newton_mae": 2.3433617851981777e-08,
  "plus_newton_rmse": 2.991572886709187e-08,
  "plus_newton_r2": 0.9999999999999991,
  "plus_newton_valid_ratio": 1.0,
  "plus_newton_residual_mean": 3.489100832222475e-14,
  "plus_newton_residual_median": 1.1102230246251565e-16,
  "plus_newton_residual_p90": 4.3443026953582497e-14,
  "plus_newton_newton_iter_mean": 2.6074,
  "plus_newton_newton_iter_median": 3.0,
  "plus_newton_newton_iter_p90": 3.0,
  "plus_newton_converged_ratio": 1.0,
  "hp_use_log_ab": true,
  "hp_optimizer": "adamw",
  "hp_criterion": "mse",
  "hp_dropout": 0.1,
  "hp_lr": 0.001,
  "hp_weight_decay": 1e-05,
  "hp_hidden_dims": "[256, 256, 128]",
  "hp_hidden_size": 128,
  "hp_num_layers": 2,
  "hp_head_hidden": 64,
  "hp_head_layers": 1,
  "hp_d_model": 64,
  "hp_nhead": 2,
  "hp_ff_dim": 64,
  "hp_use_cls_token": true
}{
  "trial_id": 2634,
  "trial_name": "trial_2634_transformer",
  "model": "transformer",
  "best_epoch": 66,
  "elapsed_sec": 790.9896461963654,
  "direct_mae": 0.10426453500986099,
  "direct_rmse": 0.1342124193906784,
  "direct_r2": 0.9812492877244949,
  "direct_valid_ratio": 1.0,
  "direct_residual_mean": 0.1327161341905594,
  "direct_residual_median": 0.1019829511642456,
  "direct_residual_p90": 0.26339967250823976,
  "plus_newton_mae": 2.3433617851981777e-08,
  "plus_newton_rmse": 2.991572886709187e-08,
  "plus_newton_r2": 0.9999999999999991,
  "plus_newton_valid_ratio": 1.0,
  "plus_newton_residual_mean": 3.489100832222475e-14,
  "plus_newton_residual_median": 1.1102230246251565e-16,
  "plus_newton_residual_p90": 4.3443026953582497e-14,
  "plus_newton_newton_iter_mean": 2.6074,
  "plus_newton_newton_iter_median": 3.0,
  "plus_newton_newton_iter_p90": 3.0,
  "plus_newton_converged_ratio": 1.0,
  "hp_use_log_ab": true,
  "hp_optimizer": "adamw",
  "hp_criterion": "mse",
  "hp_dropout": 0.1,
  "hp_lr": 0.001,
  "hp_weight_decay": 1e-05,
  "hp_hidden_dims": "[256, 256, 128]",
  "hp_hidden_size": 128,
  "hp_num_layers": 2,
  "hp_head_hidden": 64,
  "hp_head_layers": 1,
  "hp_d_model": 64,
  "hp_nhead": 2,
  "hp_ff_dim": 64,
  "hp_use_cls_token": true
}