{
  "trial_id": 15,
  "trial_name": "trial_015_transformer",
  "model": "transformer",
  "best_epoch": 23,
  "elapsed_sec": 118.8154935836792,
  "direct_mae": 0.3407289683818817,
  "direct_rmse": 0.41697239875793457,
  "direct_r2": 0.8190131783485413,
  "direct_valid_ratio": 1.0,
  "direct_residual_mean": 0.3836781084537506,
  "direct_residual_median": 0.36058008670806885,
  "direct_residual_p90": 0.7230010628700259,
  "plus_newton_mae": 2.343361956034421e-08,
  "plus_newton_rmse": 2.991573128888196e-08,
  "plus_newton_r2": 0.9999999999999991,
  "plus_newton_valid_ratio": 1.0,
  "plus_newton_residual_mean": 4.459790972402884e-14,
  "plus_newton_residual_median": 1.6653345369377348e-16,
  "plus_newton_residual_p90": 1.0340617251358724e-13,
  "plus_newton_newton_iter_mean": 2.7559,
  "plus_newton_newton_iter_median": 3.0,
  "plus_newton_newton_iter_p90": 3.0,
  "plus_newton_converged_ratio": 1.0,
  "hp_use_log_ab": false,
  "hp_optimizer": "adamw",
  "hp_criterion": "mse",
  "hp_dropout": 0.0,
  "hp_lr": 0.001,
  "hp_weight_decay": 1e-05,
  "hp_hidden_dims": "[256, 256, 128]",
  "hp_hidden_size": 128,
  "hp_num_layers": 1,
  "hp_head_hidden": 64,
  "hp_head_layers": 1,
  "hp_d_model": 64,
  "hp_nhead": 4,
  "hp_ff_dim": 128,
  "hp_use_cls_token": false
}{
  "trial_id": 15,
  "trial_name": "trial_015_transformer",
  "model": "transformer",
  "best_epoch": 23,
  "elapsed_sec": 118.8154935836792,
  "direct_mae": 0.3407289683818817,
  "direct_rmse": 0.41697239875793457,
  "direct_r2": 0.8190131783485413,
  "direct_valid_ratio": 1.0,
  "direct_residual_mean": 0.3836781084537506,
  "direct_residual_median": 0.36058008670806885,
  "direct_residual_p90": 0.7230010628700259,
  "plus_newton_mae": 2.343361956034421e-08,
  "plus_newton_rmse": 2.991573128888196e-08,
  "plus_newton_r2": 0.9999999999999991,
  "plus_newton_valid_ratio": 1.0,
  "plus_newton_residual_mean": 4.459790972402884e-14,
  "plus_newton_residual_median": 1.6653345369377348e-16,
  "plus_newton_residual_p90": 1.0340617251358724e-13,
  "plus_newton_newton_iter_mean": 2.7559,
  "plus_newton_newton_iter_median": 3.0,
  "plus_newton_newton_iter_p90": 3.0,
  "plus_newton_converged_ratio": 1.0,
  "hp_use_log_ab": false,
  "hp_optimizer": "adamw",
  "hp_criterion": "mse",
  "hp_dropout": 0.0,
  "hp_lr": 0.001,
  "hp_weight_decay": 1e-05,
  "hp_hidden_dims": "[256, 256, 128]",
  "hp_hidden_size": 128,
  "hp_num_layers": 1,
  "hp_head_hidden": 64,
  "hp_head_layers": 1,
  "hp_d_model": 64,
  "hp_nhead": 4,
  "hp_ff_dim": 128,
  "hp_use_cls_token": false
}