{
  "trial_id": 2526,
  "trial_name": "trial_2526_transformer",
  "model": "transformer",
  "best_epoch": 116,
  "elapsed_sec": 213.6650049686432,
  "direct_mae": 0.0022676829248666763,
  "direct_rmse": 0.002983651589602232,
  "direct_r2": 0.9999907332248767,
  "direct_valid_ratio": 1.0,
  "direct_residual_mean": 0.0028090549167245626,
  "direct_residual_median": 0.0020527318120002747,
  "direct_residual_p90": 0.006189393997192384,
  "plus_newton_mae": 2.3433618073267672e-08,
  "plus_newton_rmse": 2.9915729950107365e-08,
  "plus_newton_r2": 0.9999999999999991,
  "plus_newton_valid_ratio": 1.0,
  "plus_newton_residual_mean": 3.479208790126747e-14,
  "plus_newton_residual_median": 1.1102230246251565e-16,
  "plus_newton_residual_p90": 6.097344851241368e-14,
  "plus_newton_newton_iter_mean": 2.0187,
  "plus_newton_newton_iter_median": 2.0,
  "plus_newton_newton_iter_p90": 2.0,
  "plus_newton_converged_ratio": 1.0,
  "hp_use_log_ab": true,
  "hp_optimizer": "adamw",
  "hp_criterion": "mse",
  "hp_dropout": 0.0,
  "hp_lr": 0.0005,
  "hp_weight_decay": 0.0001,
  "hp_hidden_dims": "[256, 256, 128]",
  "hp_hidden_size": 128,
  "hp_num_layers": 2,
  "hp_head_hidden": 64,
  "hp_head_layers": 2,
  "hp_d_model": 64,
  "hp_nhead": 4,
  "hp_ff_dim": 64,
  "hp_use_cls_token": true
}{
  "trial_id": 2526,
  "trial_name": "trial_2526_transformer",
  "model": "transformer",
  "best_epoch": 116,
  "elapsed_sec": 213.6650049686432,
  "direct_mae": 0.0022676829248666763,
  "direct_rmse": 0.002983651589602232,
  "direct_r2": 0.9999907332248767,
  "direct_valid_ratio": 1.0,
  "direct_residual_mean": 0.0028090549167245626,
  "direct_residual_median": 0.0020527318120002747,
  "direct_residual_p90": 0.006189393997192384,
  "plus_newton_mae": 2.3433618073267672e-08,
  "plus_newton_rmse": 2.9915729950107365e-08,
  "plus_newton_r2": 0.9999999999999991,
  "plus_newton_valid_ratio": 1.0,
  "plus_newton_residual_mean": 3.479208790126747e-14,
  "plus_newton_residual_median": 1.1102230246251565e-16,
  "plus_newton_residual_p90": 6.097344851241368e-14,
  "plus_newton_newton_iter_mean": 2.0187,
  "plus_newton_newton_iter_median": 2.0,
  "plus_newton_newton_iter_p90": 2.0,
  "plus_newton_converged_ratio": 1.0,
  "hp_use_log_ab": true,
  "hp_optimizer": "adamw",
  "hp_criterion": "mse",
  "hp_dropout": 0.0,
  "hp_lr": 0.0005,
  "hp_weight_decay": 0.0001,
  "hp_hidden_dims": "[256, 256, 128]",
  "hp_hidden_size": 128,
  "hp_num_layers": 2,
  "hp_head_hidden": 64,
  "hp_head_layers": 2,
  "hp_d_model": 64,
  "hp_nhead": 4,
  "hp_ff_dim": 64,
  "hp_use_cls_token": true
}