{
  "trial_id": 2119,
  "trial_name": "trial_2119_transformer",
  "model": "transformer",
  "best_epoch": 14,
  "elapsed_sec": 57.38940763473511,
  "direct_mae": 0.10701241344213486,
  "direct_rmse": 0.1343625783920288,
  "direct_r2": 0.9812073037028313,
  "direct_valid_ratio": 1.0,
  "direct_residual_mean": 0.1345745325088501,
  "direct_residual_median": 0.11147651076316833,
  "direct_residual_p90": 0.26041837930679346,
  "plus_newton_mae": 2.343361950124017e-08,
  "plus_newton_rmse": 2.991573097639276e-08,
  "plus_newton_r2": 0.9999999999999991,
  "plus_newton_valid_ratio": 1.0,
  "plus_newton_residual_mean": 3.43330602479366e-14,
  "plus_newton_residual_median": 1.1102230246251565e-16,
  "plus_newton_residual_p90": 4.809486142676186e-14,
  "plus_newton_newton_iter_mean": 2.6197,
  "plus_newton_newton_iter_median": 3.0,
  "plus_newton_newton_iter_p90": 3.0,
  "plus_newton_converged_ratio": 1.0,
  "hp_use_log_ab": true,
  "hp_optimizer": "adamw",
  "hp_criterion": "mse",
  "hp_dropout": 0.0,
  "hp_lr": 0.001,
  "hp_weight_decay": 1e-05,
  "hp_hidden_dims": "[256, 256, 128]",
  "hp_hidden_size": 128,
  "hp_num_layers": 2,
  "hp_head_hidden": 64,
  "hp_head_layers": 1,
  "hp_d_model": 32,
  "hp_nhead": 4,
  "hp_ff_dim": 128,
  "hp_use_cls_token": false
}{
  "trial_id": 2119,
  "trial_name": "trial_2119_transformer",
  "model": "transformer",
  "best_epoch": 14,
  "elapsed_sec": 57.38940763473511,
  "direct_mae": 0.10701241344213486,
  "direct_rmse": 0.1343625783920288,
  "direct_r2": 0.9812073037028313,
  "direct_valid_ratio": 1.0,
  "direct_residual_mean": 0.1345745325088501,
  "direct_residual_median": 0.11147651076316833,
  "direct_residual_p90": 0.26041837930679346,
  "plus_newton_mae": 2.343361950124017e-08,
  "plus_newton_rmse": 2.991573097639276e-08,
  "plus_newton_r2": 0.9999999999999991,
  "plus_newton_valid_ratio": 1.0,
  "plus_newton_residual_mean": 3.43330602479366e-14,
  "plus_newton_residual_median": 1.1102230246251565e-16,
  "plus_newton_residual_p90": 4.809486142676186e-14,
  "plus_newton_newton_iter_mean": 2.6197,
  "plus_newton_newton_iter_median": 3.0,
  "plus_newton_newton_iter_p90": 3.0,
  "plus_newton_converged_ratio": 1.0,
  "hp_use_log_ab": true,
  "hp_optimizer": "adamw",
  "hp_criterion": "mse",
  "hp_dropout": 0.0,
  "hp_lr": 0.001,
  "hp_weight_decay": 1e-05,
  "hp_hidden_dims": "[256, 256, 128]",
  "hp_hidden_size": 128,
  "hp_num_layers": 2,
  "hp_head_hidden": 64,
  "hp_head_layers": 1,
  "hp_d_model": 32,
  "hp_nhead": 4,
  "hp_ff_dim": 128,
  "hp_use_cls_token": false
}