{
  "trial_id": 188,
  "trial_name": "trial_188_transformer",
  "model": "transformer",
  "best_epoch": 45,
  "elapsed_sec": 200.17254900932312,
  "direct_mae": 0.003214195603504777,
  "direct_rmse": 0.004326059948652983,
  "direct_r2": 0.9999805187217135,
  "direct_valid_ratio": 1.0,
  "direct_residual_mean": 0.003956533968448639,
  "direct_residual_median": 0.003053136169910431,
  "direct_residual_p90": 0.008402657508850098,
  "plus_newton_mae": 2.3433619535547706e-08,
  "plus_newton_rmse": 2.9915731533360585e-08,
  "plus_newton_r2": 0.9999999999999991,
  "plus_newton_valid_ratio": 1.0,
  "plus_newton_residual_mean": 3.285319396077938e-14,
  "plus_newton_residual_median": 1.1102230246251565e-16,
  "plus_newton_residual_p90": 4.4642067820177585e-14,
  "plus_newton_newton_iter_mean": 2.0615,
  "plus_newton_newton_iter_median": 2.0,
  "plus_newton_newton_iter_p90": 2.0,
  "plus_newton_converged_ratio": 1.0,
  "hp_use_log_ab": false,
  "hp_optimizer": "adamw",
  "hp_criterion": "mse",
  "hp_dropout": 0.0,
  "hp_lr": 0.001,
  "hp_weight_decay": 0.0001,
  "hp_hidden_dims": "[256, 256, 128]",
  "hp_hidden_size": 128,
  "hp_num_layers": 1,
  "hp_head_hidden": 128,
  "hp_head_layers": 2,
  "hp_d_model": 64,
  "hp_nhead": 2,
  "hp_ff_dim": 128,
  "hp_use_cls_token": true
}{
  "trial_id": 188,
  "trial_name": "trial_188_transformer",
  "model": "transformer",
  "best_epoch": 45,
  "elapsed_sec": 200.17254900932312,
  "direct_mae": 0.003214195603504777,
  "direct_rmse": 0.004326059948652983,
  "direct_r2": 0.9999805187217135,
  "direct_valid_ratio": 1.0,
  "direct_residual_mean": 0.003956533968448639,
  "direct_residual_median": 0.003053136169910431,
  "direct_residual_p90": 0.008402657508850098,
  "plus_newton_mae": 2.3433619535547706e-08,
  "plus_newton_rmse": 2.9915731533360585e-08,
  "plus_newton_r2": 0.9999999999999991,
  "plus_newton_valid_ratio": 1.0,
  "plus_newton_residual_mean": 3.285319396077938e-14,
  "plus_newton_residual_median": 1.1102230246251565e-16,
  "plus_newton_residual_p90": 4.4642067820177585e-14,
  "plus_newton_newton_iter_mean": 2.0615,
  "plus_newton_newton_iter_median": 2.0,
  "plus_newton_newton_iter_p90": 2.0,
  "plus_newton_converged_ratio": 1.0,
  "hp_use_log_ab": false,
  "hp_optimizer": "adamw",
  "hp_criterion": "mse",
  "hp_dropout": 0.0,
  "hp_lr": 0.001,
  "hp_weight_decay": 0.0001,
  "hp_hidden_dims": "[256, 256, 128]",
  "hp_hidden_size": 128,
  "hp_num_layers": 1,
  "hp_head_hidden": 128,
  "hp_head_layers": 2,
  "hp_d_model": 64,
  "hp_nhead": 2,
  "hp_ff_dim": 128,
  "hp_use_cls_token": true
}