{
  "trial_id": 1300,
  "trial_name": "trial_1300_transformer",
  "model": "transformer",
  "best_epoch": 113,
  "elapsed_sec": 169.5109715461731,
  "direct_mae": 0.003106473246589303,
  "direct_rmse": 0.004133007023483515,
  "direct_r2": 0.9999822186528036,
  "direct_valid_ratio": 1.0,
  "direct_residual_mean": 0.00372111052274704,
  "direct_residual_median": 0.002867460250854492,
  "direct_residual_p90": 0.008323252201080326,
  "plus_newton_mae": 2.3433618003536783e-08,
  "plus_newton_rmse": 2.9915729619544115e-08,
  "plus_newton_r2": 0.9999999999999991,
  "plus_newton_valid_ratio": 1.0,
  "plus_newton_residual_mean": 3.050071897564243e-14,
  "plus_newton_residual_median": 1.1102230246251565e-16,
  "plus_newton_residual_p90": 3.4690306183193984e-14,
  "plus_newton_newton_iter_mean": 2.0461,
  "plus_newton_newton_iter_median": 2.0,
  "plus_newton_newton_iter_p90": 2.0,
  "plus_newton_converged_ratio": 1.0,
  "hp_use_log_ab": false,
  "hp_optimizer": "adamw",
  "hp_criterion": "smoothl1",
  "hp_dropout": 0.0,
  "hp_lr": 0.0005,
  "hp_weight_decay": 1e-05,
  "hp_hidden_dims": "[256, 256, 128]",
  "hp_hidden_size": 128,
  "hp_num_layers": 1,
  "hp_head_hidden": 64,
  "hp_head_layers": 2,
  "hp_d_model": 32,
  "hp_nhead": 2,
  "hp_ff_dim": 128,
  "hp_use_cls_token": true
}{
  "trial_id": 1300,
  "trial_name": "trial_1300_transformer",
  "model": "transformer",
  "best_epoch": 113,
  "elapsed_sec": 169.5109715461731,
  "direct_mae": 0.003106473246589303,
  "direct_rmse": 0.004133007023483515,
  "direct_r2": 0.9999822186528036,
  "direct_valid_ratio": 1.0,
  "direct_residual_mean": 0.00372111052274704,
  "direct_residual_median": 0.002867460250854492,
  "direct_residual_p90": 0.008323252201080326,
  "plus_newton_mae": 2.3433618003536783e-08,
  "plus_newton_rmse": 2.9915729619544115e-08,
  "plus_newton_r2": 0.9999999999999991,
  "plus_newton_valid_ratio": 1.0,
  "plus_newton_residual_mean": 3.050071897564243e-14,
  "plus_newton_residual_median": 1.1102230246251565e-16,
  "plus_newton_residual_p90": 3.4690306183193984e-14,
  "plus_newton_newton_iter_mean": 2.0461,
  "plus_newton_newton_iter_median": 2.0,
  "plus_newton_newton_iter_p90": 2.0,
  "plus_newton_converged_ratio": 1.0,
  "hp_use_log_ab": false,
  "hp_optimizer": "adamw",
  "hp_criterion": "smoothl1",
  "hp_dropout": 0.0,
  "hp_lr": 0.0005,
  "hp_weight_decay": 1e-05,
  "hp_hidden_dims": "[256, 256, 128]",
  "hp_hidden_size": 128,
  "hp_num_layers": 1,
  "hp_head_hidden": 64,
  "hp_head_layers": 2,
  "hp_d_model": 32,
  "hp_nhead": 2,
  "hp_ff_dim": 128,
  "hp_use_cls_token": true
}