{
  "trial_id": 275,
  "trial_name": "trial_275_lstm",
  "model": "lstm",
  "best_epoch": 89,
  "elapsed_sec": 232.11232995986938,
  "direct_mae": 0.09493054449558258,
  "direct_rmse": 0.11982031166553497,
  "direct_r2": 0.9850550917908549,
  "direct_valid_ratio": 1.0,
  "direct_residual_mean": 0.11898325383663177,
  "direct_residual_median": 0.09566262364387512,
  "direct_residual_p90": 0.2373176604509354,
  "plus_newton_mae": 2.343361875933646e-08,
  "plus_newton_rmse": 2.991572923440369e-08,
  "plus_newton_r2": 0.9999999999999991,
  "plus_newton_valid_ratio": 1.0,
  "plus_newton_residual_mean": 3.801661598481146e-14,
  "plus_newton_residual_median": 1.1102230246251565e-16,
  "plus_newton_residual_p90": 6.04183370001011e-14,
  "plus_newton_newton_iter_mean": 2.5893,
  "plus_newton_newton_iter_median": 3.0,
  "plus_newton_newton_iter_p90": 3.0,
  "plus_newton_converged_ratio": 1.0,
  "hp_use_log_ab": true,
  "hp_optimizer": "adamw",
  "hp_criterion": "mse",
  "hp_dropout": 0.0,
  "hp_lr": 0.001,
  "hp_weight_decay": 0.0001,
  "hp_hidden_dims": "[256, 256, 128]",
  "hp_hidden_size": 64,
  "hp_num_layers": 1,
  "hp_head_hidden": 128,
  "hp_head_layers": 1,
  "hp_d_model": 64,
  "hp_nhead": 4,
  "hp_ff_dim": 128,
  "hp_use_cls_token": false
}{
  "trial_id": 275,
  "trial_name": "trial_275_lstm",
  "model": "lstm",
  "best_epoch": 89,
  "elapsed_sec": 232.11232995986938,
  "direct_mae": 0.09493054449558258,
  "direct_rmse": 0.11982031166553497,
  "direct_r2": 0.9850550917908549,
  "direct_valid_ratio": 1.0,
  "direct_residual_mean": 0.11898325383663177,
  "direct_residual_median": 0.09566262364387512,
  "direct_residual_p90": 0.2373176604509354,
  "plus_newton_mae": 2.343361875933646e-08,
  "plus_newton_rmse": 2.991572923440369e-08,
  "plus_newton_r2": 0.9999999999999991,
  "plus_newton_valid_ratio": 1.0,
  "plus_newton_residual_mean": 3.801661598481146e-14,
  "plus_newton_residual_median": 1.1102230246251565e-16,
  "plus_newton_residual_p90": 6.04183370001011e-14,
  "plus_newton_newton_iter_mean": 2.5893,
  "plus_newton_newton_iter_median": 3.0,
  "plus_newton_newton_iter_p90": 3.0,
  "plus_newton_converged_ratio": 1.0,
  "hp_use_log_ab": true,
  "hp_optimizer": "adamw",
  "hp_criterion": "mse",
  "hp_dropout": 0.0,
  "hp_lr": 0.001,
  "hp_weight_decay": 0.0001,
  "hp_hidden_dims": "[256, 256, 128]",
  "hp_hidden_size": 64,
  "hp_num_layers": 1,
  "hp_head_hidden": 128,
  "hp_head_layers": 1,
  "hp_d_model": 64,
  "hp_nhead": 4,
  "hp_ff_dim": 128,
  "hp_use_cls_token": false
}