{
  "trial_id": 63,
  "trial_name": "trial_063_gru",
  "model": "gru",
  "best_epoch": 119,
  "elapsed_sec": 318.2510702610016,
  "direct_mae": 0.33817654848098755,
  "direct_rmse": 0.4161609411239624,
  "direct_r2": 0.8197168856859207,
  "direct_valid_ratio": 1.0,
  "direct_residual_mean": 0.3799278438091278,
  "direct_residual_median": 0.3535466194152832,
  "direct_residual_p90": 0.7221116364002234,
  "plus_newton_mae": 2.3433619513489482e-08,
  "plus_newton_rmse": 2.9915731292198016e-08,
  "plus_newton_r2": 0.9999999999999991,
  "plus_newton_valid_ratio": 1.0,
  "plus_newton_residual_mean": 4.3921881848856377e-14,
  "plus_newton_residual_median": 1.6653345369377348e-16,
  "plus_newton_residual_p90": 1.021405182655144e-13,
  "plus_newton_newton_iter_mean": 2.7523,
  "plus_newton_newton_iter_median": 3.0,
  "plus_newton_newton_iter_p90": 3.0,
  "plus_newton_converged_ratio": 1.0,
  "hp_use_log_ab": false,
  "hp_optimizer": "adamw",
  "hp_criterion": "mse",
  "hp_dropout": 0.0,
  "hp_lr": 0.0005,
  "hp_weight_decay": 0.0001,
  "hp_hidden_dims": "[256, 256, 128]",
  "hp_hidden_size": 128,
  "hp_num_layers": 2,
  "hp_head_hidden": 128,
  "hp_head_layers": 1,
  "hp_d_model": 64,
  "hp_nhead": 4,
  "hp_ff_dim": 128,
  "hp_use_cls_token": false
}{
  "trial_id": 63,
  "trial_name": "trial_063_gru",
  "model": "gru",
  "best_epoch": 119,
  "elapsed_sec": 318.2510702610016,
  "direct_mae": 0.33817654848098755,
  "direct_rmse": 0.4161609411239624,
  "direct_r2": 0.8197168856859207,
  "direct_valid_ratio": 1.0,
  "direct_residual_mean": 0.3799278438091278,
  "direct_residual_median": 0.3535466194152832,
  "direct_residual_p90": 0.7221116364002234,
  "plus_newton_mae": 2.3433619513489482e-08,
  "plus_newton_rmse": 2.9915731292198016e-08,
  "plus_newton_r2": 0.9999999999999991,
  "plus_newton_valid_ratio": 1.0,
  "plus_newton_residual_mean": 4.3921881848856377e-14,
  "plus_newton_residual_median": 1.6653345369377348e-16,
  "plus_newton_residual_p90": 1.021405182655144e-13,
  "plus_newton_newton_iter_mean": 2.7523,
  "plus_newton_newton_iter_median": 3.0,
  "plus_newton_newton_iter_p90": 3.0,
  "plus_newton_converged_ratio": 1.0,
  "hp_use_log_ab": false,
  "hp_optimizer": "adamw",
  "hp_criterion": "mse",
  "hp_dropout": 0.0,
  "hp_lr": 0.0005,
  "hp_weight_decay": 0.0001,
  "hp_hidden_dims": "[256, 256, 128]",
  "hp_hidden_size": 128,
  "hp_num_layers": 2,
  "hp_head_hidden": 128,
  "hp_head_layers": 1,
  "hp_d_model": 64,
  "hp_nhead": 4,
  "hp_ff_dim": 128,
  "hp_use_cls_token": false
}