{
  "trial_id": 66,
  "trial_name": "trial_066_transformer",
  "model": "transformer",
  "best_epoch": 8,
  "elapsed_sec": 102.37150049209595,
  "direct_mae": 0.3409259617328644,
  "direct_rmse": 0.4170812666416168,
  "direct_r2": 0.8189186304807663,
  "direct_valid_ratio": 1.0,
  "direct_residual_mean": 0.38466888666152954,
  "direct_residual_median": 0.36109375953674316,
  "direct_residual_p90": 0.7238543689250949,
  "plus_newton_mae": 2.3433619297718026e-08,
  "plus_newton_rmse": 2.9915730833669594e-08,
  "plus_newton_r2": 0.9999999999999991,
  "plus_newton_valid_ratio": 1.0,
  "plus_newton_residual_mean": 4.385328054966133e-14,
  "plus_newton_residual_median": 1.6653345369377348e-16,
  "plus_newton_residual_p90": 9.847921089711797e-14,
  "plus_newton_newton_iter_mean": 2.7608,
  "plus_newton_newton_iter_median": 3.0,
  "plus_newton_newton_iter_p90": 3.0,
  "plus_newton_converged_ratio": 1.0,
  "hp_use_log_ab": false,
  "hp_optimizer": "adamw",
  "hp_criterion": "mse",
  "hp_dropout": 0.0,
  "hp_lr": 0.001,
  "hp_weight_decay": 1e-05,
  "hp_hidden_dims": "[256, 256, 128]",
  "hp_hidden_size": 128,
  "hp_num_layers": 2,
  "hp_head_hidden": 64,
  "hp_head_layers": 1,
  "hp_d_model": 32,
  "hp_nhead": 2,
  "hp_ff_dim": 64,
  "hp_use_cls_token": true
}{
  "trial_id": 66,
  "trial_name": "trial_066_transformer",
  "model": "transformer",
  "best_epoch": 8,
  "elapsed_sec": 102.37150049209595,
  "direct_mae": 0.3409259617328644,
  "direct_rmse": 0.4170812666416168,
  "direct_r2": 0.8189186304807663,
  "direct_valid_ratio": 1.0,
  "direct_residual_mean": 0.38466888666152954,
  "direct_residual_median": 0.36109375953674316,
  "direct_residual_p90": 0.7238543689250949,
  "plus_newton_mae": 2.3433619297718026e-08,
  "plus_newton_rmse": 2.9915730833669594e-08,
  "plus_newton_r2": 0.9999999999999991,
  "plus_newton_valid_ratio": 1.0,
  "plus_newton_residual_mean": 4.385328054966133e-14,
  "plus_newton_residual_median": 1.6653345369377348e-16,
  "plus_newton_residual_p90": 9.847921089711797e-14,
  "plus_newton_newton_iter_mean": 2.7608,
  "plus_newton_newton_iter_median": 3.0,
  "plus_newton_newton_iter_p90": 3.0,
  "plus_newton_converged_ratio": 1.0,
  "hp_use_log_ab": false,
  "hp_optimizer": "adamw",
  "hp_criterion": "mse",
  "hp_dropout": 0.0,
  "hp_lr": 0.001,
  "hp_weight_decay": 1e-05,
  "hp_hidden_dims": "[256, 256, 128]",
  "hp_hidden_size": 128,
  "hp_num_layers": 2,
  "hp_head_hidden": 64,
  "hp_head_layers": 1,
  "hp_d_model": 32,
  "hp_nhead": 2,
  "hp_ff_dim": 64,
  "hp_use_cls_token": true
}