{
  "trial_id": 2914,
  "trial_name": "trial_2914_transformer",
  "model": "transformer",
  "best_epoch": 41,
  "elapsed_sec": 526.4463264942169,
  "direct_mae": 0.10459735244512558,
  "direct_rmse": 0.13230039179325104,
  "direct_r2": 0.9817797373980284,
  "direct_valid_ratio": 1.0,
  "direct_residual_mean": 0.13111327588558197,
  "direct_residual_median": 0.10631553083658218,
  "direct_residual_p90": 0.2495880216360093,
  "plus_newton_mae": 2.3433618613902538e-08,
  "plus_newton_rmse": 2.991573038970856e-08,
  "plus_newton_r2": 0.9999999999999991,
  "plus_newton_valid_ratio": 1.0,
  "plus_newton_residual_mean": 3.403661997065653e-14,
  "plus_newton_residual_median": 1.1102230246251565e-16,
  "plus_newton_residual_p90": 4.6118664442929164e-14,
  "plus_newton_newton_iter_mean": 2.6066,
  "plus_newton_newton_iter_median": 3.0,
  "plus_newton_newton_iter_p90": 3.0,
  "plus_newton_converged_ratio": 1.0,
  "hp_use_log_ab": true,
  "hp_optimizer": "adamw",
  "hp_criterion": "mse",
  "hp_dropout": 0.1,
  "hp_lr": 0.0005,
  "hp_weight_decay": 1e-05,
  "hp_hidden_dims": "[256, 256, 128]",
  "hp_hidden_size": 128,
  "hp_num_layers": 2,
  "hp_head_hidden": 128,
  "hp_head_layers": 1,
  "hp_d_model": 32,
  "hp_nhead": 2,
  "hp_ff_dim": 64,
  "hp_use_cls_token": true
}{
  "trial_id": 2914,
  "trial_name": "trial_2914_transformer",
  "model": "transformer",
  "best_epoch": 41,
  "elapsed_sec": 526.4463264942169,
  "direct_mae": 0.10459735244512558,
  "direct_rmse": 0.13230039179325104,
  "direct_r2": 0.9817797373980284,
  "direct_valid_ratio": 1.0,
  "direct_residual_mean": 0.13111327588558197,
  "direct_residual_median": 0.10631553083658218,
  "direct_residual_p90": 0.2495880216360093,
  "plus_newton_mae": 2.3433618613902538e-08,
  "plus_newton_rmse": 2.991573038970856e-08,
  "plus_newton_r2": 0.9999999999999991,
  "plus_newton_valid_ratio": 1.0,
  "plus_newton_residual_mean": 3.403661997065653e-14,
  "plus_newton_residual_median": 1.1102230246251565e-16,
  "plus_newton_residual_p90": 4.6118664442929164e-14,
  "plus_newton_newton_iter_mean": 2.6066,
  "plus_newton_newton_iter_median": 3.0,
  "plus_newton_newton_iter_p90": 3.0,
  "plus_newton_converged_ratio": 1.0,
  "hp_use_log_ab": true,
  "hp_optimizer": "adamw",
  "hp_criterion": "mse",
  "hp_dropout": 0.1,
  "hp_lr": 0.0005,
  "hp_weight_decay": 1e-05,
  "hp_hidden_dims": "[256, 256, 128]",
  "hp_hidden_size": 128,
  "hp_num_layers": 2,
  "hp_head_hidden": 128,
  "hp_head_layers": 1,
  "hp_d_model": 32,
  "hp_nhead": 2,
  "hp_ff_dim": 64,
  "hp_use_cls_token": true
}