{
  "trial_id": 83,
  "trial_name": "trial_083_gru",
  "model": "gru",
  "best_epoch": 91,
  "elapsed_sec": 269.67801308631897,
  "direct_mae": 0.34032851457595825,
  "direct_rmse": 0.4168693721294403,
  "direct_r2": 0.8191025704145432,
  "direct_valid_ratio": 1.0,
  "direct_residual_mean": 0.38349929451942444,
  "direct_residual_median": 0.36024177074432373,
  "direct_residual_p90": 0.7260811448097229,
  "plus_newton_mae": 2.3433619252496234e-08,
  "plus_newton_rmse": 2.991573084204189e-08,
  "plus_newton_r2": 0.9999999999999991,
  "plus_newton_valid_ratio": 1.0,
  "plus_newton_residual_mean": 4.29082459647792e-14,
  "plus_newton_residual_median": 1.6653345369377348e-16,
  "plus_newton_residual_p90": 9.742484596841926e-14,
  "plus_newton_newton_iter_mean": 2.7569,
  "plus_newton_newton_iter_median": 3.0,
  "plus_newton_newton_iter_p90": 3.0,
  "plus_newton_converged_ratio": 1.0,
  "hp_use_log_ab": false,
  "hp_optimizer": "adamw",
  "hp_criterion": "mse",
  "hp_dropout": 0.1,
  "hp_lr": 0.001,
  "hp_weight_decay": 0.0001,
  "hp_hidden_dims": "[256, 256, 128]",
  "hp_hidden_size": 64,
  "hp_num_layers": 1,
  "hp_head_hidden": 128,
  "hp_head_layers": 1,
  "hp_d_model": 64,
  "hp_nhead": 4,
  "hp_ff_dim": 128,
  "hp_use_cls_token": false
}{
  "trial_id": 83,
  "trial_name": "trial_083_gru",
  "model": "gru",
  "best_epoch": 91,
  "elapsed_sec": 269.67801308631897,
  "direct_mae": 0.34032851457595825,
  "direct_rmse": 0.4168693721294403,
  "direct_r2": 0.8191025704145432,
  "direct_valid_ratio": 1.0,
  "direct_residual_mean": 0.38349929451942444,
  "direct_residual_median": 0.36024177074432373,
  "direct_residual_p90": 0.7260811448097229,
  "plus_newton_mae": 2.3433619252496234e-08,
  "plus_newton_rmse": 2.991573084204189e-08,
  "plus_newton_r2": 0.9999999999999991,
  "plus_newton_valid_ratio": 1.0,
  "plus_newton_residual_mean": 4.29082459647792e-14,
  "plus_newton_residual_median": 1.6653345369377348e-16,
  "plus_newton_residual_p90": 9.742484596841926e-14,
  "plus_newton_newton_iter_mean": 2.7569,
  "plus_newton_newton_iter_median": 3.0,
  "plus_newton_newton_iter_p90": 3.0,
  "plus_newton_converged_ratio": 1.0,
  "hp_use_log_ab": false,
  "hp_optimizer": "adamw",
  "hp_criterion": "mse",
  "hp_dropout": 0.1,
  "hp_lr": 0.001,
  "hp_weight_decay": 0.0001,
  "hp_hidden_dims": "[256, 256, 128]",
  "hp_hidden_size": 64,
  "hp_num_layers": 1,
  "hp_head_hidden": 128,
  "hp_head_layers": 1,
  "hp_d_model": 64,
  "hp_nhead": 4,
  "hp_ff_dim": 128,
  "hp_use_cls_token": false
}