{
  "trial_id": 63,
  "trial_name": "trial_063_lstm",
  "model": "lstm",
  "best_epoch": 120,
  "elapsed_sec": 314.1179711818695,
  "direct_mae": 0.33925962448120117,
  "direct_rmse": 0.41630497574806213,
  "direct_r2": 0.819592073559761,
  "direct_valid_ratio": 1.0,
  "direct_residual_mean": 0.38122645020484924,
  "direct_residual_median": 0.35659605264663696,
  "direct_residual_p90": 0.7179695188999177,
  "plus_newton_mae": 2.3433619271400825e-08,
  "plus_newton_rmse": 2.9915731567182114e-08,
  "plus_newton_r2": 0.9999999999999991,
  "plus_newton_valid_ratio": 1.0,
  "plus_newton_residual_mean": 4.3443888863562205e-14,
  "plus_newton_residual_median": 1.6653345369377348e-16,
  "plus_newton_residual_p90": 1.0281775431053579e-13,
  "plus_newton_newton_iter_mean": 2.7508,
  "plus_newton_newton_iter_median": 3.0,
  "plus_newton_newton_iter_p90": 3.0,
  "plus_newton_converged_ratio": 1.0,
  "hp_use_log_ab": false,
  "hp_optimizer": "adamw",
  "hp_criterion": "mse",
  "hp_dropout": 0.0,
  "hp_lr": 0.0005,
  "hp_weight_decay": 0.0001,
  "hp_hidden_dims": "[256, 256, 128]",
  "hp_hidden_size": 128,
  "hp_num_layers": 2,
  "hp_head_hidden": 128,
  "hp_head_layers": 1,
  "hp_d_model": 64,
  "hp_nhead": 4,
  "hp_ff_dim": 128,
  "hp_use_cls_token": false
}{
  "trial_id": 63,
  "trial_name": "trial_063_lstm",
  "model": "lstm",
  "best_epoch": 120,
  "elapsed_sec": 314.1179711818695,
  "direct_mae": 0.33925962448120117,
  "direct_rmse": 0.41630497574806213,
  "direct_r2": 0.819592073559761,
  "direct_valid_ratio": 1.0,
  "direct_residual_mean": 0.38122645020484924,
  "direct_residual_median": 0.35659605264663696,
  "direct_residual_p90": 0.7179695188999177,
  "plus_newton_mae": 2.3433619271400825e-08,
  "plus_newton_rmse": 2.9915731567182114e-08,
  "plus_newton_r2": 0.9999999999999991,
  "plus_newton_valid_ratio": 1.0,
  "plus_newton_residual_mean": 4.3443888863562205e-14,
  "plus_newton_residual_median": 1.6653345369377348e-16,
  "plus_newton_residual_p90": 1.0281775431053579e-13,
  "plus_newton_newton_iter_mean": 2.7508,
  "plus_newton_newton_iter_median": 3.0,
  "plus_newton_newton_iter_p90": 3.0,
  "plus_newton_converged_ratio": 1.0,
  "hp_use_log_ab": false,
  "hp_optimizer": "adamw",
  "hp_criterion": "mse",
  "hp_dropout": 0.0,
  "hp_lr": 0.0005,
  "hp_weight_decay": 0.0001,
  "hp_hidden_dims": "[256, 256, 128]",
  "hp_hidden_size": 128,
  "hp_num_layers": 2,
  "hp_head_hidden": 128,
  "hp_head_layers": 1,
  "hp_d_model": 64,
  "hp_nhead": 4,
  "hp_ff_dim": 128,
  "hp_use_cls_token": false
}