{
  "trial_id": 1104,
  "trial_name": "trial_1104_transformer",
  "model": "transformer",
  "best_epoch": 12,
  "elapsed_sec": 55.61952567100525,
  "direct_mae": 0.342488169670105,
  "direct_rmse": 0.41791993379592896,
  "direct_r2": 0.8181896805763245,
  "direct_valid_ratio": 1.0,
  "direct_residual_mean": 0.38604822754859924,
  "direct_residual_median": 0.3611574172973633,
  "direct_residual_p90": 0.7244332313537599,
  "plus_newton_mae": 2.3433619645499498e-08,
  "plus_newton_rmse": 2.991573139036089e-08,
  "plus_newton_r2": 0.9999999999999991,
  "plus_newton_valid_ratio": 1.0,
  "plus_newton_residual_mean": 4.328935301136877e-14,
  "plus_newton_residual_median": 1.6653345369377348e-16,
  "plus_newton_residual_p90": 1.0459411114993604e-13,
  "plus_newton_newton_iter_mean": 2.7648,
  "plus_newton_newton_iter_median": 3.0,
  "plus_newton_newton_iter_p90": 3.0,
  "plus_newton_converged_ratio": 1.0,
  "hp_use_log_ab": false,
  "hp_optimizer": "adamw",
  "hp_criterion": "smoothl1",
  "hp_dropout": 0.0,
  "hp_lr": 0.001,
  "hp_weight_decay": 1e-05,
  "hp_hidden_dims": "[256, 256, 128]",
  "hp_hidden_size": 128,
  "hp_num_layers": 2,
  "hp_head_hidden": 64,
  "hp_head_layers": 1,
  "hp_d_model": 64,
  "hp_nhead": 4,
  "hp_ff_dim": 128,
  "hp_use_cls_token": true
}{
  "trial_id": 1104,
  "trial_name": "trial_1104_transformer",
  "model": "transformer",
  "best_epoch": 12,
  "elapsed_sec": 55.61952567100525,
  "direct_mae": 0.342488169670105,
  "direct_rmse": 0.41791993379592896,
  "direct_r2": 0.8181896805763245,
  "direct_valid_ratio": 1.0,
  "direct_residual_mean": 0.38604822754859924,
  "direct_residual_median": 0.3611574172973633,
  "direct_residual_p90": 0.7244332313537599,
  "plus_newton_mae": 2.3433619645499498e-08,
  "plus_newton_rmse": 2.991573139036089e-08,
  "plus_newton_r2": 0.9999999999999991,
  "plus_newton_valid_ratio": 1.0,
  "plus_newton_residual_mean": 4.328935301136877e-14,
  "plus_newton_residual_median": 1.6653345369377348e-16,
  "plus_newton_residual_p90": 1.0459411114993604e-13,
  "plus_newton_newton_iter_mean": 2.7648,
  "plus_newton_newton_iter_median": 3.0,
  "plus_newton_newton_iter_p90": 3.0,
  "plus_newton_converged_ratio": 1.0,
  "hp_use_log_ab": false,
  "hp_optimizer": "adamw",
  "hp_criterion": "smoothl1",
  "hp_dropout": 0.0,
  "hp_lr": 0.001,
  "hp_weight_decay": 1e-05,
  "hp_hidden_dims": "[256, 256, 128]",
  "hp_hidden_size": 128,
  "hp_num_layers": 2,
  "hp_head_hidden": 64,
  "hp_head_layers": 1,
  "hp_d_model": 64,
  "hp_nhead": 4,
  "hp_ff_dim": 128,
  "hp_use_cls_token": true
}