{
  "trial_id": 491,
  "trial_name": "trial_491_lstm",
  "model": "lstm",
  "best_epoch": 87,
  "elapsed_sec": 219.85236716270447,
  "direct_mae": 0.0954645648598671,
  "direct_rmse": 0.12943293154239655,
  "direct_r2": 0.9825609866529703,
  "direct_valid_ratio": 1.0,
  "direct_residual_mean": 0.12275227904319763,
  "direct_residual_median": 0.08798906207084656,
  "direct_residual_p90": 0.271026623249054,
  "plus_newton_mae": 2.3433617500614845e-08,
  "plus_newton_rmse": 2.991572864279498e-08,
  "plus_newton_r2": 0.9999999999999991,
  "plus_newton_valid_ratio": 1.0,
  "plus_newton_residual_mean": 4.3033768862112614e-14,
  "plus_newton_residual_median": 1.1102230246251565e-16,
  "plus_newton_residual_p90": 7.611133945317763e-14,
  "plus_newton_newton_iter_mean": 2.6112,
  "plus_newton_newton_iter_median": 3.0,
  "plus_newton_newton_iter_p90": 3.0,
  "plus_newton_converged_ratio": 1.0,
  "hp_use_log_ab": true,
  "hp_optimizer": "adamw",
  "hp_criterion": "smoothl1",
  "hp_dropout": 0.1,
  "hp_lr": 0.0005,
  "hp_weight_decay": 1e-05,
  "hp_hidden_dims": "[256, 256, 128]",
  "hp_hidden_size": 128,
  "hp_num_layers": 1,
  "hp_head_hidden": 128,
  "hp_head_layers": 1,
  "hp_d_model": 64,
  "hp_nhead": 4,
  "hp_ff_dim": 128,
  "hp_use_cls_token": false
}{
  "trial_id": 491,
  "trial_name": "trial_491_lstm",
  "model": "lstm",
  "best_epoch": 87,
  "elapsed_sec": 219.85236716270447,
  "direct_mae": 0.0954645648598671,
  "direct_rmse": 0.12943293154239655,
  "direct_r2": 0.9825609866529703,
  "direct_valid_ratio": 1.0,
  "direct_residual_mean": 0.12275227904319763,
  "direct_residual_median": 0.08798906207084656,
  "direct_residual_p90": 0.271026623249054,
  "plus_newton_mae": 2.3433617500614845e-08,
  "plus_newton_rmse": 2.991572864279498e-08,
  "plus_newton_r2": 0.9999999999999991,
  "plus_newton_valid_ratio": 1.0,
  "plus_newton_residual_mean": 4.3033768862112614e-14,
  "plus_newton_residual_median": 1.1102230246251565e-16,
  "plus_newton_residual_p90": 7.611133945317763e-14,
  "plus_newton_newton_iter_mean": 2.6112,
  "plus_newton_newton_iter_median": 3.0,
  "plus_newton_newton_iter_p90": 3.0,
  "plus_newton_converged_ratio": 1.0,
  "hp_use_log_ab": true,
  "hp_optimizer": "adamw",
  "hp_criterion": "smoothl1",
  "hp_dropout": 0.1,
  "hp_lr": 0.0005,
  "hp_weight_decay": 1e-05,
  "hp_hidden_dims": "[256, 256, 128]",
  "hp_hidden_size": 128,
  "hp_num_layers": 1,
  "hp_head_hidden": 128,
  "hp_head_layers": 1,
  "hp_d_model": 64,
  "hp_nhead": 4,
  "hp_ff_dim": 128,
  "hp_use_cls_token": false
}