{
  "trial_id": 777,
  "trial_name": "trial_777_transformer",
  "model": "transformer",
  "best_epoch": 56,
  "elapsed_sec": 117.58532452583313,
  "direct_mae": 0.3406020700931549,
  "direct_rmse": 0.41687077283859253,
  "direct_r2": 0.8191013634204865,
  "direct_valid_ratio": 1.0,
  "direct_residual_mean": 0.3836473524570465,
  "direct_residual_median": 0.36053407192230225,
  "direct_residual_p90": 0.7211515426635744,
  "plus_newton_mae": 2.3433619205515757e-08,
  "plus_newton_rmse": 2.991573130861237e-08,
  "plus_newton_r2": 0.9999999999999991,
  "plus_newton_valid_ratio": 1.0,
  "plus_newton_residual_mean": 4.330643582615932e-14,
  "plus_newton_residual_median": 1.6653345369377348e-16,
  "plus_newton_residual_p90": 1.0050849041931554e-13,
  "plus_newton_newton_iter_mean": 2.757,
  "plus_newton_newton_iter_median": 3.0,
  "plus_newton_newton_iter_p90": 3.0,
  "plus_newton_converged_ratio": 1.0,
  "hp_use_log_ab": false,
  "hp_optimizer": "adamw",
  "hp_criterion": "mse",
  "hp_dropout": 0.1,
  "hp_lr": 0.0005,
  "hp_weight_decay": 1e-05,
  "hp_hidden_dims": "[256, 256, 128]",
  "hp_hidden_size": 128,
  "hp_num_layers": 1,
  "hp_head_hidden": 64,
  "hp_head_layers": 1,
  "hp_d_model": 64,
  "hp_nhead": 2,
  "hp_ff_dim": 64,
  "hp_use_cls_token": false
}{
  "trial_id": 777,
  "trial_name": "trial_777_transformer",
  "model": "transformer",
  "best_epoch": 56,
  "elapsed_sec": 117.58532452583313,
  "direct_mae": 0.3406020700931549,
  "direct_rmse": 0.41687077283859253,
  "direct_r2": 0.8191013634204865,
  "direct_valid_ratio": 1.0,
  "direct_residual_mean": 0.3836473524570465,
  "direct_residual_median": 0.36053407192230225,
  "direct_residual_p90": 0.7211515426635744,
  "plus_newton_mae": 2.3433619205515757e-08,
  "plus_newton_rmse": 2.991573130861237e-08,
  "plus_newton_r2": 0.9999999999999991,
  "plus_newton_valid_ratio": 1.0,
  "plus_newton_residual_mean": 4.330643582615932e-14,
  "plus_newton_residual_median": 1.6653345369377348e-16,
  "plus_newton_residual_p90": 1.0050849041931554e-13,
  "plus_newton_newton_iter_mean": 2.757,
  "plus_newton_newton_iter_median": 3.0,
  "plus_newton_newton_iter_p90": 3.0,
  "plus_newton_converged_ratio": 1.0,
  "hp_use_log_ab": false,
  "hp_optimizer": "adamw",
  "hp_criterion": "mse",
  "hp_dropout": 0.1,
  "hp_lr": 0.0005,
  "hp_weight_decay": 1e-05,
  "hp_hidden_dims": "[256, 256, 128]",
  "hp_hidden_size": 128,
  "hp_num_layers": 1,
  "hp_head_hidden": 64,
  "hp_head_layers": 1,
  "hp_d_model": 64,
  "hp_nhead": 2,
  "hp_ff_dim": 64,
  "hp_use_cls_token": false
}