{
  "trial_id": 1780,
  "trial_name": "trial_1780_transformer",
  "model": "transformer",
  "best_epoch": 37,
  "elapsed_sec": 103.77886438369751,
  "direct_mae": 0.008090944960713387,
  "direct_rmse": 0.012783130630850792,
  "direct_r2": 0.9998298990103649,
  "direct_valid_ratio": 1.0,
  "direct_residual_mean": 0.009533978998661041,
  "direct_residual_median": 0.006052792072296143,
  "direct_residual_p90": 0.022441744804382324,
  "plus_newton_mae": 2.3433616969553093e-08,
  "plus_newton_rmse": 2.991572903435001e-08,
  "plus_newton_r2": 0.9999999999999991,
  "plus_newton_valid_ratio": 1.0,
  "plus_newton_residual_mean": 3.396521364520017e-14,
  "plus_newton_residual_median": 1.1102230246251565e-16,
  "plus_newton_residual_p90": 5.906386491005833e-14,
  "plus_newton_newton_iter_mean": 2.1432,
  "plus_newton_newton_iter_median": 2.0,
  "plus_newton_newton_iter_p90": 3.0,
  "plus_newton_converged_ratio": 1.0,
  "hp_use_log_ab": false,
  "hp_optimizer": "adamw",
  "hp_criterion": "smoothl1",
  "hp_dropout": 0.1,
  "hp_lr": 0.001,
  "hp_weight_decay": 0.0001,
  "hp_hidden_dims": "[256, 256, 128]",
  "hp_hidden_size": 128,
  "hp_num_layers": 2,
  "hp_head_hidden": 128,
  "hp_head_layers": 2,
  "hp_d_model": 32,
  "hp_nhead": 2,
  "hp_ff_dim": 128,
  "hp_use_cls_token": true
}{
  "trial_id": 1780,
  "trial_name": "trial_1780_transformer",
  "model": "transformer",
  "best_epoch": 37,
  "elapsed_sec": 103.77886438369751,
  "direct_mae": 0.008090944960713387,
  "direct_rmse": 0.012783130630850792,
  "direct_r2": 0.9998298990103649,
  "direct_valid_ratio": 1.0,
  "direct_residual_mean": 0.009533978998661041,
  "direct_residual_median": 0.006052792072296143,
  "direct_residual_p90": 0.022441744804382324,
  "plus_newton_mae": 2.3433616969553093e-08,
  "plus_newton_rmse": 2.991572903435001e-08,
  "plus_newton_r2": 0.9999999999999991,
  "plus_newton_valid_ratio": 1.0,
  "plus_newton_residual_mean": 3.396521364520017e-14,
  "plus_newton_residual_median": 1.1102230246251565e-16,
  "plus_newton_residual_p90": 5.906386491005833e-14,
  "plus_newton_newton_iter_mean": 2.1432,
  "plus_newton_newton_iter_median": 2.0,
  "plus_newton_newton_iter_p90": 3.0,
  "plus_newton_converged_ratio": 1.0,
  "hp_use_log_ab": false,
  "hp_optimizer": "adamw",
  "hp_criterion": "smoothl1",
  "hp_dropout": 0.1,
  "hp_lr": 0.001,
  "hp_weight_decay": 0.0001,
  "hp_hidden_dims": "[256, 256, 128]",
  "hp_hidden_size": 128,
  "hp_num_layers": 2,
  "hp_head_hidden": 128,
  "hp_head_layers": 2,
  "hp_d_model": 32,
  "hp_nhead": 2,
  "hp_ff_dim": 128,
  "hp_use_cls_token": true
}