{
  "trial_id": 2472,
  "trial_name": "trial_2472_transformer",
  "model": "transformer",
  "best_epoch": 41,
  "elapsed_sec": 86.55508852005005,
  "direct_mae": 0.10435987263917923,
  "direct_rmse": 0.13169632852077484,
  "direct_r2": 0.9819457400590181,
  "direct_valid_ratio": 1.0,
  "direct_residual_mean": 0.131301611661911,
  "direct_residual_median": 0.10797762870788574,
  "direct_residual_p90": 0.25261397957801834,
  "plus_newton_mae": 2.3433619011119734e-08,
  "plus_newton_rmse": 2.991572980577913e-08,
  "plus_newton_r2": 0.9999999999999991,
  "plus_newton_valid_ratio": 1.0,
  "plus_newton_residual_mean": 3.5069024919591655e-14,
  "plus_newton_residual_median": 1.1102230246251565e-16,
  "plus_newton_residual_p90": 5.46229728115577e-14,
  "plus_newton_newton_iter_mean": 2.6116,
  "plus_newton_newton_iter_median": 3.0,
  "plus_newton_newton_iter_p90": 3.0,
  "plus_newton_converged_ratio": 1.0,
  "hp_use_log_ab": true,
  "hp_optimizer": "adamw",
  "hp_criterion": "mse",
  "hp_dropout": 0.0,
  "hp_lr": 0.0005,
  "hp_weight_decay": 0.0001,
  "hp_hidden_dims": "[256, 256, 128]",
  "hp_hidden_size": 128,
  "hp_num_layers": 1,
  "hp_head_hidden": 128,
  "hp_head_layers": 1,
  "hp_d_model": 32,
  "hp_nhead": 4,
  "hp_ff_dim": 128,
  "hp_use_cls_token": true
}{
  "trial_id": 2472,
  "trial_name": "trial_2472_transformer",
  "model": "transformer",
  "best_epoch": 41,
  "elapsed_sec": 86.55508852005005,
  "direct_mae": 0.10435987263917923,
  "direct_rmse": 0.13169632852077484,
  "direct_r2": 0.9819457400590181,
  "direct_valid_ratio": 1.0,
  "direct_residual_mean": 0.131301611661911,
  "direct_residual_median": 0.10797762870788574,
  "direct_residual_p90": 0.25261397957801834,
  "plus_newton_mae": 2.3433619011119734e-08,
  "plus_newton_rmse": 2.991572980577913e-08,
  "plus_newton_r2": 0.9999999999999991,
  "plus_newton_valid_ratio": 1.0,
  "plus_newton_residual_mean": 3.5069024919591655e-14,
  "plus_newton_residual_median": 1.1102230246251565e-16,
  "plus_newton_residual_p90": 5.46229728115577e-14,
  "plus_newton_newton_iter_mean": 2.6116,
  "plus_newton_newton_iter_median": 3.0,
  "plus_newton_newton_iter_p90": 3.0,
  "plus_newton_converged_ratio": 1.0,
  "hp_use_log_ab": true,
  "hp_optimizer": "adamw",
  "hp_criterion": "mse",
  "hp_dropout": 0.0,
  "hp_lr": 0.0005,
  "hp_weight_decay": 0.0001,
  "hp_hidden_dims": "[256, 256, 128]",
  "hp_hidden_size": 128,
  "hp_num_layers": 1,
  "hp_head_hidden": 128,
  "hp_head_layers": 1,
  "hp_d_model": 32,
  "hp_nhead": 4,
  "hp_ff_dim": 128,
  "hp_use_cls_token": true
}