{
  "trial_id": 98,
  "trial_name": "trial_098_transformer",
  "model": "transformer",
  "best_epoch": 9,
  "elapsed_sec": 102.71148586273193,
  "direct_mae": 0.34135979413986206,
  "direct_rmse": 0.41710343956947327,
  "direct_r2": 0.818899393081665,
  "direct_valid_ratio": 1.0,
  "direct_residual_mean": 0.384691447019577,
  "direct_residual_median": 0.3630163371562958,
  "direct_residual_p90": 0.7183446884155273,
  "plus_newton_mae": 2.3433619296040653e-08,
  "plus_newton_rmse": 2.9915731670002577e-08,
  "plus_newton_r2": 0.9999999999999991,
  "plus_newton_valid_ratio": 1.0,
  "plus_newton_residual_mean": 4.3853674305632355e-14,
  "plus_newton_residual_median": 2.220446049250313e-16,
  "plus_newton_residual_p90": 1.0103584635601239e-13,
  "plus_newton_newton_iter_mean": 2.7573,
  "plus_newton_newton_iter_median": 3.0,
  "plus_newton_newton_iter_p90": 3.0,
  "plus_newton_converged_ratio": 1.0,
  "hp_use_log_ab": false,
  "hp_optimizer": "adamw",
  "hp_criterion": "mse",
  "hp_dropout": 0.0,
  "hp_lr": 0.001,
  "hp_weight_decay": 1e-05,
  "hp_hidden_dims": "[256, 256, 128]",
  "hp_hidden_size": 128,
  "hp_num_layers": 2,
  "hp_head_hidden": 128,
  "hp_head_layers": 1,
  "hp_d_model": 32,
  "hp_nhead": 2,
  "hp_ff_dim": 64,
  "hp_use_cls_token": true
}{
  "trial_id": 98,
  "trial_name": "trial_098_transformer",
  "model": "transformer",
  "best_epoch": 9,
  "elapsed_sec": 102.71148586273193,
  "direct_mae": 0.34135979413986206,
  "direct_rmse": 0.41710343956947327,
  "direct_r2": 0.818899393081665,
  "direct_valid_ratio": 1.0,
  "direct_residual_mean": 0.384691447019577,
  "direct_residual_median": 0.3630163371562958,
  "direct_residual_p90": 0.7183446884155273,
  "plus_newton_mae": 2.3433619296040653e-08,
  "plus_newton_rmse": 2.9915731670002577e-08,
  "plus_newton_r2": 0.9999999999999991,
  "plus_newton_valid_ratio": 1.0,
  "plus_newton_residual_mean": 4.3853674305632355e-14,
  "plus_newton_residual_median": 2.220446049250313e-16,
  "plus_newton_residual_p90": 1.0103584635601239e-13,
  "plus_newton_newton_iter_mean": 2.7573,
  "plus_newton_newton_iter_median": 3.0,
  "plus_newton_newton_iter_p90": 3.0,
  "plus_newton_converged_ratio": 1.0,
  "hp_use_log_ab": false,
  "hp_optimizer": "adamw",
  "hp_criterion": "mse",
  "hp_dropout": 0.0,
  "hp_lr": 0.001,
  "hp_weight_decay": 1e-05,
  "hp_hidden_dims": "[256, 256, 128]",
  "hp_hidden_size": 128,
  "hp_num_layers": 2,
  "hp_head_hidden": 128,
  "hp_head_layers": 1,
  "hp_d_model": 32,
  "hp_nhead": 2,
  "hp_ff_dim": 64,
  "hp_use_cls_token": true
}