{
  "trial_id": 308,
  "trial_name": "trial_308_gru",
  "model": "gru",
  "best_epoch": 63,
  "elapsed_sec": 186.23780941963196,
  "direct_mae": 0.0011061085388064384,
  "direct_rmse": 0.0014544607838615775,
  "direct_r2": 0.9999977979032337,
  "direct_valid_ratio": 1.0,
  "direct_residual_mean": 0.001391713391058147,
  "direct_residual_median": 0.0009961724281311035,
  "direct_residual_p90": 0.0029984772205352782,
  "plus_newton_mae": 2.3433617926304336e-08,
  "plus_newton_rmse": 2.991573131967972e-08,
  "plus_newton_r2": 0.9999999999999991,
  "plus_newton_valid_ratio": 1.0,
  "plus_newton_residual_mean": 3.2577621665507373e-14,
  "plus_newton_residual_median": 8.326672684688674e-17,
  "plus_newton_residual_p90": 2.7200464103316335e-14,
  "plus_newton_newton_iter_mean": 1.9674,
  "plus_newton_newton_iter_median": 2.0,
  "plus_newton_newton_iter_p90": 2.0,
  "plus_newton_converged_ratio": 1.0,
  "hp_use_log_ab": true,
  "hp_optimizer": "adamw",
  "hp_criterion": "mse",
  "hp_dropout": 0.0,
  "hp_lr": 0.0005,
  "hp_weight_decay": 0.0001,
  "hp_hidden_dims": "[256, 256, 128]",
  "hp_hidden_size": 64,
  "hp_num_layers": 1,
  "hp_head_hidden": 128,
  "hp_head_layers": 2,
  "hp_d_model": 64,
  "hp_nhead": 4,
  "hp_ff_dim": 128,
  "hp_use_cls_token": false
}{
  "trial_id": 308,
  "trial_name": "trial_308_gru",
  "model": "gru",
  "best_epoch": 63,
  "elapsed_sec": 186.23780941963196,
  "direct_mae": 0.0011061085388064384,
  "direct_rmse": 0.0014544607838615775,
  "direct_r2": 0.9999977979032337,
  "direct_valid_ratio": 1.0,
  "direct_residual_mean": 0.001391713391058147,
  "direct_residual_median": 0.0009961724281311035,
  "direct_residual_p90": 0.0029984772205352782,
  "plus_newton_mae": 2.3433617926304336e-08,
  "plus_newton_rmse": 2.991573131967972e-08,
  "plus_newton_r2": 0.9999999999999991,
  "plus_newton_valid_ratio": 1.0,
  "plus_newton_residual_mean": 3.2577621665507373e-14,
  "plus_newton_residual_median": 8.326672684688674e-17,
  "plus_newton_residual_p90": 2.7200464103316335e-14,
  "plus_newton_newton_iter_mean": 1.9674,
  "plus_newton_newton_iter_median": 2.0,
  "plus_newton_newton_iter_p90": 2.0,
  "plus_newton_converged_ratio": 1.0,
  "hp_use_log_ab": true,
  "hp_optimizer": "adamw",
  "hp_criterion": "mse",
  "hp_dropout": 0.0,
  "hp_lr": 0.0005,
  "hp_weight_decay": 0.0001,
  "hp_hidden_dims": "[256, 256, 128]",
  "hp_hidden_size": 64,
  "hp_num_layers": 1,
  "hp_head_hidden": 128,
  "hp_head_layers": 2,
  "hp_d_model": 64,
  "hp_nhead": 4,
  "hp_ff_dim": 128,
  "hp_use_cls_token": false
}