{
  "trial_id": 1531,
  "trial_name": "trial_1531_transformer",
  "model": "transformer",
  "best_epoch": 51,
  "elapsed_sec": 122.58559012413025,
  "direct_mae": 0.0019962782971560955,
  "direct_rmse": 0.0031584505923092365,
  "direct_r2": 0.9999896156205068,
  "direct_valid_ratio": 1.0,
  "direct_residual_mean": 0.0024368332233279943,
  "direct_residual_median": 0.0015974491834640503,
  "direct_residual_p90": 0.005372750759124756,
  "plus_newton_mae": 2.3433617203973574e-08,
  "plus_newton_rmse": 2.9915729828056714e-08,
  "plus_newton_r2": 0.9999999999999991,
  "plus_newton_valid_ratio": 1.0,
  "plus_newton_residual_mean": 3.0480803292448175e-14,
  "plus_newton_residual_median": 1.1102230246251565e-16,
  "plus_newton_residual_p90": 3.355093980417231e-14,
  "plus_newton_newton_iter_mean": 2.0005,
  "plus_newton_newton_iter_median": 2.0,
  "plus_newton_newton_iter_p90": 2.0,
  "plus_newton_converged_ratio": 1.0,
  "hp_use_log_ab": false,
  "hp_optimizer": "adamw",
  "hp_criterion": "smoothl1",
  "hp_dropout": 0.0,
  "hp_lr": 0.0005,
  "hp_weight_decay": 0.0001,
  "hp_hidden_dims": "[256, 256, 128]",
  "hp_hidden_size": 128,
  "hp_num_layers": 2,
  "hp_head_hidden": 128,
  "hp_head_layers": 2,
  "hp_d_model": 64,
  "hp_nhead": 2,
  "hp_ff_dim": 128,
  "hp_use_cls_token": false
}{
  "trial_id": 1531,
  "trial_name": "trial_1531_transformer",
  "model": "transformer",
  "best_epoch": 51,
  "elapsed_sec": 122.58559012413025,
  "direct_mae": 0.0019962782971560955,
  "direct_rmse": 0.0031584505923092365,
  "direct_r2": 0.9999896156205068,
  "direct_valid_ratio": 1.0,
  "direct_residual_mean": 0.0024368332233279943,
  "direct_residual_median": 0.0015974491834640503,
  "direct_residual_p90": 0.005372750759124756,
  "plus_newton_mae": 2.3433617203973574e-08,
  "plus_newton_rmse": 2.9915729828056714e-08,
  "plus_newton_r2": 0.9999999999999991,
  "plus_newton_valid_ratio": 1.0,
  "plus_newton_residual_mean": 3.0480803292448175e-14,
  "plus_newton_residual_median": 1.1102230246251565e-16,
  "plus_newton_residual_p90": 3.355093980417231e-14,
  "plus_newton_newton_iter_mean": 2.0005,
  "plus_newton_newton_iter_median": 2.0,
  "plus_newton_newton_iter_p90": 2.0,
  "plus_newton_converged_ratio": 1.0,
  "hp_use_log_ab": false,
  "hp_optimizer": "adamw",
  "hp_criterion": "smoothl1",
  "hp_dropout": 0.0,
  "hp_lr": 0.0005,
  "hp_weight_decay": 0.0001,
  "hp_hidden_dims": "[256, 256, 128]",
  "hp_hidden_size": 128,
  "hp_num_layers": 2,
  "hp_head_hidden": 128,
  "hp_head_layers": 2,
  "hp_d_model": 64,
  "hp_nhead": 2,
  "hp_ff_dim": 128,
  "hp_use_cls_token": false
}