{
  "trial_id": 166,
  "trial_name": "trial_166_transformer",
  "model": "transformer",
  "best_epoch": 95,
  "elapsed_sec": 347.01154112815857,
  "direct_mae": 0.3402489721775055,
  "direct_rmse": 0.4168928563594818,
  "direct_r2": 0.8190822005271912,
  "direct_valid_ratio": 1.0,
  "direct_residual_mean": 0.3828401267528534,
  "direct_residual_median": 0.3595341145992279,
  "direct_residual_p90": 0.7208805739879609,
  "plus_newton_mae": 2.343361984063288e-08,
  "plus_newton_rmse": 2.991573140472681e-08,
  "plus_newton_r2": 0.9999999999999991,
  "plus_newton_valid_ratio": 1.0,
  "plus_newton_residual_mean": 4.49958976852804e-14,
  "plus_newton_residual_median": 1.6653345369377348e-16,
  "plus_newton_residual_p90": 1.0548090179085538e-13,
  "plus_newton_newton_iter_mean": 2.7544,
  "plus_newton_newton_iter_median": 3.0,
  "plus_newton_newton_iter_p90": 3.0,
  "plus_newton_converged_ratio": 1.0,
  "hp_use_log_ab": false,
  "hp_optimizer": "adamw",
  "hp_criterion": "mse",
  "hp_dropout": 0.0,
  "hp_lr": 0.001,
  "hp_weight_decay": 0.0001,
  "hp_hidden_dims": "[256, 256, 128]",
  "hp_hidden_size": 128,
  "hp_num_layers": 1,
  "hp_head_hidden": 128,
  "hp_head_layers": 1,
  "hp_d_model": 32,
  "hp_nhead": 4,
  "hp_ff_dim": 64,
  "hp_use_cls_token": true
}{
  "trial_id": 166,
  "trial_name": "trial_166_transformer",
  "model": "transformer",
  "best_epoch": 95,
  "elapsed_sec": 347.01154112815857,
  "direct_mae": 0.3402489721775055,
  "direct_rmse": 0.4168928563594818,
  "direct_r2": 0.8190822005271912,
  "direct_valid_ratio": 1.0,
  "direct_residual_mean": 0.3828401267528534,
  "direct_residual_median": 0.3595341145992279,
  "direct_residual_p90": 0.7208805739879609,
  "plus_newton_mae": 2.343361984063288e-08,
  "plus_newton_rmse": 2.991573140472681e-08,
  "plus_newton_r2": 0.9999999999999991,
  "plus_newton_valid_ratio": 1.0,
  "plus_newton_residual_mean": 4.49958976852804e-14,
  "plus_newton_residual_median": 1.6653345369377348e-16,
  "plus_newton_residual_p90": 1.0548090179085538e-13,
  "plus_newton_newton_iter_mean": 2.7544,
  "plus_newton_newton_iter_median": 3.0,
  "plus_newton_newton_iter_p90": 3.0,
  "plus_newton_converged_ratio": 1.0,
  "hp_use_log_ab": false,
  "hp_optimizer": "adamw",
  "hp_criterion": "mse",
  "hp_dropout": 0.0,
  "hp_lr": 0.001,
  "hp_weight_decay": 0.0001,
  "hp_hidden_dims": "[256, 256, 128]",
  "hp_hidden_size": 128,
  "hp_num_layers": 1,
  "hp_head_hidden": 128,
  "hp_head_layers": 1,
  "hp_d_model": 32,
  "hp_nhead": 4,
  "hp_ff_dim": 64,
  "hp_use_cls_token": true
}