{
  "trial_id": 1998,
  "trial_name": "trial_1998_transformer",
  "model": "transformer",
  "best_epoch": 19,
  "elapsed_sec": 81.01173520088196,
  "direct_mae": 0.3376738429069519,
  "direct_rmse": 0.4190889596939087,
  "direct_r2": 0.817171111702919,
  "direct_valid_ratio": 1.0,
  "direct_residual_mean": 0.3814820945262909,
  "direct_residual_median": 0.3477461338043213,
  "direct_residual_p90": 0.7730239629745483,
  "plus_newton_mae": 2.343361799341052e-08,
  "plus_newton_rmse": 2.991573024390765e-08,
  "plus_newton_r2": 0.9999999999999991,
  "plus_newton_valid_ratio": 1.0,
  "plus_newton_residual_mean": 4.477330929248771e-14,
  "plus_newton_residual_median": 1.1102230246251565e-16,
  "plus_newton_residual_p90": 1.0436096431476471e-13,
  "plus_newton_newton_iter_mean": 2.7586,
  "plus_newton_newton_iter_median": 3.0,
  "plus_newton_newton_iter_p90": 3.0,
  "plus_newton_converged_ratio": 1.0,
  "hp_use_log_ab": false,
  "hp_optimizer": "adamw",
  "hp_criterion": "smoothl1",
  "hp_dropout": 0.1,
  "hp_lr": 0.0005,
  "hp_weight_decay": 0.0001,
  "hp_hidden_dims": "[256, 256, 128]",
  "hp_hidden_size": 128,
  "hp_num_layers": 2,
  "hp_head_hidden": 64,
  "hp_head_layers": 1,
  "hp_d_model": 64,
  "hp_nhead": 4,
  "hp_ff_dim": 64,
  "hp_use_cls_token": true
}{
  "trial_id": 1998,
  "trial_name": "trial_1998_transformer",
  "model": "transformer",
  "best_epoch": 19,
  "elapsed_sec": 81.01173520088196,
  "direct_mae": 0.3376738429069519,
  "direct_rmse": 0.4190889596939087,
  "direct_r2": 0.817171111702919,
  "direct_valid_ratio": 1.0,
  "direct_residual_mean": 0.3814820945262909,
  "direct_residual_median": 0.3477461338043213,
  "direct_residual_p90": 0.7730239629745483,
  "plus_newton_mae": 2.343361799341052e-08,
  "plus_newton_rmse": 2.991573024390765e-08,
  "plus_newton_r2": 0.9999999999999991,
  "plus_newton_valid_ratio": 1.0,
  "plus_newton_residual_mean": 4.477330929248771e-14,
  "plus_newton_residual_median": 1.1102230246251565e-16,
  "plus_newton_residual_p90": 1.0436096431476471e-13,
  "plus_newton_newton_iter_mean": 2.7586,
  "plus_newton_newton_iter_median": 3.0,
  "plus_newton_newton_iter_p90": 3.0,
  "plus_newton_converged_ratio": 1.0,
  "hp_use_log_ab": false,
  "hp_optimizer": "adamw",
  "hp_criterion": "smoothl1",
  "hp_dropout": 0.1,
  "hp_lr": 0.0005,
  "hp_weight_decay": 0.0001,
  "hp_hidden_dims": "[256, 256, 128]",
  "hp_hidden_size": 128,
  "hp_num_layers": 2,
  "hp_head_hidden": 64,
  "hp_head_layers": 1,
  "hp_d_model": 64,
  "hp_nhead": 4,
  "hp_ff_dim": 64,
  "hp_use_cls_token": true
}