{
  "trial_id": 195,
  "trial_name": "trial_195_transformer",
  "model": "transformer",
  "best_epoch": 52,
  "elapsed_sec": 262.4398443698883,
  "direct_mae": 0.3411192297935486,
  "direct_rmse": 0.4170116186141968,
  "direct_r2": 0.8189791142940521,
  "direct_valid_ratio": 1.0,
  "direct_residual_mean": 0.38453710079193115,
  "direct_residual_median": 0.3612869381904602,
  "direct_residual_p90": 0.7185541868209839,
  "plus_newton_mae": 2.343361921773428e-08,
  "plus_newton_rmse": 2.991573127564554e-08,
  "plus_newton_r2": 0.9999999999999991,
  "plus_newton_valid_ratio": 1.0,
  "plus_newton_residual_mean": 4.4937021540320327e-14,
  "plus_newton_residual_median": 2.220446049250313e-16,
  "plus_newton_residual_p90": 1.0750289547445403e-13,
  "plus_newton_newton_iter_mean": 2.7567,
  "plus_newton_newton_iter_median": 3.0,
  "plus_newton_newton_iter_p90": 3.0,
  "plus_newton_converged_ratio": 1.0,
  "hp_use_log_ab": false,
  "hp_optimizer": "adamw",
  "hp_criterion": "mse",
  "hp_dropout": 0.0,
  "hp_lr": 0.001,
  "hp_weight_decay": 0.0001,
  "hp_hidden_dims": "[256, 256, 128]",
  "hp_hidden_size": 128,
  "hp_num_layers": 2,
  "hp_head_hidden": 64,
  "hp_head_layers": 1,
  "hp_d_model": 32,
  "hp_nhead": 2,
  "hp_ff_dim": 128,
  "hp_use_cls_token": false
}{
  "trial_id": 195,
  "trial_name": "trial_195_transformer",
  "model": "transformer",
  "best_epoch": 52,
  "elapsed_sec": 262.4398443698883,
  "direct_mae": 0.3411192297935486,
  "direct_rmse": 0.4170116186141968,
  "direct_r2": 0.8189791142940521,
  "direct_valid_ratio": 1.0,
  "direct_residual_mean": 0.38453710079193115,
  "direct_residual_median": 0.3612869381904602,
  "direct_residual_p90": 0.7185541868209839,
  "plus_newton_mae": 2.343361921773428e-08,
  "plus_newton_rmse": 2.991573127564554e-08,
  "plus_newton_r2": 0.9999999999999991,
  "plus_newton_valid_ratio": 1.0,
  "plus_newton_residual_mean": 4.4937021540320327e-14,
  "plus_newton_residual_median": 2.220446049250313e-16,
  "plus_newton_residual_p90": 1.0750289547445403e-13,
  "plus_newton_newton_iter_mean": 2.7567,
  "plus_newton_newton_iter_median": 3.0,
  "plus_newton_newton_iter_p90": 3.0,
  "plus_newton_converged_ratio": 1.0,
  "hp_use_log_ab": false,
  "hp_optimizer": "adamw",
  "hp_criterion": "mse",
  "hp_dropout": 0.0,
  "hp_lr": 0.001,
  "hp_weight_decay": 0.0001,
  "hp_hidden_dims": "[256, 256, 128]",
  "hp_hidden_size": 128,
  "hp_num_layers": 2,
  "hp_head_hidden": 64,
  "hp_head_layers": 1,
  "hp_d_model": 32,
  "hp_nhead": 2,
  "hp_ff_dim": 128,
  "hp_use_cls_token": false
}