{
  "trial_id": 610,
  "trial_name": "trial_610_transformer",
  "model": "transformer",
  "best_epoch": 34,
  "elapsed_sec": 106.40298771858215,
  "direct_mae": 0.34056976437568665,
  "direct_rmse": 0.4170185923576355,
  "direct_r2": 0.8189730644226074,
  "direct_valid_ratio": 1.0,
  "direct_residual_mean": 0.38415762782096863,
  "direct_residual_median": 0.36053985357284546,
  "direct_residual_p90": 0.727366852760315,
  "plus_newton_mae": 2.3433619049500593e-08,
  "plus_newton_rmse": 2.991573094787721e-08,
  "plus_newton_r2": 0.9999999999999991,
  "plus_newton_valid_ratio": 1.0,
  "plus_newton_residual_mean": 4.5134389770206974e-14,
  "plus_newton_residual_median": 1.6653345369377348e-16,
  "plus_newton_residual_p90": 1.0521583604372637e-13,
  "plus_newton_newton_iter_mean": 2.7597,
  "plus_newton_newton_iter_median": 3.0,
  "plus_newton_newton_iter_p90": 3.0,
  "plus_newton_converged_ratio": 1.0,
  "hp_use_log_ab": false,
  "hp_optimizer": "adamw",
  "hp_criterion": "mse",
  "hp_dropout": 0.1,
  "hp_lr": 0.001,
  "hp_weight_decay": 1e-05,
  "hp_hidden_dims": "[256, 256, 128]",
  "hp_hidden_size": 128,
  "hp_num_layers": 2,
  "hp_head_hidden": 128,
  "hp_head_layers": 1,
  "hp_d_model": 32,
  "hp_nhead": 2,
  "hp_ff_dim": 64,
  "hp_use_cls_token": true
}{
  "trial_id": 610,
  "trial_name": "trial_610_transformer",
  "model": "transformer",
  "best_epoch": 34,
  "elapsed_sec": 106.40298771858215,
  "direct_mae": 0.34056976437568665,
  "direct_rmse": 0.4170185923576355,
  "direct_r2": 0.8189730644226074,
  "direct_valid_ratio": 1.0,
  "direct_residual_mean": 0.38415762782096863,
  "direct_residual_median": 0.36053985357284546,
  "direct_residual_p90": 0.727366852760315,
  "plus_newton_mae": 2.3433619049500593e-08,
  "plus_newton_rmse": 2.991573094787721e-08,
  "plus_newton_r2": 0.9999999999999991,
  "plus_newton_valid_ratio": 1.0,
  "plus_newton_residual_mean": 4.5134389770206974e-14,
  "plus_newton_residual_median": 1.6653345369377348e-16,
  "plus_newton_residual_p90": 1.0521583604372637e-13,
  "plus_newton_newton_iter_mean": 2.7597,
  "plus_newton_newton_iter_median": 3.0,
  "plus_newton_newton_iter_p90": 3.0,
  "plus_newton_converged_ratio": 1.0,
  "hp_use_log_ab": false,
  "hp_optimizer": "adamw",
  "hp_criterion": "mse",
  "hp_dropout": 0.1,
  "hp_lr": 0.001,
  "hp_weight_decay": 1e-05,
  "hp_hidden_dims": "[256, 256, 128]",
  "hp_hidden_size": 128,
  "hp_num_layers": 2,
  "hp_head_hidden": 128,
  "hp_head_layers": 1,
  "hp_d_model": 32,
  "hp_nhead": 2,
  "hp_ff_dim": 64,
  "hp_use_cls_token": true
}