{
  "trial_id": 118,
  "trial_name": "trial_118_transformer",
  "model": "transformer",
  "best_epoch": 106,
  "elapsed_sec": 426.9049813747406,
  "direct_mae": 0.001649063895456493,
  "direct_rmse": 0.002190598752349615,
  "direct_r2": 0.9999950047408674,
  "direct_valid_ratio": 1.0,
  "direct_residual_mean": 0.002106975531205535,
  "direct_residual_median": 0.0014855265617370605,
  "direct_residual_p90": 0.004830436408519745,
  "plus_newton_mae": 2.3433619093227564e-08,
  "plus_newton_rmse": 2.991573151600785e-08,
  "plus_newton_r2": 0.9999999999999991,
  "plus_newton_valid_ratio": 1.0,
  "plus_newton_residual_mean": 3.409073769314314e-14,
  "plus_newton_residual_median": 1.1102230246251565e-16,
  "plus_newton_residual_p90": 4.1634751202224157e-14,
  "plus_newton_newton_iter_mean": 2.0103,
  "plus_newton_newton_iter_median": 2.0,
  "plus_newton_newton_iter_p90": 2.0,
  "plus_newton_converged_ratio": 1.0,
  "hp_use_log_ab": false,
  "hp_optimizer": "adamw",
  "hp_criterion": "mse",
  "hp_dropout": 0.0,
  "hp_lr": 0.001,
  "hp_weight_decay": 1e-05,
  "hp_hidden_dims": "[256, 256, 128]",
  "hp_hidden_size": 128,
  "hp_num_layers": 2,
  "hp_head_hidden": 128,
  "hp_head_layers": 2,
  "hp_d_model": 32,
  "hp_nhead": 4,
  "hp_ff_dim": 64,
  "hp_use_cls_token": true
}{
  "trial_id": 118,
  "trial_name": "trial_118_transformer",
  "model": "transformer",
  "best_epoch": 106,
  "elapsed_sec": 426.9049813747406,
  "direct_mae": 0.001649063895456493,
  "direct_rmse": 0.002190598752349615,
  "direct_r2": 0.9999950047408674,
  "direct_valid_ratio": 1.0,
  "direct_residual_mean": 0.002106975531205535,
  "direct_residual_median": 0.0014855265617370605,
  "direct_residual_p90": 0.004830436408519745,
  "plus_newton_mae": 2.3433619093227564e-08,
  "plus_newton_rmse": 2.991573151600785e-08,
  "plus_newton_r2": 0.9999999999999991,
  "plus_newton_valid_ratio": 1.0,
  "plus_newton_residual_mean": 3.409073769314314e-14,
  "plus_newton_residual_median": 1.1102230246251565e-16,
  "plus_newton_residual_p90": 4.1634751202224157e-14,
  "plus_newton_newton_iter_mean": 2.0103,
  "plus_newton_newton_iter_median": 2.0,
  "plus_newton_newton_iter_p90": 2.0,
  "plus_newton_converged_ratio": 1.0,
  "hp_use_log_ab": false,
  "hp_optimizer": "adamw",
  "hp_criterion": "mse",
  "hp_dropout": 0.0,
  "hp_lr": 0.001,
  "hp_weight_decay": 1e-05,
  "hp_hidden_dims": "[256, 256, 128]",
  "hp_hidden_size": 128,
  "hp_num_layers": 2,
  "hp_head_hidden": 128,
  "hp_head_layers": 2,
  "hp_d_model": 32,
  "hp_nhead": 4,
  "hp_ff_dim": 64,
  "hp_use_cls_token": true
}