{
  "trial_id": 830,
  "trial_name": "trial_830_transformer",
  "model": "transformer",
  "best_epoch": 88,
  "elapsed_sec": 169.84626269340515,
  "direct_mae": 0.006857864558696747,
  "direct_rmse": 0.010438596829771996,
  "direct_r2": 0.999886572957621,
  "direct_valid_ratio": 1.0,
  "direct_residual_mean": 0.008050674572587013,
  "direct_residual_median": 0.005270164459943771,
  "direct_residual_p90": 0.019474399089813233,
  "plus_newton_mae": 2.3433616561578913e-08,
  "plus_newton_rmse": 2.991572863054884e-08,
  "plus_newton_r2": 0.9999999999999991,
  "plus_newton_valid_ratio": 1.0,
  "plus_newton_residual_mean": 4.3241970995929754e-14,
  "plus_newton_residual_median": 1.1102230246251565e-16,
  "plus_newton_residual_p90": 1.1284306822290107e-13,
  "plus_newton_newton_iter_mean": 2.0945,
  "plus_newton_newton_iter_median": 2.0,
  "plus_newton_newton_iter_p90": 3.0,
  "plus_newton_converged_ratio": 1.0,
  "hp_use_log_ab": false,
  "hp_optimizer": "adamw",
  "hp_criterion": "mse",
  "hp_dropout": 0.1,
  "hp_lr": 0.0005,
  "hp_weight_decay": 1e-05,
  "hp_hidden_dims": "[256, 256, 128]",
  "hp_hidden_size": 128,
  "hp_num_layers": 1,
  "hp_head_hidden": 128,
  "hp_head_layers": 2,
  "hp_d_model": 64,
  "hp_nhead": 4,
  "hp_ff_dim": 64,
  "hp_use_cls_token": true
}{
  "trial_id": 830,
  "trial_name": "trial_830_transformer",
  "model": "transformer",
  "best_epoch": 88,
  "elapsed_sec": 169.84626269340515,
  "direct_mae": 0.006857864558696747,
  "direct_rmse": 0.010438596829771996,
  "direct_r2": 0.999886572957621,
  "direct_valid_ratio": 1.0,
  "direct_residual_mean": 0.008050674572587013,
  "direct_residual_median": 0.005270164459943771,
  "direct_residual_p90": 0.019474399089813233,
  "plus_newton_mae": 2.3433616561578913e-08,
  "plus_newton_rmse": 2.991572863054884e-08,
  "plus_newton_r2": 0.9999999999999991,
  "plus_newton_valid_ratio": 1.0,
  "plus_newton_residual_mean": 4.3241970995929754e-14,
  "plus_newton_residual_median": 1.1102230246251565e-16,
  "plus_newton_residual_p90": 1.1284306822290107e-13,
  "plus_newton_newton_iter_mean": 2.0945,
  "plus_newton_newton_iter_median": 2.0,
  "plus_newton_newton_iter_p90": 3.0,
  "plus_newton_converged_ratio": 1.0,
  "hp_use_log_ab": false,
  "hp_optimizer": "adamw",
  "hp_criterion": "mse",
  "hp_dropout": 0.1,
  "hp_lr": 0.0005,
  "hp_weight_decay": 1e-05,
  "hp_hidden_dims": "[256, 256, 128]",
  "hp_hidden_size": 128,
  "hp_num_layers": 1,
  "hp_head_hidden": 128,
  "hp_head_layers": 2,
  "hp_d_model": 64,
  "hp_nhead": 4,
  "hp_ff_dim": 64,
  "hp_use_cls_token": true
}