{
  "trial_id": 78,
  "trial_name": "trial_078_mlp",
  "model": "mlp",
  "best_epoch": 73,
  "elapsed_sec": 253.99225306510925,
  "direct_mae": 0.000630125286988914,
  "direct_rmse": 0.0009515288984403014,
  "direct_r2": 0.9999990575108768,
  "direct_valid_ratio": 1.0,
  "direct_residual_mean": 0.0008314333972521126,
  "direct_residual_median": 0.0005553662776947021,
  "direct_residual_p90": 0.0015046358108520516,
  "plus_newton_mae": 2.343361903284293e-08,
  "plus_newton_rmse": 2.9915731693251474e-08,
  "plus_newton_r2": 0.9999999999999991,
  "plus_newton_valid_ratio": 1.0,
  "plus_newton_residual_mean": 3.5255634914812636e-14,
  "plus_newton_residual_median": 6.01732205729455e-17,
  "plus_newton_residual_p90": 4.075628723398954e-14,
  "plus_newton_newton_iter_mean": 1.911,
  "plus_newton_newton_iter_median": 2.0,
  "plus_newton_newton_iter_p90": 2.0,
  "plus_newton_converged_ratio": 1.0,
  "hp_use_log_ab": true,
  "hp_optimizer": "adamw",
  "hp_criterion": "smoothl1",
  "hp_dropout": 0.0,
  "hp_lr": 0.001,
  "hp_weight_decay": 0.0001,
  "hp_hidden_dims": "[256, 128, 64]",
  "hp_hidden_size": 128,
  "hp_num_layers": 2,
  "hp_head_hidden": 128,
  "hp_head_layers": 2,
  "hp_d_model": 64,
  "hp_nhead": 4,
  "hp_ff_dim": 128,
  "hp_use_cls_token": false
}{
  "trial_id": 78,
  "trial_name": "trial_078_mlp",
  "model": "mlp",
  "best_epoch": 73,
  "elapsed_sec": 253.99225306510925,
  "direct_mae": 0.000630125286988914,
  "direct_rmse": 0.0009515288984403014,
  "direct_r2": 0.9999990575108768,
  "direct_valid_ratio": 1.0,
  "direct_residual_mean": 0.0008314333972521126,
  "direct_residual_median": 0.0005553662776947021,
  "direct_residual_p90": 0.0015046358108520516,
  "plus_newton_mae": 2.343361903284293e-08,
  "plus_newton_rmse": 2.9915731693251474e-08,
  "plus_newton_r2": 0.9999999999999991,
  "plus_newton_valid_ratio": 1.0,
  "plus_newton_residual_mean": 3.5255634914812636e-14,
  "plus_newton_residual_median": 6.01732205729455e-17,
  "plus_newton_residual_p90": 4.075628723398954e-14,
  "plus_newton_newton_iter_mean": 1.911,
  "plus_newton_newton_iter_median": 2.0,
  "plus_newton_newton_iter_p90": 2.0,
  "plus_newton_converged_ratio": 1.0,
  "hp_use_log_ab": true,
  "hp_optimizer": "adamw",
  "hp_criterion": "smoothl1",
  "hp_dropout": 0.0,
  "hp_lr": 0.001,
  "hp_weight_decay": 0.0001,
  "hp_hidden_dims": "[256, 128, 64]",
  "hp_hidden_size": 128,
  "hp_num_layers": 2,
  "hp_head_hidden": 128,
  "hp_head_layers": 2,
  "hp_d_model": 64,
  "hp_nhead": 4,
  "hp_ff_dim": 128,
  "hp_use_cls_token": false
}