{
  "trial_id": 1224,
  "trial_name": "trial_1224_transformer",
  "model": "transformer",
  "best_epoch": 60,
  "elapsed_sec": 137.6522045135498,
  "direct_mae": 0.33749333024024963,
  "direct_rmse": 0.41849032044410706,
  "direct_r2": 0.8176930397748947,
  "direct_valid_ratio": 1.0,
  "direct_residual_mean": 0.3813234269618988,
  "direct_residual_median": 0.3489668667316437,
  "direct_residual_p90": 0.7658844888210299,
  "plus_newton_mae": 2.3433618296023434e-08,
  "plus_newton_rmse": 2.991573012671133e-08,
  "plus_newton_r2": 0.9999999999999991,
  "plus_newton_valid_ratio": 1.0,
  "plus_newton_residual_mean": 4.347600378165468e-14,
  "plus_newton_residual_median": 1.1102230246251565e-16,
  "plus_newton_residual_p90": 9.636735853746359e-14,
  "plus_newton_newton_iter_mean": 2.7604,
  "plus_newton_newton_iter_median": 3.0,
  "plus_newton_newton_iter_p90": 3.0,
  "plus_newton_converged_ratio": 1.0,
  "hp_use_log_ab": false,
  "hp_optimizer": "adamw",
  "hp_criterion": "smoothl1",
  "hp_dropout": 0.0,
  "hp_lr": 0.001,
  "hp_weight_decay": 0.0001,
  "hp_hidden_dims": "[256, 256, 128]",
  "hp_hidden_size": 128,
  "hp_num_layers": 2,
  "hp_head_hidden": 64,
  "hp_head_layers": 1,
  "hp_d_model": 32,
  "hp_nhead": 4,
  "hp_ff_dim": 128,
  "hp_use_cls_token": true
}{
  "trial_id": 1224,
  "trial_name": "trial_1224_transformer",
  "model": "transformer",
  "best_epoch": 60,
  "elapsed_sec": 137.6522045135498,
  "direct_mae": 0.33749333024024963,
  "direct_rmse": 0.41849032044410706,
  "direct_r2": 0.8176930397748947,
  "direct_valid_ratio": 1.0,
  "direct_residual_mean": 0.3813234269618988,
  "direct_residual_median": 0.3489668667316437,
  "direct_residual_p90": 0.7658844888210299,
  "plus_newton_mae": 2.3433618296023434e-08,
  "plus_newton_rmse": 2.991573012671133e-08,
  "plus_newton_r2": 0.9999999999999991,
  "plus_newton_valid_ratio": 1.0,
  "plus_newton_residual_mean": 4.347600378165468e-14,
  "plus_newton_residual_median": 1.1102230246251565e-16,
  "plus_newton_residual_p90": 9.636735853746359e-14,
  "plus_newton_newton_iter_mean": 2.7604,
  "plus_newton_newton_iter_median": 3.0,
  "plus_newton_newton_iter_p90": 3.0,
  "plus_newton_converged_ratio": 1.0,
  "hp_use_log_ab": false,
  "hp_optimizer": "adamw",
  "hp_criterion": "smoothl1",
  "hp_dropout": 0.0,
  "hp_lr": 0.001,
  "hp_weight_decay": 0.0001,
  "hp_hidden_dims": "[256, 256, 128]",
  "hp_hidden_size": 128,
  "hp_num_layers": 2,
  "hp_head_hidden": 64,
  "hp_head_layers": 1,
  "hp_d_model": 32,
  "hp_nhead": 4,
  "hp_ff_dim": 128,
  "hp_use_cls_token": true
}