{
  "trial_id": 275,
  "trial_name": "trial_275_gru",
  "model": "gru",
  "best_epoch": 100,
  "elapsed_sec": 268.51653933525085,
  "direct_mae": 0.096221424639225,
  "direct_rmse": 0.12000391632318497,
  "direct_r2": 0.9850092548877001,
  "direct_valid_ratio": 1.0,
  "direct_residual_mean": 0.12042880803346634,
  "direct_residual_median": 0.09966392815113068,
  "direct_residual_p90": 0.23681308627128608,
  "plus_newton_mae": 2.3433616884138284e-08,
  "plus_newton_rmse": 2.991572755797568e-08,
  "plus_newton_r2": 0.9999999999999991,
  "plus_newton_valid_ratio": 1.0,
  "plus_newton_residual_mean": 3.6030729574254597e-14,
  "plus_newton_residual_median": 1.1102230246251565e-16,
  "plus_newton_residual_p90": 5.3856918924566384e-14,
  "plus_newton_newton_iter_mean": 2.5979,
  "plus_newton_newton_iter_median": 3.0,
  "plus_newton_newton_iter_p90": 3.0,
  "plus_newton_converged_ratio": 1.0,
  "hp_use_log_ab": true,
  "hp_optimizer": "adamw",
  "hp_criterion": "mse",
  "hp_dropout": 0.0,
  "hp_lr": 0.001,
  "hp_weight_decay": 0.0001,
  "hp_hidden_dims": "[256, 256, 128]",
  "hp_hidden_size": 64,
  "hp_num_layers": 1,
  "hp_head_hidden": 128,
  "hp_head_layers": 1,
  "hp_d_model": 64,
  "hp_nhead": 4,
  "hp_ff_dim": 128,
  "hp_use_cls_token": false
}{
  "trial_id": 275,
  "trial_name": "trial_275_gru",
  "model": "gru",
  "best_epoch": 100,
  "elapsed_sec": 268.51653933525085,
  "direct_mae": 0.096221424639225,
  "direct_rmse": 0.12000391632318497,
  "direct_r2": 0.9850092548877001,
  "direct_valid_ratio": 1.0,
  "direct_residual_mean": 0.12042880803346634,
  "direct_residual_median": 0.09966392815113068,
  "direct_residual_p90": 0.23681308627128608,
  "plus_newton_mae": 2.3433616884138284e-08,
  "plus_newton_rmse": 2.991572755797568e-08,
  "plus_newton_r2": 0.9999999999999991,
  "plus_newton_valid_ratio": 1.0,
  "plus_newton_residual_mean": 3.6030729574254597e-14,
  "plus_newton_residual_median": 1.1102230246251565e-16,
  "plus_newton_residual_p90": 5.3856918924566384e-14,
  "plus_newton_newton_iter_mean": 2.5979,
  "plus_newton_newton_iter_median": 3.0,
  "plus_newton_newton_iter_p90": 3.0,
  "plus_newton_converged_ratio": 1.0,
  "hp_use_log_ab": true,
  "hp_optimizer": "adamw",
  "hp_criterion": "mse",
  "hp_dropout": 0.0,
  "hp_lr": 0.001,
  "hp_weight_decay": 0.0001,
  "hp_hidden_dims": "[256, 256, 128]",
  "hp_hidden_size": 64,
  "hp_num_layers": 1,
  "hp_head_hidden": 128,
  "hp_head_layers": 1,
  "hp_d_model": 64,
  "hp_nhead": 4,
  "hp_ff_dim": 128,
  "hp_use_cls_token": false
}