{
  "trial_id": 236,
  "trial_name": "trial_236_gru",
  "model": "gru",
  "best_epoch": 87,
  "elapsed_sec": 291.22113013267517,
  "direct_mae": 0.007040425203740597,
  "direct_rmse": 0.010713178664445877,
  "direct_r2": 0.9998805271825404,
  "direct_valid_ratio": 1.0,
  "direct_residual_mean": 0.008233715780079365,
  "direct_residual_median": 0.005706071853637695,
  "direct_residual_p90": 0.019443795084953325,
  "plus_newton_mae": 2.343361940516533e-08,
  "plus_newton_rmse": 2.991573105731796e-08,
  "plus_newton_r2": 0.9999999999999991,
  "plus_newton_valid_ratio": 1.0,
  "plus_newton_residual_mean": 4.306825347134206e-14,
  "plus_newton_residual_median": 1.1102230246251565e-16,
  "plus_newton_residual_p90": 9.443557047461606e-14,
  "plus_newton_newton_iter_mean": 2.0933,
  "plus_newton_newton_iter_median": 2.0,
  "plus_newton_newton_iter_p90": 3.0,
  "plus_newton_converged_ratio": 1.0,
  "hp_use_log_ab": false,
  "hp_optimizer": "adamw",
  "hp_criterion": "smoothl1",
  "hp_dropout": 0.1,
  "hp_lr": 0.0005,
  "hp_weight_decay": 1e-05,
  "hp_hidden_dims": "[256, 256, 128]",
  "hp_hidden_size": 128,
  "hp_num_layers": 1,
  "hp_head_hidden": 128,
  "hp_head_layers": 2,
  "hp_d_model": 64,
  "hp_nhead": 4,
  "hp_ff_dim": 128,
  "hp_use_cls_token": false
}{
  "trial_id": 236,
  "trial_name": "trial_236_gru",
  "model": "gru",
  "best_epoch": 87,
  "elapsed_sec": 291.22113013267517,
  "direct_mae": 0.007040425203740597,
  "direct_rmse": 0.010713178664445877,
  "direct_r2": 0.9998805271825404,
  "direct_valid_ratio": 1.0,
  "direct_residual_mean": 0.008233715780079365,
  "direct_residual_median": 0.005706071853637695,
  "direct_residual_p90": 0.019443795084953325,
  "plus_newton_mae": 2.343361940516533e-08,
  "plus_newton_rmse": 2.991573105731796e-08,
  "plus_newton_r2": 0.9999999999999991,
  "plus_newton_valid_ratio": 1.0,
  "plus_newton_residual_mean": 4.306825347134206e-14,
  "plus_newton_residual_median": 1.1102230246251565e-16,
  "plus_newton_residual_p90": 9.443557047461606e-14,
  "plus_newton_newton_iter_mean": 2.0933,
  "plus_newton_newton_iter_median": 2.0,
  "plus_newton_newton_iter_p90": 3.0,
  "plus_newton_converged_ratio": 1.0,
  "hp_use_log_ab": false,
  "hp_optimizer": "adamw",
  "hp_criterion": "smoothl1",
  "hp_dropout": 0.1,
  "hp_lr": 0.0005,
  "hp_weight_decay": 1e-05,
  "hp_hidden_dims": "[256, 256, 128]",
  "hp_hidden_size": 128,
  "hp_num_layers": 1,
  "hp_head_hidden": 128,
  "hp_head_layers": 2,
  "hp_d_model": 64,
  "hp_nhead": 4,
  "hp_ff_dim": 128,
  "hp_use_cls_token": false
}