{
  "trial_id": 324,
  "trial_name": "trial_324_lstm",
  "model": "lstm",
  "best_epoch": 25,
  "elapsed_sec": 100.19392657279968,
  "direct_mae": 0.00650087371468544,
  "direct_rmse": 0.008489495143294334,
  "direct_r2": 0.9999249767060974,
  "direct_valid_ratio": 1.0,
  "direct_residual_mean": 0.007942062802612782,
  "direct_residual_median": 0.006244629621505737,
  "direct_residual_p90": 0.016653439402580263,
  "plus_newton_mae": 2.343361860597381e-08,
  "plus_newton_rmse": 2.9915728645524114e-08,
  "plus_newton_r2": 0.9999999999999991,
  "plus_newton_valid_ratio": 1.0,
  "plus_newton_residual_mean": 4.8000550799067894e-14,
  "plus_newton_residual_median": 1.1102230246251565e-16,
  "plus_newton_residual_p90": 1.163513729807164e-13,
  "plus_newton_newton_iter_mean": 2.1471,
  "plus_newton_newton_iter_median": 2.0,
  "plus_newton_newton_iter_p90": 3.0,
  "plus_newton_converged_ratio": 1.0,
  "hp_use_log_ab": true,
  "hp_optimizer": "adamw",
  "hp_criterion": "mse",
  "hp_dropout": 0.1,
  "hp_lr": 0.001,
  "hp_weight_decay": 1e-05,
  "hp_hidden_dims": "[256, 256, 128]",
  "hp_hidden_size": 64,
  "hp_num_layers": 1,
  "hp_head_hidden": 128,
  "hp_head_layers": 2,
  "hp_d_model": 64,
  "hp_nhead": 4,
  "hp_ff_dim": 128,
  "hp_use_cls_token": false
}{
  "trial_id": 324,
  "trial_name": "trial_324_lstm",
  "model": "lstm",
  "best_epoch": 25,
  "elapsed_sec": 100.19392657279968,
  "direct_mae": 0.00650087371468544,
  "direct_rmse": 0.008489495143294334,
  "direct_r2": 0.9999249767060974,
  "direct_valid_ratio": 1.0,
  "direct_residual_mean": 0.007942062802612782,
  "direct_residual_median": 0.006244629621505737,
  "direct_residual_p90": 0.016653439402580263,
  "plus_newton_mae": 2.343361860597381e-08,
  "plus_newton_rmse": 2.9915728645524114e-08,
  "plus_newton_r2": 0.9999999999999991,
  "plus_newton_valid_ratio": 1.0,
  "plus_newton_residual_mean": 4.8000550799067894e-14,
  "plus_newton_residual_median": 1.1102230246251565e-16,
  "plus_newton_residual_p90": 1.163513729807164e-13,
  "plus_newton_newton_iter_mean": 2.1471,
  "plus_newton_newton_iter_median": 2.0,
  "plus_newton_newton_iter_p90": 3.0,
  "plus_newton_converged_ratio": 1.0,
  "hp_use_log_ab": true,
  "hp_optimizer": "adamw",
  "hp_criterion": "mse",
  "hp_dropout": 0.1,
  "hp_lr": 0.001,
  "hp_weight_decay": 1e-05,
  "hp_hidden_dims": "[256, 256, 128]",
  "hp_hidden_size": 64,
  "hp_num_layers": 1,
  "hp_head_hidden": 128,
  "hp_head_layers": 2,
  "hp_d_model": 64,
  "hp_nhead": 4,
  "hp_ff_dim": 128,
  "hp_use_cls_token": false
}