{
  "trial_id": 2711,
  "trial_name": "trial_2711_transformer",
  "model": "transformer",
  "best_epoch": 113,
  "elapsed_sec": 876.9674708843231,
  "direct_mae": 0.010544401593506336,
  "direct_rmse": 0.01369097363203764,
  "direct_r2": 0.9998048803390702,
  "direct_valid_ratio": 1.0,
  "direct_residual_mean": 0.012493768706917763,
  "direct_residual_median": 0.009681135416030884,
  "direct_residual_p90": 0.02591504454612732,
  "plus_newton_mae": 2.3433618495016322e-08,
  "plus_newton_rmse": 2.99157305660905e-08,
  "plus_newton_r2": 0.9999999999999991,
  "plus_newton_valid_ratio": 1.0,
  "plus_newton_residual_mean": 4.189267373280671e-14,
  "plus_newton_residual_median": 1.1102230246251565e-16,
  "plus_newton_residual_p90": 8.646972027293046e-14,
  "plus_newton_newton_iter_mean": 2.1737,
  "plus_newton_newton_iter_median": 2.0,
  "plus_newton_newton_iter_p90": 3.0,
  "plus_newton_converged_ratio": 1.0,
  "hp_use_log_ab": true,
  "hp_optimizer": "adamw",
  "hp_criterion": "mse",
  "hp_dropout": 0.1,
  "hp_lr": 0.001,
  "hp_weight_decay": 0.0001,
  "hp_hidden_dims": "[256, 256, 128]",
  "hp_hidden_size": 128,
  "hp_num_layers": 1,
  "hp_head_hidden": 64,
  "hp_head_layers": 2,
  "hp_d_model": 32,
  "hp_nhead": 4,
  "hp_ff_dim": 128,
  "hp_use_cls_token": false
}{
  "trial_id": 2711,
  "trial_name": "trial_2711_transformer",
  "model": "transformer",
  "best_epoch": 113,
  "elapsed_sec": 876.9674708843231,
  "direct_mae": 0.010544401593506336,
  "direct_rmse": 0.01369097363203764,
  "direct_r2": 0.9998048803390702,
  "direct_valid_ratio": 1.0,
  "direct_residual_mean": 0.012493768706917763,
  "direct_residual_median": 0.009681135416030884,
  "direct_residual_p90": 0.02591504454612732,
  "plus_newton_mae": 2.3433618495016322e-08,
  "plus_newton_rmse": 2.99157305660905e-08,
  "plus_newton_r2": 0.9999999999999991,
  "plus_newton_valid_ratio": 1.0,
  "plus_newton_residual_mean": 4.189267373280671e-14,
  "plus_newton_residual_median": 1.1102230246251565e-16,
  "plus_newton_residual_p90": 8.646972027293046e-14,
  "plus_newton_newton_iter_mean": 2.1737,
  "plus_newton_newton_iter_median": 2.0,
  "plus_newton_newton_iter_p90": 3.0,
  "plus_newton_converged_ratio": 1.0,
  "hp_use_log_ab": true,
  "hp_optimizer": "adamw",
  "hp_criterion": "mse",
  "hp_dropout": 0.1,
  "hp_lr": 0.001,
  "hp_weight_decay": 0.0001,
  "hp_hidden_dims": "[256, 256, 128]",
  "hp_hidden_size": 128,
  "hp_num_layers": 1,
  "hp_head_hidden": 64,
  "hp_head_layers": 2,
  "hp_d_model": 32,
  "hp_nhead": 4,
  "hp_ff_dim": 128,
  "hp_use_cls_token": false
}