{
  "trial_id": 1199,
  "trial_name": "trial_1199_transformer",
  "model": "transformer",
  "best_epoch": 8,
  "elapsed_sec": 38.43606400489807,
  "direct_mae": 0.33904513716697693,
  "direct_rmse": 0.4183458387851715,
  "direct_r2": 0.8178189247846603,
  "direct_valid_ratio": 1.0,
  "direct_residual_mean": 0.38275328278541565,
  "direct_residual_median": 0.35315412282943726,
  "direct_residual_p90": 0.7579396843910219,
  "plus_newton_mae": 2.343361787252804e-08,
  "plus_newton_rmse": 2.9915729755301e-08,
  "plus_newton_r2": 0.9999999999999991,
  "plus_newton_valid_ratio": 1.0,
  "plus_newton_residual_mean": 4.2506018369506724e-14,
  "plus_newton_residual_median": 1.6653345369377348e-16,
  "plus_newton_residual_p90": 9.8987484875579e-14,
  "plus_newton_newton_iter_mean": 2.759,
  "plus_newton_newton_iter_median": 3.0,
  "plus_newton_newton_iter_p90": 3.0,
  "plus_newton_converged_ratio": 1.0,
  "hp_use_log_ab": false,
  "hp_optimizer": "adamw",
  "hp_criterion": "smoothl1",
  "hp_dropout": 0.0,
  "hp_lr": 0.001,
  "hp_weight_decay": 0.0001,
  "hp_hidden_dims": "[256, 256, 128]",
  "hp_hidden_size": 128,
  "hp_num_layers": 1,
  "hp_head_hidden": 128,
  "hp_head_layers": 1,
  "hp_d_model": 64,
  "hp_nhead": 4,
  "hp_ff_dim": 128,
  "hp_use_cls_token": false
}{
  "trial_id": 1199,
  "trial_name": "trial_1199_transformer",
  "model": "transformer",
  "best_epoch": 8,
  "elapsed_sec": 38.43606400489807,
  "direct_mae": 0.33904513716697693,
  "direct_rmse": 0.4183458387851715,
  "direct_r2": 0.8178189247846603,
  "direct_valid_ratio": 1.0,
  "direct_residual_mean": 0.38275328278541565,
  "direct_residual_median": 0.35315412282943726,
  "direct_residual_p90": 0.7579396843910219,
  "plus_newton_mae": 2.343361787252804e-08,
  "plus_newton_rmse": 2.9915729755301e-08,
  "plus_newton_r2": 0.9999999999999991,
  "plus_newton_valid_ratio": 1.0,
  "plus_newton_residual_mean": 4.2506018369506724e-14,
  "plus_newton_residual_median": 1.6653345369377348e-16,
  "plus_newton_residual_p90": 9.8987484875579e-14,
  "plus_newton_newton_iter_mean": 2.759,
  "plus_newton_newton_iter_median": 3.0,
  "plus_newton_newton_iter_p90": 3.0,
  "plus_newton_converged_ratio": 1.0,
  "hp_use_log_ab": false,
  "hp_optimizer": "adamw",
  "hp_criterion": "smoothl1",
  "hp_dropout": 0.0,
  "hp_lr": 0.001,
  "hp_weight_decay": 0.0001,
  "hp_hidden_dims": "[256, 256, 128]",
  "hp_hidden_size": 128,
  "hp_num_layers": 1,
  "hp_head_hidden": 128,
  "hp_head_layers": 1,
  "hp_d_model": 64,
  "hp_nhead": 4,
  "hp_ff_dim": 128,
  "hp_use_cls_token": false
}