{
  "trial_id": 1190,
  "trial_name": "trial_1190_transformer",
  "model": "transformer",
  "best_epoch": 4,
  "elapsed_sec": 33.257206439971924,
  "direct_mae": 0.34124329686164856,
  "direct_rmse": 0.41832226514816284,
  "direct_r2": 0.8178394287824631,
  "direct_valid_ratio": 1.0,
  "direct_residual_mean": 0.38827112317085266,
  "direct_residual_median": 0.35810405015945435,
  "direct_residual_p90": 0.7599236011505128,
  "plus_newton_mae": 2.3433618646132333e-08,
  "plus_newton_rmse": 2.9915730447348455e-08,
  "plus_newton_r2": 0.9999999999999991,
  "plus_newton_valid_ratio": 1.0,
  "plus_newton_residual_mean": 4.492793755563688e-14,
  "plus_newton_residual_median": 1.218643241873707e-16,
  "plus_newton_residual_p90": 9.980904991380157e-14,
  "plus_newton_newton_iter_mean": 2.7758,
  "plus_newton_newton_iter_median": 3.0,
  "plus_newton_newton_iter_p90": 3.0,
  "plus_newton_converged_ratio": 1.0,
  "hp_use_log_ab": false,
  "hp_optimizer": "adamw",
  "hp_criterion": "smoothl1",
  "hp_dropout": 0.0,
  "hp_lr": 0.001,
  "hp_weight_decay": 0.0001,
  "hp_hidden_dims": "[256, 256, 128]",
  "hp_hidden_size": 128,
  "hp_num_layers": 1,
  "hp_head_hidden": 128,
  "hp_head_layers": 1,
  "hp_d_model": 32,
  "hp_nhead": 4,
  "hp_ff_dim": 64,
  "hp_use_cls_token": true
}{
  "trial_id": 1190,
  "trial_name": "trial_1190_transformer",
  "model": "transformer",
  "best_epoch": 4,
  "elapsed_sec": 33.257206439971924,
  "direct_mae": 0.34124329686164856,
  "direct_rmse": 0.41832226514816284,
  "direct_r2": 0.8178394287824631,
  "direct_valid_ratio": 1.0,
  "direct_residual_mean": 0.38827112317085266,
  "direct_residual_median": 0.35810405015945435,
  "direct_residual_p90": 0.7599236011505128,
  "plus_newton_mae": 2.3433618646132333e-08,
  "plus_newton_rmse": 2.9915730447348455e-08,
  "plus_newton_r2": 0.9999999999999991,
  "plus_newton_valid_ratio": 1.0,
  "plus_newton_residual_mean": 4.492793755563688e-14,
  "plus_newton_residual_median": 1.218643241873707e-16,
  "plus_newton_residual_p90": 9.980904991380157e-14,
  "plus_newton_newton_iter_mean": 2.7758,
  "plus_newton_newton_iter_median": 3.0,
  "plus_newton_newton_iter_p90": 3.0,
  "plus_newton_converged_ratio": 1.0,
  "hp_use_log_ab": false,
  "hp_optimizer": "adamw",
  "hp_criterion": "smoothl1",
  "hp_dropout": 0.0,
  "hp_lr": 0.001,
  "hp_weight_decay": 0.0001,
  "hp_hidden_dims": "[256, 256, 128]",
  "hp_hidden_size": 128,
  "hp_num_layers": 1,
  "hp_head_hidden": 128,
  "hp_head_layers": 1,
  "hp_d_model": 32,
  "hp_nhead": 4,
  "hp_ff_dim": 64,
  "hp_use_cls_token": true
}