{
  "trial_id": 1599,
  "trial_name": "trial_1599_transformer",
  "model": "transformer",
  "best_epoch": 59,
  "elapsed_sec": 113.16517186164856,
  "direct_mae": 0.010527687147259712,
  "direct_rmse": 0.014244386926293373,
  "direct_r2": 0.9997887873614673,
  "direct_valid_ratio": 1.0,
  "direct_residual_mean": 0.01282485481351614,
  "direct_residual_median": 0.009461268782615662,
  "direct_residual_p90": 0.027510207891464234,
  "plus_newton_mae": 2.3433618915435937e-08,
  "plus_newton_rmse": 2.9915730915329096e-08,
  "plus_newton_r2": 0.9999999999999991,
  "plus_newton_valid_ratio": 1.0,
  "plus_newton_residual_mean": 3.820537320237038e-14,
  "plus_newton_residual_median": 1.1102230246251565e-16,
  "plus_newton_residual_p90": 5.866418462119343e-14,
  "plus_newton_newton_iter_mean": 2.2202,
  "plus_newton_newton_iter_median": 2.0,
  "plus_newton_newton_iter_p90": 3.0,
  "plus_newton_converged_ratio": 1.0,
  "hp_use_log_ab": false,
  "hp_optimizer": "adamw",
  "hp_criterion": "smoothl1",
  "hp_dropout": 0.1,
  "hp_lr": 0.001,
  "hp_weight_decay": 1e-05,
  "hp_hidden_dims": "[256, 256, 128]",
  "hp_hidden_size": 128,
  "hp_num_layers": 1,
  "hp_head_hidden": 128,
  "hp_head_layers": 2,
  "hp_d_model": 64,
  "hp_nhead": 4,
  "hp_ff_dim": 128,
  "hp_use_cls_token": false
}{
  "trial_id": 1599,
  "trial_name": "trial_1599_transformer",
  "model": "transformer",
  "best_epoch": 59,
  "elapsed_sec": 113.16517186164856,
  "direct_mae": 0.010527687147259712,
  "direct_rmse": 0.014244386926293373,
  "direct_r2": 0.9997887873614673,
  "direct_valid_ratio": 1.0,
  "direct_residual_mean": 0.01282485481351614,
  "direct_residual_median": 0.009461268782615662,
  "direct_residual_p90": 0.027510207891464234,
  "plus_newton_mae": 2.3433618915435937e-08,
  "plus_newton_rmse": 2.9915730915329096e-08,
  "plus_newton_r2": 0.9999999999999991,
  "plus_newton_valid_ratio": 1.0,
  "plus_newton_residual_mean": 3.820537320237038e-14,
  "plus_newton_residual_median": 1.1102230246251565e-16,
  "plus_newton_residual_p90": 5.866418462119343e-14,
  "plus_newton_newton_iter_mean": 2.2202,
  "plus_newton_newton_iter_median": 2.0,
  "plus_newton_newton_iter_p90": 3.0,
  "plus_newton_converged_ratio": 1.0,
  "hp_use_log_ab": false,
  "hp_optimizer": "adamw",
  "hp_criterion": "smoothl1",
  "hp_dropout": 0.1,
  "hp_lr": 0.001,
  "hp_weight_decay": 1e-05,
  "hp_hidden_dims": "[256, 256, 128]",
  "hp_hidden_size": 128,
  "hp_num_layers": 1,
  "hp_head_hidden": 128,
  "hp_head_layers": 2,
  "hp_d_model": 64,
  "hp_nhead": 4,
  "hp_ff_dim": 128,
  "hp_use_cls_token": false
}