{
  "trial_id": 2904,
  "trial_name": "trial_2904_transformer",
  "model": "transformer",
  "best_epoch": 58,
  "elapsed_sec": 676.0154476165771,
  "direct_mae": 0.01176480669528246,
  "direct_rmse": 0.014765102416276932,
  "direct_r2": 0.9997730629984289,
  "direct_valid_ratio": 1.0,
  "direct_residual_mean": 0.01391506940126419,
  "direct_residual_median": 0.011501282453536987,
  "direct_residual_p90": 0.028511953353881847,
  "plus_newton_mae": 2.3433618213444773e-08,
  "plus_newton_rmse": 2.991573051265376e-08,
  "plus_newton_r2": 0.9999999999999991,
  "plus_newton_valid_ratio": 1.0,
  "plus_newton_residual_mean": 3.2891469602760085e-14,
  "plus_newton_residual_median": 1.1102230246251565e-16,
  "plus_newton_residual_p90": 4.641287354445469e-14,
  "plus_newton_newton_iter_mean": 2.2167,
  "plus_newton_newton_iter_median": 2.0,
  "plus_newton_newton_iter_p90": 3.0,
  "plus_newton_converged_ratio": 1.0,
  "hp_use_log_ab": true,
  "hp_optimizer": "adamw",
  "hp_criterion": "mse",
  "hp_dropout": 0.1,
  "hp_lr": 0.0005,
  "hp_weight_decay": 1e-05,
  "hp_hidden_dims": "[256, 256, 128]",
  "hp_hidden_size": 128,
  "hp_num_layers": 2,
  "hp_head_hidden": 64,
  "hp_head_layers": 2,
  "hp_d_model": 32,
  "hp_nhead": 4,
  "hp_ff_dim": 128,
  "hp_use_cls_token": true
}{
  "trial_id": 2904,
  "trial_name": "trial_2904_transformer",
  "model": "transformer",
  "best_epoch": 58,
  "elapsed_sec": 676.0154476165771,
  "direct_mae": 0.01176480669528246,
  "direct_rmse": 0.014765102416276932,
  "direct_r2": 0.9997730629984289,
  "direct_valid_ratio": 1.0,
  "direct_residual_mean": 0.01391506940126419,
  "direct_residual_median": 0.011501282453536987,
  "direct_residual_p90": 0.028511953353881847,
  "plus_newton_mae": 2.3433618213444773e-08,
  "plus_newton_rmse": 2.991573051265376e-08,
  "plus_newton_r2": 0.9999999999999991,
  "plus_newton_valid_ratio": 1.0,
  "plus_newton_residual_mean": 3.2891469602760085e-14,
  "plus_newton_residual_median": 1.1102230246251565e-16,
  "plus_newton_residual_p90": 4.641287354445469e-14,
  "plus_newton_newton_iter_mean": 2.2167,
  "plus_newton_newton_iter_median": 2.0,
  "plus_newton_newton_iter_p90": 3.0,
  "plus_newton_converged_ratio": 1.0,
  "hp_use_log_ab": true,
  "hp_optimizer": "adamw",
  "hp_criterion": "mse",
  "hp_dropout": 0.1,
  "hp_lr": 0.0005,
  "hp_weight_decay": 1e-05,
  "hp_hidden_dims": "[256, 256, 128]",
  "hp_hidden_size": 128,
  "hp_num_layers": 2,
  "hp_head_hidden": 64,
  "hp_head_layers": 2,
  "hp_d_model": 32,
  "hp_nhead": 4,
  "hp_ff_dim": 128,
  "hp_use_cls_token": true
}