{
  "trial_id": 449,
  "trial_name": "trial_449_lstm",
  "model": "lstm",
  "best_epoch": 117,
  "elapsed_sec": 242.65994572639465,
  "direct_mae": 0.09422965347766876,
  "direct_rmse": 0.12813220918178558,
  "direct_r2": 0.9829097259789705,
  "direct_valid_ratio": 1.0,
  "direct_residual_mean": 0.12121699005365372,
  "direct_residual_median": 0.08635750412940979,
  "direct_residual_p90": 0.26345556080341365,
  "plus_newton_mae": 2.3433617574674645e-08,
  "plus_newton_rmse": 2.9915728898713816e-08,
  "plus_newton_r2": 0.9999999999999991,
  "plus_newton_valid_ratio": 1.0,
  "plus_newton_residual_mean": 4.350869909197422e-14,
  "plus_newton_residual_median": 1.1102230246251565e-16,
  "plus_newton_residual_p90": 8.220091274324675e-14,
  "plus_newton_newton_iter_mean": 2.6043,
  "plus_newton_newton_iter_median": 3.0,
  "plus_newton_newton_iter_p90": 3.0,
  "plus_newton_converged_ratio": 1.0,
  "hp_use_log_ab": true,
  "hp_optimizer": "adamw",
  "hp_criterion": "smoothl1",
  "hp_dropout": 0.1,
  "hp_lr": 0.001,
  "hp_weight_decay": 1e-05,
  "hp_hidden_dims": "[256, 256, 128]",
  "hp_hidden_size": 64,
  "hp_num_layers": 1,
  "hp_head_hidden": 64,
  "hp_head_layers": 1,
  "hp_d_model": 64,
  "hp_nhead": 4,
  "hp_ff_dim": 128,
  "hp_use_cls_token": false
}{
  "trial_id": 449,
  "trial_name": "trial_449_lstm",
  "model": "lstm",
  "best_epoch": 117,
  "elapsed_sec": 242.65994572639465,
  "direct_mae": 0.09422965347766876,
  "direct_rmse": 0.12813220918178558,
  "direct_r2": 0.9829097259789705,
  "direct_valid_ratio": 1.0,
  "direct_residual_mean": 0.12121699005365372,
  "direct_residual_median": 0.08635750412940979,
  "direct_residual_p90": 0.26345556080341365,
  "plus_newton_mae": 2.3433617574674645e-08,
  "plus_newton_rmse": 2.9915728898713816e-08,
  "plus_newton_r2": 0.9999999999999991,
  "plus_newton_valid_ratio": 1.0,
  "plus_newton_residual_mean": 4.350869909197422e-14,
  "plus_newton_residual_median": 1.1102230246251565e-16,
  "plus_newton_residual_p90": 8.220091274324675e-14,
  "plus_newton_newton_iter_mean": 2.6043,
  "plus_newton_newton_iter_median": 3.0,
  "plus_newton_newton_iter_p90": 3.0,
  "plus_newton_converged_ratio": 1.0,
  "hp_use_log_ab": true,
  "hp_optimizer": "adamw",
  "hp_criterion": "smoothl1",
  "hp_dropout": 0.1,
  "hp_lr": 0.001,
  "hp_weight_decay": 1e-05,
  "hp_hidden_dims": "[256, 256, 128]",
  "hp_hidden_size": 64,
  "hp_num_layers": 1,
  "hp_head_hidden": 64,
  "hp_head_layers": 1,
  "hp_d_model": 64,
  "hp_nhead": 4,
  "hp_ff_dim": 128,
  "hp_use_cls_token": false
}