{
  "trial_id": 2055,
  "trial_name": "trial_2055_transformer",
  "model": "transformer",
  "best_epoch": 70,
  "elapsed_sec": 121.49175930023193,
  "direct_mae": 0.10571646690368652,
  "direct_rmse": 0.13145524263381958,
  "direct_r2": 0.982011778280139,
  "direct_valid_ratio": 1.0,
  "direct_residual_mean": 0.1332150101661682,
  "direct_residual_median": 0.11193710565567017,
  "direct_residual_p90": 0.25620197355747226,
  "plus_newton_mae": 2.3433620196103034e-08,
  "plus_newton_rmse": 2.991573186602906e-08,
  "plus_newton_r2": 0.9999999999999991,
  "plus_newton_valid_ratio": 1.0,
  "plus_newton_residual_mean": 3.609480049088031e-14,
  "plus_newton_residual_median": 1.1102230246251565e-16,
  "plus_newton_residual_p90": 5.739853037312059e-14,
  "plus_newton_newton_iter_mean": 2.6227,
  "plus_newton_newton_iter_median": 3.0,
  "plus_newton_newton_iter_p90": 3.0,
  "plus_newton_converged_ratio": 1.0,
  "hp_use_log_ab": true,
  "hp_optimizer": "adamw",
  "hp_criterion": "mse",
  "hp_dropout": 0.0,
  "hp_lr": 0.001,
  "hp_weight_decay": 1e-05,
  "hp_hidden_dims": "[256, 256, 128]",
  "hp_hidden_size": 128,
  "hp_num_layers": 1,
  "hp_head_hidden": 64,
  "hp_head_layers": 1,
  "hp_d_model": 32,
  "hp_nhead": 4,
  "hp_ff_dim": 128,
  "hp_use_cls_token": false
}{
  "trial_id": 2055,
  "trial_name": "trial_2055_transformer",
  "model": "transformer",
  "best_epoch": 70,
  "elapsed_sec": 121.49175930023193,
  "direct_mae": 0.10571646690368652,
  "direct_rmse": 0.13145524263381958,
  "direct_r2": 0.982011778280139,
  "direct_valid_ratio": 1.0,
  "direct_residual_mean": 0.1332150101661682,
  "direct_residual_median": 0.11193710565567017,
  "direct_residual_p90": 0.25620197355747226,
  "plus_newton_mae": 2.3433620196103034e-08,
  "plus_newton_rmse": 2.991573186602906e-08,
  "plus_newton_r2": 0.9999999999999991,
  "plus_newton_valid_ratio": 1.0,
  "plus_newton_residual_mean": 3.609480049088031e-14,
  "plus_newton_residual_median": 1.1102230246251565e-16,
  "plus_newton_residual_p90": 5.739853037312059e-14,
  "plus_newton_newton_iter_mean": 2.6227,
  "plus_newton_newton_iter_median": 3.0,
  "plus_newton_newton_iter_p90": 3.0,
  "plus_newton_converged_ratio": 1.0,
  "hp_use_log_ab": true,
  "hp_optimizer": "adamw",
  "hp_criterion": "mse",
  "hp_dropout": 0.0,
  "hp_lr": 0.001,
  "hp_weight_decay": 1e-05,
  "hp_hidden_dims": "[256, 256, 128]",
  "hp_hidden_size": 128,
  "hp_num_layers": 1,
  "hp_head_hidden": 64,
  "hp_head_layers": 1,
  "hp_d_model": 32,
  "hp_nhead": 4,
  "hp_ff_dim": 128,
  "hp_use_cls_token": false
}