{
  "trial_id": 2779,
  "trial_name": "trial_2779_transformer",
  "model": "transformer",
  "best_epoch": 38,
  "elapsed_sec": 459.47833132743835,
  "direct_mae": 0.013353118672966957,
  "direct_rmse": 0.016261756420135498,
  "direct_r2": 0.999724724679254,
  "direct_valid_ratio": 1.0,
  "direct_residual_mean": 0.016339847818017006,
  "direct_residual_median": 0.013132631778717041,
  "direct_residual_p90": 0.0336228609085083,
  "plus_newton_mae": 2.3433619407961383e-08,
  "plus_newton_rmse": 2.991573149374283e-08,
  "plus_newton_r2": 0.9999999999999991,
  "plus_newton_valid_ratio": 1.0,
  "plus_newton_residual_mean": 2.992649117798278e-14,
  "plus_newton_residual_median": 1.1102230246251565e-16,
  "plus_newton_residual_p90": 2.8888003100746654e-14,
  "plus_newton_newton_iter_mean": 2.2836,
  "plus_newton_newton_iter_median": 2.0,
  "plus_newton_newton_iter_p90": 3.0,
  "plus_newton_converged_ratio": 1.0,
  "hp_use_log_ab": true,
  "hp_optimizer": "adamw",
  "hp_criterion": "mse",
  "hp_dropout": 0.1,
  "hp_lr": 0.001,
  "hp_weight_decay": 0.0001,
  "hp_hidden_dims": "[256, 256, 128]",
  "hp_hidden_size": 128,
  "hp_num_layers": 2,
  "hp_head_hidden": 64,
  "hp_head_layers": 2,
  "hp_d_model": 64,
  "hp_nhead": 2,
  "hp_ff_dim": 128,
  "hp_use_cls_token": false
}{
  "trial_id": 2779,
  "trial_name": "trial_2779_transformer",
  "model": "transformer",
  "best_epoch": 38,
  "elapsed_sec": 459.47833132743835,
  "direct_mae": 0.013353118672966957,
  "direct_rmse": 0.016261756420135498,
  "direct_r2": 0.999724724679254,
  "direct_valid_ratio": 1.0,
  "direct_residual_mean": 0.016339847818017006,
  "direct_residual_median": 0.013132631778717041,
  "direct_residual_p90": 0.0336228609085083,
  "plus_newton_mae": 2.3433619407961383e-08,
  "plus_newton_rmse": 2.991573149374283e-08,
  "plus_newton_r2": 0.9999999999999991,
  "plus_newton_valid_ratio": 1.0,
  "plus_newton_residual_mean": 2.992649117798278e-14,
  "plus_newton_residual_median": 1.1102230246251565e-16,
  "plus_newton_residual_p90": 2.8888003100746654e-14,
  "plus_newton_newton_iter_mean": 2.2836,
  "plus_newton_newton_iter_median": 2.0,
  "plus_newton_newton_iter_p90": 3.0,
  "plus_newton_converged_ratio": 1.0,
  "hp_use_log_ab": true,
  "hp_optimizer": "adamw",
  "hp_criterion": "mse",
  "hp_dropout": 0.1,
  "hp_lr": 0.001,
  "hp_weight_decay": 0.0001,
  "hp_hidden_dims": "[256, 256, 128]",
  "hp_hidden_size": 128,
  "hp_num_layers": 2,
  "hp_head_hidden": 64,
  "hp_head_layers": 2,
  "hp_d_model": 64,
  "hp_nhead": 2,
  "hp_ff_dim": 128,
  "hp_use_cls_token": false
}