{
  "trial_id": 3017,
  "trial_name": "trial_3017_transformer",
  "model": "transformer",
  "best_epoch": 99,
  "elapsed_sec": 205.79093480110168,
  "direct_mae": 0.10180550813674927,
  "direct_rmse": 0.12894098460674286,
  "direct_r2": 0.9826932977885008,
  "direct_valid_ratio": 1.0,
  "direct_residual_mean": 0.128245010972023,
  "direct_residual_median": 0.10356133431196213,
  "direct_residual_p90": 0.2498988598585129,
  "plus_newton_mae": 2.3433618092968272e-08,
  "plus_newton_rmse": 2.991572935055114e-08,
  "plus_newton_r2": 0.9999999999999991,
  "plus_newton_valid_ratio": 1.0,
  "plus_newton_residual_mean": 3.373319410364731e-14,
  "plus_newton_residual_median": 1.1102230246251565e-16,
  "plus_newton_residual_p90": 4.790751129135629e-14,
  "plus_newton_newton_iter_mean": 2.6068,
  "plus_newton_newton_iter_median": 3.0,
  "plus_newton_newton_iter_p90": 3.0,
  "plus_newton_converged_ratio": 1.0,
  "hp_use_log_ab": true,
  "hp_optimizer": "adamw",
  "hp_criterion": "mse",
  "hp_dropout": 0.1,
  "hp_lr": 0.0005,
  "hp_weight_decay": 0.0001,
  "hp_hidden_dims": "[256, 256, 128]",
  "hp_hidden_size": 128,
  "hp_num_layers": 2,
  "hp_head_hidden": 64,
  "hp_head_layers": 1,
  "hp_d_model": 64,
  "hp_nhead": 2,
  "hp_ff_dim": 64,
  "hp_use_cls_token": false
}{
  "trial_id": 3017,
  "trial_name": "trial_3017_transformer",
  "model": "transformer",
  "best_epoch": 99,
  "elapsed_sec": 205.79093480110168,
  "direct_mae": 0.10180550813674927,
  "direct_rmse": 0.12894098460674286,
  "direct_r2": 0.9826932977885008,
  "direct_valid_ratio": 1.0,
  "direct_residual_mean": 0.128245010972023,
  "direct_residual_median": 0.10356133431196213,
  "direct_residual_p90": 0.2498988598585129,
  "plus_newton_mae": 2.3433618092968272e-08,
  "plus_newton_rmse": 2.991572935055114e-08,
  "plus_newton_r2": 0.9999999999999991,
  "plus_newton_valid_ratio": 1.0,
  "plus_newton_residual_mean": 3.373319410364731e-14,
  "plus_newton_residual_median": 1.1102230246251565e-16,
  "plus_newton_residual_p90": 4.790751129135629e-14,
  "plus_newton_newton_iter_mean": 2.6068,
  "plus_newton_newton_iter_median": 3.0,
  "plus_newton_newton_iter_p90": 3.0,
  "plus_newton_converged_ratio": 1.0,
  "hp_use_log_ab": true,
  "hp_optimizer": "adamw",
  "hp_criterion": "mse",
  "hp_dropout": 0.1,
  "hp_lr": 0.0005,
  "hp_weight_decay": 0.0001,
  "hp_hidden_dims": "[256, 256, 128]",
  "hp_hidden_size": 128,
  "hp_num_layers": 2,
  "hp_head_hidden": 64,
  "hp_head_layers": 1,
  "hp_d_model": 64,
  "hp_nhead": 2,
  "hp_ff_dim": 64,
  "hp_use_cls_token": false
}