{
  "trial_id": 326,
  "trial_name": "trial_326_gru",
  "model": "gru",
  "best_epoch": 38,
  "elapsed_sec": 136.23270964622498,
  "direct_mae": 0.009994009509682655,
  "direct_rmse": 0.013243092224001884,
  "direct_r2": 0.999817437666934,
  "direct_valid_ratio": 1.0,
  "direct_residual_mean": 0.01165818888694048,
  "direct_residual_median": 0.009262382984161377,
  "direct_residual_p90": 0.026036709547042854,
  "plus_newton_mae": 2.3433617499848707e-08,
  "plus_newton_rmse": 2.9915729974918634e-08,
  "plus_newton_r2": 0.9999999999999991,
  "plus_newton_valid_ratio": 1.0,
  "plus_newton_residual_mean": 4.004666942890046e-14,
  "plus_newton_residual_median": 1.1102230246251565e-16,
  "plus_newton_residual_p90": 8.038014698286133e-14,
  "plus_newton_newton_iter_mean": 2.1757,
  "plus_newton_newton_iter_median": 2.0,
  "plus_newton_newton_iter_p90": 3.0,
  "plus_newton_converged_ratio": 1.0,
  "hp_use_log_ab": true,
  "hp_optimizer": "adamw",
  "hp_criterion": "mse",
  "hp_dropout": 0.1,
  "hp_lr": 0.001,
  "hp_weight_decay": 1e-05,
  "hp_hidden_dims": "[256, 256, 128]",
  "hp_hidden_size": 64,
  "hp_num_layers": 2,
  "hp_head_hidden": 64,
  "hp_head_layers": 2,
  "hp_d_model": 64,
  "hp_nhead": 4,
  "hp_ff_dim": 128,
  "hp_use_cls_token": false
}{
  "trial_id": 326,
  "trial_name": "trial_326_gru",
  "model": "gru",
  "best_epoch": 38,
  "elapsed_sec": 136.23270964622498,
  "direct_mae": 0.009994009509682655,
  "direct_rmse": 0.013243092224001884,
  "direct_r2": 0.999817437666934,
  "direct_valid_ratio": 1.0,
  "direct_residual_mean": 0.01165818888694048,
  "direct_residual_median": 0.009262382984161377,
  "direct_residual_p90": 0.026036709547042854,
  "plus_newton_mae": 2.3433617499848707e-08,
  "plus_newton_rmse": 2.9915729974918634e-08,
  "plus_newton_r2": 0.9999999999999991,
  "plus_newton_valid_ratio": 1.0,
  "plus_newton_residual_mean": 4.004666942890046e-14,
  "plus_newton_residual_median": 1.1102230246251565e-16,
  "plus_newton_residual_p90": 8.038014698286133e-14,
  "plus_newton_newton_iter_mean": 2.1757,
  "plus_newton_newton_iter_median": 2.0,
  "plus_newton_newton_iter_p90": 3.0,
  "plus_newton_converged_ratio": 1.0,
  "hp_use_log_ab": true,
  "hp_optimizer": "adamw",
  "hp_criterion": "mse",
  "hp_dropout": 0.1,
  "hp_lr": 0.001,
  "hp_weight_decay": 1e-05,
  "hp_hidden_dims": "[256, 256, 128]",
  "hp_hidden_size": 64,
  "hp_num_layers": 2,
  "hp_head_hidden": 64,
  "hp_head_layers": 2,
  "hp_d_model": 64,
  "hp_nhead": 4,
  "hp_ff_dim": 128,
  "hp_use_cls_token": false
}