{
  "trial_id": 442,
  "trial_name": "trial_442_lstm",
  "model": "lstm",
  "best_epoch": 117,
  "elapsed_sec": 256.4540421962738,
  "direct_mae": 0.001756811747327447,
  "direct_rmse": 0.0022658335510641336,
  "direct_r2": 0.9999946557295516,
  "direct_valid_ratio": 1.0,
  "direct_residual_mean": 0.0021154829300940037,
  "direct_residual_median": 0.0016918778419494629,
  "direct_residual_p90": 0.0045097947120666506,
  "plus_newton_mae": 2.3433617585876044e-08,
  "plus_newton_rmse": 2.991572960707779e-08,
  "plus_newton_r2": 0.9999999999999991,
  "plus_newton_valid_ratio": 1.0,
  "plus_newton_residual_mean": 2.7780177583735675e-14,
  "plus_newton_residual_median": 1.1102230246251565e-16,
  "plus_newton_residual_p90": 3.059219544354621e-14,
  "plus_newton_newton_iter_mean": 1.9826,
  "plus_newton_newton_iter_median": 2.0,
  "plus_newton_newton_iter_p90": 2.0,
  "plus_newton_converged_ratio": 1.0,
  "hp_use_log_ab": true,
  "hp_optimizer": "adamw",
  "hp_criterion": "smoothl1",
  "hp_dropout": 0.0,
  "hp_lr": 0.0005,
  "hp_weight_decay": 0.0001,
  "hp_hidden_dims": "[256, 256, 128]",
  "hp_hidden_size": 128,
  "hp_num_layers": 1,
  "hp_head_hidden": 64,
  "hp_head_layers": 2,
  "hp_d_model": 64,
  "hp_nhead": 4,
  "hp_ff_dim": 128,
  "hp_use_cls_token": false
}{
  "trial_id": 442,
  "trial_name": "trial_442_lstm",
  "model": "lstm",
  "best_epoch": 117,
  "elapsed_sec": 256.4540421962738,
  "direct_mae": 0.001756811747327447,
  "direct_rmse": 0.0022658335510641336,
  "direct_r2": 0.9999946557295516,
  "direct_valid_ratio": 1.0,
  "direct_residual_mean": 0.0021154829300940037,
  "direct_residual_median": 0.0016918778419494629,
  "direct_residual_p90": 0.0045097947120666506,
  "plus_newton_mae": 2.3433617585876044e-08,
  "plus_newton_rmse": 2.991572960707779e-08,
  "plus_newton_r2": 0.9999999999999991,
  "plus_newton_valid_ratio": 1.0,
  "plus_newton_residual_mean": 2.7780177583735675e-14,
  "plus_newton_residual_median": 1.1102230246251565e-16,
  "plus_newton_residual_p90": 3.059219544354621e-14,
  "plus_newton_newton_iter_mean": 1.9826,
  "plus_newton_newton_iter_median": 2.0,
  "plus_newton_newton_iter_p90": 2.0,
  "plus_newton_converged_ratio": 1.0,
  "hp_use_log_ab": true,
  "hp_optimizer": "adamw",
  "hp_criterion": "smoothl1",
  "hp_dropout": 0.0,
  "hp_lr": 0.0005,
  "hp_weight_decay": 0.0001,
  "hp_hidden_dims": "[256, 256, 128]",
  "hp_hidden_size": 128,
  "hp_num_layers": 1,
  "hp_head_hidden": 64,
  "hp_head_layers": 2,
  "hp_d_model": 64,
  "hp_nhead": 4,
  "hp_ff_dim": 128,
  "hp_use_cls_token": false
}