{
  "trial_id": 785,
  "trial_name": "trial_785_transformer",
  "model": "transformer",
  "best_epoch": 40,
  "elapsed_sec": 96.80824589729309,
  "direct_mae": 0.014838693663477898,
  "direct_rmse": 0.020990803837776184,
  "direct_r2": 0.9995413403667044,
  "direct_valid_ratio": 1.0,
  "direct_residual_mean": 0.017206033691763878,
  "direct_residual_median": 0.014589209109544754,
  "direct_residual_p90": 0.031254589557647705,
  "plus_newton_mae": 2.34336181383082e-08,
  "plus_newton_rmse": 2.9915729919972395e-08,
  "plus_newton_r2": 0.9999999999999991,
  "plus_newton_valid_ratio": 1.0,
  "plus_newton_residual_mean": 4.0629995708890075e-14,
  "plus_newton_residual_median": 1.1102230246251565e-16,
  "plus_newton_residual_p90": 7.729372697440348e-14,
  "plus_newton_newton_iter_mean": 2.2363,
  "plus_newton_newton_iter_median": 2.0,
  "plus_newton_newton_iter_p90": 3.0,
  "plus_newton_converged_ratio": 1.0,
  "hp_use_log_ab": false,
  "hp_optimizer": "adamw",
  "hp_criterion": "mse",
  "hp_dropout": 0.1,
  "hp_lr": 0.0005,
  "hp_weight_decay": 1e-05,
  "hp_hidden_dims": "[256, 256, 128]",
  "hp_hidden_size": 128,
  "hp_num_layers": 1,
  "hp_head_hidden": 64,
  "hp_head_layers": 2,
  "hp_d_model": 32,
  "hp_nhead": 2,
  "hp_ff_dim": 64,
  "hp_use_cls_token": false
}{
  "trial_id": 785,
  "trial_name": "trial_785_transformer",
  "model": "transformer",
  "best_epoch": 40,
  "elapsed_sec": 96.80824589729309,
  "direct_mae": 0.014838693663477898,
  "direct_rmse": 0.020990803837776184,
  "direct_r2": 0.9995413403667044,
  "direct_valid_ratio": 1.0,
  "direct_residual_mean": 0.017206033691763878,
  "direct_residual_median": 0.014589209109544754,
  "direct_residual_p90": 0.031254589557647705,
  "plus_newton_mae": 2.34336181383082e-08,
  "plus_newton_rmse": 2.9915729919972395e-08,
  "plus_newton_r2": 0.9999999999999991,
  "plus_newton_valid_ratio": 1.0,
  "plus_newton_residual_mean": 4.0629995708890075e-14,
  "plus_newton_residual_median": 1.1102230246251565e-16,
  "plus_newton_residual_p90": 7.729372697440348e-14,
  "plus_newton_newton_iter_mean": 2.2363,
  "plus_newton_newton_iter_median": 2.0,
  "plus_newton_newton_iter_p90": 3.0,
  "plus_newton_converged_ratio": 1.0,
  "hp_use_log_ab": false,
  "hp_optimizer": "adamw",
  "hp_criterion": "mse",
  "hp_dropout": 0.1,
  "hp_lr": 0.0005,
  "hp_weight_decay": 1e-05,
  "hp_hidden_dims": "[256, 256, 128]",
  "hp_hidden_size": 128,
  "hp_num_layers": 1,
  "hp_head_hidden": 64,
  "hp_head_layers": 2,
  "hp_d_model": 32,
  "hp_nhead": 2,
  "hp_ff_dim": 64,
  "hp_use_cls_token": false
}