{
  "trial_id": 380,
  "trial_name": "trial_380_lstm",
  "model": "lstm",
  "best_epoch": 57,
  "elapsed_sec": 167.42438793182373,
  "direct_mae": 0.006307183299213648,
  "direct_rmse": 0.008316528983414173,
  "direct_r2": 0.9999280026459019,
  "direct_valid_ratio": 1.0,
  "direct_residual_mean": 0.00775778666138649,
  "direct_residual_median": 0.005771338939666748,
  "direct_residual_p90": 0.017606870085001,
  "plus_newton_mae": 2.343361629311965e-08,
  "plus_newton_rmse": 2.99157281320648e-08,
  "plus_newton_r2": 0.9999999999999991,
  "plus_newton_valid_ratio": 1.0,
  "plus_newton_residual_mean": 3.7194851106275e-14,
  "plus_newton_residual_median": 1.1102230246251565e-16,
  "plus_newton_residual_p90": 8.45504222191098e-14,
  "plus_newton_newton_iter_mean": 2.1152,
  "plus_newton_newton_iter_median": 2.0,
  "plus_newton_newton_iter_p90": 3.0,
  "plus_newton_converged_ratio": 1.0,
  "hp_use_log_ab": true,
  "hp_optimizer": "adamw",
  "hp_criterion": "mse",
  "hp_dropout": 0.1,
  "hp_lr": 0.0005,
  "hp_weight_decay": 0.0001,
  "hp_hidden_dims": "[256, 256, 128]",
  "hp_hidden_size": 128,
  "hp_num_layers": 1,
  "hp_head_hidden": 128,
  "hp_head_layers": 2,
  "hp_d_model": 64,
  "hp_nhead": 4,
  "hp_ff_dim": 128,
  "hp_use_cls_token": false
}{
  "trial_id": 380,
  "trial_name": "trial_380_lstm",
  "model": "lstm",
  "best_epoch": 57,
  "elapsed_sec": 167.42438793182373,
  "direct_mae": 0.006307183299213648,
  "direct_rmse": 0.008316528983414173,
  "direct_r2": 0.9999280026459019,
  "direct_valid_ratio": 1.0,
  "direct_residual_mean": 0.00775778666138649,
  "direct_residual_median": 0.005771338939666748,
  "direct_residual_p90": 0.017606870085001,
  "plus_newton_mae": 2.343361629311965e-08,
  "plus_newton_rmse": 2.99157281320648e-08,
  "plus_newton_r2": 0.9999999999999991,
  "plus_newton_valid_ratio": 1.0,
  "plus_newton_residual_mean": 3.7194851106275e-14,
  "plus_newton_residual_median": 1.1102230246251565e-16,
  "plus_newton_residual_p90": 8.45504222191098e-14,
  "plus_newton_newton_iter_mean": 2.1152,
  "plus_newton_newton_iter_median": 2.0,
  "plus_newton_newton_iter_p90": 3.0,
  "plus_newton_converged_ratio": 1.0,
  "hp_use_log_ab": true,
  "hp_optimizer": "adamw",
  "hp_criterion": "mse",
  "hp_dropout": 0.1,
  "hp_lr": 0.0005,
  "hp_weight_decay": 0.0001,
  "hp_hidden_dims": "[256, 256, 128]",
  "hp_hidden_size": 128,
  "hp_num_layers": 1,
  "hp_head_hidden": 128,
  "hp_head_layers": 2,
  "hp_d_model": 64,
  "hp_nhead": 4,
  "hp_ff_dim": 128,
  "hp_use_cls_token": false
}