{
  "trial_id": 831,
  "trial_name": "trial_831_transformer",
  "model": "transformer",
  "best_epoch": 48,
  "elapsed_sec": 105.78960466384888,
  "direct_mae": 0.011431585066020489,
  "direct_rmse": 0.016040457412600517,
  "direct_r2": 0.9997321658884175,
  "direct_valid_ratio": 1.0,
  "direct_residual_mean": 0.01351999957114458,
  "direct_residual_median": 0.01119060069322586,
  "direct_residual_p90": 0.02789400815963745,
  "plus_newton_mae": 2.343361817411486e-08,
  "plus_newton_rmse": 2.9915729774860596e-08,
  "plus_newton_r2": 0.9999999999999991,
  "plus_newton_valid_ratio": 1.0,
  "plus_newton_residual_mean": 3.257071482671832e-14,
  "plus_newton_residual_median": 1.1102230246251565e-16,
  "plus_newton_residual_p90": 4.618527782440651e-14,
  "plus_newton_newton_iter_mean": 2.1977,
  "plus_newton_newton_iter_median": 2.0,
  "plus_newton_newton_iter_p90": 3.0,
  "plus_newton_converged_ratio": 1.0,
  "hp_use_log_ab": false,
  "hp_optimizer": "adamw",
  "hp_criterion": "mse",
  "hp_dropout": 0.1,
  "hp_lr": 0.0005,
  "hp_weight_decay": 1e-05,
  "hp_hidden_dims": "[256, 256, 128]",
  "hp_hidden_size": 128,
  "hp_num_layers": 1,
  "hp_head_hidden": 128,
  "hp_head_layers": 2,
  "hp_d_model": 64,
  "hp_nhead": 4,
  "hp_ff_dim": 128,
  "hp_use_cls_token": false
}{
  "trial_id": 831,
  "trial_name": "trial_831_transformer",
  "model": "transformer",
  "best_epoch": 48,
  "elapsed_sec": 105.78960466384888,
  "direct_mae": 0.011431585066020489,
  "direct_rmse": 0.016040457412600517,
  "direct_r2": 0.9997321658884175,
  "direct_valid_ratio": 1.0,
  "direct_residual_mean": 0.01351999957114458,
  "direct_residual_median": 0.01119060069322586,
  "direct_residual_p90": 0.02789400815963745,
  "plus_newton_mae": 2.343361817411486e-08,
  "plus_newton_rmse": 2.9915729774860596e-08,
  "plus_newton_r2": 0.9999999999999991,
  "plus_newton_valid_ratio": 1.0,
  "plus_newton_residual_mean": 3.257071482671832e-14,
  "plus_newton_residual_median": 1.1102230246251565e-16,
  "plus_newton_residual_p90": 4.618527782440651e-14,
  "plus_newton_newton_iter_mean": 2.1977,
  "plus_newton_newton_iter_median": 2.0,
  "plus_newton_newton_iter_p90": 3.0,
  "plus_newton_converged_ratio": 1.0,
  "hp_use_log_ab": false,
  "hp_optimizer": "adamw",
  "hp_criterion": "mse",
  "hp_dropout": 0.1,
  "hp_lr": 0.0005,
  "hp_weight_decay": 1e-05,
  "hp_hidden_dims": "[256, 256, 128]",
  "hp_hidden_size": 128,
  "hp_num_layers": 1,
  "hp_head_hidden": 128,
  "hp_head_layers": 2,
  "hp_d_model": 64,
  "hp_nhead": 4,
  "hp_ff_dim": 128,
  "hp_use_cls_token": false
}