{
  "trial_id": 1394,
  "trial_name": "trial_1394_transformer",
  "model": "transformer",
  "best_epoch": 51,
  "elapsed_sec": 123.59154295921326,
  "direct_mae": 0.002132800407707691,
  "direct_rmse": 0.0031020736787468195,
  "direct_r2": 0.999989983024534,
  "direct_valid_ratio": 1.0,
  "direct_residual_mean": 0.002503242576494813,
  "direct_residual_median": 0.0019748806953430176,
  "direct_residual_p90": 0.00467297434806824,
  "plus_newton_mae": 2.3433618197350607e-08,
  "plus_newton_rmse": 2.991572995098797e-08,
  "plus_newton_r2": 0.9999999999999991,
  "plus_newton_valid_ratio": 1.0,
  "plus_newton_residual_mean": 1.7362552164095412e-14,
  "plus_newton_residual_median": 1.1102230246251565e-16,
  "plus_newton_residual_p90": 1.3100631690576847e-14,
  "plus_newton_newton_iter_mean": 2.0075,
  "plus_newton_newton_iter_median": 2.0,
  "plus_newton_newton_iter_p90": 2.0,
  "plus_newton_converged_ratio": 1.0,
  "hp_use_log_ab": false,
  "hp_optimizer": "adamw",
  "hp_criterion": "smoothl1",
  "hp_dropout": 0.0,
  "hp_lr": 0.0005,
  "hp_weight_decay": 1e-05,
  "hp_hidden_dims": "[256, 256, 128]",
  "hp_hidden_size": 128,
  "hp_num_layers": 2,
  "hp_head_hidden": 128,
  "hp_head_layers": 2,
  "hp_d_model": 32,
  "hp_nhead": 2,
  "hp_ff_dim": 64,
  "hp_use_cls_token": true
}{
  "trial_id": 1394,
  "trial_name": "trial_1394_transformer",
  "model": "transformer",
  "best_epoch": 51,
  "elapsed_sec": 123.59154295921326,
  "direct_mae": 0.002132800407707691,
  "direct_rmse": 0.0031020736787468195,
  "direct_r2": 0.999989983024534,
  "direct_valid_ratio": 1.0,
  "direct_residual_mean": 0.002503242576494813,
  "direct_residual_median": 0.0019748806953430176,
  "direct_residual_p90": 0.00467297434806824,
  "plus_newton_mae": 2.3433618197350607e-08,
  "plus_newton_rmse": 2.991572995098797e-08,
  "plus_newton_r2": 0.9999999999999991,
  "plus_newton_valid_ratio": 1.0,
  "plus_newton_residual_mean": 1.7362552164095412e-14,
  "plus_newton_residual_median": 1.1102230246251565e-16,
  "plus_newton_residual_p90": 1.3100631690576847e-14,
  "plus_newton_newton_iter_mean": 2.0075,
  "plus_newton_newton_iter_median": 2.0,
  "plus_newton_newton_iter_p90": 2.0,
  "plus_newton_converged_ratio": 1.0,
  "hp_use_log_ab": false,
  "hp_optimizer": "adamw",
  "hp_criterion": "smoothl1",
  "hp_dropout": 0.0,
  "hp_lr": 0.0005,
  "hp_weight_decay": 1e-05,
  "hp_hidden_dims": "[256, 256, 128]",
  "hp_hidden_size": 128,
  "hp_num_layers": 2,
  "hp_head_hidden": 128,
  "hp_head_layers": 2,
  "hp_d_model": 32,
  "hp_nhead": 2,
  "hp_ff_dim": 64,
  "hp_use_cls_token": true
}