{
  "trial_id": 3005,
  "trial_name": "trial_3005_transformer",
  "model": "transformer",
  "best_epoch": 29,
  "elapsed_sec": 70.39035224914551,
  "direct_mae": 0.008880140259861946,
  "direct_rmse": 0.011265143752098083,
  "direct_r2": 0.9998678990814369,
  "direct_valid_ratio": 1.0,
  "direct_residual_mean": 0.010575258173048496,
  "direct_residual_median": 0.008485972881317139,
  "direct_residual_p90": 0.02215712517499924,
  "plus_newton_mae": 2.343361867904964e-08,
  "plus_newton_rmse": 2.991573022738615e-08,
  "plus_newton_r2": 0.9999999999999991,
  "plus_newton_valid_ratio": 1.0,
  "plus_newton_residual_mean": 3.7825373569790074e-14,
  "plus_newton_residual_median": 1.1102230246251565e-16,
  "plus_newton_residual_p90": 7.919220834651254e-14,
  "plus_newton_newton_iter_mean": 2.1417,
  "plus_newton_newton_iter_median": 2.0,
  "plus_newton_newton_iter_p90": 3.0,
  "plus_newton_converged_ratio": 1.0,
  "hp_use_log_ab": true,
  "hp_optimizer": "adamw",
  "hp_criterion": "mse",
  "hp_dropout": 0.1,
  "hp_lr": 0.0005,
  "hp_weight_decay": 0.0001,
  "hp_hidden_dims": "[256, 256, 128]",
  "hp_hidden_size": 128,
  "hp_num_layers": 1,
  "hp_head_hidden": 128,
  "hp_head_layers": 2,
  "hp_d_model": 64,
  "hp_nhead": 4,
  "hp_ff_dim": 64,
  "hp_use_cls_token": false
}{
  "trial_id": 3005,
  "trial_name": "trial_3005_transformer",
  "model": "transformer",
  "best_epoch": 29,
  "elapsed_sec": 70.39035224914551,
  "direct_mae": 0.008880140259861946,
  "direct_rmse": 0.011265143752098083,
  "direct_r2": 0.9998678990814369,
  "direct_valid_ratio": 1.0,
  "direct_residual_mean": 0.010575258173048496,
  "direct_residual_median": 0.008485972881317139,
  "direct_residual_p90": 0.02215712517499924,
  "plus_newton_mae": 2.343361867904964e-08,
  "plus_newton_rmse": 2.991573022738615e-08,
  "plus_newton_r2": 0.9999999999999991,
  "plus_newton_valid_ratio": 1.0,
  "plus_newton_residual_mean": 3.7825373569790074e-14,
  "plus_newton_residual_median": 1.1102230246251565e-16,
  "plus_newton_residual_p90": 7.919220834651254e-14,
  "plus_newton_newton_iter_mean": 2.1417,
  "plus_newton_newton_iter_median": 2.0,
  "plus_newton_newton_iter_p90": 3.0,
  "plus_newton_converged_ratio": 1.0,
  "hp_use_log_ab": true,
  "hp_optimizer": "adamw",
  "hp_criterion": "mse",
  "hp_dropout": 0.1,
  "hp_lr": 0.0005,
  "hp_weight_decay": 0.0001,
  "hp_hidden_dims": "[256, 256, 128]",
  "hp_hidden_size": 128,
  "hp_num_layers": 1,
  "hp_head_hidden": 128,
  "hp_head_layers": 2,
  "hp_d_model": 64,
  "hp_nhead": 4,
  "hp_ff_dim": 64,
  "hp_use_cls_token": false
}