{
  "trial_id": 602,
  "trial_name": "trial_602_transformer",
  "model": "transformer",
  "best_epoch": 54,
  "elapsed_sec": 148.71903896331787,
  "direct_mae": 0.012251266278326511,
  "direct_rmse": 0.01765061542391777,
  "direct_r2": 0.9996756961918436,
  "direct_valid_ratio": 1.0,
  "direct_residual_mean": 0.014340350404381752,
  "direct_residual_median": 0.00949542224407196,
  "direct_residual_p90": 0.03823992013931275,
  "plus_newton_mae": 2.343361810553142e-08,
  "plus_newton_rmse": 2.991572940843398e-08,
  "plus_newton_r2": 0.9999999999999991,
  "plus_newton_valid_ratio": 1.0,
  "plus_newton_residual_mean": 4.497660554183272e-14,
  "plus_newton_residual_median": 1.1102230246251565e-16,
  "plus_newton_residual_p90": 1.0975664821444322e-13,
  "plus_newton_newton_iter_mean": 2.1649,
  "plus_newton_newton_iter_median": 2.0,
  "plus_newton_newton_iter_p90": 3.0,
  "plus_newton_converged_ratio": 1.0,
  "hp_use_log_ab": false,
  "hp_optimizer": "adamw",
  "hp_criterion": "mse",
  "hp_dropout": 0.1,
  "hp_lr": 0.001,
  "hp_weight_decay": 1e-05,
  "hp_hidden_dims": "[256, 256, 128]",
  "hp_hidden_size": 128,
  "hp_num_layers": 2,
  "hp_head_hidden": 64,
  "hp_head_layers": 2,
  "hp_d_model": 64,
  "hp_nhead": 2,
  "hp_ff_dim": 64,
  "hp_use_cls_token": true
}{
  "trial_id": 602,
  "trial_name": "trial_602_transformer",
  "model": "transformer",
  "best_epoch": 54,
  "elapsed_sec": 148.71903896331787,
  "direct_mae": 0.012251266278326511,
  "direct_rmse": 0.01765061542391777,
  "direct_r2": 0.9996756961918436,
  "direct_valid_ratio": 1.0,
  "direct_residual_mean": 0.014340350404381752,
  "direct_residual_median": 0.00949542224407196,
  "direct_residual_p90": 0.03823992013931275,
  "plus_newton_mae": 2.343361810553142e-08,
  "plus_newton_rmse": 2.991572940843398e-08,
  "plus_newton_r2": 0.9999999999999991,
  "plus_newton_valid_ratio": 1.0,
  "plus_newton_residual_mean": 4.497660554183272e-14,
  "plus_newton_residual_median": 1.1102230246251565e-16,
  "plus_newton_residual_p90": 1.0975664821444322e-13,
  "plus_newton_newton_iter_mean": 2.1649,
  "plus_newton_newton_iter_median": 2.0,
  "plus_newton_newton_iter_p90": 3.0,
  "plus_newton_converged_ratio": 1.0,
  "hp_use_log_ab": false,
  "hp_optimizer": "adamw",
  "hp_criterion": "mse",
  "hp_dropout": 0.1,
  "hp_lr": 0.001,
  "hp_weight_decay": 1e-05,
  "hp_hidden_dims": "[256, 256, 128]",
  "hp_hidden_size": 128,
  "hp_num_layers": 2,
  "hp_head_hidden": 64,
  "hp_head_layers": 2,
  "hp_d_model": 64,
  "hp_nhead": 2,
  "hp_ff_dim": 64,
  "hp_use_cls_token": true
}