{
  "trial_id": 1516,
  "trial_name": "trial_1516_transformer",
  "model": "transformer",
  "best_epoch": 23,
  "elapsed_sec": 74.15018510818481,
  "direct_mae": 0.3385695815086365,
  "direct_rmse": 0.41848960518836975,
  "direct_r2": 0.8176936656236649,
  "direct_valid_ratio": 1.0,
  "direct_residual_mean": 0.38164374232292175,
  "direct_residual_median": 0.35170620679855347,
  "direct_residual_p90": 0.7602466106414796,
  "plus_newton_mae": 2.34336185150336e-08,
  "plus_newton_rmse": 2.9915730414286986e-08,
  "plus_newton_r2": 0.9999999999999991,
  "plus_newton_valid_ratio": 1.0,
  "plus_newton_residual_mean": 4.148123284708805e-14,
  "plus_newton_residual_median": 1.6653345369377348e-16,
  "plus_newton_residual_p90": 8.903988657493755e-14,
  "plus_newton_newton_iter_mean": 2.7552,
  "plus_newton_newton_iter_median": 3.0,
  "plus_newton_newton_iter_p90": 3.0,
  "plus_newton_converged_ratio": 1.0,
  "hp_use_log_ab": false,
  "hp_optimizer": "adamw",
  "hp_criterion": "smoothl1",
  "hp_dropout": 0.0,
  "hp_lr": 0.0005,
  "hp_weight_decay": 0.0001,
  "hp_hidden_dims": "[256, 256, 128]",
  "hp_hidden_size": 128,
  "hp_num_layers": 2,
  "hp_head_hidden": 128,
  "hp_head_layers": 1,
  "hp_d_model": 64,
  "hp_nhead": 2,
  "hp_ff_dim": 128,
  "hp_use_cls_token": true
}{
  "trial_id": 1516,
  "trial_name": "trial_1516_transformer",
  "model": "transformer",
  "best_epoch": 23,
  "elapsed_sec": 74.15018510818481,
  "direct_mae": 0.3385695815086365,
  "direct_rmse": 0.41848960518836975,
  "direct_r2": 0.8176936656236649,
  "direct_valid_ratio": 1.0,
  "direct_residual_mean": 0.38164374232292175,
  "direct_residual_median": 0.35170620679855347,
  "direct_residual_p90": 0.7602466106414796,
  "plus_newton_mae": 2.34336185150336e-08,
  "plus_newton_rmse": 2.9915730414286986e-08,
  "plus_newton_r2": 0.9999999999999991,
  "plus_newton_valid_ratio": 1.0,
  "plus_newton_residual_mean": 4.148123284708805e-14,
  "plus_newton_residual_median": 1.6653345369377348e-16,
  "plus_newton_residual_p90": 8.903988657493755e-14,
  "plus_newton_newton_iter_mean": 2.7552,
  "plus_newton_newton_iter_median": 3.0,
  "plus_newton_newton_iter_p90": 3.0,
  "plus_newton_converged_ratio": 1.0,
  "hp_use_log_ab": false,
  "hp_optimizer": "adamw",
  "hp_criterion": "smoothl1",
  "hp_dropout": 0.0,
  "hp_lr": 0.0005,
  "hp_weight_decay": 0.0001,
  "hp_hidden_dims": "[256, 256, 128]",
  "hp_hidden_size": 128,
  "hp_num_layers": 2,
  "hp_head_hidden": 128,
  "hp_head_layers": 1,
  "hp_d_model": 64,
  "hp_nhead": 2,
  "hp_ff_dim": 128,
  "hp_use_cls_token": true
}