{
  "trial_id": 1295,
  "trial_name": "trial_1295_transformer",
  "model": "transformer",
  "best_epoch": 10,
  "elapsed_sec": 40.90494418144226,
  "direct_mae": 0.3403230607509613,
  "direct_rmse": 0.4172939658164978,
  "direct_r2": 0.8187339007854462,
  "direct_valid_ratio": 1.0,
  "direct_residual_mean": 0.3850947320461273,
  "direct_residual_median": 0.3574325442314148,
  "direct_residual_p90": 0.745305347442627,
  "plus_newton_mae": 2.3433618090174374e-08,
  "plus_newton_rmse": 2.991573014947844e-08,
  "plus_newton_r2": 0.9999999999999991,
  "plus_newton_valid_ratio": 1.0,
  "plus_newton_residual_mean": 4.493427585252862e-14,
  "plus_newton_residual_median": 1.6653345369377348e-16,
  "plus_newton_residual_p90": 1.0474954237338372e-13,
  "plus_newton_newton_iter_mean": 2.7641,
  "plus_newton_newton_iter_median": 3.0,
  "plus_newton_newton_iter_p90": 3.0,
  "plus_newton_converged_ratio": 1.0,
  "hp_use_log_ab": false,
  "hp_optimizer": "adamw",
  "hp_criterion": "smoothl1",
  "hp_dropout": 0.0,
  "hp_lr": 0.0005,
  "hp_weight_decay": 1e-05,
  "hp_hidden_dims": "[256, 256, 128]",
  "hp_hidden_size": 128,
  "hp_num_layers": 1,
  "hp_head_hidden": 64,
  "hp_head_layers": 1,
  "hp_d_model": 64,
  "hp_nhead": 4,
  "hp_ff_dim": 128,
  "hp_use_cls_token": false
}{
  "trial_id": 1295,
  "trial_name": "trial_1295_transformer",
  "model": "transformer",
  "best_epoch": 10,
  "elapsed_sec": 40.90494418144226,
  "direct_mae": 0.3403230607509613,
  "direct_rmse": 0.4172939658164978,
  "direct_r2": 0.8187339007854462,
  "direct_valid_ratio": 1.0,
  "direct_residual_mean": 0.3850947320461273,
  "direct_residual_median": 0.3574325442314148,
  "direct_residual_p90": 0.745305347442627,
  "plus_newton_mae": 2.3433618090174374e-08,
  "plus_newton_rmse": 2.991573014947844e-08,
  "plus_newton_r2": 0.9999999999999991,
  "plus_newton_valid_ratio": 1.0,
  "plus_newton_residual_mean": 4.493427585252862e-14,
  "plus_newton_residual_median": 1.6653345369377348e-16,
  "plus_newton_residual_p90": 1.0474954237338372e-13,
  "plus_newton_newton_iter_mean": 2.7641,
  "plus_newton_newton_iter_median": 3.0,
  "plus_newton_newton_iter_p90": 3.0,
  "plus_newton_converged_ratio": 1.0,
  "hp_use_log_ab": false,
  "hp_optimizer": "adamw",
  "hp_criterion": "smoothl1",
  "hp_dropout": 0.0,
  "hp_lr": 0.0005,
  "hp_weight_decay": 1e-05,
  "hp_hidden_dims": "[256, 256, 128]",
  "hp_hidden_size": 128,
  "hp_num_layers": 1,
  "hp_head_hidden": 64,
  "hp_head_layers": 1,
  "hp_d_model": 64,
  "hp_nhead": 4,
  "hp_ff_dim": 128,
  "hp_use_cls_token": false
}