{
  "trial_id": 2377,
  "trial_name": "trial_2377_transformer",
  "model": "transformer",
  "best_epoch": 24,
  "elapsed_sec": 74.36406755447388,
  "direct_mae": 0.1065986230969429,
  "direct_rmse": 0.13257445394992828,
  "direct_r2": 0.9817041717469692,
  "direct_valid_ratio": 1.0,
  "direct_residual_mean": 0.1335783451795578,
  "direct_residual_median": 0.11306387186050415,
  "direct_residual_p90": 0.2531953066587451,
  "plus_newton_mae": 2.3433620072086965e-08,
  "plus_newton_rmse": 2.991573090614349e-08,
  "plus_newton_r2": 0.9999999999999991,
  "plus_newton_valid_ratio": 1.0,
  "plus_newton_residual_mean": 3.3921039772300485e-14,
  "plus_newton_residual_median": 1.1102230246251565e-16,
  "plus_newton_residual_p90": 4.748978987834117e-14,
  "plus_newton_newton_iter_mean": 2.6251,
  "plus_newton_newton_iter_median": 3.0,
  "plus_newton_newton_iter_p90": 3.0,
  "plus_newton_converged_ratio": 1.0,
  "hp_use_log_ab": true,
  "hp_optimizer": "adamw",
  "hp_criterion": "mse",
  "hp_dropout": 0.0,
  "hp_lr": 0.0005,
  "hp_weight_decay": 1e-05,
  "hp_hidden_dims": "[256, 256, 128]",
  "hp_hidden_size": 128,
  "hp_num_layers": 2,
  "hp_head_hidden": 64,
  "hp_head_layers": 1,
  "hp_d_model": 64,
  "hp_nhead": 2,
  "hp_ff_dim": 64,
  "hp_use_cls_token": false
}{
  "trial_id": 2377,
  "trial_name": "trial_2377_transformer",
  "model": "transformer",
  "best_epoch": 24,
  "elapsed_sec": 74.36406755447388,
  "direct_mae": 0.1065986230969429,
  "direct_rmse": 0.13257445394992828,
  "direct_r2": 0.9817041717469692,
  "direct_valid_ratio": 1.0,
  "direct_residual_mean": 0.1335783451795578,
  "direct_residual_median": 0.11306387186050415,
  "direct_residual_p90": 0.2531953066587451,
  "plus_newton_mae": 2.3433620072086965e-08,
  "plus_newton_rmse": 2.991573090614349e-08,
  "plus_newton_r2": 0.9999999999999991,
  "plus_newton_valid_ratio": 1.0,
  "plus_newton_residual_mean": 3.3921039772300485e-14,
  "plus_newton_residual_median": 1.1102230246251565e-16,
  "plus_newton_residual_p90": 4.748978987834117e-14,
  "plus_newton_newton_iter_mean": 2.6251,
  "plus_newton_newton_iter_median": 3.0,
  "plus_newton_newton_iter_p90": 3.0,
  "plus_newton_converged_ratio": 1.0,
  "hp_use_log_ab": true,
  "hp_optimizer": "adamw",
  "hp_criterion": "mse",
  "hp_dropout": 0.0,
  "hp_lr": 0.0005,
  "hp_weight_decay": 1e-05,
  "hp_hidden_dims": "[256, 256, 128]",
  "hp_hidden_size": 128,
  "hp_num_layers": 2,
  "hp_head_hidden": 64,
  "hp_head_layers": 1,
  "hp_d_model": 64,
  "hp_nhead": 2,
  "hp_ff_dim": 64,
  "hp_use_cls_token": false
}