{
  "trial_id": 1453,
  "trial_name": "trial_1453_transformer",
  "model": "transformer",
  "best_epoch": 9,
  "elapsed_sec": 39.26229214668274,
  "direct_mae": 0.3392598628997803,
  "direct_rmse": 0.4178028404712677,
  "direct_r2": 0.8182915449142456,
  "direct_valid_ratio": 1.0,
  "direct_residual_mean": 0.38467171788215637,
  "direct_residual_median": 0.35346636176109314,
  "direct_residual_p90": 0.7566358387470247,
  "plus_newton_mae": 2.3433619284294563e-08,
  "plus_newton_rmse": 2.991573044201775e-08,
  "plus_newton_r2": 0.9999999999999991,
  "plus_newton_valid_ratio": 1.0,
  "plus_newton_residual_mean": 4.4365547614569426e-14,
  "plus_newton_residual_median": 1.2836953722228372e-16,
  "plus_newton_residual_p90": 1.0085265955694938e-13,
  "plus_newton_newton_iter_mean": 2.7672,
  "plus_newton_newton_iter_median": 3.0,
  "plus_newton_newton_iter_p90": 3.0,
  "plus_newton_converged_ratio": 1.0,
  "hp_use_log_ab": false,
  "hp_optimizer": "adamw",
  "hp_criterion": "smoothl1",
  "hp_dropout": 0.0,
  "hp_lr": 0.0005,
  "hp_weight_decay": 0.0001,
  "hp_hidden_dims": "[256, 256, 128]",
  "hp_hidden_size": 128,
  "hp_num_layers": 1,
  "hp_head_hidden": 128,
  "hp_head_layers": 1,
  "hp_d_model": 64,
  "hp_nhead": 4,
  "hp_ff_dim": 64,
  "hp_use_cls_token": false
}{
  "trial_id": 1453,
  "trial_name": "trial_1453_transformer",
  "model": "transformer",
  "best_epoch": 9,
  "elapsed_sec": 39.26229214668274,
  "direct_mae": 0.3392598628997803,
  "direct_rmse": 0.4178028404712677,
  "direct_r2": 0.8182915449142456,
  "direct_valid_ratio": 1.0,
  "direct_residual_mean": 0.38467171788215637,
  "direct_residual_median": 0.35346636176109314,
  "direct_residual_p90": 0.7566358387470247,
  "plus_newton_mae": 2.3433619284294563e-08,
  "plus_newton_rmse": 2.991573044201775e-08,
  "plus_newton_r2": 0.9999999999999991,
  "plus_newton_valid_ratio": 1.0,
  "plus_newton_residual_mean": 4.4365547614569426e-14,
  "plus_newton_residual_median": 1.2836953722228372e-16,
  "plus_newton_residual_p90": 1.0085265955694938e-13,
  "plus_newton_newton_iter_mean": 2.7672,
  "plus_newton_newton_iter_median": 3.0,
  "plus_newton_newton_iter_p90": 3.0,
  "plus_newton_converged_ratio": 1.0,
  "hp_use_log_ab": false,
  "hp_optimizer": "adamw",
  "hp_criterion": "smoothl1",
  "hp_dropout": 0.0,
  "hp_lr": 0.0005,
  "hp_weight_decay": 0.0001,
  "hp_hidden_dims": "[256, 256, 128]",
  "hp_hidden_size": 128,
  "hp_num_layers": 1,
  "hp_head_hidden": 128,
  "hp_head_layers": 1,
  "hp_d_model": 64,
  "hp_nhead": 4,
  "hp_ff_dim": 64,
  "hp_use_cls_token": false
}