{
  "trial_id": 540,
  "trial_name": "trial_540_transformer",
  "model": "transformer",
  "best_epoch": 63,
  "elapsed_sec": 134.4623761177063,
  "direct_mae": 0.011985626071691513,
  "direct_rmse": 0.01858694851398468,
  "direct_r2": 0.9996403760451358,
  "direct_valid_ratio": 1.0,
  "direct_residual_mean": 0.013695212081074715,
  "direct_residual_median": 0.007540702819824219,
  "direct_residual_p90": 0.03754717111587528,
  "plus_newton_mae": 2.3433618290440074e-08,
  "plus_newton_rmse": 2.991572943085906e-08,
  "plus_newton_r2": 0.9999999999999991,
  "plus_newton_valid_ratio": 1.0,
  "plus_newton_residual_mean": 3.6954610531360833e-14,
  "plus_newton_residual_median": 1.1102230246251565e-16,
  "plus_newton_residual_p90": 5.713762796233374e-14,
  "plus_newton_newton_iter_mean": 2.1832,
  "plus_newton_newton_iter_median": 2.0,
  "plus_newton_newton_iter_p90": 3.0,
  "plus_newton_converged_ratio": 1.0,
  "hp_use_log_ab": false,
  "hp_optimizer": "adamw",
  "hp_criterion": "mse",
  "hp_dropout": 0.1,
  "hp_lr": 0.001,
  "hp_weight_decay": 1e-05,
  "hp_hidden_dims": "[256, 256, 128]",
  "hp_hidden_size": 128,
  "hp_num_layers": 1,
  "hp_head_hidden": 64,
  "hp_head_layers": 2,
  "hp_d_model": 64,
  "hp_nhead": 2,
  "hp_ff_dim": 128,
  "hp_use_cls_token": true
}{
  "trial_id": 540,
  "trial_name": "trial_540_transformer",
  "model": "transformer",
  "best_epoch": 63,
  "elapsed_sec": 134.4623761177063,
  "direct_mae": 0.011985626071691513,
  "direct_rmse": 0.01858694851398468,
  "direct_r2": 0.9996403760451358,
  "direct_valid_ratio": 1.0,
  "direct_residual_mean": 0.013695212081074715,
  "direct_residual_median": 0.007540702819824219,
  "direct_residual_p90": 0.03754717111587528,
  "plus_newton_mae": 2.3433618290440074e-08,
  "plus_newton_rmse": 2.991572943085906e-08,
  "plus_newton_r2": 0.9999999999999991,
  "plus_newton_valid_ratio": 1.0,
  "plus_newton_residual_mean": 3.6954610531360833e-14,
  "plus_newton_residual_median": 1.1102230246251565e-16,
  "plus_newton_residual_p90": 5.713762796233374e-14,
  "plus_newton_newton_iter_mean": 2.1832,
  "plus_newton_newton_iter_median": 2.0,
  "plus_newton_newton_iter_p90": 3.0,
  "plus_newton_converged_ratio": 1.0,
  "hp_use_log_ab": false,
  "hp_optimizer": "adamw",
  "hp_criterion": "mse",
  "hp_dropout": 0.1,
  "hp_lr": 0.001,
  "hp_weight_decay": 1e-05,
  "hp_hidden_dims": "[256, 256, 128]",
  "hp_hidden_size": 128,
  "hp_num_layers": 1,
  "hp_head_hidden": 64,
  "hp_head_layers": 2,
  "hp_d_model": 64,
  "hp_nhead": 2,
  "hp_ff_dim": 128,
  "hp_use_cls_token": true
}