{
  "trial_id": 54,
  "trial_name": "trial_054_mlp",
  "model": "mlp",
  "best_epoch": 79,
  "elapsed_sec": 263.9539349079132,
  "direct_mae": 0.0006145104416646063,
  "direct_rmse": 0.0010377198923379183,
  "direct_r2": 0.9999988790334555,
  "direct_valid_ratio": 1.0,
  "direct_residual_mean": 0.0008282349444925785,
  "direct_residual_median": 0.0005081892013549805,
  "direct_residual_p90": 0.001439487934112549,
  "plus_newton_mae": 2.3433618511395464e-08,
  "plus_newton_rmse": 2.9915731333734096e-08,
  "plus_newton_r2": 0.9999999999999991,
  "plus_newton_valid_ratio": 1.0,
  "plus_newton_residual_mean": 2.881621399322394e-14,
  "plus_newton_residual_median": 5.551115123125783e-17,
  "plus_newton_residual_p90": 1.1890488593735467e-14,
  "plus_newton_newton_iter_mean": 1.9348,
  "plus_newton_newton_iter_median": 2.0,
  "plus_newton_newton_iter_p90": 2.0,
  "plus_newton_converged_ratio": 1.0,
  "hp_use_log_ab": true,
  "hp_optimizer": "adamw",
  "hp_criterion": "mse",
  "hp_dropout": 0.0,
  "hp_lr": 0.001,
  "hp_weight_decay": 0.0001,
  "hp_hidden_dims": "[256, 128, 64]",
  "hp_hidden_size": 128,
  "hp_num_layers": 2,
  "hp_head_hidden": 128,
  "hp_head_layers": 2,
  "hp_d_model": 64,
  "hp_nhead": 4,
  "hp_ff_dim": 128,
  "hp_use_cls_token": false
}{
  "trial_id": 54,
  "trial_name": "trial_054_mlp",
  "model": "mlp",
  "best_epoch": 79,
  "elapsed_sec": 263.9539349079132,
  "direct_mae": 0.0006145104416646063,
  "direct_rmse": 0.0010377198923379183,
  "direct_r2": 0.9999988790334555,
  "direct_valid_ratio": 1.0,
  "direct_residual_mean": 0.0008282349444925785,
  "direct_residual_median": 0.0005081892013549805,
  "direct_residual_p90": 0.001439487934112549,
  "plus_newton_mae": 2.3433618511395464e-08,
  "plus_newton_rmse": 2.9915731333734096e-08,
  "plus_newton_r2": 0.9999999999999991,
  "plus_newton_valid_ratio": 1.0,
  "plus_newton_residual_mean": 2.881621399322394e-14,
  "plus_newton_residual_median": 5.551115123125783e-17,
  "plus_newton_residual_p90": 1.1890488593735467e-14,
  "plus_newton_newton_iter_mean": 1.9348,
  "plus_newton_newton_iter_median": 2.0,
  "plus_newton_newton_iter_p90": 2.0,
  "plus_newton_converged_ratio": 1.0,
  "hp_use_log_ab": true,
  "hp_optimizer": "adamw",
  "hp_criterion": "mse",
  "hp_dropout": 0.0,
  "hp_lr": 0.001,
  "hp_weight_decay": 0.0001,
  "hp_hidden_dims": "[256, 128, 64]",
  "hp_hidden_size": 128,
  "hp_num_layers": 2,
  "hp_head_hidden": 128,
  "hp_head_layers": 2,
  "hp_d_model": 64,
  "hp_nhead": 4,
  "hp_ff_dim": 128,
  "hp_use_cls_token": false
}