{
  "trial_id": 306,
  "trial_name": "trial_306_gru",
  "model": "gru",
  "best_epoch": 117,
  "elapsed_sec": 270.42167830467224,
  "direct_mae": 0.0021118023432791233,
  "direct_rmse": 0.002701000077649951,
  "direct_r2": 0.9999924058079159,
  "direct_valid_ratio": 1.0,
  "direct_residual_mean": 0.002632737625390291,
  "direct_residual_median": 0.002084493637084961,
  "direct_residual_p90": 0.005535057187080384,
  "plus_newton_mae": 2.3433619369441504e-08,
  "plus_newton_rmse": 2.991573192598302e-08,
  "plus_newton_r2": 0.9999999999999991,
  "plus_newton_valid_ratio": 1.0,
  "plus_newton_residual_mean": 3.251532802780112e-14,
  "plus_newton_residual_median": 1.1102230246251565e-16,
  "plus_newton_residual_p90": 3.1336044870045144e-14,
  "plus_newton_newton_iter_mean": 2.0191,
  "plus_newton_newton_iter_median": 2.0,
  "plus_newton_newton_iter_p90": 2.0,
  "plus_newton_converged_ratio": 1.0,
  "hp_use_log_ab": true,
  "hp_optimizer": "adamw",
  "hp_criterion": "mse",
  "hp_dropout": 0.0,
  "hp_lr": 0.0005,
  "hp_weight_decay": 0.0001,
  "hp_hidden_dims": "[256, 256, 128]",
  "hp_hidden_size": 64,
  "hp_num_layers": 1,
  "hp_head_hidden": 64,
  "hp_head_layers": 2,
  "hp_d_model": 64,
  "hp_nhead": 4,
  "hp_ff_dim": 128,
  "hp_use_cls_token": false
}{
  "trial_id": 306,
  "trial_name": "trial_306_gru",
  "model": "gru",
  "best_epoch": 117,
  "elapsed_sec": 270.42167830467224,
  "direct_mae": 0.0021118023432791233,
  "direct_rmse": 0.002701000077649951,
  "direct_r2": 0.9999924058079159,
  "direct_valid_ratio": 1.0,
  "direct_residual_mean": 0.002632737625390291,
  "direct_residual_median": 0.002084493637084961,
  "direct_residual_p90": 0.005535057187080384,
  "plus_newton_mae": 2.3433619369441504e-08,
  "plus_newton_rmse": 2.991573192598302e-08,
  "plus_newton_r2": 0.9999999999999991,
  "plus_newton_valid_ratio": 1.0,
  "plus_newton_residual_mean": 3.251532802780112e-14,
  "plus_newton_residual_median": 1.1102230246251565e-16,
  "plus_newton_residual_p90": 3.1336044870045144e-14,
  "plus_newton_newton_iter_mean": 2.0191,
  "plus_newton_newton_iter_median": 2.0,
  "plus_newton_newton_iter_p90": 2.0,
  "plus_newton_converged_ratio": 1.0,
  "hp_use_log_ab": true,
  "hp_optimizer": "adamw",
  "hp_criterion": "mse",
  "hp_dropout": 0.0,
  "hp_lr": 0.0005,
  "hp_weight_decay": 0.0001,
  "hp_hidden_dims": "[256, 256, 128]",
  "hp_hidden_size": 64,
  "hp_num_layers": 1,
  "hp_head_hidden": 64,
  "hp_head_layers": 2,
  "hp_d_model": 64,
  "hp_nhead": 4,
  "hp_ff_dim": 128,
  "hp_use_cls_token": false
}