{
  "trial_id": 2447,
  "trial_name": "trial_2447_transformer",
  "model": "transformer",
  "best_epoch": 49,
  "elapsed_sec": 97.36215138435364,
  "direct_mae": 0.1011962965130806,
  "direct_rmse": 0.12890410423278809,
  "direct_r2": 0.982703197747469,
  "direct_valid_ratio": 1.0,
  "direct_residual_mean": 0.12759293615818024,
  "direct_residual_median": 0.10122446715831757,
  "direct_residual_p90": 0.25325007140636446,
  "plus_newton_mae": 2.3433618605012e-08,
  "plus_newton_rmse": 2.9915729611919634e-08,
  "plus_newton_r2": 0.9999999999999991,
  "plus_newton_valid_ratio": 1.0,
  "plus_newton_residual_mean": 3.683517057174608e-14,
  "plus_newton_residual_median": 1.1102230246251565e-16,
  "plus_newton_residual_p90": 5.062616992290714e-14,
  "plus_newton_newton_iter_mean": 2.6013,
  "plus_newton_newton_iter_median": 3.0,
  "plus_newton_newton_iter_p90": 3.0,
  "plus_newton_converged_ratio": 1.0,
  "hp_use_log_ab": true,
  "hp_optimizer": "adamw",
  "hp_criterion": "mse",
  "hp_dropout": 0.0,
  "hp_lr": 0.0005,
  "hp_weight_decay": 0.0001,
  "hp_hidden_dims": "[256, 256, 128]",
  "hp_hidden_size": 128,
  "hp_num_layers": 1,
  "hp_head_hidden": 64,
  "hp_head_layers": 1,
  "hp_d_model": 64,
  "hp_nhead": 4,
  "hp_ff_dim": 128,
  "hp_use_cls_token": false
}{
  "trial_id": 2447,
  "trial_name": "trial_2447_transformer",
  "model": "transformer",
  "best_epoch": 49,
  "elapsed_sec": 97.36215138435364,
  "direct_mae": 0.1011962965130806,
  "direct_rmse": 0.12890410423278809,
  "direct_r2": 0.982703197747469,
  "direct_valid_ratio": 1.0,
  "direct_residual_mean": 0.12759293615818024,
  "direct_residual_median": 0.10122446715831757,
  "direct_residual_p90": 0.25325007140636446,
  "plus_newton_mae": 2.3433618605012e-08,
  "plus_newton_rmse": 2.9915729611919634e-08,
  "plus_newton_r2": 0.9999999999999991,
  "plus_newton_valid_ratio": 1.0,
  "plus_newton_residual_mean": 3.683517057174608e-14,
  "plus_newton_residual_median": 1.1102230246251565e-16,
  "plus_newton_residual_p90": 5.062616992290714e-14,
  "plus_newton_newton_iter_mean": 2.6013,
  "plus_newton_newton_iter_median": 3.0,
  "plus_newton_newton_iter_p90": 3.0,
  "plus_newton_converged_ratio": 1.0,
  "hp_use_log_ab": true,
  "hp_optimizer": "adamw",
  "hp_criterion": "mse",
  "hp_dropout": 0.0,
  "hp_lr": 0.0005,
  "hp_weight_decay": 0.0001,
  "hp_hidden_dims": "[256, 256, 128]",
  "hp_hidden_size": 128,
  "hp_num_layers": 1,
  "hp_head_hidden": 64,
  "hp_head_layers": 1,
  "hp_d_model": 64,
  "hp_nhead": 4,
  "hp_ff_dim": 128,
  "hp_use_cls_token": false
}