{
  "trial_id": 1600,
  "trial_name": "trial_1600_transformer",
  "model": "transformer",
  "best_epoch": 66,
  "elapsed_sec": 126.18954229354858,
  "direct_mae": 0.008183122612535954,
  "direct_rmse": 0.012377939186990261,
  "direct_r2": 0.9998405116057256,
  "direct_valid_ratio": 1.0,
  "direct_residual_mean": 0.009670572355389595,
  "direct_residual_median": 0.006003886461257935,
  "direct_residual_p90": 0.02657899856567383,
  "plus_newton_mae": 2.3433617325926986e-08,
  "plus_newton_rmse": 2.991572919877768e-08,
  "plus_newton_r2": 0.9999999999999991,
  "plus_newton_valid_ratio": 1.0,
  "plus_newton_residual_mean": 4.1159404329815403e-14,
  "plus_newton_residual_median": 1.1102230246251565e-16,
  "plus_newton_residual_p90": 6.873390745454348e-14,
  "plus_newton_newton_iter_mean": 2.143,
  "plus_newton_newton_iter_median": 2.0,
  "plus_newton_newton_iter_p90": 3.0,
  "plus_newton_converged_ratio": 1.0,
  "hp_use_log_ab": false,
  "hp_optimizer": "adamw",
  "hp_criterion": "smoothl1",
  "hp_dropout": 0.1,
  "hp_lr": 0.001,
  "hp_weight_decay": 1e-05,
  "hp_hidden_dims": "[256, 256, 128]",
  "hp_hidden_size": 128,
  "hp_num_layers": 1,
  "hp_head_hidden": 128,
  "hp_head_layers": 2,
  "hp_d_model": 64,
  "hp_nhead": 4,
  "hp_ff_dim": 128,
  "hp_use_cls_token": true
}{
  "trial_id": 1600,
  "trial_name": "trial_1600_transformer",
  "model": "transformer",
  "best_epoch": 66,
  "elapsed_sec": 126.18954229354858,
  "direct_mae": 0.008183122612535954,
  "direct_rmse": 0.012377939186990261,
  "direct_r2": 0.9998405116057256,
  "direct_valid_ratio": 1.0,
  "direct_residual_mean": 0.009670572355389595,
  "direct_residual_median": 0.006003886461257935,
  "direct_residual_p90": 0.02657899856567383,
  "plus_newton_mae": 2.3433617325926986e-08,
  "plus_newton_rmse": 2.991572919877768e-08,
  "plus_newton_r2": 0.9999999999999991,
  "plus_newton_valid_ratio": 1.0,
  "plus_newton_residual_mean": 4.1159404329815403e-14,
  "plus_newton_residual_median": 1.1102230246251565e-16,
  "plus_newton_residual_p90": 6.873390745454348e-14,
  "plus_newton_newton_iter_mean": 2.143,
  "plus_newton_newton_iter_median": 2.0,
  "plus_newton_newton_iter_p90": 3.0,
  "plus_newton_converged_ratio": 1.0,
  "hp_use_log_ab": false,
  "hp_optimizer": "adamw",
  "hp_criterion": "smoothl1",
  "hp_dropout": 0.1,
  "hp_lr": 0.001,
  "hp_weight_decay": 1e-05,
  "hp_hidden_dims": "[256, 256, 128]",
  "hp_hidden_size": 128,
  "hp_num_layers": 1,
  "hp_head_hidden": 128,
  "hp_head_layers": 2,
  "hp_d_model": 64,
  "hp_nhead": 4,
  "hp_ff_dim": 128,
  "hp_use_cls_token": true
}