{
  "trial_id": 1990,
  "trial_name": "trial_1990_transformer",
  "model": "transformer",
  "best_epoch": 9,
  "elapsed_sec": 51.599467277526855,
  "direct_mae": 0.3382021188735962,
  "direct_rmse": 0.41894611716270447,
  "direct_r2": 0.8172957301139832,
  "direct_valid_ratio": 1.0,
  "direct_residual_mean": 0.3833983242511749,
  "direct_residual_median": 0.3496240973472595,
  "direct_residual_p90": 0.7757233440876008,
  "plus_newton_mae": 2.3433620471902438e-08,
  "plus_newton_rmse": 2.9915731512107436e-08,
  "plus_newton_r2": 0.9999999999999991,
  "plus_newton_valid_ratio": 1.0,
  "plus_newton_residual_mean": 4.266928579154964e-14,
  "plus_newton_residual_median": 1.1102230246251565e-16,
  "plus_newton_residual_p90": 9.526823774308472e-14,
  "plus_newton_newton_iter_mean": 2.7683,
  "plus_newton_newton_iter_median": 3.0,
  "plus_newton_newton_iter_p90": 3.0,
  "plus_newton_converged_ratio": 1.0,
  "hp_use_log_ab": false,
  "hp_optimizer": "adamw",
  "hp_criterion": "smoothl1",
  "hp_dropout": 0.1,
  "hp_lr": 0.0005,
  "hp_weight_decay": 0.0001,
  "hp_hidden_dims": "[256, 256, 128]",
  "hp_hidden_size": 128,
  "hp_num_layers": 2,
  "hp_head_hidden": 64,
  "hp_head_layers": 1,
  "hp_d_model": 32,
  "hp_nhead": 4,
  "hp_ff_dim": 64,
  "hp_use_cls_token": true
}{
  "trial_id": 1990,
  "trial_name": "trial_1990_transformer",
  "model": "transformer",
  "best_epoch": 9,
  "elapsed_sec": 51.599467277526855,
  "direct_mae": 0.3382021188735962,
  "direct_rmse": 0.41894611716270447,
  "direct_r2": 0.8172957301139832,
  "direct_valid_ratio": 1.0,
  "direct_residual_mean": 0.3833983242511749,
  "direct_residual_median": 0.3496240973472595,
  "direct_residual_p90": 0.7757233440876008,
  "plus_newton_mae": 2.3433620471902438e-08,
  "plus_newton_rmse": 2.9915731512107436e-08,
  "plus_newton_r2": 0.9999999999999991,
  "plus_newton_valid_ratio": 1.0,
  "plus_newton_residual_mean": 4.266928579154964e-14,
  "plus_newton_residual_median": 1.1102230246251565e-16,
  "plus_newton_residual_p90": 9.526823774308472e-14,
  "plus_newton_newton_iter_mean": 2.7683,
  "plus_newton_newton_iter_median": 3.0,
  "plus_newton_newton_iter_p90": 3.0,
  "plus_newton_converged_ratio": 1.0,
  "hp_use_log_ab": false,
  "hp_optimizer": "adamw",
  "hp_criterion": "smoothl1",
  "hp_dropout": 0.1,
  "hp_lr": 0.0005,
  "hp_weight_decay": 0.0001,
  "hp_hidden_dims": "[256, 256, 128]",
  "hp_hidden_size": 128,
  "hp_num_layers": 2,
  "hp_head_hidden": 64,
  "hp_head_layers": 1,
  "hp_d_model": 32,
  "hp_nhead": 4,
  "hp_ff_dim": 64,
  "hp_use_cls_token": true
}