{
  "trial_id": 2680,
  "trial_name": "trial_2680_transformer",
  "model": "transformer",
  "best_epoch": 43,
  "elapsed_sec": 520.5381164550781,
  "direct_mae": 0.007575171533972025,
  "direct_rmse": 0.009515970014035702,
  "direct_r2": 0.999905737604422,
  "direct_valid_ratio": 1.0,
  "direct_residual_mean": 0.009108597412705421,
  "direct_residual_median": 0.00752871111035347,
  "direct_residual_p90": 0.01837151050567627,
  "plus_newton_mae": 2.3433617706739013e-08,
  "plus_newton_rmse": 2.9915728939701476e-08,
  "plus_newton_r2": 0.9999999999999991,
  "plus_newton_valid_ratio": 1.0,
  "plus_newton_residual_mean": 4.749339946291309e-14,
  "plus_newton_residual_median": 1.1102230246251565e-16,
  "plus_newton_residual_p90": 1.1218803663837227e-13,
  "plus_newton_newton_iter_mean": 2.1256,
  "plus_newton_newton_iter_median": 2.0,
  "plus_newton_newton_iter_p90": 3.0,
  "plus_newton_converged_ratio": 1.0,
  "hp_use_log_ab": true,
  "hp_optimizer": "adamw",
  "hp_criterion": "mse",
  "hp_dropout": 0.1,
  "hp_lr": 0.001,
  "hp_weight_decay": 1e-05,
  "hp_hidden_dims": "[256, 256, 128]",
  "hp_hidden_size": 128,
  "hp_num_layers": 2,
  "hp_head_hidden": 128,
  "hp_head_layers": 2,
  "hp_d_model": 32,
  "hp_nhead": 4,
  "hp_ff_dim": 128,
  "hp_use_cls_token": true
}{
  "trial_id": 2680,
  "trial_name": "trial_2680_transformer",
  "model": "transformer",
  "best_epoch": 43,
  "elapsed_sec": 520.5381164550781,
  "direct_mae": 0.007575171533972025,
  "direct_rmse": 0.009515970014035702,
  "direct_r2": 0.999905737604422,
  "direct_valid_ratio": 1.0,
  "direct_residual_mean": 0.009108597412705421,
  "direct_residual_median": 0.00752871111035347,
  "direct_residual_p90": 0.01837151050567627,
  "plus_newton_mae": 2.3433617706739013e-08,
  "plus_newton_rmse": 2.9915728939701476e-08,
  "plus_newton_r2": 0.9999999999999991,
  "plus_newton_valid_ratio": 1.0,
  "plus_newton_residual_mean": 4.749339946291309e-14,
  "plus_newton_residual_median": 1.1102230246251565e-16,
  "plus_newton_residual_p90": 1.1218803663837227e-13,
  "plus_newton_newton_iter_mean": 2.1256,
  "plus_newton_newton_iter_median": 2.0,
  "plus_newton_newton_iter_p90": 3.0,
  "plus_newton_converged_ratio": 1.0,
  "hp_use_log_ab": true,
  "hp_optimizer": "adamw",
  "hp_criterion": "mse",
  "hp_dropout": 0.1,
  "hp_lr": 0.001,
  "hp_weight_decay": 1e-05,
  "hp_hidden_dims": "[256, 256, 128]",
  "hp_hidden_size": 128,
  "hp_num_layers": 2,
  "hp_head_hidden": 128,
  "hp_head_layers": 2,
  "hp_d_model": 32,
  "hp_nhead": 4,
  "hp_ff_dim": 128,
  "hp_use_cls_token": true
}