{
  "trial_id": 2004,
  "trial_name": "trial_2004_transformer",
  "model": "transformer",
  "best_epoch": 61,
  "elapsed_sec": 157.15312504768372,
  "direct_mae": 0.010404162108898163,
  "direct_rmse": 0.015358295291662216,
  "direct_r2": 0.9997544621583074,
  "direct_valid_ratio": 1.0,
  "direct_residual_mean": 0.011800856329500675,
  "direct_residual_median": 0.00845056027173996,
  "direct_residual_p90": 0.02614383697509766,
  "plus_newton_mae": 2.3433618059743974e-08,
  "plus_newton_rmse": 2.9915730458975676e-08,
  "plus_newton_r2": 0.9999999999999991,
  "plus_newton_valid_ratio": 1.0,
  "plus_newton_residual_mean": 4.5687284126007455e-14,
  "plus_newton_residual_median": 1.1102230246251565e-16,
  "plus_newton_residual_p90": 1.1881190475904192e-13,
  "plus_newton_newton_iter_mean": 2.1356,
  "plus_newton_newton_iter_median": 2.0,
  "plus_newton_newton_iter_p90": 3.0,
  "plus_newton_converged_ratio": 1.0,
  "hp_use_log_ab": false,
  "hp_optimizer": "adamw",
  "hp_criterion": "smoothl1",
  "hp_dropout": 0.1,
  "hp_lr": 0.0005,
  "hp_weight_decay": 0.0001,
  "hp_hidden_dims": "[256, 256, 128]",
  "hp_hidden_size": 128,
  "hp_num_layers": 2,
  "hp_head_hidden": 64,
  "hp_head_layers": 2,
  "hp_d_model": 32,
  "hp_nhead": 2,
  "hp_ff_dim": 128,
  "hp_use_cls_token": true
}{
  "trial_id": 2004,
  "trial_name": "trial_2004_transformer",
  "model": "transformer",
  "best_epoch": 61,
  "elapsed_sec": 157.15312504768372,
  "direct_mae": 0.010404162108898163,
  "direct_rmse": 0.015358295291662216,
  "direct_r2": 0.9997544621583074,
  "direct_valid_ratio": 1.0,
  "direct_residual_mean": 0.011800856329500675,
  "direct_residual_median": 0.00845056027173996,
  "direct_residual_p90": 0.02614383697509766,
  "plus_newton_mae": 2.3433618059743974e-08,
  "plus_newton_rmse": 2.9915730458975676e-08,
  "plus_newton_r2": 0.9999999999999991,
  "plus_newton_valid_ratio": 1.0,
  "plus_newton_residual_mean": 4.5687284126007455e-14,
  "plus_newton_residual_median": 1.1102230246251565e-16,
  "plus_newton_residual_p90": 1.1881190475904192e-13,
  "plus_newton_newton_iter_mean": 2.1356,
  "plus_newton_newton_iter_median": 2.0,
  "plus_newton_newton_iter_p90": 3.0,
  "plus_newton_converged_ratio": 1.0,
  "hp_use_log_ab": false,
  "hp_optimizer": "adamw",
  "hp_criterion": "smoothl1",
  "hp_dropout": 0.1,
  "hp_lr": 0.0005,
  "hp_weight_decay": 0.0001,
  "hp_hidden_dims": "[256, 256, 128]",
  "hp_hidden_size": 128,
  "hp_num_layers": 2,
  "hp_head_hidden": 64,
  "hp_head_layers": 2,
  "hp_d_model": 32,
  "hp_nhead": 2,
  "hp_ff_dim": 128,
  "hp_use_cls_token": true
}