{
  "trial_id": 581,
  "trial_name": "trial_581_transformer",
  "model": "transformer",
  "best_epoch": 19,
  "elapsed_sec": 75.34749460220337,
  "direct_mae": 0.341993510723114,
  "direct_rmse": 0.41714683175086975,
  "direct_r2": 0.8188617080450058,
  "direct_valid_ratio": 1.0,
  "direct_residual_mean": 0.385414719581604,
  "direct_residual_median": 0.36516308784484863,
  "direct_residual_p90": 0.715343248844147,
  "plus_newton_mae": 2.3433620708813682e-08,
  "plus_newton_rmse": 2.991573245397536e-08,
  "plus_newton_r2": 0.9999999999999991,
  "plus_newton_valid_ratio": 1.0,
  "plus_newton_residual_mean": 4.357683882207929e-14,
  "plus_newton_residual_median": 2.220446049250313e-16,
  "plus_newton_residual_p90": 9.81992265280953e-14,
  "plus_newton_newton_iter_mean": 2.7556,
  "plus_newton_newton_iter_median": 3.0,
  "plus_newton_newton_iter_p90": 3.0,
  "plus_newton_converged_ratio": 1.0,
  "hp_use_log_ab": false,
  "hp_optimizer": "adamw",
  "hp_criterion": "mse",
  "hp_dropout": 0.1,
  "hp_lr": 0.001,
  "hp_weight_decay": 1e-05,
  "hp_hidden_dims": "[256, 256, 128]",
  "hp_hidden_size": 128,
  "hp_num_layers": 2,
  "hp_head_hidden": 64,
  "hp_head_layers": 1,
  "hp_d_model": 32,
  "hp_nhead": 4,
  "hp_ff_dim": 64,
  "hp_use_cls_token": false
}{
  "trial_id": 581,
  "trial_name": "trial_581_transformer",
  "model": "transformer",
  "best_epoch": 19,
  "elapsed_sec": 75.34749460220337,
  "direct_mae": 0.341993510723114,
  "direct_rmse": 0.41714683175086975,
  "direct_r2": 0.8188617080450058,
  "direct_valid_ratio": 1.0,
  "direct_residual_mean": 0.385414719581604,
  "direct_residual_median": 0.36516308784484863,
  "direct_residual_p90": 0.715343248844147,
  "plus_newton_mae": 2.3433620708813682e-08,
  "plus_newton_rmse": 2.991573245397536e-08,
  "plus_newton_r2": 0.9999999999999991,
  "plus_newton_valid_ratio": 1.0,
  "plus_newton_residual_mean": 4.357683882207929e-14,
  "plus_newton_residual_median": 2.220446049250313e-16,
  "plus_newton_residual_p90": 9.81992265280953e-14,
  "plus_newton_newton_iter_mean": 2.7556,
  "plus_newton_newton_iter_median": 3.0,
  "plus_newton_newton_iter_p90": 3.0,
  "plus_newton_converged_ratio": 1.0,
  "hp_use_log_ab": false,
  "hp_optimizer": "adamw",
  "hp_criterion": "mse",
  "hp_dropout": 0.1,
  "hp_lr": 0.001,
  "hp_weight_decay": 1e-05,
  "hp_hidden_dims": "[256, 256, 128]",
  "hp_hidden_size": 128,
  "hp_num_layers": 2,
  "hp_head_hidden": 64,
  "hp_head_layers": 1,
  "hp_d_model": 32,
  "hp_nhead": 4,
  "hp_ff_dim": 64,
  "hp_use_cls_token": false
}