{
  "trial_id": 1383,
  "trial_name": "trial_1383_transformer",
  "model": "transformer",
  "best_epoch": 19,
  "elapsed_sec": 66.40137958526611,
  "direct_mae": 0.3389817476272583,
  "direct_rmse": 0.4178451597690582,
  "direct_r2": 0.8182547390460968,
  "direct_valid_ratio": 1.0,
  "direct_residual_mean": 0.38188204169273376,
  "direct_residual_median": 0.3543315827846527,
  "direct_residual_p90": 0.7511402249336243,
  "plus_newton_mae": 2.343361891692968e-08,
  "plus_newton_rmse": 2.9915730727887845e-08,
  "plus_newton_r2": 0.9999999999999991,
  "plus_newton_valid_ratio": 1.0,
  "plus_newton_residual_mean": 4.243667216090815e-14,
  "plus_newton_residual_median": 1.6653345369377348e-16,
  "plus_newton_residual_p90": 9.249268018152224e-14,
  "plus_newton_newton_iter_mean": 2.7522,
  "plus_newton_newton_iter_median": 3.0,
  "plus_newton_newton_iter_p90": 3.0,
  "plus_newton_converged_ratio": 1.0,
  "hp_use_log_ab": false,
  "hp_optimizer": "adamw",
  "hp_criterion": "smoothl1",
  "hp_dropout": 0.0,
  "hp_lr": 0.0005,
  "hp_weight_decay": 1e-05,
  "hp_hidden_dims": "[256, 256, 128]",
  "hp_hidden_size": 128,
  "hp_num_layers": 2,
  "hp_head_hidden": 128,
  "hp_head_layers": 1,
  "hp_d_model": 32,
  "hp_nhead": 4,
  "hp_ff_dim": 128,
  "hp_use_cls_token": false
}{
  "trial_id": 1383,
  "trial_name": "trial_1383_transformer",
  "model": "transformer",
  "best_epoch": 19,
  "elapsed_sec": 66.40137958526611,
  "direct_mae": 0.3389817476272583,
  "direct_rmse": 0.4178451597690582,
  "direct_r2": 0.8182547390460968,
  "direct_valid_ratio": 1.0,
  "direct_residual_mean": 0.38188204169273376,
  "direct_residual_median": 0.3543315827846527,
  "direct_residual_p90": 0.7511402249336243,
  "plus_newton_mae": 2.343361891692968e-08,
  "plus_newton_rmse": 2.9915730727887845e-08,
  "plus_newton_r2": 0.9999999999999991,
  "plus_newton_valid_ratio": 1.0,
  "plus_newton_residual_mean": 4.243667216090815e-14,
  "plus_newton_residual_median": 1.6653345369377348e-16,
  "plus_newton_residual_p90": 9.249268018152224e-14,
  "plus_newton_newton_iter_mean": 2.7522,
  "plus_newton_newton_iter_median": 3.0,
  "plus_newton_newton_iter_p90": 3.0,
  "plus_newton_converged_ratio": 1.0,
  "hp_use_log_ab": false,
  "hp_optimizer": "adamw",
  "hp_criterion": "smoothl1",
  "hp_dropout": 0.0,
  "hp_lr": 0.0005,
  "hp_weight_decay": 1e-05,
  "hp_hidden_dims": "[256, 256, 128]",
  "hp_hidden_size": 128,
  "hp_num_layers": 2,
  "hp_head_hidden": 128,
  "hp_head_layers": 1,
  "hp_d_model": 32,
  "hp_nhead": 4,
  "hp_ff_dim": 128,
  "hp_use_cls_token": false
}