{
  "trial_id": 191,
  "trial_name": "trial_191_transformer",
  "model": "transformer",
  "best_epoch": 54,
  "elapsed_sec": 226.58374953269958,
  "direct_mae": 0.00321140862070024,
  "direct_rmse": 0.004186239559203386,
  "direct_r2": 0.9999817576590431,
  "direct_valid_ratio": 1.0,
  "direct_residual_mean": 0.003838794771581888,
  "direct_residual_median": 0.003168642520904541,
  "direct_residual_p90": 0.0071783065795898455,
  "plus_newton_mae": 2.3433618146301477e-08,
  "plus_newton_rmse": 2.991572951703401e-08,
  "plus_newton_r2": 0.9999999999999991,
  "plus_newton_valid_ratio": 1.0,
  "plus_newton_residual_mean": 2.508291112663093e-14,
  "plus_newton_residual_median": 1.1102230246251565e-16,
  "plus_newton_residual_p90": 2.2426505097428162e-14,
  "plus_newton_newton_iter_mean": 2.0545,
  "plus_newton_newton_iter_median": 2.0,
  "plus_newton_newton_iter_p90": 2.0,
  "plus_newton_converged_ratio": 1.0,
  "hp_use_log_ab": false,
  "hp_optimizer": "adamw",
  "hp_criterion": "mse",
  "hp_dropout": 0.0,
  "hp_lr": 0.001,
  "hp_weight_decay": 0.0001,
  "hp_hidden_dims": "[256, 256, 128]",
  "hp_hidden_size": 128,
  "hp_num_layers": 1,
  "hp_head_hidden": 128,
  "hp_head_layers": 2,
  "hp_d_model": 64,
  "hp_nhead": 4,
  "hp_ff_dim": 128,
  "hp_use_cls_token": false
}{
  "trial_id": 191,
  "trial_name": "trial_191_transformer",
  "model": "transformer",
  "best_epoch": 54,
  "elapsed_sec": 226.58374953269958,
  "direct_mae": 0.00321140862070024,
  "direct_rmse": 0.004186239559203386,
  "direct_r2": 0.9999817576590431,
  "direct_valid_ratio": 1.0,
  "direct_residual_mean": 0.003838794771581888,
  "direct_residual_median": 0.003168642520904541,
  "direct_residual_p90": 0.0071783065795898455,
  "plus_newton_mae": 2.3433618146301477e-08,
  "plus_newton_rmse": 2.991572951703401e-08,
  "plus_newton_r2": 0.9999999999999991,
  "plus_newton_valid_ratio": 1.0,
  "plus_newton_residual_mean": 2.508291112663093e-14,
  "plus_newton_residual_median": 1.1102230246251565e-16,
  "plus_newton_residual_p90": 2.2426505097428162e-14,
  "plus_newton_newton_iter_mean": 2.0545,
  "plus_newton_newton_iter_median": 2.0,
  "plus_newton_newton_iter_p90": 2.0,
  "plus_newton_converged_ratio": 1.0,
  "hp_use_log_ab": false,
  "hp_optimizer": "adamw",
  "hp_criterion": "mse",
  "hp_dropout": 0.0,
  "hp_lr": 0.001,
  "hp_weight_decay": 0.0001,
  "hp_hidden_dims": "[256, 256, 128]",
  "hp_hidden_size": 128,
  "hp_num_layers": 1,
  "hp_head_hidden": 128,
  "hp_head_layers": 2,
  "hp_d_model": 64,
  "hp_nhead": 4,
  "hp_ff_dim": 128,
  "hp_use_cls_token": false
}