{
  "trial_id": 2211,
  "trial_name": "trial_2211_transformer",
  "model": "transformer",
  "best_epoch": 30,
  "elapsed_sec": 69.13587760925293,
  "direct_mae": 0.10769228637218475,
  "direct_rmse": 0.1320246160030365,
  "direct_r2": 0.9818556159734726,
  "direct_valid_ratio": 1.0,
  "direct_residual_mean": 0.13451765477657318,
  "direct_residual_median": 0.11625038087368011,
  "direct_residual_p90": 0.2563416689634324,
  "plus_newton_mae": 2.3433618910224825e-08,
  "plus_newton_rmse": 2.991573081070456e-08,
  "plus_newton_r2": 0.9999999999999991,
  "plus_newton_valid_ratio": 1.0,
  "plus_newton_residual_mean": 3.473121727738795e-14,
  "plus_newton_residual_median": 1.1102230246251565e-16,
  "plus_newton_residual_p90": 4.8031023602845885e-14,
  "plus_newton_newton_iter_mean": 2.6328,
  "plus_newton_newton_iter_median": 3.0,
  "plus_newton_newton_iter_p90": 3.0,
  "plus_newton_converged_ratio": 1.0,
  "hp_use_log_ab": true,
  "hp_optimizer": "adamw",
  "hp_criterion": "mse",
  "hp_dropout": 0.0,
  "hp_lr": 0.001,
  "hp_weight_decay": 0.0001,
  "hp_hidden_dims": "[256, 256, 128]",
  "hp_hidden_size": 128,
  "hp_num_layers": 1,
  "hp_head_hidden": 128,
  "hp_head_layers": 1,
  "hp_d_model": 32,
  "hp_nhead": 2,
  "hp_ff_dim": 128,
  "hp_use_cls_token": false
}{
  "trial_id": 2211,
  "trial_name": "trial_2211_transformer",
  "model": "transformer",
  "best_epoch": 30,
  "elapsed_sec": 69.13587760925293,
  "direct_mae": 0.10769228637218475,
  "direct_rmse": 0.1320246160030365,
  "direct_r2": 0.9818556159734726,
  "direct_valid_ratio": 1.0,
  "direct_residual_mean": 0.13451765477657318,
  "direct_residual_median": 0.11625038087368011,
  "direct_residual_p90": 0.2563416689634324,
  "plus_newton_mae": 2.3433618910224825e-08,
  "plus_newton_rmse": 2.991573081070456e-08,
  "plus_newton_r2": 0.9999999999999991,
  "plus_newton_valid_ratio": 1.0,
  "plus_newton_residual_mean": 3.473121727738795e-14,
  "plus_newton_residual_median": 1.1102230246251565e-16,
  "plus_newton_residual_p90": 4.8031023602845885e-14,
  "plus_newton_newton_iter_mean": 2.6328,
  "plus_newton_newton_iter_median": 3.0,
  "plus_newton_newton_iter_p90": 3.0,
  "plus_newton_converged_ratio": 1.0,
  "hp_use_log_ab": true,
  "hp_optimizer": "adamw",
  "hp_criterion": "mse",
  "hp_dropout": 0.0,
  "hp_lr": 0.001,
  "hp_weight_decay": 0.0001,
  "hp_hidden_dims": "[256, 256, 128]",
  "hp_hidden_size": 128,
  "hp_num_layers": 1,
  "hp_head_hidden": 128,
  "hp_head_layers": 1,
  "hp_d_model": 32,
  "hp_nhead": 2,
  "hp_ff_dim": 128,
  "hp_use_cls_token": false
}