{
  "trial_id": 696,
  "trial_name": "trial_696_transformer",
  "model": "transformer",
  "best_epoch": 45,
  "elapsed_sec": 107.06581377983093,
  "direct_mae": 0.007438713684678078,
  "direct_rmse": 0.011127169243991375,
  "direct_r2": 0.9998711151856696,
  "direct_valid_ratio": 1.0,
  "direct_residual_mean": 0.009317779913544655,
  "direct_residual_median": 0.005253857001662254,
  "direct_residual_p90": 0.022783881425857546,
  "plus_newton_mae": 2.343361853316485e-08,
  "plus_newton_rmse": 2.991573046290286e-08,
  "plus_newton_r2": 0.9999999999999991,
  "plus_newton_valid_ratio": 1.0,
  "plus_newton_residual_mean": 3.91594378233911e-14,
  "plus_newton_residual_median": 1.1102230246251565e-16,
  "plus_newton_residual_p90": 6.552536291337682e-14,
  "plus_newton_newton_iter_mean": 2.1353,
  "plus_newton_newton_iter_median": 2.0,
  "plus_newton_newton_iter_p90": 3.0,
  "plus_newton_converged_ratio": 1.0,
  "hp_use_log_ab": false,
  "hp_optimizer": "adamw",
  "hp_criterion": "mse",
  "hp_dropout": 0.1,
  "hp_lr": 0.001,
  "hp_weight_decay": 0.0001,
  "hp_hidden_dims": "[256, 256, 128]",
  "hp_hidden_size": 128,
  "hp_num_layers": 1,
  "hp_head_hidden": 128,
  "hp_head_layers": 2,
  "hp_d_model": 32,
  "hp_nhead": 4,
  "hp_ff_dim": 128,
  "hp_use_cls_token": true
}{
  "trial_id": 696,
  "trial_name": "trial_696_transformer",
  "model": "transformer",
  "best_epoch": 45,
  "elapsed_sec": 107.06581377983093,
  "direct_mae": 0.007438713684678078,
  "direct_rmse": 0.011127169243991375,
  "direct_r2": 0.9998711151856696,
  "direct_valid_ratio": 1.0,
  "direct_residual_mean": 0.009317779913544655,
  "direct_residual_median": 0.005253857001662254,
  "direct_residual_p90": 0.022783881425857546,
  "plus_newton_mae": 2.343361853316485e-08,
  "plus_newton_rmse": 2.991573046290286e-08,
  "plus_newton_r2": 0.9999999999999991,
  "plus_newton_valid_ratio": 1.0,
  "plus_newton_residual_mean": 3.91594378233911e-14,
  "plus_newton_residual_median": 1.1102230246251565e-16,
  "plus_newton_residual_p90": 6.552536291337682e-14,
  "plus_newton_newton_iter_mean": 2.1353,
  "plus_newton_newton_iter_median": 2.0,
  "plus_newton_newton_iter_p90": 3.0,
  "plus_newton_converged_ratio": 1.0,
  "hp_use_log_ab": false,
  "hp_optimizer": "adamw",
  "hp_criterion": "mse",
  "hp_dropout": 0.1,
  "hp_lr": 0.001,
  "hp_weight_decay": 0.0001,
  "hp_hidden_dims": "[256, 256, 128]",
  "hp_hidden_size": 128,
  "hp_num_layers": 1,
  "hp_head_hidden": 128,
  "hp_head_layers": 2,
  "hp_d_model": 32,
  "hp_nhead": 4,
  "hp_ff_dim": 128,
  "hp_use_cls_token": true
}