{
  "trial_id": 92,
  "trial_name": "trial_092_gru",
  "model": "gru",
  "best_epoch": 74,
  "elapsed_sec": 238.73199105262756,
  "direct_mae": 0.007286370731890202,
  "direct_rmse": 0.011172240599989891,
  "direct_r2": 0.9998700689466204,
  "direct_valid_ratio": 1.0,
  "direct_residual_mean": 0.008883412927389145,
  "direct_residual_median": 0.005176633596420288,
  "direct_residual_p90": 0.022554981708526614,
  "plus_newton_mae": 2.3433617248076145e-08,
  "plus_newton_rmse": 2.991572937928229e-08,
  "plus_newton_r2": 0.9999999999999991,
  "plus_newton_valid_ratio": 1.0,
  "plus_newton_residual_mean": 2.9335613827459067e-14,
  "plus_newton_residual_median": 1.1102230246251565e-16,
  "plus_newton_residual_p90": 3.6426417437951426e-14,
  "plus_newton_newton_iter_mean": 2.1596,
  "plus_newton_newton_iter_median": 2.0,
  "plus_newton_newton_iter_p90": 3.0,
  "plus_newton_converged_ratio": 1.0,
  "hp_use_log_ab": false,
  "hp_optimizer": "adamw",
  "hp_criterion": "mse",
  "hp_dropout": 0.1,
  "hp_lr": 0.001,
  "hp_weight_decay": 0.0001,
  "hp_hidden_dims": "[256, 256, 128]",
  "hp_hidden_size": 128,
  "hp_num_layers": 1,
  "hp_head_hidden": 128,
  "hp_head_layers": 2,
  "hp_d_model": 64,
  "hp_nhead": 4,
  "hp_ff_dim": 128,
  "hp_use_cls_token": false
}{
  "trial_id": 92,
  "trial_name": "trial_092_gru",
  "model": "gru",
  "best_epoch": 74,
  "elapsed_sec": 238.73199105262756,
  "direct_mae": 0.007286370731890202,
  "direct_rmse": 0.011172240599989891,
  "direct_r2": 0.9998700689466204,
  "direct_valid_ratio": 1.0,
  "direct_residual_mean": 0.008883412927389145,
  "direct_residual_median": 0.005176633596420288,
  "direct_residual_p90": 0.022554981708526614,
  "plus_newton_mae": 2.3433617248076145e-08,
  "plus_newton_rmse": 2.991572937928229e-08,
  "plus_newton_r2": 0.9999999999999991,
  "plus_newton_valid_ratio": 1.0,
  "plus_newton_residual_mean": 2.9335613827459067e-14,
  "plus_newton_residual_median": 1.1102230246251565e-16,
  "plus_newton_residual_p90": 3.6426417437951426e-14,
  "plus_newton_newton_iter_mean": 2.1596,
  "plus_newton_newton_iter_median": 2.0,
  "plus_newton_newton_iter_p90": 3.0,
  "plus_newton_converged_ratio": 1.0,
  "hp_use_log_ab": false,
  "hp_optimizer": "adamw",
  "hp_criterion": "mse",
  "hp_dropout": 0.1,
  "hp_lr": 0.001,
  "hp_weight_decay": 0.0001,
  "hp_hidden_dims": "[256, 256, 128]",
  "hp_hidden_size": 128,
  "hp_num_layers": 1,
  "hp_head_hidden": 128,
  "hp_head_layers": 2,
  "hp_d_model": 64,
  "hp_nhead": 4,
  "hp_ff_dim": 128,
  "hp_use_cls_token": false
}