{
  "trial_id": 1577,
  "trial_name": "trial_1577_transformer",
  "model": "transformer",
  "best_epoch": 7,
  "elapsed_sec": 37.23492670059204,
  "direct_mae": 0.3387256860733032,
  "direct_rmse": 0.4185107946395874,
  "direct_r2": 0.8176752030849457,
  "direct_valid_ratio": 1.0,
  "direct_residual_mean": 0.38232943415641785,
  "direct_residual_median": 0.35310280323028564,
  "direct_residual_p90": 0.7606220543384559,
  "plus_newton_mae": 2.3433618192182164e-08,
  "plus_newton_rmse": 2.991573026417853e-08,
  "plus_newton_r2": 0.9999999999999991,
  "plus_newton_valid_ratio": 1.0,
  "plus_newton_residual_mean": 4.2875623993452147e-14,
  "plus_newton_residual_median": 1.1102230246251565e-16,
  "plus_newton_residual_p90": 9.650336085798036e-14,
  "plus_newton_newton_iter_mean": 2.7585,
  "plus_newton_newton_iter_median": 3.0,
  "plus_newton_newton_iter_p90": 3.0,
  "plus_newton_converged_ratio": 1.0,
  "hp_use_log_ab": false,
  "hp_optimizer": "adamw",
  "hp_criterion": "smoothl1",
  "hp_dropout": 0.1,
  "hp_lr": 0.001,
  "hp_weight_decay": 1e-05,
  "hp_hidden_dims": "[256, 256, 128]",
  "hp_hidden_size": 128,
  "hp_num_layers": 1,
  "hp_head_hidden": 128,
  "hp_head_layers": 1,
  "hp_d_model": 64,
  "hp_nhead": 2,
  "hp_ff_dim": 64,
  "hp_use_cls_token": false
}{
  "trial_id": 1577,
  "trial_name": "trial_1577_transformer",
  "model": "transformer",
  "best_epoch": 7,
  "elapsed_sec": 37.23492670059204,
  "direct_mae": 0.3387256860733032,
  "direct_rmse": 0.4185107946395874,
  "direct_r2": 0.8176752030849457,
  "direct_valid_ratio": 1.0,
  "direct_residual_mean": 0.38232943415641785,
  "direct_residual_median": 0.35310280323028564,
  "direct_residual_p90": 0.7606220543384559,
  "plus_newton_mae": 2.3433618192182164e-08,
  "plus_newton_rmse": 2.991573026417853e-08,
  "plus_newton_r2": 0.9999999999999991,
  "plus_newton_valid_ratio": 1.0,
  "plus_newton_residual_mean": 4.2875623993452147e-14,
  "plus_newton_residual_median": 1.1102230246251565e-16,
  "plus_newton_residual_p90": 9.650336085798036e-14,
  "plus_newton_newton_iter_mean": 2.7585,
  "plus_newton_newton_iter_median": 3.0,
  "plus_newton_newton_iter_p90": 3.0,
  "plus_newton_converged_ratio": 1.0,
  "hp_use_log_ab": false,
  "hp_optimizer": "adamw",
  "hp_criterion": "smoothl1",
  "hp_dropout": 0.1,
  "hp_lr": 0.001,
  "hp_weight_decay": 1e-05,
  "hp_hidden_dims": "[256, 256, 128]",
  "hp_hidden_size": 128,
  "hp_num_layers": 1,
  "hp_head_hidden": 128,
  "hp_head_layers": 1,
  "hp_d_model": 64,
  "hp_nhead": 2,
  "hp_ff_dim": 64,
  "hp_use_cls_token": false
}