{
  "trial_id": 846,
  "trial_name": "trial_846_transformer",
  "model": "transformer",
  "best_epoch": 74,
  "elapsed_sec": 177.02499389648438,
  "direct_mae": 0.3407799005508423,
  "direct_rmse": 0.41698694229125977,
  "direct_r2": 0.8190005123615265,
  "direct_valid_ratio": 1.0,
  "direct_residual_mean": 0.3839208781719208,
  "direct_residual_median": 0.36060357093811035,
  "direct_residual_p90": 0.7187336325645447,
  "plus_newton_mae": 2.343361971253666e-08,
  "plus_newton_rmse": 2.991573154812001e-08,
  "plus_newton_r2": 0.9999999999999991,
  "plus_newton_valid_ratio": 1.0,
  "plus_newton_residual_mean": 4.458714019460233e-14,
  "plus_newton_residual_median": 1.249000902703301e-16,
  "plus_newton_residual_p90": 1.0458300891968975e-13,
  "plus_newton_newton_iter_mean": 2.7565,
  "plus_newton_newton_iter_median": 3.0,
  "plus_newton_newton_iter_p90": 3.0,
  "plus_newton_converged_ratio": 1.0,
  "hp_use_log_ab": false,
  "hp_optimizer": "adamw",
  "hp_criterion": "mse",
  "hp_dropout": 0.1,
  "hp_lr": 0.0005,
  "hp_weight_decay": 1e-05,
  "hp_hidden_dims": "[256, 256, 128]",
  "hp_hidden_size": 128,
  "hp_num_layers": 2,
  "hp_head_hidden": 64,
  "hp_head_layers": 1,
  "hp_d_model": 64,
  "hp_nhead": 4,
  "hp_ff_dim": 64,
  "hp_use_cls_token": true
}{
  "trial_id": 846,
  "trial_name": "trial_846_transformer",
  "model": "transformer",
  "best_epoch": 74,
  "elapsed_sec": 177.02499389648438,
  "direct_mae": 0.3407799005508423,
  "direct_rmse": 0.41698694229125977,
  "direct_r2": 0.8190005123615265,
  "direct_valid_ratio": 1.0,
  "direct_residual_mean": 0.3839208781719208,
  "direct_residual_median": 0.36060357093811035,
  "direct_residual_p90": 0.7187336325645447,
  "plus_newton_mae": 2.343361971253666e-08,
  "plus_newton_rmse": 2.991573154812001e-08,
  "plus_newton_r2": 0.9999999999999991,
  "plus_newton_valid_ratio": 1.0,
  "plus_newton_residual_mean": 4.458714019460233e-14,
  "plus_newton_residual_median": 1.249000902703301e-16,
  "plus_newton_residual_p90": 1.0458300891968975e-13,
  "plus_newton_newton_iter_mean": 2.7565,
  "plus_newton_newton_iter_median": 3.0,
  "plus_newton_newton_iter_p90": 3.0,
  "plus_newton_converged_ratio": 1.0,
  "hp_use_log_ab": false,
  "hp_optimizer": "adamw",
  "hp_criterion": "mse",
  "hp_dropout": 0.1,
  "hp_lr": 0.0005,
  "hp_weight_decay": 1e-05,
  "hp_hidden_dims": "[256, 256, 128]",
  "hp_hidden_size": 128,
  "hp_num_layers": 2,
  "hp_head_hidden": 64,
  "hp_head_layers": 1,
  "hp_d_model": 64,
  "hp_nhead": 4,
  "hp_ff_dim": 64,
  "hp_use_cls_token": true
}