{
  "trial_id": 347,
  "trial_name": "trial_347_lstm",
  "model": "lstm",
  "best_epoch": 98,
  "elapsed_sec": 242.10861682891846,
  "direct_mae": 0.09464416652917862,
  "direct_rmse": 0.1223645880818367,
  "direct_r2": 0.984413668513298,
  "direct_valid_ratio": 1.0,
  "direct_residual_mean": 0.11948765814304352,
  "direct_residual_median": 0.09051370620727539,
  "direct_residual_p90": 0.24373553991317753,
  "plus_newton_mae": 2.3433619193794982e-08,
  "plus_newton_rmse": 2.991573051679139e-08,
  "plus_newton_r2": 0.9999999999999991,
  "plus_newton_valid_ratio": 1.0,
  "plus_newton_residual_mean": 3.965242876631032e-14,
  "plus_newton_residual_median": 1.1102230246251565e-16,
  "plus_newton_residual_p90": 5.797584634592576e-14,
  "plus_newton_newton_iter_mean": 2.5851,
  "plus_newton_newton_iter_median": 3.0,
  "plus_newton_newton_iter_p90": 3.0,
  "plus_newton_converged_ratio": 1.0,
  "hp_use_log_ab": true,
  "hp_optimizer": "adamw",
  "hp_criterion": "mse",
  "hp_dropout": 0.1,
  "hp_lr": 0.001,
  "hp_weight_decay": 0.0001,
  "hp_hidden_dims": "[256, 256, 128]",
  "hp_hidden_size": 128,
  "hp_num_layers": 1,
  "hp_head_hidden": 128,
  "hp_head_layers": 1,
  "hp_d_model": 64,
  "hp_nhead": 4,
  "hp_ff_dim": 128,
  "hp_use_cls_token": false
}{
  "trial_id": 347,
  "trial_name": "trial_347_lstm",
  "model": "lstm",
  "best_epoch": 98,
  "elapsed_sec": 242.10861682891846,
  "direct_mae": 0.09464416652917862,
  "direct_rmse": 0.1223645880818367,
  "direct_r2": 0.984413668513298,
  "direct_valid_ratio": 1.0,
  "direct_residual_mean": 0.11948765814304352,
  "direct_residual_median": 0.09051370620727539,
  "direct_residual_p90": 0.24373553991317753,
  "plus_newton_mae": 2.3433619193794982e-08,
  "plus_newton_rmse": 2.991573051679139e-08,
  "plus_newton_r2": 0.9999999999999991,
  "plus_newton_valid_ratio": 1.0,
  "plus_newton_residual_mean": 3.965242876631032e-14,
  "plus_newton_residual_median": 1.1102230246251565e-16,
  "plus_newton_residual_p90": 5.797584634592576e-14,
  "plus_newton_newton_iter_mean": 2.5851,
  "plus_newton_newton_iter_median": 3.0,
  "plus_newton_newton_iter_p90": 3.0,
  "plus_newton_converged_ratio": 1.0,
  "hp_use_log_ab": true,
  "hp_optimizer": "adamw",
  "hp_criterion": "mse",
  "hp_dropout": 0.1,
  "hp_lr": 0.001,
  "hp_weight_decay": 0.0001,
  "hp_hidden_dims": "[256, 256, 128]",
  "hp_hidden_size": 128,
  "hp_num_layers": 1,
  "hp_head_hidden": 128,
  "hp_head_layers": 1,
  "hp_d_model": 64,
  "hp_nhead": 4,
  "hp_ff_dim": 128,
  "hp_use_cls_token": false
}