{
  "trial_id": 353,
  "trial_name": "trial_353_gru",
  "model": "gru",
  "best_epoch": 61,
  "elapsed_sec": 167.1383171081543,
  "direct_mae": 0.09628144651651382,
  "direct_rmse": 0.12285677343606949,
  "direct_r2": 0.9842880312353373,
  "direct_valid_ratio": 1.0,
  "direct_residual_mean": 0.1210944727063179,
  "direct_residual_median": 0.09527923911809921,
  "direct_residual_p90": 0.24346464276313787,
  "plus_newton_mae": 2.343361898123428e-08,
  "plus_newton_rmse": 2.991572957165429e-08,
  "plus_newton_r2": 0.9999999999999991,
  "plus_newton_valid_ratio": 1.0,
  "plus_newton_residual_mean": 3.768930379961639e-14,
  "plus_newton_residual_median": 1.1102230246251565e-16,
  "plus_newton_residual_p90": 5.928590951498336e-14,
  "plus_newton_newton_iter_mean": 2.5922,
  "plus_newton_newton_iter_median": 3.0,
  "plus_newton_newton_iter_p90": 3.0,
  "plus_newton_converged_ratio": 1.0,
  "hp_use_log_ab": true,
  "hp_optimizer": "adamw",
  "hp_criterion": "mse",
  "hp_dropout": 0.1,
  "hp_lr": 0.0005,
  "hp_weight_decay": 1e-05,
  "hp_hidden_dims": "[256, 256, 128]",
  "hp_hidden_size": 64,
  "hp_num_layers": 1,
  "hp_head_hidden": 64,
  "hp_head_layers": 1,
  "hp_d_model": 64,
  "hp_nhead": 4,
  "hp_ff_dim": 128,
  "hp_use_cls_token": false
}{
  "trial_id": 353,
  "trial_name": "trial_353_gru",
  "model": "gru",
  "best_epoch": 61,
  "elapsed_sec": 167.1383171081543,
  "direct_mae": 0.09628144651651382,
  "direct_rmse": 0.12285677343606949,
  "direct_r2": 0.9842880312353373,
  "direct_valid_ratio": 1.0,
  "direct_residual_mean": 0.1210944727063179,
  "direct_residual_median": 0.09527923911809921,
  "direct_residual_p90": 0.24346464276313787,
  "plus_newton_mae": 2.343361898123428e-08,
  "plus_newton_rmse": 2.991572957165429e-08,
  "plus_newton_r2": 0.9999999999999991,
  "plus_newton_valid_ratio": 1.0,
  "plus_newton_residual_mean": 3.768930379961639e-14,
  "plus_newton_residual_median": 1.1102230246251565e-16,
  "plus_newton_residual_p90": 5.928590951498336e-14,
  "plus_newton_newton_iter_mean": 2.5922,
  "plus_newton_newton_iter_median": 3.0,
  "plus_newton_newton_iter_p90": 3.0,
  "plus_newton_converged_ratio": 1.0,
  "hp_use_log_ab": true,
  "hp_optimizer": "adamw",
  "hp_criterion": "mse",
  "hp_dropout": 0.1,
  "hp_lr": 0.0005,
  "hp_weight_decay": 1e-05,
  "hp_hidden_dims": "[256, 256, 128]",
  "hp_hidden_size": 64,
  "hp_num_layers": 1,
  "hp_head_hidden": 64,
  "hp_head_layers": 1,
  "hp_d_model": 64,
  "hp_nhead": 4,
  "hp_ff_dim": 128,
  "hp_use_cls_token": false
}