{
  "trial_id": 894,
  "trial_name": "trial_894_transformer",
  "model": "transformer",
  "best_epoch": 107,
  "elapsed_sec": 230.56642723083496,
  "direct_mae": 0.007530405651777983,
  "direct_rmse": 0.01130819320678711,
  "direct_r2": 0.9998668875050498,
  "direct_valid_ratio": 1.0,
  "direct_residual_mean": 0.008772009052336216,
  "direct_residual_median": 0.006549954414367676,
  "direct_residual_p90": 0.020468831062316898,
  "plus_newton_mae": 2.3433618739645343e-08,
  "plus_newton_rmse": 2.99157311537764e-08,
  "plus_newton_r2": 0.9999999999999991,
  "plus_newton_valid_ratio": 1.0,
  "plus_newton_residual_mean": 3.1459026266704265e-14,
  "plus_newton_residual_median": 1.1102230246251565e-16,
  "plus_newton_residual_p90": 4.097278072379142e-14,
  "plus_newton_newton_iter_mean": 2.1273,
  "plus_newton_newton_iter_median": 2.0,
  "plus_newton_newton_iter_p90": 3.0,
  "plus_newton_converged_ratio": 1.0,
  "hp_use_log_ab": false,
  "hp_optimizer": "adamw",
  "hp_criterion": "mse",
  "hp_dropout": 0.1,
  "hp_lr": 0.0005,
  "hp_weight_decay": 1e-05,
  "hp_hidden_dims": "[256, 256, 128]",
  "hp_hidden_size": 128,
  "hp_num_layers": 2,
  "hp_head_hidden": 128,
  "hp_head_layers": 2,
  "hp_d_model": 64,
  "hp_nhead": 4,
  "hp_ff_dim": 64,
  "hp_use_cls_token": true
}{
  "trial_id": 894,
  "trial_name": "trial_894_transformer",
  "model": "transformer",
  "best_epoch": 107,
  "elapsed_sec": 230.56642723083496,
  "direct_mae": 0.007530405651777983,
  "direct_rmse": 0.01130819320678711,
  "direct_r2": 0.9998668875050498,
  "direct_valid_ratio": 1.0,
  "direct_residual_mean": 0.008772009052336216,
  "direct_residual_median": 0.006549954414367676,
  "direct_residual_p90": 0.020468831062316898,
  "plus_newton_mae": 2.3433618739645343e-08,
  "plus_newton_rmse": 2.99157311537764e-08,
  "plus_newton_r2": 0.9999999999999991,
  "plus_newton_valid_ratio": 1.0,
  "plus_newton_residual_mean": 3.1459026266704265e-14,
  "plus_newton_residual_median": 1.1102230246251565e-16,
  "plus_newton_residual_p90": 4.097278072379142e-14,
  "plus_newton_newton_iter_mean": 2.1273,
  "plus_newton_newton_iter_median": 2.0,
  "plus_newton_newton_iter_p90": 3.0,
  "plus_newton_converged_ratio": 1.0,
  "hp_use_log_ab": false,
  "hp_optimizer": "adamw",
  "hp_criterion": "mse",
  "hp_dropout": 0.1,
  "hp_lr": 0.0005,
  "hp_weight_decay": 1e-05,
  "hp_hidden_dims": "[256, 256, 128]",
  "hp_hidden_size": 128,
  "hp_num_layers": 2,
  "hp_head_hidden": 128,
  "hp_head_layers": 2,
  "hp_d_model": 64,
  "hp_nhead": 4,
  "hp_ff_dim": 64,
  "hp_use_cls_token": true
}