{
  "trial_id": 1197,
  "trial_name": "trial_1197_transformer",
  "model": "transformer",
  "best_epoch": 8,
  "elapsed_sec": 38.39728546142578,
  "direct_mae": 0.3386431634426117,
  "direct_rmse": 0.41844528913497925,
  "direct_r2": 0.8177322894334793,
  "direct_valid_ratio": 1.0,
  "direct_residual_mean": 0.38256844878196716,
  "direct_residual_median": 0.3520440459251404,
  "direct_residual_p90": 0.761931335926056,
  "plus_newton_mae": 2.3433618131313804e-08,
  "plus_newton_rmse": 2.991573040315295e-08,
  "plus_newton_r2": 0.9999999999999991,
  "plus_newton_valid_ratio": 1.0,
  "plus_newton_residual_mean": 4.524086859556371e-14,
  "plus_newton_residual_median": 1.6653345369377348e-16,
  "plus_newton_residual_p90": 1.0593331767339011e-13,
  "plus_newton_newton_iter_mean": 2.7578,
  "plus_newton_newton_iter_median": 3.0,
  "plus_newton_newton_iter_p90": 3.0,
  "plus_newton_converged_ratio": 1.0,
  "hp_use_log_ab": false,
  "hp_optimizer": "adamw",
  "hp_criterion": "smoothl1",
  "hp_dropout": 0.0,
  "hp_lr": 0.001,
  "hp_weight_decay": 0.0001,
  "hp_hidden_dims": "[256, 256, 128]",
  "hp_hidden_size": 128,
  "hp_num_layers": 1,
  "hp_head_hidden": 128,
  "hp_head_layers": 1,
  "hp_d_model": 64,
  "hp_nhead": 4,
  "hp_ff_dim": 64,
  "hp_use_cls_token": false
}{
  "trial_id": 1197,
  "trial_name": "trial_1197_transformer",
  "model": "transformer",
  "best_epoch": 8,
  "elapsed_sec": 38.39728546142578,
  "direct_mae": 0.3386431634426117,
  "direct_rmse": 0.41844528913497925,
  "direct_r2": 0.8177322894334793,
  "direct_valid_ratio": 1.0,
  "direct_residual_mean": 0.38256844878196716,
  "direct_residual_median": 0.3520440459251404,
  "direct_residual_p90": 0.761931335926056,
  "plus_newton_mae": 2.3433618131313804e-08,
  "plus_newton_rmse": 2.991573040315295e-08,
  "plus_newton_r2": 0.9999999999999991,
  "plus_newton_valid_ratio": 1.0,
  "plus_newton_residual_mean": 4.524086859556371e-14,
  "plus_newton_residual_median": 1.6653345369377348e-16,
  "plus_newton_residual_p90": 1.0593331767339011e-13,
  "plus_newton_newton_iter_mean": 2.7578,
  "plus_newton_newton_iter_median": 3.0,
  "plus_newton_newton_iter_p90": 3.0,
  "plus_newton_converged_ratio": 1.0,
  "hp_use_log_ab": false,
  "hp_optimizer": "adamw",
  "hp_criterion": "smoothl1",
  "hp_dropout": 0.0,
  "hp_lr": 0.001,
  "hp_weight_decay": 0.0001,
  "hp_hidden_dims": "[256, 256, 128]",
  "hp_hidden_size": 128,
  "hp_num_layers": 1,
  "hp_head_hidden": 128,
  "hp_head_layers": 1,
  "hp_d_model": 64,
  "hp_nhead": 4,
  "hp_ff_dim": 64,
  "hp_use_cls_token": false
}