{
  "trial_id": 1927,
  "trial_name": "trial_1927_transformer",
  "model": "transformer",
  "best_epoch": 14,
  "elapsed_sec": 46.89613628387451,
  "direct_mae": 0.3399423360824585,
  "direct_rmse": 0.4181215763092041,
  "direct_r2": 0.8180141896009445,
  "direct_valid_ratio": 1.0,
  "direct_residual_mean": 0.3837304711341858,
  "direct_residual_median": 0.35585838556289673,
  "direct_residual_p90": 0.751334571838379,
  "plus_newton_mae": 2.343361926070116e-08,
  "plus_newton_rmse": 2.991573060902669e-08,
  "plus_newton_r2": 0.9999999999999991,
  "plus_newton_valid_ratio": 1.0,
  "plus_newton_residual_mean": 4.426591097584035e-14,
  "plus_newton_residual_median": 2.220446049250313e-16,
  "plus_newton_residual_p90": 9.915401832927277e-14,
  "plus_newton_newton_iter_mean": 2.7558,
  "plus_newton_newton_iter_median": 3.0,
  "plus_newton_newton_iter_p90": 3.0,
  "plus_newton_converged_ratio": 1.0,
  "hp_use_log_ab": false,
  "hp_optimizer": "adamw",
  "hp_criterion": "smoothl1",
  "hp_dropout": 0.1,
  "hp_lr": 0.0005,
  "hp_weight_decay": 0.0001,
  "hp_hidden_dims": "[256, 256, 128]",
  "hp_hidden_size": 128,
  "hp_num_layers": 1,
  "hp_head_hidden": 64,
  "hp_head_layers": 1,
  "hp_d_model": 32,
  "hp_nhead": 4,
  "hp_ff_dim": 128,
  "hp_use_cls_token": false
}{
  "trial_id": 1927,
  "trial_name": "trial_1927_transformer",
  "model": "transformer",
  "best_epoch": 14,
  "elapsed_sec": 46.89613628387451,
  "direct_mae": 0.3399423360824585,
  "direct_rmse": 0.4181215763092041,
  "direct_r2": 0.8180141896009445,
  "direct_valid_ratio": 1.0,
  "direct_residual_mean": 0.3837304711341858,
  "direct_residual_median": 0.35585838556289673,
  "direct_residual_p90": 0.751334571838379,
  "plus_newton_mae": 2.343361926070116e-08,
  "plus_newton_rmse": 2.991573060902669e-08,
  "plus_newton_r2": 0.9999999999999991,
  "plus_newton_valid_ratio": 1.0,
  "plus_newton_residual_mean": 4.426591097584035e-14,
  "plus_newton_residual_median": 2.220446049250313e-16,
  "plus_newton_residual_p90": 9.915401832927277e-14,
  "plus_newton_newton_iter_mean": 2.7558,
  "plus_newton_newton_iter_median": 3.0,
  "plus_newton_newton_iter_p90": 3.0,
  "plus_newton_converged_ratio": 1.0,
  "hp_use_log_ab": false,
  "hp_optimizer": "adamw",
  "hp_criterion": "smoothl1",
  "hp_dropout": 0.1,
  "hp_lr": 0.0005,
  "hp_weight_decay": 0.0001,
  "hp_hidden_dims": "[256, 256, 128]",
  "hp_hidden_size": 128,
  "hp_num_layers": 1,
  "hp_head_hidden": 64,
  "hp_head_layers": 1,
  "hp_d_model": 32,
  "hp_nhead": 4,
  "hp_ff_dim": 128,
  "hp_use_cls_token": false
}