{
  "trial_id": 2548,
  "trial_name": "trial_2548_transformer",
  "model": "transformer",
  "best_epoch": 99,
  "elapsed_sec": 216.3561131954193,
  "direct_mae": 0.0017771478742361069,
  "direct_rmse": 0.002300783758983016,
  "direct_r2": 0.9999944895885164,
  "direct_valid_ratio": 1.0,
  "direct_residual_mean": 0.002152404049411416,
  "direct_residual_median": 0.0016616061329841614,
  "direct_residual_p90": 0.0047212660312652595,
  "plus_newton_mae": 2.343361855010514e-08,
  "plus_newton_rmse": 2.9915730776799326e-08,
  "plus_newton_r2": 0.9999999999999991,
  "plus_newton_valid_ratio": 1.0,
  "plus_newton_residual_mean": 3.021485183261213e-14,
  "plus_newton_residual_median": 1.1102230246251565e-16,
  "plus_newton_residual_p90": 2.7677860003905274e-14,
  "plus_newton_newton_iter_mean": 1.9916,
  "plus_newton_newton_iter_median": 2.0,
  "plus_newton_newton_iter_p90": 2.0,
  "plus_newton_converged_ratio": 1.0,
  "hp_use_log_ab": true,
  "hp_optimizer": "adamw",
  "hp_criterion": "mse",
  "hp_dropout": 0.0,
  "hp_lr": 0.0005,
  "hp_weight_decay": 0.0001,
  "hp_hidden_dims": "[256, 256, 128]",
  "hp_hidden_size": 128,
  "hp_num_layers": 2,
  "hp_head_hidden": 128,
  "hp_head_layers": 2,
  "hp_d_model": 32,
  "hp_nhead": 2,
  "hp_ff_dim": 128,
  "hp_use_cls_token": true
}{
  "trial_id": 2548,
  "trial_name": "trial_2548_transformer",
  "model": "transformer",
  "best_epoch": 99,
  "elapsed_sec": 216.3561131954193,
  "direct_mae": 0.0017771478742361069,
  "direct_rmse": 0.002300783758983016,
  "direct_r2": 0.9999944895885164,
  "direct_valid_ratio": 1.0,
  "direct_residual_mean": 0.002152404049411416,
  "direct_residual_median": 0.0016616061329841614,
  "direct_residual_p90": 0.0047212660312652595,
  "plus_newton_mae": 2.343361855010514e-08,
  "plus_newton_rmse": 2.9915730776799326e-08,
  "plus_newton_r2": 0.9999999999999991,
  "plus_newton_valid_ratio": 1.0,
  "plus_newton_residual_mean": 3.021485183261213e-14,
  "plus_newton_residual_median": 1.1102230246251565e-16,
  "plus_newton_residual_p90": 2.7677860003905274e-14,
  "plus_newton_newton_iter_mean": 1.9916,
  "plus_newton_newton_iter_median": 2.0,
  "plus_newton_newton_iter_p90": 2.0,
  "plus_newton_converged_ratio": 1.0,
  "hp_use_log_ab": true,
  "hp_optimizer": "adamw",
  "hp_criterion": "mse",
  "hp_dropout": 0.0,
  "hp_lr": 0.0005,
  "hp_weight_decay": 0.0001,
  "hp_hidden_dims": "[256, 256, 128]",
  "hp_hidden_size": 128,
  "hp_num_layers": 2,
  "hp_head_hidden": 128,
  "hp_head_layers": 2,
  "hp_d_model": 32,
  "hp_nhead": 2,
  "hp_ff_dim": 128,
  "hp_use_cls_token": true
}