{
  "trial_id": 3252,
  "trial_name": "trial_3252_transformer",
  "model": "transformer",
  "best_epoch": 62,
  "elapsed_sec": 128.7213671207428,
  "direct_mae": 0.0013343800092115998,
  "direct_rmse": 0.0017694326816126704,
  "direct_r2": 0.999996740879169,
  "direct_valid_ratio": 1.0,
  "direct_residual_mean": 0.001730449846945703,
  "direct_residual_median": 0.0012092855758965015,
  "direct_residual_p90": 0.0037582427263259887,
  "plus_newton_mae": 2.3433617458800975e-08,
  "plus_newton_rmse": 2.991573118354833e-08,
  "plus_newton_r2": 0.9999999999999991,
  "plus_newton_valid_ratio": 1.0,
  "plus_newton_residual_mean": 3.043320922603777e-14,
  "plus_newton_residual_median": 8.326672684688674e-17,
  "plus_newton_residual_p90": 3.224087663511471e-14,
  "plus_newton_newton_iter_mean": 1.9839,
  "plus_newton_newton_iter_median": 2.0,
  "plus_newton_newton_iter_p90": 2.0,
  "plus_newton_converged_ratio": 1.0,
  "hp_use_log_ab": true,
  "hp_optimizer": "adamw",
  "hp_criterion": "smoothl1",
  "hp_dropout": 0.0,
  "hp_lr": 0.001,
  "hp_weight_decay": 0.0001,
  "hp_hidden_dims": "[256, 256, 128]",
  "hp_hidden_size": 128,
  "hp_num_layers": 1,
  "hp_head_hidden": 128,
  "hp_head_layers": 2,
  "hp_d_model": 32,
  "hp_nhead": 2,
  "hp_ff_dim": 128,
  "hp_use_cls_token": true
}{
  "trial_id": 3252,
  "trial_name": "trial_3252_transformer",
  "model": "transformer",
  "best_epoch": 62,
  "elapsed_sec": 128.7213671207428,
  "direct_mae": 0.0013343800092115998,
  "direct_rmse": 0.0017694326816126704,
  "direct_r2": 0.999996740879169,
  "direct_valid_ratio": 1.0,
  "direct_residual_mean": 0.001730449846945703,
  "direct_residual_median": 0.0012092855758965015,
  "direct_residual_p90": 0.0037582427263259887,
  "plus_newton_mae": 2.3433617458800975e-08,
  "plus_newton_rmse": 2.991573118354833e-08,
  "plus_newton_r2": 0.9999999999999991,
  "plus_newton_valid_ratio": 1.0,
  "plus_newton_residual_mean": 3.043320922603777e-14,
  "plus_newton_residual_median": 8.326672684688674e-17,
  "plus_newton_residual_p90": 3.224087663511471e-14,
  "plus_newton_newton_iter_mean": 1.9839,
  "plus_newton_newton_iter_median": 2.0,
  "plus_newton_newton_iter_p90": 2.0,
  "plus_newton_converged_ratio": 1.0,
  "hp_use_log_ab": true,
  "hp_optimizer": "adamw",
  "hp_criterion": "smoothl1",
  "hp_dropout": 0.0,
  "hp_lr": 0.001,
  "hp_weight_decay": 0.0001,
  "hp_hidden_dims": "[256, 256, 128]",
  "hp_hidden_size": 128,
  "hp_num_layers": 1,
  "hp_head_hidden": 128,
  "hp_head_layers": 2,
  "hp_d_model": 32,
  "hp_nhead": 2,
  "hp_ff_dim": 128,
  "hp_use_cls_token": true
}