{
  "trial_id": 2867,
  "trial_name": "trial_2867_transformer",
  "model": "transformer",
  "best_epoch": 51,
  "elapsed_sec": 415.01358246803284,
  "direct_mae": 0.008948762901127338,
  "direct_rmse": 0.011040935292840004,
  "direct_r2": 0.9998731051018694,
  "direct_valid_ratio": 1.0,
  "direct_residual_mean": 0.01101786457002163,
  "direct_residual_median": 0.009100198745727539,
  "direct_residual_p90": 0.022067373991012575,
  "plus_newton_mae": 2.343361694122331e-08,
  "plus_newton_rmse": 2.991572843546083e-08,
  "plus_newton_r2": 0.9999999999999991,
  "plus_newton_valid_ratio": 1.0,
  "plus_newton_residual_mean": 3.241179556724908e-14,
  "plus_newton_residual_median": 1.1102230246251565e-16,
  "plus_newton_residual_p90": 3.2662761384472186e-14,
  "plus_newton_newton_iter_mean": 2.1978,
  "plus_newton_newton_iter_median": 2.0,
  "plus_newton_newton_iter_p90": 3.0,
  "plus_newton_converged_ratio": 1.0,
  "hp_use_log_ab": true,
  "hp_optimizer": "adamw",
  "hp_criterion": "mse",
  "hp_dropout": 0.1,
  "hp_lr": 0.0005,
  "hp_weight_decay": 1e-05,
  "hp_hidden_dims": "[256, 256, 128]",
  "hp_hidden_size": 128,
  "hp_num_layers": 1,
  "hp_head_hidden": 128,
  "hp_head_layers": 2,
  "hp_d_model": 32,
  "hp_nhead": 2,
  "hp_ff_dim": 128,
  "hp_use_cls_token": false
}{
  "trial_id": 2867,
  "trial_name": "trial_2867_transformer",
  "model": "transformer",
  "best_epoch": 51,
  "elapsed_sec": 415.01358246803284,
  "direct_mae": 0.008948762901127338,
  "direct_rmse": 0.011040935292840004,
  "direct_r2": 0.9998731051018694,
  "direct_valid_ratio": 1.0,
  "direct_residual_mean": 0.01101786457002163,
  "direct_residual_median": 0.009100198745727539,
  "direct_residual_p90": 0.022067373991012575,
  "plus_newton_mae": 2.343361694122331e-08,
  "plus_newton_rmse": 2.991572843546083e-08,
  "plus_newton_r2": 0.9999999999999991,
  "plus_newton_valid_ratio": 1.0,
  "plus_newton_residual_mean": 3.241179556724908e-14,
  "plus_newton_residual_median": 1.1102230246251565e-16,
  "plus_newton_residual_p90": 3.2662761384472186e-14,
  "plus_newton_newton_iter_mean": 2.1978,
  "plus_newton_newton_iter_median": 2.0,
  "plus_newton_newton_iter_p90": 3.0,
  "plus_newton_converged_ratio": 1.0,
  "hp_use_log_ab": true,
  "hp_optimizer": "adamw",
  "hp_criterion": "mse",
  "hp_dropout": 0.1,
  "hp_lr": 0.0005,
  "hp_weight_decay": 1e-05,
  "hp_hidden_dims": "[256, 256, 128]",
  "hp_hidden_size": 128,
  "hp_num_layers": 1,
  "hp_head_hidden": 128,
  "hp_head_layers": 2,
  "hp_d_model": 32,
  "hp_nhead": 2,
  "hp_ff_dim": 128,
  "hp_use_cls_token": false
}