{
  "trial_id": 910,
  "trial_name": "trial_910_transformer",
  "model": "transformer",
  "best_epoch": 28,
  "elapsed_sec": 72.66141414642334,
  "direct_mae": 0.3412746489048004,
  "direct_rmse": 0.4170488119125366,
  "direct_r2": 0.8189468234777451,
  "direct_valid_ratio": 1.0,
  "direct_residual_mean": 0.38446304202079773,
  "direct_residual_median": 0.3631383180618286,
  "direct_residual_p90": 0.7179503500461579,
  "plus_newton_mae": 2.343361911400009e-08,
  "plus_newton_rmse": 2.991573101059932e-08,
  "plus_newton_r2": 0.9999999999999991,
  "plus_newton_valid_ratio": 1.0,
  "plus_newton_residual_mean": 4.4022465461441936e-14,
  "plus_newton_residual_median": 1.6653345369377348e-16,
  "plus_newton_residual_p90": 1.0360601265802009e-13,
  "plus_newton_newton_iter_mean": 2.7558,
  "plus_newton_newton_iter_median": 3.0,
  "plus_newton_newton_iter_p90": 3.0,
  "plus_newton_converged_ratio": 1.0,
  "hp_use_log_ab": false,
  "hp_optimizer": "adamw",
  "hp_criterion": "mse",
  "hp_dropout": 0.1,
  "hp_lr": 0.0005,
  "hp_weight_decay": 0.0001,
  "hp_hidden_dims": "[256, 256, 128]",
  "hp_hidden_size": 128,
  "hp_num_layers": 1,
  "hp_head_hidden": 64,
  "hp_head_layers": 1,
  "hp_d_model": 64,
  "hp_nhead": 4,
  "hp_ff_dim": 64,
  "hp_use_cls_token": true
}{
  "trial_id": 910,
  "trial_name": "trial_910_transformer",
  "model": "transformer",
  "best_epoch": 28,
  "elapsed_sec": 72.66141414642334,
  "direct_mae": 0.3412746489048004,
  "direct_rmse": 0.4170488119125366,
  "direct_r2": 0.8189468234777451,
  "direct_valid_ratio": 1.0,
  "direct_residual_mean": 0.38446304202079773,
  "direct_residual_median": 0.3631383180618286,
  "direct_residual_p90": 0.7179503500461579,
  "plus_newton_mae": 2.343361911400009e-08,
  "plus_newton_rmse": 2.991573101059932e-08,
  "plus_newton_r2": 0.9999999999999991,
  "plus_newton_valid_ratio": 1.0,
  "plus_newton_residual_mean": 4.4022465461441936e-14,
  "plus_newton_residual_median": 1.6653345369377348e-16,
  "plus_newton_residual_p90": 1.0360601265802009e-13,
  "plus_newton_newton_iter_mean": 2.7558,
  "plus_newton_newton_iter_median": 3.0,
  "plus_newton_newton_iter_p90": 3.0,
  "plus_newton_converged_ratio": 1.0,
  "hp_use_log_ab": false,
  "hp_optimizer": "adamw",
  "hp_criterion": "mse",
  "hp_dropout": 0.1,
  "hp_lr": 0.0005,
  "hp_weight_decay": 0.0001,
  "hp_hidden_dims": "[256, 256, 128]",
  "hp_hidden_size": 128,
  "hp_num_layers": 1,
  "hp_head_hidden": 64,
  "hp_head_layers": 1,
  "hp_d_model": 64,
  "hp_nhead": 4,
  "hp_ff_dim": 64,
  "hp_use_cls_token": true
}