{
  "trial_id": 178,
  "trial_name": "trial_178_lstm",
  "model": "lstm",
  "best_epoch": 84,
  "elapsed_sec": 264.73950481414795,
  "direct_mae": 0.0019787519704550505,
  "direct_rmse": 0.0026127235032618046,
  "direct_r2": 0.9999928940969767,
  "direct_valid_ratio": 1.0,
  "direct_residual_mean": 0.002442525001242757,
  "direct_residual_median": 0.0017517656087875366,
  "direct_residual_p90": 0.0056730806827545175,
  "plus_newton_mae": 2.3433619181127915e-08,
  "plus_newton_rmse": 2.99157312065263e-08,
  "plus_newton_r2": 0.9999999999999991,
  "plus_newton_valid_ratio": 1.0,
  "plus_newton_residual_mean": 2.738591045721046e-14,
  "plus_newton_residual_median": 1.1102230246251565e-16,
  "plus_newton_residual_p90": 2.254862963013697e-14,
  "plus_newton_newton_iter_mean": 2.021,
  "plus_newton_newton_iter_median": 2.0,
  "plus_newton_newton_iter_p90": 2.0,
  "plus_newton_converged_ratio": 1.0,
  "hp_use_log_ab": false,
  "hp_optimizer": "adamw",
  "hp_criterion": "smoothl1",
  "hp_dropout": 0.0,
  "hp_lr": 0.0005,
  "hp_weight_decay": 0.0001,
  "hp_hidden_dims": "[256, 256, 128]",
  "hp_hidden_size": 64,
  "hp_num_layers": 1,
  "hp_head_hidden": 64,
  "hp_head_layers": 2,
  "hp_d_model": 64,
  "hp_nhead": 4,
  "hp_ff_dim": 128,
  "hp_use_cls_token": false
}{
  "trial_id": 178,
  "trial_name": "trial_178_lstm",
  "model": "lstm",
  "best_epoch": 84,
  "elapsed_sec": 264.73950481414795,
  "direct_mae": 0.0019787519704550505,
  "direct_rmse": 0.0026127235032618046,
  "direct_r2": 0.9999928940969767,
  "direct_valid_ratio": 1.0,
  "direct_residual_mean": 0.002442525001242757,
  "direct_residual_median": 0.0017517656087875366,
  "direct_residual_p90": 0.0056730806827545175,
  "plus_newton_mae": 2.3433619181127915e-08,
  "plus_newton_rmse": 2.99157312065263e-08,
  "plus_newton_r2": 0.9999999999999991,
  "plus_newton_valid_ratio": 1.0,
  "plus_newton_residual_mean": 2.738591045721046e-14,
  "plus_newton_residual_median": 1.1102230246251565e-16,
  "plus_newton_residual_p90": 2.254862963013697e-14,
  "plus_newton_newton_iter_mean": 2.021,
  "plus_newton_newton_iter_median": 2.0,
  "plus_newton_newton_iter_p90": 2.0,
  "plus_newton_converged_ratio": 1.0,
  "hp_use_log_ab": false,
  "hp_optimizer": "adamw",
  "hp_criterion": "smoothl1",
  "hp_dropout": 0.0,
  "hp_lr": 0.0005,
  "hp_weight_decay": 0.0001,
  "hp_hidden_dims": "[256, 256, 128]",
  "hp_hidden_size": 64,
  "hp_num_layers": 1,
  "hp_head_hidden": 64,
  "hp_head_layers": 2,
  "hp_d_model": 64,
  "hp_nhead": 4,
  "hp_ff_dim": 128,
  "hp_use_cls_token": false
}