{
  "trial_id": 2140,
  "trial_name": "trial_2140_transformer",
  "model": "transformer",
  "best_epoch": 115,
  "elapsed_sec": 209.9583818912506,
  "direct_mae": 0.0020113044884055853,
  "direct_rmse": 0.002529031364247203,
  "direct_r2": 0.9999933420449452,
  "direct_valid_ratio": 1.0,
  "direct_residual_mean": 0.0024100528098642826,
  "direct_residual_median": 0.0019615888595581055,
  "direct_residual_p90": 0.004932647943496705,
  "plus_newton_mae": 2.3433618090696904e-08,
  "plus_newton_rmse": 2.991572966231113e-08,
  "plus_newton_r2": 0.9999999999999991,
  "plus_newton_valid_ratio": 1.0,
  "plus_newton_residual_mean": 2.4517701506987424e-14,
  "plus_newton_residual_median": 1.1102230246251565e-16,
  "plus_newton_residual_p90": 1.914128577862331e-14,
  "plus_newton_newton_iter_mean": 2.0066,
  "plus_newton_newton_iter_median": 2.0,
  "plus_newton_newton_iter_p90": 2.0,
  "plus_newton_converged_ratio": 1.0,
  "hp_use_log_ab": true,
  "hp_optimizer": "adamw",
  "hp_criterion": "mse",
  "hp_dropout": 0.0,
  "hp_lr": 0.001,
  "hp_weight_decay": 1e-05,
  "hp_hidden_dims": "[256, 256, 128]",
  "hp_hidden_size": 128,
  "hp_num_layers": 2,
  "hp_head_hidden": 64,
  "hp_head_layers": 2,
  "hp_d_model": 64,
  "hp_nhead": 2,
  "hp_ff_dim": 128,
  "hp_use_cls_token": true
}{
  "trial_id": 2140,
  "trial_name": "trial_2140_transformer",
  "model": "transformer",
  "best_epoch": 115,
  "elapsed_sec": 209.9583818912506,
  "direct_mae": 0.0020113044884055853,
  "direct_rmse": 0.002529031364247203,
  "direct_r2": 0.9999933420449452,
  "direct_valid_ratio": 1.0,
  "direct_residual_mean": 0.0024100528098642826,
  "direct_residual_median": 0.0019615888595581055,
  "direct_residual_p90": 0.004932647943496705,
  "plus_newton_mae": 2.3433618090696904e-08,
  "plus_newton_rmse": 2.991572966231113e-08,
  "plus_newton_r2": 0.9999999999999991,
  "plus_newton_valid_ratio": 1.0,
  "plus_newton_residual_mean": 2.4517701506987424e-14,
  "plus_newton_residual_median": 1.1102230246251565e-16,
  "plus_newton_residual_p90": 1.914128577862331e-14,
  "plus_newton_newton_iter_mean": 2.0066,
  "plus_newton_newton_iter_median": 2.0,
  "plus_newton_newton_iter_p90": 2.0,
  "plus_newton_converged_ratio": 1.0,
  "hp_use_log_ab": true,
  "hp_optimizer": "adamw",
  "hp_criterion": "mse",
  "hp_dropout": 0.0,
  "hp_lr": 0.001,
  "hp_weight_decay": 1e-05,
  "hp_hidden_dims": "[256, 256, 128]",
  "hp_hidden_size": 128,
  "hp_num_layers": 2,
  "hp_head_hidden": 64,
  "hp_head_layers": 2,
  "hp_d_model": 64,
  "hp_nhead": 2,
  "hp_ff_dim": 128,
  "hp_use_cls_token": true
}