{
  "trial_id": 1748,
  "trial_name": "trial_1748_transformer",
  "model": "transformer",
  "best_epoch": 73,
  "elapsed_sec": 168.6817946434021,
  "direct_mae": 0.012749716639518738,
  "direct_rmse": 0.017933249473571777,
  "direct_r2": 0.9996652270492632,
  "direct_valid_ratio": 1.0,
  "direct_residual_mean": 0.014612100087106228,
  "direct_residual_median": 0.011362751014530659,
  "direct_residual_p90": 0.03200180530548096,
  "plus_newton_mae": 2.3433618660114902e-08,
  "plus_newton_rmse": 2.991572948901197e-08,
  "plus_newton_r2": 0.9999999999999991,
  "plus_newton_valid_ratio": 1.0,
  "plus_newton_residual_mean": 4.194968921539933e-14,
  "plus_newton_residual_median": 1.1102230246251565e-16,
  "plus_newton_residual_p90": 9.255235466909545e-14,
  "plus_newton_newton_iter_mean": 2.1899,
  "plus_newton_newton_iter_median": 2.0,
  "plus_newton_newton_iter_p90": 3.0,
  "plus_newton_converged_ratio": 1.0,
  "hp_use_log_ab": false,
  "hp_optimizer": "adamw",
  "hp_criterion": "smoothl1",
  "hp_dropout": 0.1,
  "hp_lr": 0.001,
  "hp_weight_decay": 0.0001,
  "hp_hidden_dims": "[256, 256, 128]",
  "hp_hidden_size": 128,
  "hp_num_layers": 2,
  "hp_head_hidden": 64,
  "hp_head_layers": 2,
  "hp_d_model": 32,
  "hp_nhead": 2,
  "hp_ff_dim": 128,
  "hp_use_cls_token": true
}{
  "trial_id": 1748,
  "trial_name": "trial_1748_transformer",
  "model": "transformer",
  "best_epoch": 73,
  "elapsed_sec": 168.6817946434021,
  "direct_mae": 0.012749716639518738,
  "direct_rmse": 0.017933249473571777,
  "direct_r2": 0.9996652270492632,
  "direct_valid_ratio": 1.0,
  "direct_residual_mean": 0.014612100087106228,
  "direct_residual_median": 0.011362751014530659,
  "direct_residual_p90": 0.03200180530548096,
  "plus_newton_mae": 2.3433618660114902e-08,
  "plus_newton_rmse": 2.991572948901197e-08,
  "plus_newton_r2": 0.9999999999999991,
  "plus_newton_valid_ratio": 1.0,
  "plus_newton_residual_mean": 4.194968921539933e-14,
  "plus_newton_residual_median": 1.1102230246251565e-16,
  "plus_newton_residual_p90": 9.255235466909545e-14,
  "plus_newton_newton_iter_mean": 2.1899,
  "plus_newton_newton_iter_median": 2.0,
  "plus_newton_newton_iter_p90": 3.0,
  "plus_newton_converged_ratio": 1.0,
  "hp_use_log_ab": false,
  "hp_optimizer": "adamw",
  "hp_criterion": "smoothl1",
  "hp_dropout": 0.1,
  "hp_lr": 0.001,
  "hp_weight_decay": 0.0001,
  "hp_hidden_dims": "[256, 256, 128]",
  "hp_hidden_size": 128,
  "hp_num_layers": 2,
  "hp_head_hidden": 64,
  "hp_head_layers": 2,
  "hp_d_model": 32,
  "hp_nhead": 2,
  "hp_ff_dim": 128,
  "hp_use_cls_token": true
}