{
  "trial_id": 112,
  "trial_name": "trial_112_lstm",
  "model": "lstm",
  "best_epoch": 61,
  "elapsed_sec": 217.4257731437683,
  "direct_mae": 0.007245167624205351,
  "direct_rmse": 0.011156230233609676,
  "direct_r2": 0.9998704410681967,
  "direct_valid_ratio": 1.0,
  "direct_residual_mean": 0.008466005325317383,
  "direct_residual_median": 0.005579948425292969,
  "direct_residual_p90": 0.022370070219039927,
  "plus_newton_mae": 2.3433617762306515e-08,
  "plus_newton_rmse": 2.991573058020483e-08,
  "plus_newton_r2": 0.9999999999999991,
  "plus_newton_valid_ratio": 1.0,
  "plus_newton_residual_mean": 4.693098708140176e-14,
  "plus_newton_residual_median": 1.1102230246251565e-16,
  "plus_newton_residual_p90": 1.182665076981951e-13,
  "plus_newton_newton_iter_mean": 2.0975,
  "plus_newton_newton_iter_median": 2.0,
  "plus_newton_newton_iter_p90": 3.0,
  "plus_newton_converged_ratio": 1.0,
  "hp_use_log_ab": false,
  "hp_optimizer": "adamw",
  "hp_criterion": "mse",
  "hp_dropout": 0.1,
  "hp_lr": 0.0005,
  "hp_weight_decay": 1e-05,
  "hp_hidden_dims": "[256, 256, 128]",
  "hp_hidden_size": 128,
  "hp_num_layers": 2,
  "hp_head_hidden": 128,
  "hp_head_layers": 2,
  "hp_d_model": 64,
  "hp_nhead": 4,
  "hp_ff_dim": 128,
  "hp_use_cls_token": false
}{
  "trial_id": 112,
  "trial_name": "trial_112_lstm",
  "model": "lstm",
  "best_epoch": 61,
  "elapsed_sec": 217.4257731437683,
  "direct_mae": 0.007245167624205351,
  "direct_rmse": 0.011156230233609676,
  "direct_r2": 0.9998704410681967,
  "direct_valid_ratio": 1.0,
  "direct_residual_mean": 0.008466005325317383,
  "direct_residual_median": 0.005579948425292969,
  "direct_residual_p90": 0.022370070219039927,
  "plus_newton_mae": 2.3433617762306515e-08,
  "plus_newton_rmse": 2.991573058020483e-08,
  "plus_newton_r2": 0.9999999999999991,
  "plus_newton_valid_ratio": 1.0,
  "plus_newton_residual_mean": 4.693098708140176e-14,
  "plus_newton_residual_median": 1.1102230246251565e-16,
  "plus_newton_residual_p90": 1.182665076981951e-13,
  "plus_newton_newton_iter_mean": 2.0975,
  "plus_newton_newton_iter_median": 2.0,
  "plus_newton_newton_iter_p90": 3.0,
  "plus_newton_converged_ratio": 1.0,
  "hp_use_log_ab": false,
  "hp_optimizer": "adamw",
  "hp_criterion": "mse",
  "hp_dropout": 0.1,
  "hp_lr": 0.0005,
  "hp_weight_decay": 1e-05,
  "hp_hidden_dims": "[256, 256, 128]",
  "hp_hidden_size": 128,
  "hp_num_layers": 2,
  "hp_head_hidden": 128,
  "hp_head_layers": 2,
  "hp_d_model": 64,
  "hp_nhead": 4,
  "hp_ff_dim": 128,
  "hp_use_cls_token": false
}