{
  "trial_id": 121,
  "trial_name": "trial_121_transformer",
  "model": "transformer",
  "best_epoch": 46,
  "elapsed_sec": 235.45416164398193,
  "direct_mae": 0.002615665551275015,
  "direct_rmse": 0.003775382647290826,
  "direct_r2": 0.999985162718076,
  "direct_valid_ratio": 1.0,
  "direct_residual_mean": 0.0032018665224313736,
  "direct_residual_median": 0.002308592200279236,
  "direct_residual_p90": 0.006630980968475342,
  "plus_newton_mae": 2.3433618492224395e-08,
  "plus_newton_rmse": 2.991572981040787e-08,
  "plus_newton_r2": 0.9999999999999991,
  "plus_newton_valid_ratio": 1.0,
  "plus_newton_residual_mean": 2.6915806686134446e-14,
  "plus_newton_residual_median": 1.1102230246251565e-16,
  "plus_newton_residual_p90": 2.589040093425873e-14,
  "plus_newton_newton_iter_mean": 2.0494,
  "plus_newton_newton_iter_median": 2.0,
  "plus_newton_newton_iter_p90": 2.0,
  "plus_newton_converged_ratio": 1.0,
  "hp_use_log_ab": false,
  "hp_optimizer": "adamw",
  "hp_criterion": "mse",
  "hp_dropout": 0.0,
  "hp_lr": 0.001,
  "hp_weight_decay": 1e-05,
  "hp_hidden_dims": "[256, 256, 128]",
  "hp_hidden_size": 128,
  "hp_num_layers": 2,
  "hp_head_hidden": 128,
  "hp_head_layers": 2,
  "hp_d_model": 64,
  "hp_nhead": 2,
  "hp_ff_dim": 64,
  "hp_use_cls_token": false
}{
  "trial_id": 121,
  "trial_name": "trial_121_transformer",
  "model": "transformer",
  "best_epoch": 46,
  "elapsed_sec": 235.45416164398193,
  "direct_mae": 0.002615665551275015,
  "direct_rmse": 0.003775382647290826,
  "direct_r2": 0.999985162718076,
  "direct_valid_ratio": 1.0,
  "direct_residual_mean": 0.0032018665224313736,
  "direct_residual_median": 0.002308592200279236,
  "direct_residual_p90": 0.006630980968475342,
  "plus_newton_mae": 2.3433618492224395e-08,
  "plus_newton_rmse": 2.991572981040787e-08,
  "plus_newton_r2": 0.9999999999999991,
  "plus_newton_valid_ratio": 1.0,
  "plus_newton_residual_mean": 2.6915806686134446e-14,
  "plus_newton_residual_median": 1.1102230246251565e-16,
  "plus_newton_residual_p90": 2.589040093425873e-14,
  "plus_newton_newton_iter_mean": 2.0494,
  "plus_newton_newton_iter_median": 2.0,
  "plus_newton_newton_iter_p90": 2.0,
  "plus_newton_converged_ratio": 1.0,
  "hp_use_log_ab": false,
  "hp_optimizer": "adamw",
  "hp_criterion": "mse",
  "hp_dropout": 0.0,
  "hp_lr": 0.001,
  "hp_weight_decay": 1e-05,
  "hp_hidden_dims": "[256, 256, 128]",
  "hp_hidden_size": 128,
  "hp_num_layers": 2,
  "hp_head_hidden": 128,
  "hp_head_layers": 2,
  "hp_d_model": 64,
  "hp_nhead": 2,
  "hp_ff_dim": 64,
  "hp_use_cls_token": false
}