{
  "trial_id": 150,
  "trial_name": "trial_150_transformer",
  "model": "transformer",
  "best_epoch": 53,
  "elapsed_sec": 237.30114650726318,
  "direct_mae": 0.0036185721401125193,
  "direct_rmse": 0.004608122166246176,
  "direct_r2": 0.9999778955170768,
  "direct_valid_ratio": 1.0,
  "direct_residual_mean": 0.004350598901510239,
  "direct_residual_median": 0.0036227256059646606,
  "direct_residual_p90": 0.008647331595420839,
  "plus_newton_mae": 2.3433618309399454e-08,
  "plus_newton_rmse": 2.991573041805149e-08,
  "plus_newton_r2": 0.9999999999999991,
  "plus_newton_valid_ratio": 1.0,
  "plus_newton_residual_mean": 2.7686505378157257e-14,
  "plus_newton_residual_median": 1.1102230246251565e-16,
  "plus_newton_residual_p90": 3.8535841184739224e-14,
  "plus_newton_newton_iter_mean": 2.0637,
  "plus_newton_newton_iter_median": 2.0,
  "plus_newton_newton_iter_p90": 2.0,
  "plus_newton_converged_ratio": 1.0,
  "hp_use_log_ab": false,
  "hp_optimizer": "adamw",
  "hp_criterion": "mse",
  "hp_dropout": 0.0,
  "hp_lr": 0.001,
  "hp_weight_decay": 0.0001,
  "hp_hidden_dims": "[256, 256, 128]",
  "hp_hidden_size": 128,
  "hp_num_layers": 1,
  "hp_head_hidden": 64,
  "hp_head_layers": 2,
  "hp_d_model": 32,
  "hp_nhead": 4,
  "hp_ff_dim": 64,
  "hp_use_cls_token": true
}{
  "trial_id": 150,
  "trial_name": "trial_150_transformer",
  "model": "transformer",
  "best_epoch": 53,
  "elapsed_sec": 237.30114650726318,
  "direct_mae": 0.0036185721401125193,
  "direct_rmse": 0.004608122166246176,
  "direct_r2": 0.9999778955170768,
  "direct_valid_ratio": 1.0,
  "direct_residual_mean": 0.004350598901510239,
  "direct_residual_median": 0.0036227256059646606,
  "direct_residual_p90": 0.008647331595420839,
  "plus_newton_mae": 2.3433618309399454e-08,
  "plus_newton_rmse": 2.991573041805149e-08,
  "plus_newton_r2": 0.9999999999999991,
  "plus_newton_valid_ratio": 1.0,
  "plus_newton_residual_mean": 2.7686505378157257e-14,
  "plus_newton_residual_median": 1.1102230246251565e-16,
  "plus_newton_residual_p90": 3.8535841184739224e-14,
  "plus_newton_newton_iter_mean": 2.0637,
  "plus_newton_newton_iter_median": 2.0,
  "plus_newton_newton_iter_p90": 2.0,
  "plus_newton_converged_ratio": 1.0,
  "hp_use_log_ab": false,
  "hp_optimizer": "adamw",
  "hp_criterion": "mse",
  "hp_dropout": 0.0,
  "hp_lr": 0.001,
  "hp_weight_decay": 0.0001,
  "hp_hidden_dims": "[256, 256, 128]",
  "hp_hidden_size": 128,
  "hp_num_layers": 1,
  "hp_head_hidden": 64,
  "hp_head_layers": 2,
  "hp_d_model": 32,
  "hp_nhead": 4,
  "hp_ff_dim": 64,
  "hp_use_cls_token": true
}