{
  "trial_id": 2319,
  "trial_name": "trial_2319_transformer",
  "model": "transformer",
  "best_epoch": 35,
  "elapsed_sec": 75.77990174293518,
  "direct_mae": 0.10515967756509781,
  "direct_rmse": 0.13130982220172882,
  "direct_r2": 0.9820515550673008,
  "direct_valid_ratio": 1.0,
  "direct_residual_mean": 0.13189318776130676,
  "direct_residual_median": 0.11068101972341537,
  "direct_residual_p90": 0.2561401009559633,
  "plus_newton_mae": 2.343361988046276e-08,
  "plus_newton_rmse": 2.991573076496106e-08,
  "plus_newton_r2": 0.9999999999999991,
  "plus_newton_valid_ratio": 1.0,
  "plus_newton_residual_mean": 3.6121622785604677e-14,
  "plus_newton_residual_median": 1.1102230246251565e-16,
  "plus_newton_residual_p90": 5.629455235300915e-14,
  "plus_newton_newton_iter_mean": 2.62,
  "plus_newton_newton_iter_median": 3.0,
  "plus_newton_newton_iter_p90": 3.0,
  "plus_newton_converged_ratio": 1.0,
  "hp_use_log_ab": true,
  "hp_optimizer": "adamw",
  "hp_criterion": "mse",
  "hp_dropout": 0.0,
  "hp_lr": 0.0005,
  "hp_weight_decay": 1e-05,
  "hp_hidden_dims": "[256, 256, 128]",
  "hp_hidden_size": 128,
  "hp_num_layers": 1,
  "hp_head_hidden": 64,
  "hp_head_layers": 1,
  "hp_d_model": 64,
  "hp_nhead": 4,
  "hp_ff_dim": 128,
  "hp_use_cls_token": false
}{
  "trial_id": 2319,
  "trial_name": "trial_2319_transformer",
  "model": "transformer",
  "best_epoch": 35,
  "elapsed_sec": 75.77990174293518,
  "direct_mae": 0.10515967756509781,
  "direct_rmse": 0.13130982220172882,
  "direct_r2": 0.9820515550673008,
  "direct_valid_ratio": 1.0,
  "direct_residual_mean": 0.13189318776130676,
  "direct_residual_median": 0.11068101972341537,
  "direct_residual_p90": 0.2561401009559633,
  "plus_newton_mae": 2.343361988046276e-08,
  "plus_newton_rmse": 2.991573076496106e-08,
  "plus_newton_r2": 0.9999999999999991,
  "plus_newton_valid_ratio": 1.0,
  "plus_newton_residual_mean": 3.6121622785604677e-14,
  "plus_newton_residual_median": 1.1102230246251565e-16,
  "plus_newton_residual_p90": 5.629455235300915e-14,
  "plus_newton_newton_iter_mean": 2.62,
  "plus_newton_newton_iter_median": 3.0,
  "plus_newton_newton_iter_p90": 3.0,
  "plus_newton_converged_ratio": 1.0,
  "hp_use_log_ab": true,
  "hp_optimizer": "adamw",
  "hp_criterion": "mse",
  "hp_dropout": 0.0,
  "hp_lr": 0.0005,
  "hp_weight_decay": 1e-05,
  "hp_hidden_dims": "[256, 256, 128]",
  "hp_hidden_size": 128,
  "hp_num_layers": 1,
  "hp_head_hidden": 64,
  "hp_head_layers": 1,
  "hp_d_model": 64,
  "hp_nhead": 4,
  "hp_ff_dim": 128,
  "hp_use_cls_token": false
}