{
  "trial_id": 178,
  "trial_name": "trial_178_transformer",
  "model": "transformer",
  "best_epoch": 56,
  "elapsed_sec": 233.61619472503662,
  "direct_mae": 0.0021295612677931786,
  "direct_rmse": 0.003022515680640936,
  "direct_r2": 0.9999904902406342,
  "direct_valid_ratio": 1.0,
  "direct_residual_mean": 0.002641454339027405,
  "direct_residual_median": 0.0017675906419754028,
  "direct_residual_p90": 0.006055569648742676,
  "plus_newton_mae": 2.343361714875249e-08,
  "plus_newton_rmse": 2.991572931392323e-08,
  "plus_newton_r2": 0.9999999999999991,
  "plus_newton_valid_ratio": 1.0,
  "plus_newton_residual_mean": 3.17435073924435e-14,
  "plus_newton_residual_median": 1.1102230246251565e-16,
  "plus_newton_residual_p90": 3.4640693091780905e-14,
  "plus_newton_newton_iter_mean": 2.0084,
  "plus_newton_newton_iter_median": 2.0,
  "plus_newton_newton_iter_p90": 2.0,
  "plus_newton_converged_ratio": 1.0,
  "hp_use_log_ab": false,
  "hp_optimizer": "adamw",
  "hp_criterion": "mse",
  "hp_dropout": 0.0,
  "hp_lr": 0.001,
  "hp_weight_decay": 0.0001,
  "hp_hidden_dims": "[256, 256, 128]",
  "hp_hidden_size": 128,
  "hp_num_layers": 1,
  "hp_head_hidden": 128,
  "hp_head_layers": 2,
  "hp_d_model": 32,
  "hp_nhead": 2,
  "hp_ff_dim": 64,
  "hp_use_cls_token": true
}{
  "trial_id": 178,
  "trial_name": "trial_178_transformer",
  "model": "transformer",
  "best_epoch": 56,
  "elapsed_sec": 233.61619472503662,
  "direct_mae": 0.0021295612677931786,
  "direct_rmse": 0.003022515680640936,
  "direct_r2": 0.9999904902406342,
  "direct_valid_ratio": 1.0,
  "direct_residual_mean": 0.002641454339027405,
  "direct_residual_median": 0.0017675906419754028,
  "direct_residual_p90": 0.006055569648742676,
  "plus_newton_mae": 2.343361714875249e-08,
  "plus_newton_rmse": 2.991572931392323e-08,
  "plus_newton_r2": 0.9999999999999991,
  "plus_newton_valid_ratio": 1.0,
  "plus_newton_residual_mean": 3.17435073924435e-14,
  "plus_newton_residual_median": 1.1102230246251565e-16,
  "plus_newton_residual_p90": 3.4640693091780905e-14,
  "plus_newton_newton_iter_mean": 2.0084,
  "plus_newton_newton_iter_median": 2.0,
  "plus_newton_newton_iter_p90": 2.0,
  "plus_newton_converged_ratio": 1.0,
  "hp_use_log_ab": false,
  "hp_optimizer": "adamw",
  "hp_criterion": "mse",
  "hp_dropout": 0.0,
  "hp_lr": 0.001,
  "hp_weight_decay": 0.0001,
  "hp_hidden_dims": "[256, 256, 128]",
  "hp_hidden_size": 128,
  "hp_num_layers": 1,
  "hp_head_hidden": 128,
  "hp_head_layers": 2,
  "hp_d_model": 32,
  "hp_nhead": 2,
  "hp_ff_dim": 64,
  "hp_use_cls_token": true
}