{
  "trial_id": 457,
  "trial_name": "trial_457_transformer",
  "model": "transformer",
  "best_epoch": 21,
  "elapsed_sec": 88.87484121322632,
  "direct_mae": 0.341728538274765,
  "direct_rmse": 0.41712790727615356,
  "direct_r2": 0.8188781291246414,
  "direct_valid_ratio": 1.0,
  "direct_residual_mean": 0.38472607731819153,
  "direct_residual_median": 0.36438658833503723,
  "direct_residual_p90": 0.7131282806396485,
  "plus_newton_mae": 2.343362008361206e-08,
  "plus_newton_rmse": 2.9915732185456105e-08,
  "plus_newton_r2": 0.9999999999999991,
  "plus_newton_valid_ratio": 1.0,
  "plus_newton_residual_mean": 4.38422456769997e-14,
  "plus_newton_residual_median": 2.220446049250313e-16,
  "plus_newton_residual_p90": 1.0176304243714209e-13,
  "plus_newton_newton_iter_mean": 2.7539,
  "plus_newton_newton_iter_median": 3.0,
  "plus_newton_newton_iter_p90": 3.0,
  "plus_newton_converged_ratio": 1.0,
  "hp_use_log_ab": false,
  "hp_optimizer": "adamw",
  "hp_criterion": "mse",
  "hp_dropout": 0.0,
  "hp_lr": 0.0005,
  "hp_weight_decay": 0.0001,
  "hp_hidden_dims": "[256, 256, 128]",
  "hp_hidden_size": 128,
  "hp_num_layers": 2,
  "hp_head_hidden": 64,
  "hp_head_layers": 1,
  "hp_d_model": 64,
  "hp_nhead": 2,
  "hp_ff_dim": 64,
  "hp_use_cls_token": false
}{
  "trial_id": 457,
  "trial_name": "trial_457_transformer",
  "model": "transformer",
  "best_epoch": 21,
  "elapsed_sec": 88.87484121322632,
  "direct_mae": 0.341728538274765,
  "direct_rmse": 0.41712790727615356,
  "direct_r2": 0.8188781291246414,
  "direct_valid_ratio": 1.0,
  "direct_residual_mean": 0.38472607731819153,
  "direct_residual_median": 0.36438658833503723,
  "direct_residual_p90": 0.7131282806396485,
  "plus_newton_mae": 2.343362008361206e-08,
  "plus_newton_rmse": 2.9915732185456105e-08,
  "plus_newton_r2": 0.9999999999999991,
  "plus_newton_valid_ratio": 1.0,
  "plus_newton_residual_mean": 4.38422456769997e-14,
  "plus_newton_residual_median": 2.220446049250313e-16,
  "plus_newton_residual_p90": 1.0176304243714209e-13,
  "plus_newton_newton_iter_mean": 2.7539,
  "plus_newton_newton_iter_median": 3.0,
  "plus_newton_newton_iter_p90": 3.0,
  "plus_newton_converged_ratio": 1.0,
  "hp_use_log_ab": false,
  "hp_optimizer": "adamw",
  "hp_criterion": "mse",
  "hp_dropout": 0.0,
  "hp_lr": 0.0005,
  "hp_weight_decay": 0.0001,
  "hp_hidden_dims": "[256, 256, 128]",
  "hp_hidden_size": 128,
  "hp_num_layers": 2,
  "hp_head_hidden": 64,
  "hp_head_layers": 1,
  "hp_d_model": 64,
  "hp_nhead": 2,
  "hp_ff_dim": 64,
  "hp_use_cls_token": false
}