{
  "trial_id": 1220,
  "trial_name": "trial_1220_transformer",
  "model": "transformer",
  "best_epoch": 6,
  "elapsed_sec": 44.49168848991394,
  "direct_mae": 0.34031692147254944,
  "direct_rmse": 0.4173731207847595,
  "direct_r2": 0.8186651319265366,
  "direct_valid_ratio": 1.0,
  "direct_residual_mean": 0.3839363157749176,
  "direct_residual_median": 0.3584114611148834,
  "direct_residual_p90": 0.7394652605056765,
  "plus_newton_mae": 2.3433619045463108e-08,
  "plus_newton_rmse": 2.991573089129188e-08,
  "plus_newton_r2": 0.9999999999999991,
  "plus_newton_valid_ratio": 1.0,
  "plus_newton_residual_mean": 4.341284501287171e-14,
  "plus_newton_residual_median": 1.4051260155412137e-16,
  "plus_newton_residual_p90": 9.794387523243139e-14,
  "plus_newton_newton_iter_mean": 2.7581,
  "plus_newton_newton_iter_median": 3.0,
  "plus_newton_newton_iter_p90": 3.0,
  "plus_newton_converged_ratio": 1.0,
  "hp_use_log_ab": false,
  "hp_optimizer": "adamw",
  "hp_criterion": "smoothl1",
  "hp_dropout": 0.0,
  "hp_lr": 0.001,
  "hp_weight_decay": 0.0001,
  "hp_hidden_dims": "[256, 256, 128]",
  "hp_hidden_size": 128,
  "hp_num_layers": 2,
  "hp_head_hidden": 64,
  "hp_head_layers": 1,
  "hp_d_model": 32,
  "hp_nhead": 2,
  "hp_ff_dim": 128,
  "hp_use_cls_token": true
}{
  "trial_id": 1220,
  "trial_name": "trial_1220_transformer",
  "model": "transformer",
  "best_epoch": 6,
  "elapsed_sec": 44.49168848991394,
  "direct_mae": 0.34031692147254944,
  "direct_rmse": 0.4173731207847595,
  "direct_r2": 0.8186651319265366,
  "direct_valid_ratio": 1.0,
  "direct_residual_mean": 0.3839363157749176,
  "direct_residual_median": 0.3584114611148834,
  "direct_residual_p90": 0.7394652605056765,
  "plus_newton_mae": 2.3433619045463108e-08,
  "plus_newton_rmse": 2.991573089129188e-08,
  "plus_newton_r2": 0.9999999999999991,
  "plus_newton_valid_ratio": 1.0,
  "plus_newton_residual_mean": 4.341284501287171e-14,
  "plus_newton_residual_median": 1.4051260155412137e-16,
  "plus_newton_residual_p90": 9.794387523243139e-14,
  "plus_newton_newton_iter_mean": 2.7581,
  "plus_newton_newton_iter_median": 3.0,
  "plus_newton_newton_iter_p90": 3.0,
  "plus_newton_converged_ratio": 1.0,
  "hp_use_log_ab": false,
  "hp_optimizer": "adamw",
  "hp_criterion": "smoothl1",
  "hp_dropout": 0.0,
  "hp_lr": 0.001,
  "hp_weight_decay": 0.0001,
  "hp_hidden_dims": "[256, 256, 128]",
  "hp_hidden_size": 128,
  "hp_num_layers": 2,
  "hp_head_hidden": 64,
  "hp_head_layers": 1,
  "hp_d_model": 32,
  "hp_nhead": 2,
  "hp_ff_dim": 128,
  "hp_use_cls_token": true
}