{
  "trial_id": 3051,
  "trial_name": "trial_3051_transformer",
  "model": "transformer",
  "best_epoch": 61,
  "elapsed_sec": 141.2263698577881,
  "direct_mae": 0.10176640003919601,
  "direct_rmse": 0.1289997547864914,
  "direct_r2": 0.9826775193214417,
  "direct_valid_ratio": 1.0,
  "direct_residual_mean": 0.12859584391117096,
  "direct_residual_median": 0.10245494544506073,
  "direct_residual_p90": 0.2521932929754257,
  "plus_newton_mae": 2.343361942416922e-08,
  "plus_newton_rmse": 2.991573013870566e-08,
  "plus_newton_r2": 0.9999999999999991,
  "plus_newton_valid_ratio": 1.0,
  "plus_newton_residual_mean": 3.514276778534832e-14,
  "plus_newton_residual_median": 1.1102230246251565e-16,
  "plus_newton_residual_p90": 4.778677453742837e-14,
  "plus_newton_newton_iter_mean": 2.6025,
  "plus_newton_newton_iter_median": 3.0,
  "plus_newton_newton_iter_p90": 3.0,
  "plus_newton_converged_ratio": 1.0,
  "hp_use_log_ab": true,
  "hp_optimizer": "adamw",
  "hp_criterion": "mse",
  "hp_dropout": 0.1,
  "hp_lr": 0.0005,
  "hp_weight_decay": 0.0001,
  "hp_hidden_dims": "[256, 256, 128]",
  "hp_hidden_size": 128,
  "hp_num_layers": 2,
  "hp_head_hidden": 128,
  "hp_head_layers": 1,
  "hp_d_model": 64,
  "hp_nhead": 2,
  "hp_ff_dim": 128,
  "hp_use_cls_token": false
}{
  "trial_id": 3051,
  "trial_name": "trial_3051_transformer",
  "model": "transformer",
  "best_epoch": 61,
  "elapsed_sec": 141.2263698577881,
  "direct_mae": 0.10176640003919601,
  "direct_rmse": 0.1289997547864914,
  "direct_r2": 0.9826775193214417,
  "direct_valid_ratio": 1.0,
  "direct_residual_mean": 0.12859584391117096,
  "direct_residual_median": 0.10245494544506073,
  "direct_residual_p90": 0.2521932929754257,
  "plus_newton_mae": 2.343361942416922e-08,
  "plus_newton_rmse": 2.991573013870566e-08,
  "plus_newton_r2": 0.9999999999999991,
  "plus_newton_valid_ratio": 1.0,
  "plus_newton_residual_mean": 3.514276778534832e-14,
  "plus_newton_residual_median": 1.1102230246251565e-16,
  "plus_newton_residual_p90": 4.778677453742837e-14,
  "plus_newton_newton_iter_mean": 2.6025,
  "plus_newton_newton_iter_median": 3.0,
  "plus_newton_newton_iter_p90": 3.0,
  "plus_newton_converged_ratio": 1.0,
  "hp_use_log_ab": true,
  "hp_optimizer": "adamw",
  "hp_criterion": "mse",
  "hp_dropout": 0.1,
  "hp_lr": 0.0005,
  "hp_weight_decay": 0.0001,
  "hp_hidden_dims": "[256, 256, 128]",
  "hp_hidden_size": 128,
  "hp_num_layers": 2,
  "hp_head_hidden": 128,
  "hp_head_layers": 1,
  "hp_d_model": 64,
  "hp_nhead": 2,
  "hp_ff_dim": 128,
  "hp_use_cls_token": false
}