{
  "trial_id": 2270,
  "trial_name": "trial_2270_transformer",
  "model": "transformer",
  "best_epoch": 106,
  "elapsed_sec": 210.2452256679535,
  "direct_mae": 0.003006411250680685,
  "direct_rmse": 0.003943461924791336,
  "direct_r2": 0.9999838122039364,
  "direct_valid_ratio": 1.0,
  "direct_residual_mean": 0.0037162902299314737,
  "direct_residual_median": 0.002740919589996338,
  "direct_residual_p90": 0.008193120360374454,
  "plus_newton_mae": 2.3433618722838856e-08,
  "plus_newton_rmse": 2.991573125525895e-08,
  "plus_newton_r2": 0.9999999999999991,
  "plus_newton_valid_ratio": 1.0,
  "plus_newton_residual_mean": 3.516827245112064e-14,
  "plus_newton_residual_median": 1.1102230246251565e-16,
  "plus_newton_residual_p90": 4.729550084903167e-14,
  "plus_newton_newton_iter_mean": 2.0534,
  "plus_newton_newton_iter_median": 2.0,
  "plus_newton_newton_iter_p90": 2.0,
  "plus_newton_converged_ratio": 1.0,
  "hp_use_log_ab": true,
  "hp_optimizer": "adamw",
  "hp_criterion": "mse",
  "hp_dropout": 0.0,
  "hp_lr": 0.001,
  "hp_weight_decay": 0.0001,
  "hp_hidden_dims": "[256, 256, 128]",
  "hp_hidden_size": 128,
  "hp_num_layers": 2,
  "hp_head_hidden": 64,
  "hp_head_layers": 2,
  "hp_d_model": 64,
  "hp_nhead": 4,
  "hp_ff_dim": 64,
  "hp_use_cls_token": true
}{
  "trial_id": 2270,
  "trial_name": "trial_2270_transformer",
  "model": "transformer",
  "best_epoch": 106,
  "elapsed_sec": 210.2452256679535,
  "direct_mae": 0.003006411250680685,
  "direct_rmse": 0.003943461924791336,
  "direct_r2": 0.9999838122039364,
  "direct_valid_ratio": 1.0,
  "direct_residual_mean": 0.0037162902299314737,
  "direct_residual_median": 0.002740919589996338,
  "direct_residual_p90": 0.008193120360374454,
  "plus_newton_mae": 2.3433618722838856e-08,
  "plus_newton_rmse": 2.991573125525895e-08,
  "plus_newton_r2": 0.9999999999999991,
  "plus_newton_valid_ratio": 1.0,
  "plus_newton_residual_mean": 3.516827245112064e-14,
  "plus_newton_residual_median": 1.1102230246251565e-16,
  "plus_newton_residual_p90": 4.729550084903167e-14,
  "plus_newton_newton_iter_mean": 2.0534,
  "plus_newton_newton_iter_median": 2.0,
  "plus_newton_newton_iter_p90": 2.0,
  "plus_newton_converged_ratio": 1.0,
  "hp_use_log_ab": true,
  "hp_optimizer": "adamw",
  "hp_criterion": "mse",
  "hp_dropout": 0.0,
  "hp_lr": 0.001,
  "hp_weight_decay": 0.0001,
  "hp_hidden_dims": "[256, 256, 128]",
  "hp_hidden_size": 128,
  "hp_num_layers": 2,
  "hp_head_hidden": 64,
  "hp_head_layers": 2,
  "hp_d_model": 64,
  "hp_nhead": 4,
  "hp_ff_dim": 64,
  "hp_use_cls_token": true
}