{
  "trial_id": 1817,
  "trial_name": "trial_1817_transformer",
  "model": "transformer",
  "best_epoch": 53,
  "elapsed_sec": 104.04316639900208,
  "direct_mae": 0.017265290021896362,
  "direct_rmse": 0.027378100901842117,
  "direct_r2": 0.9992197406245396,
  "direct_valid_ratio": 1.0,
  "direct_residual_mean": 0.020416704937815666,
  "direct_residual_median": 0.012026011943817139,
  "direct_residual_p90": 0.04783848524093628,
  "plus_newton_mae": 2.3433618011662427e-08,
  "plus_newton_rmse": 2.99157294738916e-08,
  "plus_newton_r2": 0.9999999999999991,
  "plus_newton_valid_ratio": 1.0,
  "plus_newton_residual_mean": 3.1565342819267736e-14,
  "plus_newton_residual_median": 1.1102230246251565e-16,
  "plus_newton_residual_p90": 4.657038643607348e-14,
  "plus_newton_newton_iter_mean": 2.2706,
  "plus_newton_newton_iter_median": 2.0,
  "plus_newton_newton_iter_p90": 3.0,
  "plus_newton_converged_ratio": 1.0,
  "hp_use_log_ab": false,
  "hp_optimizer": "adamw",
  "hp_criterion": "smoothl1",
  "hp_dropout": 0.1,
  "hp_lr": 0.0005,
  "hp_weight_decay": 1e-05,
  "hp_hidden_dims": "[256, 256, 128]",
  "hp_hidden_size": 128,
  "hp_num_layers": 1,
  "hp_head_hidden": 64,
  "hp_head_layers": 2,
  "hp_d_model": 64,
  "hp_nhead": 2,
  "hp_ff_dim": 64,
  "hp_use_cls_token": false
}{
  "trial_id": 1817,
  "trial_name": "trial_1817_transformer",
  "model": "transformer",
  "best_epoch": 53,
  "elapsed_sec": 104.04316639900208,
  "direct_mae": 0.017265290021896362,
  "direct_rmse": 0.027378100901842117,
  "direct_r2": 0.9992197406245396,
  "direct_valid_ratio": 1.0,
  "direct_residual_mean": 0.020416704937815666,
  "direct_residual_median": 0.012026011943817139,
  "direct_residual_p90": 0.04783848524093628,
  "plus_newton_mae": 2.3433618011662427e-08,
  "plus_newton_rmse": 2.99157294738916e-08,
  "plus_newton_r2": 0.9999999999999991,
  "plus_newton_valid_ratio": 1.0,
  "plus_newton_residual_mean": 3.1565342819267736e-14,
  "plus_newton_residual_median": 1.1102230246251565e-16,
  "plus_newton_residual_p90": 4.657038643607348e-14,
  "plus_newton_newton_iter_mean": 2.2706,
  "plus_newton_newton_iter_median": 2.0,
  "plus_newton_newton_iter_p90": 3.0,
  "plus_newton_converged_ratio": 1.0,
  "hp_use_log_ab": false,
  "hp_optimizer": "adamw",
  "hp_criterion": "smoothl1",
  "hp_dropout": 0.1,
  "hp_lr": 0.0005,
  "hp_weight_decay": 1e-05,
  "hp_hidden_dims": "[256, 256, 128]",
  "hp_hidden_size": 128,
  "hp_num_layers": 1,
  "hp_head_hidden": 64,
  "hp_head_layers": 2,
  "hp_d_model": 64,
  "hp_nhead": 2,
  "hp_ff_dim": 64,
  "hp_use_cls_token": false
}