{
  "trial_id": 1266,
  "trial_name": "trial_1266_transformer",
  "model": "transformer",
  "best_epoch": 82,
  "elapsed_sec": 178.93789172172546,
  "direct_mae": 0.001851679407991469,
  "direct_rmse": 0.0025026104412972927,
  "direct_r2": 0.9999934804313853,
  "direct_valid_ratio": 1.0,
  "direct_residual_mean": 0.0022857673466205597,
  "direct_residual_median": 0.0016861632466316223,
  "direct_residual_p90": 0.00498795509338379,
  "plus_newton_mae": 2.3433618580258227e-08,
  "plus_newton_rmse": 2.9915729815819873e-08,
  "plus_newton_r2": 0.9999999999999991,
  "plus_newton_valid_ratio": 1.0,
  "plus_newton_residual_mean": 2.83811571057391e-14,
  "plus_newton_residual_median": 1.1102230246251565e-16,
  "plus_newton_residual_p90": 2.743361093848766e-14,
  "plus_newton_newton_iter_mean": 2.0037,
  "plus_newton_newton_iter_median": 2.0,
  "plus_newton_newton_iter_p90": 2.0,
  "plus_newton_converged_ratio": 1.0,
  "hp_use_log_ab": false,
  "hp_optimizer": "adamw",
  "hp_criterion": "smoothl1",
  "hp_dropout": 0.0,
  "hp_lr": 0.001,
  "hp_weight_decay": 0.0001,
  "hp_hidden_dims": "[256, 256, 128]",
  "hp_hidden_size": 128,
  "hp_num_layers": 2,
  "hp_head_hidden": 128,
  "hp_head_layers": 2,
  "hp_d_model": 32,
  "hp_nhead": 2,
  "hp_ff_dim": 64,
  "hp_use_cls_token": true
}{
  "trial_id": 1266,
  "trial_name": "trial_1266_transformer",
  "model": "transformer",
  "best_epoch": 82,
  "elapsed_sec": 178.93789172172546,
  "direct_mae": 0.001851679407991469,
  "direct_rmse": 0.0025026104412972927,
  "direct_r2": 0.9999934804313853,
  "direct_valid_ratio": 1.0,
  "direct_residual_mean": 0.0022857673466205597,
  "direct_residual_median": 0.0016861632466316223,
  "direct_residual_p90": 0.00498795509338379,
  "plus_newton_mae": 2.3433618580258227e-08,
  "plus_newton_rmse": 2.9915729815819873e-08,
  "plus_newton_r2": 0.9999999999999991,
  "plus_newton_valid_ratio": 1.0,
  "plus_newton_residual_mean": 2.83811571057391e-14,
  "plus_newton_residual_median": 1.1102230246251565e-16,
  "plus_newton_residual_p90": 2.743361093848766e-14,
  "plus_newton_newton_iter_mean": 2.0037,
  "plus_newton_newton_iter_median": 2.0,
  "plus_newton_newton_iter_p90": 2.0,
  "plus_newton_converged_ratio": 1.0,
  "hp_use_log_ab": false,
  "hp_optimizer": "adamw",
  "hp_criterion": "smoothl1",
  "hp_dropout": 0.0,
  "hp_lr": 0.001,
  "hp_weight_decay": 0.0001,
  "hp_hidden_dims": "[256, 256, 128]",
  "hp_hidden_size": 128,
  "hp_num_layers": 2,
  "hp_head_hidden": 128,
  "hp_head_layers": 2,
  "hp_d_model": 32,
  "hp_nhead": 2,
  "hp_ff_dim": 64,
  "hp_use_cls_token": true
}