{
  "trial_id": 1947,
  "trial_name": "trial_1947_transformer",
  "model": "transformer",
  "best_epoch": 87,
  "elapsed_sec": 151.8943154811859,
  "direct_mae": 0.012433895841240883,
  "direct_rmse": 0.021059799939393997,
  "direct_r2": 0.9995383202331141,
  "direct_valid_ratio": 1.0,
  "direct_residual_mean": 0.014664370566606522,
  "direct_residual_median": 0.00826437771320343,
  "direct_residual_p90": 0.0391430139541626,
  "plus_newton_mae": 2.343361905711405e-08,
  "plus_newton_rmse": 2.9915730349000287e-08,
  "plus_newton_r2": 0.9999999999999991,
  "plus_newton_valid_ratio": 1.0,
  "plus_newton_residual_mean": 3.2307667524458724e-14,
  "plus_newton_residual_median": 1.1102230246251565e-16,
  "plus_newton_residual_p90": 3.220756994437583e-14,
  "plus_newton_newton_iter_mean": 2.1996,
  "plus_newton_newton_iter_median": 2.0,
  "plus_newton_newton_iter_p90": 3.0,
  "plus_newton_converged_ratio": 1.0,
  "hp_use_log_ab": false,
  "hp_optimizer": "adamw",
  "hp_criterion": "smoothl1",
  "hp_dropout": 0.1,
  "hp_lr": 0.0005,
  "hp_weight_decay": 0.0001,
  "hp_hidden_dims": "[256, 256, 128]",
  "hp_hidden_size": 128,
  "hp_num_layers": 1,
  "hp_head_hidden": 64,
  "hp_head_layers": 2,
  "hp_d_model": 64,
  "hp_nhead": 2,
  "hp_ff_dim": 128,
  "hp_use_cls_token": false
}{
  "trial_id": 1947,
  "trial_name": "trial_1947_transformer",
  "model": "transformer",
  "best_epoch": 87,
  "elapsed_sec": 151.8943154811859,
  "direct_mae": 0.012433895841240883,
  "direct_rmse": 0.021059799939393997,
  "direct_r2": 0.9995383202331141,
  "direct_valid_ratio": 1.0,
  "direct_residual_mean": 0.014664370566606522,
  "direct_residual_median": 0.00826437771320343,
  "direct_residual_p90": 0.0391430139541626,
  "plus_newton_mae": 2.343361905711405e-08,
  "plus_newton_rmse": 2.9915730349000287e-08,
  "plus_newton_r2": 0.9999999999999991,
  "plus_newton_valid_ratio": 1.0,
  "plus_newton_residual_mean": 3.2307667524458724e-14,
  "plus_newton_residual_median": 1.1102230246251565e-16,
  "plus_newton_residual_p90": 3.220756994437583e-14,
  "plus_newton_newton_iter_mean": 2.1996,
  "plus_newton_newton_iter_median": 2.0,
  "plus_newton_newton_iter_p90": 3.0,
  "plus_newton_converged_ratio": 1.0,
  "hp_use_log_ab": false,
  "hp_optimizer": "adamw",
  "hp_criterion": "smoothl1",
  "hp_dropout": 0.1,
  "hp_lr": 0.0005,
  "hp_weight_decay": 0.0001,
  "hp_hidden_dims": "[256, 256, 128]",
  "hp_hidden_size": 128,
  "hp_num_layers": 1,
  "hp_head_hidden": 64,
  "hp_head_layers": 2,
  "hp_d_model": 64,
  "hp_nhead": 2,
  "hp_ff_dim": 128,
  "hp_use_cls_token": false
}