{
  "trial_id": 1701,
  "trial_name": "trial_1701_transformer",
  "model": "transformer",
  "best_epoch": 5,
  "elapsed_sec": 34.9752357006073,
  "direct_mae": 0.3385178744792938,
  "direct_rmse": 0.41940733790397644,
  "direct_r2": 0.8168932199478149,
  "direct_valid_ratio": 1.0,
  "direct_residual_mean": 0.3851720094680786,
  "direct_residual_median": 0.3491174280643463,
  "direct_residual_p90": 0.7813468396663665,
  "plus_newton_mae": 2.3433619656591414e-08,
  "plus_newton_rmse": 2.991573074927655e-08,
  "plus_newton_r2": 0.9999999999999991,
  "plus_newton_valid_ratio": 1.0,
  "plus_newton_residual_mean": 4.245581885990493e-14,
  "plus_newton_residual_median": 1.1102230246251565e-16,
  "plus_newton_residual_p90": 9.725553695716371e-14,
  "plus_newton_newton_iter_mean": 2.7733,
  "plus_newton_newton_iter_median": 3.0,
  "plus_newton_newton_iter_p90": 3.0,
  "plus_newton_converged_ratio": 1.0,
  "hp_use_log_ab": false,
  "hp_optimizer": "adamw",
  "hp_criterion": "smoothl1",
  "hp_dropout": 0.1,
  "hp_lr": 0.001,
  "hp_weight_decay": 0.0001,
  "hp_hidden_dims": "[256, 256, 128]",
  "hp_hidden_size": 128,
  "hp_num_layers": 1,
  "hp_head_hidden": 128,
  "hp_head_layers": 1,
  "hp_d_model": 32,
  "hp_nhead": 4,
  "hp_ff_dim": 64,
  "hp_use_cls_token": false
}{
  "trial_id": 1701,
  "trial_name": "trial_1701_transformer",
  "model": "transformer",
  "best_epoch": 5,
  "elapsed_sec": 34.9752357006073,
  "direct_mae": 0.3385178744792938,
  "direct_rmse": 0.41940733790397644,
  "direct_r2": 0.8168932199478149,
  "direct_valid_ratio": 1.0,
  "direct_residual_mean": 0.3851720094680786,
  "direct_residual_median": 0.3491174280643463,
  "direct_residual_p90": 0.7813468396663665,
  "plus_newton_mae": 2.3433619656591414e-08,
  "plus_newton_rmse": 2.991573074927655e-08,
  "plus_newton_r2": 0.9999999999999991,
  "plus_newton_valid_ratio": 1.0,
  "plus_newton_residual_mean": 4.245581885990493e-14,
  "plus_newton_residual_median": 1.1102230246251565e-16,
  "plus_newton_residual_p90": 9.725553695716371e-14,
  "plus_newton_newton_iter_mean": 2.7733,
  "plus_newton_newton_iter_median": 3.0,
  "plus_newton_newton_iter_p90": 3.0,
  "plus_newton_converged_ratio": 1.0,
  "hp_use_log_ab": false,
  "hp_optimizer": "adamw",
  "hp_criterion": "smoothl1",
  "hp_dropout": 0.1,
  "hp_lr": 0.001,
  "hp_weight_decay": 0.0001,
  "hp_hidden_dims": "[256, 256, 128]",
  "hp_hidden_size": 128,
  "hp_num_layers": 1,
  "hp_head_hidden": 128,
  "hp_head_layers": 1,
  "hp_d_model": 32,
  "hp_nhead": 4,
  "hp_ff_dim": 64,
  "hp_use_cls_token": false
}