{
  "trial_id": 1779,
  "trial_name": "trial_1779_transformer",
  "model": "transformer",
  "best_epoch": 14,
  "elapsed_sec": 61.671448707580566,
  "direct_mae": 0.011017805896699429,
  "direct_rmse": 0.01776861399412155,
  "direct_r2": 0.9996713456057478,
  "direct_valid_ratio": 1.0,
  "direct_residual_mean": 0.012840623036026955,
  "direct_residual_median": 0.00899052619934082,
  "direct_residual_p90": 0.026563102006912254,
  "plus_newton_mae": 2.343361891706068e-08,
  "plus_newton_rmse": 2.991573019797173e-08,
  "plus_newton_r2": 0.9999999999999991,
  "plus_newton_valid_ratio": 1.0,
  "plus_newton_residual_mean": 4.036759920804776e-14,
  "plus_newton_residual_median": 1.1102230246251565e-16,
  "plus_newton_residual_p90": 1.0290102103738278e-13,
  "plus_newton_newton_iter_mean": 2.162,
  "plus_newton_newton_iter_median": 2.0,
  "plus_newton_newton_iter_p90": 3.0,
  "plus_newton_converged_ratio": 1.0,
  "hp_use_log_ab": false,
  "hp_optimizer": "adamw",
  "hp_criterion": "smoothl1",
  "hp_dropout": 0.1,
  "hp_lr": 0.001,
  "hp_weight_decay": 0.0001,
  "hp_hidden_dims": "[256, 256, 128]",
  "hp_hidden_size": 128,
  "hp_num_layers": 2,
  "hp_head_hidden": 128,
  "hp_head_layers": 2,
  "hp_d_model": 32,
  "hp_nhead": 2,
  "hp_ff_dim": 128,
  "hp_use_cls_token": false
}{
  "trial_id": 1779,
  "trial_name": "trial_1779_transformer",
  "model": "transformer",
  "best_epoch": 14,
  "elapsed_sec": 61.671448707580566,
  "direct_mae": 0.011017805896699429,
  "direct_rmse": 0.01776861399412155,
  "direct_r2": 0.9996713456057478,
  "direct_valid_ratio": 1.0,
  "direct_residual_mean": 0.012840623036026955,
  "direct_residual_median": 0.00899052619934082,
  "direct_residual_p90": 0.026563102006912254,
  "plus_newton_mae": 2.343361891706068e-08,
  "plus_newton_rmse": 2.991573019797173e-08,
  "plus_newton_r2": 0.9999999999999991,
  "plus_newton_valid_ratio": 1.0,
  "plus_newton_residual_mean": 4.036759920804776e-14,
  "plus_newton_residual_median": 1.1102230246251565e-16,
  "plus_newton_residual_p90": 1.0290102103738278e-13,
  "plus_newton_newton_iter_mean": 2.162,
  "plus_newton_newton_iter_median": 2.0,
  "plus_newton_newton_iter_p90": 3.0,
  "plus_newton_converged_ratio": 1.0,
  "hp_use_log_ab": false,
  "hp_optimizer": "adamw",
  "hp_criterion": "smoothl1",
  "hp_dropout": 0.1,
  "hp_lr": 0.001,
  "hp_weight_decay": 0.0001,
  "hp_hidden_dims": "[256, 256, 128]",
  "hp_hidden_size": 128,
  "hp_num_layers": 2,
  "hp_head_hidden": 128,
  "hp_head_layers": 2,
  "hp_d_model": 32,
  "hp_nhead": 2,
  "hp_ff_dim": 128,
  "hp_use_cls_token": false
}