{
  "trial_id": 999,
  "trial_name": "trial_999_transformer",
  "model": "transformer",
  "best_epoch": 34,
  "elapsed_sec": 94.01478362083435,
  "direct_mae": 0.34083497524261475,
  "direct_rmse": 0.41695305705070496,
  "direct_r2": 0.8190299421548843,
  "direct_valid_ratio": 1.0,
  "direct_residual_mean": 0.3839840888977051,
  "direct_residual_median": 0.36121636629104614,
  "direct_residual_p90": 0.7205322802066804,
  "plus_newton_mae": 2.3433619343705195e-08,
  "plus_newton_rmse": 2.99157313113692e-08,
  "plus_newton_r2": 0.9999999999999991,
  "plus_newton_valid_ratio": 1.0,
  "plus_newton_residual_mean": 4.411099187545841e-14,
  "plus_newton_residual_median": 1.6653345369377348e-16,
  "plus_newton_residual_p90": 1.0381695503269843e-13,
  "plus_newton_newton_iter_mean": 2.7564,
  "plus_newton_newton_iter_median": 3.0,
  "plus_newton_newton_iter_p90": 3.0,
  "plus_newton_converged_ratio": 1.0,
  "hp_use_log_ab": false,
  "hp_optimizer": "adamw",
  "hp_criterion": "mse",
  "hp_dropout": 0.1,
  "hp_lr": 0.0005,
  "hp_weight_decay": 0.0001,
  "hp_hidden_dims": "[256, 256, 128]",
  "hp_hidden_size": 128,
  "hp_num_layers": 2,
  "hp_head_hidden": 128,
  "hp_head_layers": 1,
  "hp_d_model": 32,
  "hp_nhead": 4,
  "hp_ff_dim": 128,
  "hp_use_cls_token": false
}{
  "trial_id": 999,
  "trial_name": "trial_999_transformer",
  "model": "transformer",
  "best_epoch": 34,
  "elapsed_sec": 94.01478362083435,
  "direct_mae": 0.34083497524261475,
  "direct_rmse": 0.41695305705070496,
  "direct_r2": 0.8190299421548843,
  "direct_valid_ratio": 1.0,
  "direct_residual_mean": 0.3839840888977051,
  "direct_residual_median": 0.36121636629104614,
  "direct_residual_p90": 0.7205322802066804,
  "plus_newton_mae": 2.3433619343705195e-08,
  "plus_newton_rmse": 2.99157313113692e-08,
  "plus_newton_r2": 0.9999999999999991,
  "plus_newton_valid_ratio": 1.0,
  "plus_newton_residual_mean": 4.411099187545841e-14,
  "plus_newton_residual_median": 1.6653345369377348e-16,
  "plus_newton_residual_p90": 1.0381695503269843e-13,
  "plus_newton_newton_iter_mean": 2.7564,
  "plus_newton_newton_iter_median": 3.0,
  "plus_newton_newton_iter_p90": 3.0,
  "plus_newton_converged_ratio": 1.0,
  "hp_use_log_ab": false,
  "hp_optimizer": "adamw",
  "hp_criterion": "mse",
  "hp_dropout": 0.1,
  "hp_lr": 0.0005,
  "hp_weight_decay": 0.0001,
  "hp_hidden_dims": "[256, 256, 128]",
  "hp_hidden_size": 128,
  "hp_num_layers": 2,
  "hp_head_hidden": 128,
  "hp_head_layers": 1,
  "hp_d_model": 32,
  "hp_nhead": 4,
  "hp_ff_dim": 128,
  "hp_use_cls_token": false
}