{
  "trial_id": 300,
  "trial_name": "trial_300_lstm",
  "model": "lstm",
  "best_epoch": 113,
  "elapsed_sec": 261.6338722705841,
  "direct_mae": 0.0013594276970252395,
  "direct_rmse": 0.0017282800981774926,
  "direct_r2": 0.999996890714101,
  "direct_valid_ratio": 1.0,
  "direct_residual_mean": 0.0016603341791778803,
  "direct_residual_median": 0.0013090944848954678,
  "direct_residual_p90": 0.003436177968978882,
  "plus_newton_mae": 2.3433618552366276e-08,
  "plus_newton_rmse": 2.991573083388453e-08,
  "plus_newton_r2": 0.9999999999999991,
  "plus_newton_valid_ratio": 1.0,
  "plus_newton_residual_mean": 1.9604670219186705e-14,
  "plus_newton_residual_median": 5.551115123125783e-17,
  "plus_newton_residual_p90": 5.0015547259363504e-15,
  "plus_newton_newton_iter_mean": 2.0024,
  "plus_newton_newton_iter_median": 2.0,
  "plus_newton_newton_iter_p90": 2.0,
  "plus_newton_converged_ratio": 1.0,
  "hp_use_log_ab": true,
  "hp_optimizer": "adamw",
  "hp_criterion": "mse",
  "hp_dropout": 0.0,
  "hp_lr": 0.0005,
  "hp_weight_decay": 1e-05,
  "hp_hidden_dims": "[256, 256, 128]",
  "hp_hidden_size": 128,
  "hp_num_layers": 1,
  "hp_head_hidden": 128,
  "hp_head_layers": 2,
  "hp_d_model": 64,
  "hp_nhead": 4,
  "hp_ff_dim": 128,
  "hp_use_cls_token": false
}{
  "trial_id": 300,
  "trial_name": "trial_300_lstm",
  "model": "lstm",
  "best_epoch": 113,
  "elapsed_sec": 261.6338722705841,
  "direct_mae": 0.0013594276970252395,
  "direct_rmse": 0.0017282800981774926,
  "direct_r2": 0.999996890714101,
  "direct_valid_ratio": 1.0,
  "direct_residual_mean": 0.0016603341791778803,
  "direct_residual_median": 0.0013090944848954678,
  "direct_residual_p90": 0.003436177968978882,
  "plus_newton_mae": 2.3433618552366276e-08,
  "plus_newton_rmse": 2.991573083388453e-08,
  "plus_newton_r2": 0.9999999999999991,
  "plus_newton_valid_ratio": 1.0,
  "plus_newton_residual_mean": 1.9604670219186705e-14,
  "plus_newton_residual_median": 5.551115123125783e-17,
  "plus_newton_residual_p90": 5.0015547259363504e-15,
  "plus_newton_newton_iter_mean": 2.0024,
  "plus_newton_newton_iter_median": 2.0,
  "plus_newton_newton_iter_p90": 2.0,
  "plus_newton_converged_ratio": 1.0,
  "hp_use_log_ab": true,
  "hp_optimizer": "adamw",
  "hp_criterion": "mse",
  "hp_dropout": 0.0,
  "hp_lr": 0.0005,
  "hp_weight_decay": 1e-05,
  "hp_hidden_dims": "[256, 256, 128]",
  "hp_hidden_size": 128,
  "hp_num_layers": 1,
  "hp_head_hidden": 128,
  "hp_head_layers": 2,
  "hp_d_model": 64,
  "hp_nhead": 4,
  "hp_ff_dim": 128,
  "hp_use_cls_token": false
}