{
  "trial_id": 1735,
  "trial_name": "trial_1735_transformer",
  "model": "transformer",
  "best_epoch": 24,
  "elapsed_sec": 77.4845519065857,
  "direct_mae": 0.3386428654193878,
  "direct_rmse": 0.41925299167633057,
  "direct_r2": 0.8170279562473297,
  "direct_valid_ratio": 1.0,
  "direct_residual_mean": 0.38329580426216125,
  "direct_residual_median": 0.3501412272453308,
  "direct_residual_p90": 0.7737739086151123,
  "plus_newton_mae": 2.3433619461651172e-08,
  "plus_newton_rmse": 2.991573137837597e-08,
  "plus_newton_r2": 0.9999999999999991,
  "plus_newton_valid_ratio": 1.0,
  "plus_newton_residual_mean": 4.3952979914060065e-14,
  "plus_newton_residual_median": 1.3877787807814457e-16,
  "plus_newton_residual_p90": 1.0050849041931554e-13,
  "plus_newton_newton_iter_mean": 2.7619,
  "plus_newton_newton_iter_median": 3.0,
  "plus_newton_newton_iter_p90": 3.0,
  "plus_newton_converged_ratio": 1.0,
  "hp_use_log_ab": false,
  "hp_optimizer": "adamw",
  "hp_criterion": "smoothl1",
  "hp_dropout": 0.1,
  "hp_lr": 0.001,
  "hp_weight_decay": 0.0001,
  "hp_hidden_dims": "[256, 256, 128]",
  "hp_hidden_size": 128,
  "hp_num_layers": 2,
  "hp_head_hidden": 64,
  "hp_head_layers": 1,
  "hp_d_model": 32,
  "hp_nhead": 4,
  "hp_ff_dim": 128,
  "hp_use_cls_token": false
}{
  "trial_id": 1735,
  "trial_name": "trial_1735_transformer",
  "model": "transformer",
  "best_epoch": 24,
  "elapsed_sec": 77.4845519065857,
  "direct_mae": 0.3386428654193878,
  "direct_rmse": 0.41925299167633057,
  "direct_r2": 0.8170279562473297,
  "direct_valid_ratio": 1.0,
  "direct_residual_mean": 0.38329580426216125,
  "direct_residual_median": 0.3501412272453308,
  "direct_residual_p90": 0.7737739086151123,
  "plus_newton_mae": 2.3433619461651172e-08,
  "plus_newton_rmse": 2.991573137837597e-08,
  "plus_newton_r2": 0.9999999999999991,
  "plus_newton_valid_ratio": 1.0,
  "plus_newton_residual_mean": 4.3952979914060065e-14,
  "plus_newton_residual_median": 1.3877787807814457e-16,
  "plus_newton_residual_p90": 1.0050849041931554e-13,
  "plus_newton_newton_iter_mean": 2.7619,
  "plus_newton_newton_iter_median": 3.0,
  "plus_newton_newton_iter_p90": 3.0,
  "plus_newton_converged_ratio": 1.0,
  "hp_use_log_ab": false,
  "hp_optimizer": "adamw",
  "hp_criterion": "smoothl1",
  "hp_dropout": 0.1,
  "hp_lr": 0.001,
  "hp_weight_decay": 0.0001,
  "hp_hidden_dims": "[256, 256, 128]",
  "hp_hidden_size": 128,
  "hp_num_layers": 2,
  "hp_head_hidden": 64,
  "hp_head_layers": 1,
  "hp_d_model": 32,
  "hp_nhead": 4,
  "hp_ff_dim": 128,
  "hp_use_cls_token": false
}