{
  "trial_id": 176,
  "trial_name": "trial_176_gru",
  "model": "gru",
  "best_epoch": 72,
  "elapsed_sec": 241.5994770526886,
  "direct_mae": 0.0013312119990587234,
  "direct_rmse": 0.00223838584497571,
  "direct_r2": 0.9999947844244161,
  "direct_valid_ratio": 1.0,
  "direct_residual_mean": 0.0015482278540730476,
  "direct_residual_median": 0.00106767937541008,
  "direct_residual_p90": 0.0032615900039672852,
  "plus_newton_mae": 2.3433617767321215e-08,
  "plus_newton_rmse": 2.991572977848673e-08,
  "plus_newton_r2": 0.9999999999999991,
  "plus_newton_valid_ratio": 1.0,
  "plus_newton_residual_mean": 1.661061706374246e-14,
  "plus_newton_residual_median": 5.551115123125783e-17,
  "plus_newton_residual_p90": 4.773959005888173e-15,
  "plus_newton_newton_iter_mean": 1.976,
  "plus_newton_newton_iter_median": 2.0,
  "plus_newton_newton_iter_p90": 2.0,
  "plus_newton_converged_ratio": 1.0,
  "hp_use_log_ab": false,
  "hp_optimizer": "adamw",
  "hp_criterion": "smoothl1",
  "hp_dropout": 0.0,
  "hp_lr": 0.0005,
  "hp_weight_decay": 1e-05,
  "hp_hidden_dims": "[256, 256, 128]",
  "hp_hidden_size": 128,
  "hp_num_layers": 2,
  "hp_head_hidden": 128,
  "hp_head_layers": 2,
  "hp_d_model": 64,
  "hp_nhead": 4,
  "hp_ff_dim": 128,
  "hp_use_cls_token": false
}{
  "trial_id": 176,
  "trial_name": "trial_176_gru",
  "model": "gru",
  "best_epoch": 72,
  "elapsed_sec": 241.5994770526886,
  "direct_mae": 0.0013312119990587234,
  "direct_rmse": 0.00223838584497571,
  "direct_r2": 0.9999947844244161,
  "direct_valid_ratio": 1.0,
  "direct_residual_mean": 0.0015482278540730476,
  "direct_residual_median": 0.00106767937541008,
  "direct_residual_p90": 0.0032615900039672852,
  "plus_newton_mae": 2.3433617767321215e-08,
  "plus_newton_rmse": 2.991572977848673e-08,
  "plus_newton_r2": 0.9999999999999991,
  "plus_newton_valid_ratio": 1.0,
  "plus_newton_residual_mean": 1.661061706374246e-14,
  "plus_newton_residual_median": 5.551115123125783e-17,
  "plus_newton_residual_p90": 4.773959005888173e-15,
  "plus_newton_newton_iter_mean": 1.976,
  "plus_newton_newton_iter_median": 2.0,
  "plus_newton_newton_iter_p90": 2.0,
  "plus_newton_converged_ratio": 1.0,
  "hp_use_log_ab": false,
  "hp_optimizer": "adamw",
  "hp_criterion": "smoothl1",
  "hp_dropout": 0.0,
  "hp_lr": 0.0005,
  "hp_weight_decay": 1e-05,
  "hp_hidden_dims": "[256, 256, 128]",
  "hp_hidden_size": 128,
  "hp_num_layers": 2,
  "hp_head_hidden": 128,
  "hp_head_layers": 2,
  "hp_d_model": 64,
  "hp_nhead": 4,
  "hp_ff_dim": 128,
  "hp_use_cls_token": false
}