{
  "trial_id": 161,
  "trial_name": "trial_161_lstm",
  "model": "lstm",
  "best_epoch": 25,
  "elapsed_sec": 110.02956295013428,
  "direct_mae": 0.33793511986732483,
  "direct_rmse": 0.42006173729896545,
  "direct_r2": 0.8163213729858398,
  "direct_valid_ratio": 1.0,
  "direct_residual_mean": 0.3829488754272461,
  "direct_residual_median": 0.34707212448120117,
  "direct_residual_p90": 0.7851509153842927,
  "plus_newton_mae": 2.3433619219047337e-08,
  "plus_newton_rmse": 2.991573107689671e-08,
  "plus_newton_r2": 0.9999999999999991,
  "plus_newton_valid_ratio": 1.0,
  "plus_newton_residual_mean": 4.4309414513980645e-14,
  "plus_newton_residual_median": 1.1102230246251565e-16,
  "plus_newton_residual_p90": 1.0328404798087843e-13,
  "plus_newton_newton_iter_mean": 2.7646,
  "plus_newton_newton_iter_median": 3.0,
  "plus_newton_newton_iter_p90": 3.0,
  "plus_newton_converged_ratio": 1.0,
  "hp_use_log_ab": false,
  "hp_optimizer": "adamw",
  "hp_criterion": "smoothl1",
  "hp_dropout": 0.0,
  "hp_lr": 0.0005,
  "hp_weight_decay": 1e-05,
  "hp_hidden_dims": "[256, 256, 128]",
  "hp_hidden_size": 64,
  "hp_num_layers": 1,
  "hp_head_hidden": 64,
  "hp_head_layers": 1,
  "hp_d_model": 64,
  "hp_nhead": 4,
  "hp_ff_dim": 128,
  "hp_use_cls_token": false
}{
  "trial_id": 161,
  "trial_name": "trial_161_lstm",
  "model": "lstm",
  "best_epoch": 25,
  "elapsed_sec": 110.02956295013428,
  "direct_mae": 0.33793511986732483,
  "direct_rmse": 0.42006173729896545,
  "direct_r2": 0.8163213729858398,
  "direct_valid_ratio": 1.0,
  "direct_residual_mean": 0.3829488754272461,
  "direct_residual_median": 0.34707212448120117,
  "direct_residual_p90": 0.7851509153842927,
  "plus_newton_mae": 2.3433619219047337e-08,
  "plus_newton_rmse": 2.991573107689671e-08,
  "plus_newton_r2": 0.9999999999999991,
  "plus_newton_valid_ratio": 1.0,
  "plus_newton_residual_mean": 4.4309414513980645e-14,
  "plus_newton_residual_median": 1.1102230246251565e-16,
  "plus_newton_residual_p90": 1.0328404798087843e-13,
  "plus_newton_newton_iter_mean": 2.7646,
  "plus_newton_newton_iter_median": 3.0,
  "plus_newton_newton_iter_p90": 3.0,
  "plus_newton_converged_ratio": 1.0,
  "hp_use_log_ab": false,
  "hp_optimizer": "adamw",
  "hp_criterion": "smoothl1",
  "hp_dropout": 0.0,
  "hp_lr": 0.0005,
  "hp_weight_decay": 1e-05,
  "hp_hidden_dims": "[256, 256, 128]",
  "hp_hidden_size": 64,
  "hp_num_layers": 1,
  "hp_head_hidden": 64,
  "hp_head_layers": 1,
  "hp_d_model": 64,
  "hp_nhead": 4,
  "hp_ff_dim": 128,
  "hp_use_cls_token": false
}