{
  "trial_id": 325,
  "trial_name": "trial_325_gru",
  "model": "gru",
  "best_epoch": 45,
  "elapsed_sec": 149.13188076019287,
  "direct_mae": 0.10076528042554855,
  "direct_rmse": 0.13045108318328857,
  "direct_r2": 0.9822855480015278,
  "direct_valid_ratio": 1.0,
  "direct_residual_mean": 0.1276300847530365,
  "direct_residual_median": 0.09656396508216858,
  "direct_residual_p90": 0.2547414869070053,
  "plus_newton_mae": 2.3433619935123276e-08,
  "plus_newton_rmse": 2.9915730132257314e-08,
  "plus_newton_r2": 0.9999999999999991,
  "plus_newton_valid_ratio": 1.0,
  "plus_newton_residual_mean": 3.7512560075420545e-14,
  "plus_newton_residual_median": 1.1102230246251565e-16,
  "plus_newton_residual_p90": 5.375699885235016e-14,
  "plus_newton_newton_iter_mean": 2.5975,
  "plus_newton_newton_iter_median": 3.0,
  "plus_newton_newton_iter_p90": 3.0,
  "plus_newton_converged_ratio": 1.0,
  "hp_use_log_ab": true,
  "hp_optimizer": "adamw",
  "hp_criterion": "mse",
  "hp_dropout": 0.1,
  "hp_lr": 0.001,
  "hp_weight_decay": 1e-05,
  "hp_hidden_dims": "[256, 256, 128]",
  "hp_hidden_size": 64,
  "hp_num_layers": 2,
  "hp_head_hidden": 64,
  "hp_head_layers": 1,
  "hp_d_model": 64,
  "hp_nhead": 4,
  "hp_ff_dim": 128,
  "hp_use_cls_token": false
}{
  "trial_id": 325,
  "trial_name": "trial_325_gru",
  "model": "gru",
  "best_epoch": 45,
  "elapsed_sec": 149.13188076019287,
  "direct_mae": 0.10076528042554855,
  "direct_rmse": 0.13045108318328857,
  "direct_r2": 0.9822855480015278,
  "direct_valid_ratio": 1.0,
  "direct_residual_mean": 0.1276300847530365,
  "direct_residual_median": 0.09656396508216858,
  "direct_residual_p90": 0.2547414869070053,
  "plus_newton_mae": 2.3433619935123276e-08,
  "plus_newton_rmse": 2.9915730132257314e-08,
  "plus_newton_r2": 0.9999999999999991,
  "plus_newton_valid_ratio": 1.0,
  "plus_newton_residual_mean": 3.7512560075420545e-14,
  "plus_newton_residual_median": 1.1102230246251565e-16,
  "plus_newton_residual_p90": 5.375699885235016e-14,
  "plus_newton_newton_iter_mean": 2.5975,
  "plus_newton_newton_iter_median": 3.0,
  "plus_newton_newton_iter_p90": 3.0,
  "plus_newton_converged_ratio": 1.0,
  "hp_use_log_ab": true,
  "hp_optimizer": "adamw",
  "hp_criterion": "mse",
  "hp_dropout": 0.1,
  "hp_lr": 0.001,
  "hp_weight_decay": 1e-05,
  "hp_hidden_dims": "[256, 256, 128]",
  "hp_hidden_size": 64,
  "hp_num_layers": 2,
  "hp_head_hidden": 64,
  "hp_head_layers": 1,
  "hp_d_model": 64,
  "hp_nhead": 4,
  "hp_ff_dim": 128,
  "hp_use_cls_token": false
}