{
  "trial_id": 452,
  "trial_name": "trial_452_transformer",
  "model": "transformer",
  "best_epoch": 76,
  "elapsed_sec": 215.6868507862091,
  "direct_mae": 0.3404262065887451,
  "direct_rmse": 0.41689956188201904,
  "direct_r2": 0.8190763741731644,
  "direct_valid_ratio": 1.0,
  "direct_residual_mean": 0.383450984954834,
  "direct_residual_median": 0.3602185547351837,
  "direct_residual_p90": 0.7205901622772217,
  "plus_newton_mae": 2.343361946117762e-08,
  "plus_newton_rmse": 2.9915731574918e-08,
  "plus_newton_r2": 0.9999999999999991,
  "plus_newton_valid_ratio": 1.0,
  "plus_newton_residual_mean": 4.521421075059199e-14,
  "plus_newton_residual_median": 1.6653345369377348e-16,
  "plus_newton_residual_p90": 1.0874634526203429e-13,
  "plus_newton_newton_iter_mean": 2.7548,
  "plus_newton_newton_iter_median": 3.0,
  "plus_newton_newton_iter_p90": 3.0,
  "plus_newton_converged_ratio": 1.0,
  "hp_use_log_ab": false,
  "hp_optimizer": "adamw",
  "hp_criterion": "mse",
  "hp_dropout": 0.0,
  "hp_lr": 0.0005,
  "hp_weight_decay": 0.0001,
  "hp_hidden_dims": "[256, 256, 128]",
  "hp_hidden_size": 128,
  "hp_num_layers": 2,
  "hp_head_hidden": 64,
  "hp_head_layers": 1,
  "hp_d_model": 32,
  "hp_nhead": 2,
  "hp_ff_dim": 128,
  "hp_use_cls_token": true
}{
  "trial_id": 452,
  "trial_name": "trial_452_transformer",
  "model": "transformer",
  "best_epoch": 76,
  "elapsed_sec": 215.6868507862091,
  "direct_mae": 0.3404262065887451,
  "direct_rmse": 0.41689956188201904,
  "direct_r2": 0.8190763741731644,
  "direct_valid_ratio": 1.0,
  "direct_residual_mean": 0.383450984954834,
  "direct_residual_median": 0.3602185547351837,
  "direct_residual_p90": 0.7205901622772217,
  "plus_newton_mae": 2.343361946117762e-08,
  "plus_newton_rmse": 2.9915731574918e-08,
  "plus_newton_r2": 0.9999999999999991,
  "plus_newton_valid_ratio": 1.0,
  "plus_newton_residual_mean": 4.521421075059199e-14,
  "plus_newton_residual_median": 1.6653345369377348e-16,
  "plus_newton_residual_p90": 1.0874634526203429e-13,
  "plus_newton_newton_iter_mean": 2.7548,
  "plus_newton_newton_iter_median": 3.0,
  "plus_newton_newton_iter_p90": 3.0,
  "plus_newton_converged_ratio": 1.0,
  "hp_use_log_ab": false,
  "hp_optimizer": "adamw",
  "hp_criterion": "mse",
  "hp_dropout": 0.0,
  "hp_lr": 0.0005,
  "hp_weight_decay": 0.0001,
  "hp_hidden_dims": "[256, 256, 128]",
  "hp_hidden_size": 128,
  "hp_num_layers": 2,
  "hp_head_hidden": 64,
  "hp_head_layers": 1,
  "hp_d_model": 32,
  "hp_nhead": 2,
  "hp_ff_dim": 128,
  "hp_use_cls_token": true
}