{
  "trial_id": 1431,
  "trial_name": "trial_1431_transformer",
  "model": "transformer",
  "best_epoch": 77,
  "elapsed_sec": 134.73452019691467,
  "direct_mae": 0.0035221625585108995,
  "direct_rmse": 0.004434988833963871,
  "direct_r2": 0.9999795253024786,
  "direct_valid_ratio": 1.0,
  "direct_residual_mean": 0.004376017954200506,
  "direct_residual_median": 0.003457874059677124,
  "direct_residual_p90": 0.00913885235786438,
  "plus_newton_mae": 2.3433618245435612e-08,
  "plus_newton_rmse": 2.9915730333224027e-08,
  "plus_newton_r2": 0.9999999999999991,
  "plus_newton_valid_ratio": 1.0,
  "plus_newton_residual_mean": 2.868818653974417e-14,
  "plus_newton_residual_median": 1.1102230246251565e-16,
  "plus_newton_residual_p90": 2.9763344566724504e-14,
  "plus_newton_newton_iter_mean": 2.0827,
  "plus_newton_newton_iter_median": 2.0,
  "plus_newton_newton_iter_p90": 2.0,
  "plus_newton_converged_ratio": 1.0,
  "hp_use_log_ab": false,
  "hp_optimizer": "adamw",
  "hp_criterion": "smoothl1",
  "hp_dropout": 0.0,
  "hp_lr": 0.0005,
  "hp_weight_decay": 0.0001,
  "hp_hidden_dims": "[256, 256, 128]",
  "hp_hidden_size": 128,
  "hp_num_layers": 1,
  "hp_head_hidden": 64,
  "hp_head_layers": 2,
  "hp_d_model": 32,
  "hp_nhead": 4,
  "hp_ff_dim": 128,
  "hp_use_cls_token": false
}{
  "trial_id": 1431,
  "trial_name": "trial_1431_transformer",
  "model": "transformer",
  "best_epoch": 77,
  "elapsed_sec": 134.73452019691467,
  "direct_mae": 0.0035221625585108995,
  "direct_rmse": 0.004434988833963871,
  "direct_r2": 0.9999795253024786,
  "direct_valid_ratio": 1.0,
  "direct_residual_mean": 0.004376017954200506,
  "direct_residual_median": 0.003457874059677124,
  "direct_residual_p90": 0.00913885235786438,
  "plus_newton_mae": 2.3433618245435612e-08,
  "plus_newton_rmse": 2.9915730333224027e-08,
  "plus_newton_r2": 0.9999999999999991,
  "plus_newton_valid_ratio": 1.0,
  "plus_newton_residual_mean": 2.868818653974417e-14,
  "plus_newton_residual_median": 1.1102230246251565e-16,
  "plus_newton_residual_p90": 2.9763344566724504e-14,
  "plus_newton_newton_iter_mean": 2.0827,
  "plus_newton_newton_iter_median": 2.0,
  "plus_newton_newton_iter_p90": 2.0,
  "plus_newton_converged_ratio": 1.0,
  "hp_use_log_ab": false,
  "hp_optimizer": "adamw",
  "hp_criterion": "smoothl1",
  "hp_dropout": 0.0,
  "hp_lr": 0.0005,
  "hp_weight_decay": 0.0001,
  "hp_hidden_dims": "[256, 256, 128]",
  "hp_hidden_size": 128,
  "hp_num_layers": 1,
  "hp_head_hidden": 64,
  "hp_head_layers": 2,
  "hp_d_model": 32,
  "hp_nhead": 4,
  "hp_ff_dim": 128,
  "hp_use_cls_token": false
}