{
  "trial_id": 3261,
  "trial_name": "trial_3261_transformer",
  "model": "transformer",
  "best_epoch": 117,
  "elapsed_sec": 170.96469902992249,
  "direct_mae": 0.0010830124374479055,
  "direct_rmse": 0.0013799929292872548,
  "direct_r2": 0.9999980176237386,
  "direct_valid_ratio": 1.0,
  "direct_residual_mean": 0.0013117075432091951,
  "direct_residual_median": 0.0010406970977783203,
  "direct_residual_p90": 0.002781248092651368,
  "plus_newton_mae": 2.3433617056808035e-08,
  "plus_newton_rmse": 2.991572932689003e-08,
  "plus_newton_r2": 0.9999999999999991,
  "plus_newton_valid_ratio": 1.0,
  "plus_newton_residual_mean": 3.075901005491902e-14,
  "plus_newton_residual_median": 8.326672684688674e-17,
  "plus_newton_residual_p90": 2.2537527399890678e-14,
  "plus_newton_newton_iter_mean": 1.9513,
  "plus_newton_newton_iter_median": 2.0,
  "plus_newton_newton_iter_p90": 2.0,
  "plus_newton_converged_ratio": 1.0,
  "hp_use_log_ab": true,
  "hp_optimizer": "adamw",
  "hp_criterion": "smoothl1",
  "hp_dropout": 0.0,
  "hp_lr": 0.001,
  "hp_weight_decay": 0.0001,
  "hp_hidden_dims": "[256, 256, 128]",
  "hp_hidden_size": 128,
  "hp_num_layers": 1,
  "hp_head_hidden": 128,
  "hp_head_layers": 2,
  "hp_d_model": 64,
  "hp_nhead": 4,
  "hp_ff_dim": 64,
  "hp_use_cls_token": false
}{
  "trial_id": 3261,
  "trial_name": "trial_3261_transformer",
  "model": "transformer",
  "best_epoch": 117,
  "elapsed_sec": 170.96469902992249,
  "direct_mae": 0.0010830124374479055,
  "direct_rmse": 0.0013799929292872548,
  "direct_r2": 0.9999980176237386,
  "direct_valid_ratio": 1.0,
  "direct_residual_mean": 0.0013117075432091951,
  "direct_residual_median": 0.0010406970977783203,
  "direct_residual_p90": 0.002781248092651368,
  "plus_newton_mae": 2.3433617056808035e-08,
  "plus_newton_rmse": 2.991572932689003e-08,
  "plus_newton_r2": 0.9999999999999991,
  "plus_newton_valid_ratio": 1.0,
  "plus_newton_residual_mean": 3.075901005491902e-14,
  "plus_newton_residual_median": 8.326672684688674e-17,
  "plus_newton_residual_p90": 2.2537527399890678e-14,
  "plus_newton_newton_iter_mean": 1.9513,
  "plus_newton_newton_iter_median": 2.0,
  "plus_newton_newton_iter_p90": 2.0,
  "plus_newton_converged_ratio": 1.0,
  "hp_use_log_ab": true,
  "hp_optimizer": "adamw",
  "hp_criterion": "smoothl1",
  "hp_dropout": 0.0,
  "hp_lr": 0.001,
  "hp_weight_decay": 0.0001,
  "hp_hidden_dims": "[256, 256, 128]",
  "hp_hidden_size": 128,
  "hp_num_layers": 1,
  "hp_head_hidden": 128,
  "hp_head_layers": 2,
  "hp_d_model": 64,
  "hp_nhead": 4,
  "hp_ff_dim": 64,
  "hp_use_cls_token": false
}