{
  "trial_id": 2600,
  "trial_name": "trial_2600_transformer",
  "model": "transformer",
  "best_epoch": 34,
  "elapsed_sec": 79.95603084564209,
  "direct_mae": 0.10433206707239151,
  "direct_rmse": 0.13189755380153656,
  "direct_r2": 0.9818905238062143,
  "direct_valid_ratio": 1.0,
  "direct_residual_mean": 0.13122452795505524,
  "direct_residual_median": 0.10704206675291061,
  "direct_residual_p90": 0.24829054474830634,
  "plus_newton_mae": 2.343361920055507e-08,
  "plus_newton_rmse": 2.9915729800049927e-08,
  "plus_newton_r2": 0.9999999999999991,
  "plus_newton_valid_ratio": 1.0,
  "plus_newton_residual_mean": 3.407510810423517e-14,
  "plus_newton_residual_median": 1.1102230246251565e-16,
  "plus_newton_residual_p90": 4.5075054799781356e-14,
  "plus_newton_newton_iter_mean": 2.607,
  "plus_newton_newton_iter_median": 3.0,
  "plus_newton_newton_iter_p90": 3.0,
  "plus_newton_converged_ratio": 1.0,
  "hp_use_log_ab": true,
  "hp_optimizer": "adamw",
  "hp_criterion": "mse",
  "hp_dropout": 0.1,
  "hp_lr": 0.001,
  "hp_weight_decay": 1e-05,
  "hp_hidden_dims": "[256, 256, 128]",
  "hp_hidden_size": 128,
  "hp_num_layers": 1,
  "hp_head_hidden": 128,
  "hp_head_layers": 1,
  "hp_d_model": 32,
  "hp_nhead": 4,
  "hp_ff_dim": 128,
  "hp_use_cls_token": true
}{
  "trial_id": 2600,
  "trial_name": "trial_2600_transformer",
  "model": "transformer",
  "best_epoch": 34,
  "elapsed_sec": 79.95603084564209,
  "direct_mae": 0.10433206707239151,
  "direct_rmse": 0.13189755380153656,
  "direct_r2": 0.9818905238062143,
  "direct_valid_ratio": 1.0,
  "direct_residual_mean": 0.13122452795505524,
  "direct_residual_median": 0.10704206675291061,
  "direct_residual_p90": 0.24829054474830634,
  "plus_newton_mae": 2.343361920055507e-08,
  "plus_newton_rmse": 2.9915729800049927e-08,
  "plus_newton_r2": 0.9999999999999991,
  "plus_newton_valid_ratio": 1.0,
  "plus_newton_residual_mean": 3.407510810423517e-14,
  "plus_newton_residual_median": 1.1102230246251565e-16,
  "plus_newton_residual_p90": 4.5075054799781356e-14,
  "plus_newton_newton_iter_mean": 2.607,
  "plus_newton_newton_iter_median": 3.0,
  "plus_newton_newton_iter_p90": 3.0,
  "plus_newton_converged_ratio": 1.0,
  "hp_use_log_ab": true,
  "hp_optimizer": "adamw",
  "hp_criterion": "mse",
  "hp_dropout": 0.1,
  "hp_lr": 0.001,
  "hp_weight_decay": 1e-05,
  "hp_hidden_dims": "[256, 256, 128]",
  "hp_hidden_size": 128,
  "hp_num_layers": 1,
  "hp_head_hidden": 128,
  "hp_head_layers": 1,
  "hp_d_model": 32,
  "hp_nhead": 4,
  "hp_ff_dim": 128,
  "hp_use_cls_token": true
}