{
  "trial_id": 1814,
  "trial_name": "trial_1814_transformer",
  "model": "transformer",
  "best_epoch": 57,
  "elapsed_sec": 110.58611583709717,
  "direct_mae": 0.011349587701261044,
  "direct_rmse": 0.016009489074349403,
  "direct_r2": 0.9997331990743987,
  "direct_valid_ratio": 1.0,
  "direct_residual_mean": 0.01318086963146925,
  "direct_residual_median": 0.009963110089302063,
  "direct_residual_p90": 0.029590821266174332,
  "plus_newton_mae": 2.3433618724201894e-08,
  "plus_newton_rmse": 2.991572938635164e-08,
  "plus_newton_r2": 0.9999999999999991,
  "plus_newton_valid_ratio": 1.0,
  "plus_newton_residual_mean": 4.3565902887948105e-14,
  "plus_newton_residual_median": 1.1102230246251565e-16,
  "plus_newton_residual_p90": 9.048317650695026e-14,
  "plus_newton_newton_iter_mean": 2.2121,
  "plus_newton_newton_iter_median": 2.0,
  "plus_newton_newton_iter_p90": 3.0,
  "plus_newton_converged_ratio": 1.0,
  "hp_use_log_ab": false,
  "hp_optimizer": "adamw",
  "hp_criterion": "smoothl1",
  "hp_dropout": 0.1,
  "hp_lr": 0.0005,
  "hp_weight_decay": 1e-05,
  "hp_hidden_dims": "[256, 256, 128]",
  "hp_hidden_size": 128,
  "hp_num_layers": 1,
  "hp_head_hidden": 64,
  "hp_head_layers": 2,
  "hp_d_model": 32,
  "hp_nhead": 4,
  "hp_ff_dim": 64,
  "hp_use_cls_token": true
}{
  "trial_id": 1814,
  "trial_name": "trial_1814_transformer",
  "model": "transformer",
  "best_epoch": 57,
  "elapsed_sec": 110.58611583709717,
  "direct_mae": 0.011349587701261044,
  "direct_rmse": 0.016009489074349403,
  "direct_r2": 0.9997331990743987,
  "direct_valid_ratio": 1.0,
  "direct_residual_mean": 0.01318086963146925,
  "direct_residual_median": 0.009963110089302063,
  "direct_residual_p90": 0.029590821266174332,
  "plus_newton_mae": 2.3433618724201894e-08,
  "plus_newton_rmse": 2.991572938635164e-08,
  "plus_newton_r2": 0.9999999999999991,
  "plus_newton_valid_ratio": 1.0,
  "plus_newton_residual_mean": 4.3565902887948105e-14,
  "plus_newton_residual_median": 1.1102230246251565e-16,
  "plus_newton_residual_p90": 9.048317650695026e-14,
  "plus_newton_newton_iter_mean": 2.2121,
  "plus_newton_newton_iter_median": 2.0,
  "plus_newton_newton_iter_p90": 3.0,
  "plus_newton_converged_ratio": 1.0,
  "hp_use_log_ab": false,
  "hp_optimizer": "adamw",
  "hp_criterion": "smoothl1",
  "hp_dropout": 0.1,
  "hp_lr": 0.0005,
  "hp_weight_decay": 1e-05,
  "hp_hidden_dims": "[256, 256, 128]",
  "hp_hidden_size": 128,
  "hp_num_layers": 1,
  "hp_head_hidden": 64,
  "hp_head_layers": 2,
  "hp_d_model": 32,
  "hp_nhead": 4,
  "hp_ff_dim": 64,
  "hp_use_cls_token": true
}