{
  "trial_id": 362,
  "trial_name": "trial_362_gru",
  "model": "gru",
  "best_epoch": 60,
  "elapsed_sec": 175.7966616153717,
  "direct_mae": 0.012189988046884537,
  "direct_rmse": 0.014879494905471802,
  "direct_r2": 0.9997695330093848,
  "direct_valid_ratio": 1.0,
  "direct_residual_mean": 0.014315403997898102,
  "direct_residual_median": 0.012784823775291443,
  "direct_residual_p90": 0.02809768915176392,
  "plus_newton_mae": 2.3433618795394944e-08,
  "plus_newton_rmse": 2.9915731054699626e-08,
  "plus_newton_r2": 0.9999999999999991,
  "plus_newton_valid_ratio": 1.0,
  "plus_newton_residual_mean": 4.1815870678212016e-14,
  "plus_newton_residual_median": 1.1102230246251565e-16,
  "plus_newton_residual_p90": 9.599265826665275e-14,
  "plus_newton_newton_iter_mean": 2.2117,
  "plus_newton_newton_iter_median": 2.0,
  "plus_newton_newton_iter_p90": 3.0,
  "plus_newton_converged_ratio": 1.0,
  "hp_use_log_ab": true,
  "hp_optimizer": "adamw",
  "hp_criterion": "mse",
  "hp_dropout": 0.1,
  "hp_lr": 0.0005,
  "hp_weight_decay": 1e-05,
  "hp_hidden_dims": "[256, 256, 128]",
  "hp_hidden_size": 128,
  "hp_num_layers": 1,
  "hp_head_hidden": 64,
  "hp_head_layers": 2,
  "hp_d_model": 64,
  "hp_nhead": 4,
  "hp_ff_dim": 128,
  "hp_use_cls_token": false
}{
  "trial_id": 362,
  "trial_name": "trial_362_gru",
  "model": "gru",
  "best_epoch": 60,
  "elapsed_sec": 175.7966616153717,
  "direct_mae": 0.012189988046884537,
  "direct_rmse": 0.014879494905471802,
  "direct_r2": 0.9997695330093848,
  "direct_valid_ratio": 1.0,
  "direct_residual_mean": 0.014315403997898102,
  "direct_residual_median": 0.012784823775291443,
  "direct_residual_p90": 0.02809768915176392,
  "plus_newton_mae": 2.3433618795394944e-08,
  "plus_newton_rmse": 2.9915731054699626e-08,
  "plus_newton_r2": 0.9999999999999991,
  "plus_newton_valid_ratio": 1.0,
  "plus_newton_residual_mean": 4.1815870678212016e-14,
  "plus_newton_residual_median": 1.1102230246251565e-16,
  "plus_newton_residual_p90": 9.599265826665275e-14,
  "plus_newton_newton_iter_mean": 2.2117,
  "plus_newton_newton_iter_median": 2.0,
  "plus_newton_newton_iter_p90": 3.0,
  "plus_newton_converged_ratio": 1.0,
  "hp_use_log_ab": true,
  "hp_optimizer": "adamw",
  "hp_criterion": "mse",
  "hp_dropout": 0.1,
  "hp_lr": 0.0005,
  "hp_weight_decay": 1e-05,
  "hp_hidden_dims": "[256, 256, 128]",
  "hp_hidden_size": 128,
  "hp_num_layers": 1,
  "hp_head_hidden": 64,
  "hp_head_layers": 2,
  "hp_d_model": 64,
  "hp_nhead": 4,
  "hp_ff_dim": 128,
  "hp_use_cls_token": false
}