{
  "trial_id": 2194,
  "trial_name": "trial_2194_transformer",
  "model": "transformer",
  "best_epoch": 115,
  "elapsed_sec": 169.75432443618774,
  "direct_mae": 0.001876387046650052,
  "direct_rmse": 0.0024585919454693794,
  "direct_r2": 0.9999937077600407,
  "direct_valid_ratio": 1.0,
  "direct_residual_mean": 0.0023221634328365326,
  "direct_residual_median": 0.0017258860170841217,
  "direct_residual_p90": 0.0050722787156701095,
  "plus_newton_mae": 2.3433617400846686e-08,
  "plus_newton_rmse": 2.991573062118222e-08,
  "plus_newton_r2": 0.9999999999999991,
  "plus_newton_valid_ratio": 1.0,
  "plus_newton_residual_mean": 3.230911419439101e-14,
  "plus_newton_residual_median": 1.1102230246251565e-16,
  "plus_newton_residual_p90": 4.708455847435293e-14,
  "plus_newton_newton_iter_mean": 2.0065,
  "plus_newton_newton_iter_median": 2.0,
  "plus_newton_newton_iter_p90": 2.0,
  "plus_newton_converged_ratio": 1.0,
  "hp_use_log_ab": true,
  "hp_optimizer": "adamw",
  "hp_criterion": "mse",
  "hp_dropout": 0.0,
  "hp_lr": 0.001,
  "hp_weight_decay": 0.0001,
  "hp_hidden_dims": "[256, 256, 128]",
  "hp_hidden_size": 128,
  "hp_num_layers": 1,
  "hp_head_hidden": 64,
  "hp_head_layers": 2,
  "hp_d_model": 32,
  "hp_nhead": 2,
  "hp_ff_dim": 64,
  "hp_use_cls_token": true
}{
  "trial_id": 2194,
  "trial_name": "trial_2194_transformer",
  "model": "transformer",
  "best_epoch": 115,
  "elapsed_sec": 169.75432443618774,
  "direct_mae": 0.001876387046650052,
  "direct_rmse": 0.0024585919454693794,
  "direct_r2": 0.9999937077600407,
  "direct_valid_ratio": 1.0,
  "direct_residual_mean": 0.0023221634328365326,
  "direct_residual_median": 0.0017258860170841217,
  "direct_residual_p90": 0.0050722787156701095,
  "plus_newton_mae": 2.3433617400846686e-08,
  "plus_newton_rmse": 2.991573062118222e-08,
  "plus_newton_r2": 0.9999999999999991,
  "plus_newton_valid_ratio": 1.0,
  "plus_newton_residual_mean": 3.230911419439101e-14,
  "plus_newton_residual_median": 1.1102230246251565e-16,
  "plus_newton_residual_p90": 4.708455847435293e-14,
  "plus_newton_newton_iter_mean": 2.0065,
  "plus_newton_newton_iter_median": 2.0,
  "plus_newton_newton_iter_p90": 2.0,
  "plus_newton_converged_ratio": 1.0,
  "hp_use_log_ab": true,
  "hp_optimizer": "adamw",
  "hp_criterion": "mse",
  "hp_dropout": 0.0,
  "hp_lr": 0.001,
  "hp_weight_decay": 0.0001,
  "hp_hidden_dims": "[256, 256, 128]",
  "hp_hidden_size": 128,
  "hp_num_layers": 1,
  "hp_head_hidden": 64,
  "hp_head_layers": 2,
  "hp_d_model": 32,
  "hp_nhead": 2,
  "hp_ff_dim": 64,
  "hp_use_cls_token": true
}