{
  "trial_id": 375,
  "trial_name": "trial_375_lstm",
  "model": "lstm",
  "best_epoch": 46,
  "elapsed_sec": 149.16478323936462,
  "direct_mae": 0.09513622522354126,
  "direct_rmse": 0.12236776947975159,
  "direct_r2": 0.9844128591939807,
  "direct_valid_ratio": 1.0,
  "direct_residual_mean": 0.11952926963567734,
  "direct_residual_median": 0.09043970704078674,
  "direct_residual_p90": 0.24054107069969177,
  "plus_newton_mae": 2.3433619330884644e-08,
  "plus_newton_rmse": 2.991573020513502e-08,
  "plus_newton_r2": 0.9999999999999991,
  "plus_newton_valid_ratio": 1.0,
  "plus_newton_residual_mean": 4.185898860849943e-14,
  "plus_newton_residual_median": 1.1102230246251565e-16,
  "plus_newton_residual_p90": 6.550315845288424e-14,
  "plus_newton_newton_iter_mean": 2.5751,
  "plus_newton_newton_iter_median": 3.0,
  "plus_newton_newton_iter_p90": 3.0,
  "plus_newton_converged_ratio": 1.0,
  "hp_use_log_ab": true,
  "hp_optimizer": "adamw",
  "hp_criterion": "mse",
  "hp_dropout": 0.1,
  "hp_lr": 0.0005,
  "hp_weight_decay": 0.0001,
  "hp_hidden_dims": "[256, 256, 128]",
  "hp_hidden_size": 64,
  "hp_num_layers": 2,
  "hp_head_hidden": 128,
  "hp_head_layers": 1,
  "hp_d_model": 64,
  "hp_nhead": 4,
  "hp_ff_dim": 128,
  "hp_use_cls_token": false
}{
  "trial_id": 375,
  "trial_name": "trial_375_lstm",
  "model": "lstm",
  "best_epoch": 46,
  "elapsed_sec": 149.16478323936462,
  "direct_mae": 0.09513622522354126,
  "direct_rmse": 0.12236776947975159,
  "direct_r2": 0.9844128591939807,
  "direct_valid_ratio": 1.0,
  "direct_residual_mean": 0.11952926963567734,
  "direct_residual_median": 0.09043970704078674,
  "direct_residual_p90": 0.24054107069969177,
  "plus_newton_mae": 2.3433619330884644e-08,
  "plus_newton_rmse": 2.991573020513502e-08,
  "plus_newton_r2": 0.9999999999999991,
  "plus_newton_valid_ratio": 1.0,
  "plus_newton_residual_mean": 4.185898860849943e-14,
  "plus_newton_residual_median": 1.1102230246251565e-16,
  "plus_newton_residual_p90": 6.550315845288424e-14,
  "plus_newton_newton_iter_mean": 2.5751,
  "plus_newton_newton_iter_median": 3.0,
  "plus_newton_newton_iter_p90": 3.0,
  "plus_newton_converged_ratio": 1.0,
  "hp_use_log_ab": true,
  "hp_optimizer": "adamw",
  "hp_criterion": "mse",
  "hp_dropout": 0.1,
  "hp_lr": 0.0005,
  "hp_weight_decay": 0.0001,
  "hp_hidden_dims": "[256, 256, 128]",
  "hp_hidden_size": 64,
  "hp_num_layers": 2,
  "hp_head_hidden": 128,
  "hp_head_layers": 1,
  "hp_d_model": 64,
  "hp_nhead": 4,
  "hp_ff_dim": 128,
  "hp_use_cls_token": false
}