{
  "trial_id": 1415,
  "trial_name": "trial_1415_transformer",
  "model": "transformer",
  "best_epoch": 14,
  "elapsed_sec": 46.150479316711426,
  "direct_mae": 0.3410864770412445,
  "direct_rmse": 0.41788896918296814,
  "direct_r2": 0.8182166218757629,
  "direct_valid_ratio": 1.0,
  "direct_residual_mean": 0.3844287097454071,
  "direct_residual_median": 0.35866519808769226,
  "direct_residual_p90": 0.7357775986194612,
  "plus_newton_mae": 2.3433619617043207e-08,
  "plus_newton_rmse": 2.991573151150057e-08,
  "plus_newton_r2": 0.9999999999999991,
  "plus_newton_valid_ratio": 1.0,
  "plus_newton_residual_mean": 4.447498722749967e-14,
  "plus_newton_residual_median": 2.220446049250313e-16,
  "plus_newton_residual_p90": 9.983958104697888e-14,
  "plus_newton_newton_iter_mean": 2.7586,
  "plus_newton_newton_iter_median": 3.0,
  "plus_newton_newton_iter_p90": 3.0,
  "plus_newton_converged_ratio": 1.0,
  "hp_use_log_ab": false,
  "hp_optimizer": "adamw",
  "hp_criterion": "smoothl1",
  "hp_dropout": 0.0,
  "hp_lr": 0.0005,
  "hp_weight_decay": 0.0001,
  "hp_hidden_dims": "[256, 256, 128]",
  "hp_hidden_size": 128,
  "hp_num_layers": 1,
  "hp_head_hidden": 64,
  "hp_head_layers": 1,
  "hp_d_model": 32,
  "hp_nhead": 4,
  "hp_ff_dim": 128,
  "hp_use_cls_token": false
}{
  "trial_id": 1415,
  "trial_name": "trial_1415_transformer",
  "model": "transformer",
  "best_epoch": 14,
  "elapsed_sec": 46.150479316711426,
  "direct_mae": 0.3410864770412445,
  "direct_rmse": 0.41788896918296814,
  "direct_r2": 0.8182166218757629,
  "direct_valid_ratio": 1.0,
  "direct_residual_mean": 0.3844287097454071,
  "direct_residual_median": 0.35866519808769226,
  "direct_residual_p90": 0.7357775986194612,
  "plus_newton_mae": 2.3433619617043207e-08,
  "plus_newton_rmse": 2.991573151150057e-08,
  "plus_newton_r2": 0.9999999999999991,
  "plus_newton_valid_ratio": 1.0,
  "plus_newton_residual_mean": 4.447498722749967e-14,
  "plus_newton_residual_median": 2.220446049250313e-16,
  "plus_newton_residual_p90": 9.983958104697888e-14,
  "plus_newton_newton_iter_mean": 2.7586,
  "plus_newton_newton_iter_median": 3.0,
  "plus_newton_newton_iter_p90": 3.0,
  "plus_newton_converged_ratio": 1.0,
  "hp_use_log_ab": false,
  "hp_optimizer": "adamw",
  "hp_criterion": "smoothl1",
  "hp_dropout": 0.0,
  "hp_lr": 0.0005,
  "hp_weight_decay": 0.0001,
  "hp_hidden_dims": "[256, 256, 128]",
  "hp_hidden_size": 128,
  "hp_num_layers": 1,
  "hp_head_hidden": 64,
  "hp_head_layers": 1,
  "hp_d_model": 32,
  "hp_nhead": 4,
  "hp_ff_dim": 128,
  "hp_use_cls_token": false
}