{
  "trial_id": 321,
  "trial_name": "trial_321_gru",
  "model": "gru",
  "best_epoch": 109,
  "elapsed_sec": 264.36610221862793,
  "direct_mae": 0.09456528723239899,
  "direct_rmse": 0.11948409676551819,
  "direct_r2": 0.985138843767345,
  "direct_valid_ratio": 1.0,
  "direct_residual_mean": 0.11838718503713608,
  "direct_residual_median": 0.09518420696258545,
  "direct_residual_p90": 0.23324853181838995,
  "plus_newton_mae": 2.343361802025312e-08,
  "plus_newton_rmse": 2.9915727977943865e-08,
  "plus_newton_r2": 0.9999999999999991,
  "plus_newton_valid_ratio": 1.0,
  "plus_newton_residual_mean": 3.909962207697992e-14,
  "plus_newton_residual_median": 1.1102230246251565e-16,
  "plus_newton_residual_p90": 6.068132107905926e-14,
  "plus_newton_newton_iter_mean": 2.5896,
  "plus_newton_newton_iter_median": 3.0,
  "plus_newton_newton_iter_p90": 3.0,
  "plus_newton_converged_ratio": 1.0,
  "hp_use_log_ab": true,
  "hp_optimizer": "adamw",
  "hp_criterion": "mse",
  "hp_dropout": 0.1,
  "hp_lr": 0.001,
  "hp_weight_decay": 1e-05,
  "hp_hidden_dims": "[256, 256, 128]",
  "hp_hidden_size": 64,
  "hp_num_layers": 1,
  "hp_head_hidden": 64,
  "hp_head_layers": 1,
  "hp_d_model": 64,
  "hp_nhead": 4,
  "hp_ff_dim": 128,
  "hp_use_cls_token": false
}{
  "trial_id": 321,
  "trial_name": "trial_321_gru",
  "model": "gru",
  "best_epoch": 109,
  "elapsed_sec": 264.36610221862793,
  "direct_mae": 0.09456528723239899,
  "direct_rmse": 0.11948409676551819,
  "direct_r2": 0.985138843767345,
  "direct_valid_ratio": 1.0,
  "direct_residual_mean": 0.11838718503713608,
  "direct_residual_median": 0.09518420696258545,
  "direct_residual_p90": 0.23324853181838995,
  "plus_newton_mae": 2.343361802025312e-08,
  "plus_newton_rmse": 2.9915727977943865e-08,
  "plus_newton_r2": 0.9999999999999991,
  "plus_newton_valid_ratio": 1.0,
  "plus_newton_residual_mean": 3.909962207697992e-14,
  "plus_newton_residual_median": 1.1102230246251565e-16,
  "plus_newton_residual_p90": 6.068132107905926e-14,
  "plus_newton_newton_iter_mean": 2.5896,
  "plus_newton_newton_iter_median": 3.0,
  "plus_newton_newton_iter_p90": 3.0,
  "plus_newton_converged_ratio": 1.0,
  "hp_use_log_ab": true,
  "hp_optimizer": "adamw",
  "hp_criterion": "mse",
  "hp_dropout": 0.1,
  "hp_lr": 0.001,
  "hp_weight_decay": 1e-05,
  "hp_hidden_dims": "[256, 256, 128]",
  "hp_hidden_size": 64,
  "hp_num_layers": 1,
  "hp_head_hidden": 64,
  "hp_head_layers": 1,
  "hp_d_model": 64,
  "hp_nhead": 4,
  "hp_ff_dim": 128,
  "hp_use_cls_token": false
}