{
  "trial_id": 2120,
  "trial_name": "trial_2120_transformer",
  "model": "transformer",
  "best_epoch": 34,
  "elapsed_sec": 93.43499994277954,
  "direct_mae": 0.1032714992761612,
  "direct_rmse": 0.13107456266880035,
  "direct_r2": 0.9821158144623041,
  "direct_valid_ratio": 1.0,
  "direct_residual_mean": 0.1301059126853943,
  "direct_residual_median": 0.10565105080604553,
  "direct_residual_p90": 0.2532885134220124,
  "plus_newton_mae": 2.343361892495585e-08,
  "plus_newton_rmse": 2.991572941476763e-08,
  "plus_newton_r2": 0.9999999999999991,
  "plus_newton_valid_ratio": 1.0,
  "plus_newton_residual_mean": 3.320275856877585e-14,
  "plus_newton_residual_median": 1.1102230246251565e-16,
  "plus_newton_residual_p90": 4.48557857524179e-14,
  "plus_newton_newton_iter_mean": 2.6137,
  "plus_newton_newton_iter_median": 3.0,
  "plus_newton_newton_iter_p90": 3.0,
  "plus_newton_converged_ratio": 1.0,
  "hp_use_log_ab": true,
  "hp_optimizer": "adamw",
  "hp_criterion": "mse",
  "hp_dropout": 0.0,
  "hp_lr": 0.001,
  "hp_weight_decay": 1e-05,
  "hp_hidden_dims": "[256, 256, 128]",
  "hp_hidden_size": 128,
  "hp_num_layers": 2,
  "hp_head_hidden": 64,
  "hp_head_layers": 1,
  "hp_d_model": 32,
  "hp_nhead": 4,
  "hp_ff_dim": 128,
  "hp_use_cls_token": true
}{
  "trial_id": 2120,
  "trial_name": "trial_2120_transformer",
  "model": "transformer",
  "best_epoch": 34,
  "elapsed_sec": 93.43499994277954,
  "direct_mae": 0.1032714992761612,
  "direct_rmse": 0.13107456266880035,
  "direct_r2": 0.9821158144623041,
  "direct_valid_ratio": 1.0,
  "direct_residual_mean": 0.1301059126853943,
  "direct_residual_median": 0.10565105080604553,
  "direct_residual_p90": 0.2532885134220124,
  "plus_newton_mae": 2.343361892495585e-08,
  "plus_newton_rmse": 2.991572941476763e-08,
  "plus_newton_r2": 0.9999999999999991,
  "plus_newton_valid_ratio": 1.0,
  "plus_newton_residual_mean": 3.320275856877585e-14,
  "plus_newton_residual_median": 1.1102230246251565e-16,
  "plus_newton_residual_p90": 4.48557857524179e-14,
  "plus_newton_newton_iter_mean": 2.6137,
  "plus_newton_newton_iter_median": 3.0,
  "plus_newton_newton_iter_p90": 3.0,
  "plus_newton_converged_ratio": 1.0,
  "hp_use_log_ab": true,
  "hp_optimizer": "adamw",
  "hp_criterion": "mse",
  "hp_dropout": 0.0,
  "hp_lr": 0.001,
  "hp_weight_decay": 1e-05,
  "hp_hidden_dims": "[256, 256, 128]",
  "hp_hidden_size": 128,
  "hp_num_layers": 2,
  "hp_head_hidden": 64,
  "hp_head_layers": 1,
  "hp_d_model": 32,
  "hp_nhead": 4,
  "hp_ff_dim": 128,
  "hp_use_cls_token": true
}