{
  "trial_id": 1699,
  "trial_name": "trial_1699_transformer",
  "model": "transformer",
  "best_epoch": 51,
  "elapsed_sec": 98.14906692504883,
  "direct_mae": 0.3379341661930084,
  "direct_rmse": 0.4195168614387512,
  "direct_r2": 0.8167975693941116,
  "direct_valid_ratio": 1.0,
  "direct_residual_mean": 0.3827701807022095,
  "direct_residual_median": 0.3480583429336548,
  "direct_residual_p90": 0.7771687567234041,
  "plus_newton_mae": 2.3433619646242203e-08,
  "plus_newton_rmse": 2.9915731171309864e-08,
  "plus_newton_r2": 0.9999999999999991,
  "plus_newton_valid_ratio": 1.0,
  "plus_newton_residual_mean": 4.363601354225692e-14,
  "plus_newton_residual_median": 1.1102230246251565e-16,
  "plus_newton_residual_p90": 9.949818746690661e-14,
  "plus_newton_newton_iter_mean": 2.7662,
  "plus_newton_newton_iter_median": 3.0,
  "plus_newton_newton_iter_p90": 3.0,
  "plus_newton_converged_ratio": 1.0,
  "hp_use_log_ab": false,
  "hp_optimizer": "adamw",
  "hp_criterion": "smoothl1",
  "hp_dropout": 0.1,
  "hp_lr": 0.001,
  "hp_weight_decay": 0.0001,
  "hp_hidden_dims": "[256, 256, 128]",
  "hp_hidden_size": 128,
  "hp_num_layers": 1,
  "hp_head_hidden": 128,
  "hp_head_layers": 1,
  "hp_d_model": 32,
  "hp_nhead": 2,
  "hp_ff_dim": 128,
  "hp_use_cls_token": false
}{
  "trial_id": 1699,
  "trial_name": "trial_1699_transformer",
  "model": "transformer",
  "best_epoch": 51,
  "elapsed_sec": 98.14906692504883,
  "direct_mae": 0.3379341661930084,
  "direct_rmse": 0.4195168614387512,
  "direct_r2": 0.8167975693941116,
  "direct_valid_ratio": 1.0,
  "direct_residual_mean": 0.3827701807022095,
  "direct_residual_median": 0.3480583429336548,
  "direct_residual_p90": 0.7771687567234041,
  "plus_newton_mae": 2.3433619646242203e-08,
  "plus_newton_rmse": 2.9915731171309864e-08,
  "plus_newton_r2": 0.9999999999999991,
  "plus_newton_valid_ratio": 1.0,
  "plus_newton_residual_mean": 4.363601354225692e-14,
  "plus_newton_residual_median": 1.1102230246251565e-16,
  "plus_newton_residual_p90": 9.949818746690661e-14,
  "plus_newton_newton_iter_mean": 2.7662,
  "plus_newton_newton_iter_median": 3.0,
  "plus_newton_newton_iter_p90": 3.0,
  "plus_newton_converged_ratio": 1.0,
  "hp_use_log_ab": false,
  "hp_optimizer": "adamw",
  "hp_criterion": "smoothl1",
  "hp_dropout": 0.1,
  "hp_lr": 0.001,
  "hp_weight_decay": 0.0001,
  "hp_hidden_dims": "[256, 256, 128]",
  "hp_hidden_size": 128,
  "hp_num_layers": 1,
  "hp_head_hidden": 128,
  "hp_head_layers": 1,
  "hp_d_model": 32,
  "hp_nhead": 2,
  "hp_ff_dim": 128,
  "hp_use_cls_token": false
}