{
  "trial_id": 3106,
  "trial_name": "trial_3106_transformer",
  "model": "transformer",
  "best_epoch": 50,
  "elapsed_sec": 97.86860728263855,
  "direct_mae": 0.09369704127311707,
  "direct_rmse": 0.13812652230262756,
  "direct_r2": 0.9801396690309048,
  "direct_valid_ratio": 1.0,
  "direct_residual_mean": 0.1236535981297493,
  "direct_residual_median": 0.07314354181289673,
  "direct_residual_p90": 0.29057874083518986,
  "plus_newton_mae": 2.343362019446999e-08,
  "plus_newton_rmse": 2.9915730392787403e-08,
  "plus_newton_r2": 0.9999999999999991,
  "plus_newton_valid_ratio": 1.0,
  "plus_newton_residual_mean": 6.03622011552102e-14,
  "plus_newton_residual_median": 1.1102230246251565e-16,
  "plus_newton_residual_p90": 1.8248735855763726e-13,
  "plus_newton_newton_iter_mean": 2.5403,
  "plus_newton_newton_iter_median": 2.0,
  "plus_newton_newton_iter_p90": 3.0,
  "plus_newton_converged_ratio": 1.0,
  "hp_use_log_ab": true,
  "hp_optimizer": "adamw",
  "hp_criterion": "smoothl1",
  "hp_dropout": 0.0,
  "hp_lr": 0.001,
  "hp_weight_decay": 1e-05,
  "hp_hidden_dims": "[256, 256, 128]",
  "hp_hidden_size": 128,
  "hp_num_layers": 1,
  "hp_head_hidden": 128,
  "hp_head_layers": 1,
  "hp_d_model": 32,
  "hp_nhead": 2,
  "hp_ff_dim": 64,
  "hp_use_cls_token": true
}{
  "trial_id": 3106,
  "trial_name": "trial_3106_transformer",
  "model": "transformer",
  "best_epoch": 50,
  "elapsed_sec": 97.86860728263855,
  "direct_mae": 0.09369704127311707,
  "direct_rmse": 0.13812652230262756,
  "direct_r2": 0.9801396690309048,
  "direct_valid_ratio": 1.0,
  "direct_residual_mean": 0.1236535981297493,
  "direct_residual_median": 0.07314354181289673,
  "direct_residual_p90": 0.29057874083518986,
  "plus_newton_mae": 2.343362019446999e-08,
  "plus_newton_rmse": 2.9915730392787403e-08,
  "plus_newton_r2": 0.9999999999999991,
  "plus_newton_valid_ratio": 1.0,
  "plus_newton_residual_mean": 6.03622011552102e-14,
  "plus_newton_residual_median": 1.1102230246251565e-16,
  "plus_newton_residual_p90": 1.8248735855763726e-13,
  "plus_newton_newton_iter_mean": 2.5403,
  "plus_newton_newton_iter_median": 2.0,
  "plus_newton_newton_iter_p90": 3.0,
  "plus_newton_converged_ratio": 1.0,
  "hp_use_log_ab": true,
  "hp_optimizer": "adamw",
  "hp_criterion": "smoothl1",
  "hp_dropout": 0.0,
  "hp_lr": 0.001,
  "hp_weight_decay": 1e-05,
  "hp_hidden_dims": "[256, 256, 128]",
  "hp_hidden_size": 128,
  "hp_num_layers": 1,
  "hp_head_hidden": 128,
  "hp_head_layers": 1,
  "hp_d_model": 32,
  "hp_nhead": 2,
  "hp_ff_dim": 64,
  "hp_use_cls_token": true
}