{
  "trial_id": 2736,
  "trial_name": "trial_2736_transformer",
  "model": "transformer",
  "best_epoch": 16,
  "elapsed_sec": 224.34464049339294,
  "direct_mae": 0.11196252703666687,
  "direct_rmse": 0.1375887244939804,
  "direct_r2": 0.9802940189838409,
  "direct_valid_ratio": 1.0,
  "direct_residual_mean": 0.14138300716876984,
  "direct_residual_median": 0.12037588655948639,
  "direct_residual_p90": 0.27381632924079896,
  "plus_newton_mae": 2.3433619589566464e-08,
  "plus_newton_rmse": 2.991573098423717e-08,
  "plus_newton_r2": 0.9999999999999991,
  "plus_newton_valid_ratio": 1.0,
  "plus_newton_residual_mean": 3.347146622486376e-14,
  "plus_newton_residual_median": 1.1102230246251565e-16,
  "plus_newton_residual_p90": 4.164481259838486e-14,
  "plus_newton_newton_iter_mean": 2.6362,
  "plus_newton_newton_iter_median": 3.0,
  "plus_newton_newton_iter_p90": 3.0,
  "plus_newton_converged_ratio": 1.0,
  "hp_use_log_ab": true,
  "hp_optimizer": "adamw",
  "hp_criterion": "mse",
  "hp_dropout": 0.1,
  "hp_lr": 0.001,
  "hp_weight_decay": 0.0001,
  "hp_hidden_dims": "[256, 256, 128]",
  "hp_hidden_size": 128,
  "hp_num_layers": 1,
  "hp_head_hidden": 128,
  "hp_head_layers": 1,
  "hp_d_model": 64,
  "hp_nhead": 4,
  "hp_ff_dim": 128,
  "hp_use_cls_token": true
}{
  "trial_id": 2736,
  "trial_name": "trial_2736_transformer",
  "model": "transformer",
  "best_epoch": 16,
  "elapsed_sec": 224.34464049339294,
  "direct_mae": 0.11196252703666687,
  "direct_rmse": 0.1375887244939804,
  "direct_r2": 0.9802940189838409,
  "direct_valid_ratio": 1.0,
  "direct_residual_mean": 0.14138300716876984,
  "direct_residual_median": 0.12037588655948639,
  "direct_residual_p90": 0.27381632924079896,
  "plus_newton_mae": 2.3433619589566464e-08,
  "plus_newton_rmse": 2.991573098423717e-08,
  "plus_newton_r2": 0.9999999999999991,
  "plus_newton_valid_ratio": 1.0,
  "plus_newton_residual_mean": 3.347146622486376e-14,
  "plus_newton_residual_median": 1.1102230246251565e-16,
  "plus_newton_residual_p90": 4.164481259838486e-14,
  "plus_newton_newton_iter_mean": 2.6362,
  "plus_newton_newton_iter_median": 3.0,
  "plus_newton_newton_iter_p90": 3.0,
  "plus_newton_converged_ratio": 1.0,
  "hp_use_log_ab": true,
  "hp_optimizer": "adamw",
  "hp_criterion": "mse",
  "hp_dropout": 0.1,
  "hp_lr": 0.001,
  "hp_weight_decay": 0.0001,
  "hp_hidden_dims": "[256, 256, 128]",
  "hp_hidden_size": 128,
  "hp_num_layers": 1,
  "hp_head_hidden": 128,
  "hp_head_layers": 1,
  "hp_d_model": 64,
  "hp_nhead": 4,
  "hp_ff_dim": 128,
  "hp_use_cls_token": true
}