{
  "trial_id": 88,
  "trial_name": "trial_088_transformer",
  "model": "transformer",
  "best_epoch": 86,
  "elapsed_sec": 381.57537269592285,
  "direct_mae": 0.0030525096226483583,
  "direct_rmse": 0.004045371897518635,
  "direct_r2": 0.9999829647185834,
  "direct_valid_ratio": 1.0,
  "direct_residual_mean": 0.003714226419106126,
  "direct_residual_median": 0.0027413517236709595,
  "direct_residual_p90": 0.007928032334893942,
  "plus_newton_mae": 2.3433617475390247e-08,
  "plus_newton_rmse": 2.991572964235609e-08,
  "plus_newton_r2": 0.9999999999999991,
  "plus_newton_valid_ratio": 1.0,
  "plus_newton_residual_mean": 3.384745147955349e-14,
  "plus_newton_residual_median": 1.1102230246251565e-16,
  "plus_newton_residual_p90": 4.49681958336612e-14,
  "plus_newton_newton_iter_mean": 2.0586,
  "plus_newton_newton_iter_median": 2.0,
  "plus_newton_newton_iter_p90": 2.0,
  "plus_newton_converged_ratio": 1.0,
  "hp_use_log_ab": false,
  "hp_optimizer": "adamw",
  "hp_criterion": "mse",
  "hp_dropout": 0.0,
  "hp_lr": 0.001,
  "hp_weight_decay": 1e-05,
  "hp_hidden_dims": "[256, 256, 128]",
  "hp_hidden_size": 128,
  "hp_num_layers": 2,
  "hp_head_hidden": 64,
  "hp_head_layers": 2,
  "hp_d_model": 32,
  "hp_nhead": 4,
  "hp_ff_dim": 128,
  "hp_use_cls_token": true
}{
  "trial_id": 88,
  "trial_name": "trial_088_transformer",
  "model": "transformer",
  "best_epoch": 86,
  "elapsed_sec": 381.57537269592285,
  "direct_mae": 0.0030525096226483583,
  "direct_rmse": 0.004045371897518635,
  "direct_r2": 0.9999829647185834,
  "direct_valid_ratio": 1.0,
  "direct_residual_mean": 0.003714226419106126,
  "direct_residual_median": 0.0027413517236709595,
  "direct_residual_p90": 0.007928032334893942,
  "plus_newton_mae": 2.3433617475390247e-08,
  "plus_newton_rmse": 2.991572964235609e-08,
  "plus_newton_r2": 0.9999999999999991,
  "plus_newton_valid_ratio": 1.0,
  "plus_newton_residual_mean": 3.384745147955349e-14,
  "plus_newton_residual_median": 1.1102230246251565e-16,
  "plus_newton_residual_p90": 4.49681958336612e-14,
  "plus_newton_newton_iter_mean": 2.0586,
  "plus_newton_newton_iter_median": 2.0,
  "plus_newton_newton_iter_p90": 2.0,
  "plus_newton_converged_ratio": 1.0,
  "hp_use_log_ab": false,
  "hp_optimizer": "adamw",
  "hp_criterion": "mse",
  "hp_dropout": 0.0,
  "hp_lr": 0.001,
  "hp_weight_decay": 1e-05,
  "hp_hidden_dims": "[256, 256, 128]",
  "hp_hidden_size": 128,
  "hp_num_layers": 2,
  "hp_head_hidden": 64,
  "hp_head_layers": 2,
  "hp_d_model": 32,
  "hp_nhead": 4,
  "hp_ff_dim": 128,
  "hp_use_cls_token": true
}