{
  "trial_id": 163,
  "trial_name": "trial_163_gru",
  "model": "gru",
  "best_epoch": 21,
  "elapsed_sec": 98.64047861099243,
  "direct_mae": 0.3380214273929596,
  "direct_rmse": 0.4208311438560486,
  "direct_r2": 0.8156478852033615,
  "direct_valid_ratio": 1.0,
  "direct_residual_mean": 0.383192241191864,
  "direct_residual_median": 0.34498339891433716,
  "direct_residual_p90": 0.7924422383308412,
  "plus_newton_mae": 2.343361970099328e-08,
  "plus_newton_rmse": 2.991573141013285e-08,
  "plus_newton_r2": 0.9999999999999991,
  "plus_newton_valid_ratio": 1.0,
  "plus_newton_residual_mean": 4.3132605760708504e-14,
  "plus_newton_residual_median": 1.1102230246251565e-16,
  "plus_newton_residual_p90": 1.0129674876679944e-13,
  "plus_newton_newton_iter_mean": 2.7649,
  "plus_newton_newton_iter_median": 3.0,
  "plus_newton_newton_iter_p90": 3.0,
  "plus_newton_converged_ratio": 1.0,
  "hp_use_log_ab": false,
  "hp_optimizer": "adamw",
  "hp_criterion": "smoothl1",
  "hp_dropout": 0.0,
  "hp_lr": 0.0005,
  "hp_weight_decay": 1e-05,
  "hp_hidden_dims": "[256, 256, 128]",
  "hp_hidden_size": 64,
  "hp_num_layers": 1,
  "hp_head_hidden": 128,
  "hp_head_layers": 1,
  "hp_d_model": 64,
  "hp_nhead": 4,
  "hp_ff_dim": 128,
  "hp_use_cls_token": false
}{
  "trial_id": 163,
  "trial_name": "trial_163_gru",
  "model": "gru",
  "best_epoch": 21,
  "elapsed_sec": 98.64047861099243,
  "direct_mae": 0.3380214273929596,
  "direct_rmse": 0.4208311438560486,
  "direct_r2": 0.8156478852033615,
  "direct_valid_ratio": 1.0,
  "direct_residual_mean": 0.383192241191864,
  "direct_residual_median": 0.34498339891433716,
  "direct_residual_p90": 0.7924422383308412,
  "plus_newton_mae": 2.343361970099328e-08,
  "plus_newton_rmse": 2.991573141013285e-08,
  "plus_newton_r2": 0.9999999999999991,
  "plus_newton_valid_ratio": 1.0,
  "plus_newton_residual_mean": 4.3132605760708504e-14,
  "plus_newton_residual_median": 1.1102230246251565e-16,
  "plus_newton_residual_p90": 1.0129674876679944e-13,
  "plus_newton_newton_iter_mean": 2.7649,
  "plus_newton_newton_iter_median": 3.0,
  "plus_newton_newton_iter_p90": 3.0,
  "plus_newton_converged_ratio": 1.0,
  "hp_use_log_ab": false,
  "hp_optimizer": "adamw",
  "hp_criterion": "smoothl1",
  "hp_dropout": 0.0,
  "hp_lr": 0.0005,
  "hp_weight_decay": 1e-05,
  "hp_hidden_dims": "[256, 256, 128]",
  "hp_hidden_size": 64,
  "hp_num_layers": 1,
  "hp_head_hidden": 128,
  "hp_head_layers": 1,
  "hp_d_model": 64,
  "hp_nhead": 4,
  "hp_ff_dim": 128,
  "hp_use_cls_token": false
}