{
  "trial_id": 1711,
  "trial_name": "trial_1711_transformer",
  "model": "transformer",
  "best_epoch": 5,
  "elapsed_sec": 34.45130896568298,
  "direct_mae": 0.34141403436660767,
  "direct_rmse": 0.4173230826854706,
  "direct_r2": 0.8187086135149002,
  "direct_valid_ratio": 1.0,
  "direct_residual_mean": 0.3863621652126312,
  "direct_residual_median": 0.3628491759300232,
  "direct_residual_p90": 0.7351488649845125,
  "plus_newton_mae": 2.3433617553058202e-08,
  "plus_newton_rmse": 2.991572961351852e-08,
  "plus_newton_r2": 0.9999999999999991,
  "plus_newton_valid_ratio": 1.0,
  "plus_newton_residual_mean": 4.448979933483055e-14,
  "plus_newton_residual_median": 2.220446049250313e-16,
  "plus_newton_residual_p90": 9.795896732667245e-14,
  "plus_newton_newton_iter_mean": 2.7634,
  "plus_newton_newton_iter_median": 3.0,
  "plus_newton_newton_iter_p90": 3.0,
  "plus_newton_converged_ratio": 1.0,
  "hp_use_log_ab": false,
  "hp_optimizer": "adamw",
  "hp_criterion": "smoothl1",
  "hp_dropout": 0.1,
  "hp_lr": 0.001,
  "hp_weight_decay": 0.0001,
  "hp_hidden_dims": "[256, 256, 128]",
  "hp_hidden_size": 128,
  "hp_num_layers": 1,
  "hp_head_hidden": 128,
  "hp_head_layers": 1,
  "hp_d_model": 64,
  "hp_nhead": 4,
  "hp_ff_dim": 128,
  "hp_use_cls_token": false
}{
  "trial_id": 1711,
  "trial_name": "trial_1711_transformer",
  "model": "transformer",
  "best_epoch": 5,
  "elapsed_sec": 34.45130896568298,
  "direct_mae": 0.34141403436660767,
  "direct_rmse": 0.4173230826854706,
  "direct_r2": 0.8187086135149002,
  "direct_valid_ratio": 1.0,
  "direct_residual_mean": 0.3863621652126312,
  "direct_residual_median": 0.3628491759300232,
  "direct_residual_p90": 0.7351488649845125,
  "plus_newton_mae": 2.3433617553058202e-08,
  "plus_newton_rmse": 2.991572961351852e-08,
  "plus_newton_r2": 0.9999999999999991,
  "plus_newton_valid_ratio": 1.0,
  "plus_newton_residual_mean": 4.448979933483055e-14,
  "plus_newton_residual_median": 2.220446049250313e-16,
  "plus_newton_residual_p90": 9.795896732667245e-14,
  "plus_newton_newton_iter_mean": 2.7634,
  "plus_newton_newton_iter_median": 3.0,
  "plus_newton_newton_iter_p90": 3.0,
  "plus_newton_converged_ratio": 1.0,
  "hp_use_log_ab": false,
  "hp_optimizer": "adamw",
  "hp_criterion": "smoothl1",
  "hp_dropout": 0.1,
  "hp_lr": 0.001,
  "hp_weight_decay": 0.0001,
  "hp_hidden_dims": "[256, 256, 128]",
  "hp_hidden_size": 128,
  "hp_num_layers": 1,
  "hp_head_hidden": 128,
  "hp_head_layers": 1,
  "hp_d_model": 64,
  "hp_nhead": 4,
  "hp_ff_dim": 128,
  "hp_use_cls_token": false
}