{
  "trial_id": 297,
  "trial_name": "trial_297_transformer",
  "model": "transformer",
  "best_epoch": 39,
  "elapsed_sec": 154.53307175636292,
  "direct_mae": 0.34054720401763916,
  "direct_rmse": 0.41692906618118286,
  "direct_r2": 0.8190507590770721,
  "direct_valid_ratio": 1.0,
  "direct_residual_mean": 0.3833765983581543,
  "direct_residual_median": 0.36082708835601807,
  "direct_residual_p90": 0.7235409080982209,
  "plus_newton_mae": 2.3433619644747948e-08,
  "plus_newton_rmse": 2.9915731839218524e-08,
  "plus_newton_r2": 0.9999999999999991,
  "plus_newton_valid_ratio": 1.0,
  "plus_newton_residual_mean": 4.355256525203431e-14,
  "plus_newton_residual_median": 1.6653345369377348e-16,
  "plus_newton_residual_p90": 1.0242640069435551e-13,
  "plus_newton_newton_iter_mean": 2.7523,
  "plus_newton_newton_iter_median": 3.0,
  "plus_newton_newton_iter_p90": 3.0,
  "plus_newton_converged_ratio": 1.0,
  "hp_use_log_ab": false,
  "hp_optimizer": "adamw",
  "hp_criterion": "mse",
  "hp_dropout": 0.0,
  "hp_lr": 0.0005,
  "hp_weight_decay": 1e-05,
  "hp_hidden_dims": "[256, 256, 128]",
  "hp_hidden_size": 128,
  "hp_num_layers": 1,
  "hp_head_hidden": 128,
  "hp_head_layers": 1,
  "hp_d_model": 64,
  "hp_nhead": 2,
  "hp_ff_dim": 64,
  "hp_use_cls_token": false
}{
  "trial_id": 297,
  "trial_name": "trial_297_transformer",
  "model": "transformer",
  "best_epoch": 39,
  "elapsed_sec": 154.53307175636292,
  "direct_mae": 0.34054720401763916,
  "direct_rmse": 0.41692906618118286,
  "direct_r2": 0.8190507590770721,
  "direct_valid_ratio": 1.0,
  "direct_residual_mean": 0.3833765983581543,
  "direct_residual_median": 0.36082708835601807,
  "direct_residual_p90": 0.7235409080982209,
  "plus_newton_mae": 2.3433619644747948e-08,
  "plus_newton_rmse": 2.9915731839218524e-08,
  "plus_newton_r2": 0.9999999999999991,
  "plus_newton_valid_ratio": 1.0,
  "plus_newton_residual_mean": 4.355256525203431e-14,
  "plus_newton_residual_median": 1.6653345369377348e-16,
  "plus_newton_residual_p90": 1.0242640069435551e-13,
  "plus_newton_newton_iter_mean": 2.7523,
  "plus_newton_newton_iter_median": 3.0,
  "plus_newton_newton_iter_p90": 3.0,
  "plus_newton_converged_ratio": 1.0,
  "hp_use_log_ab": false,
  "hp_optimizer": "adamw",
  "hp_criterion": "mse",
  "hp_dropout": 0.0,
  "hp_lr": 0.0005,
  "hp_weight_decay": 1e-05,
  "hp_hidden_dims": "[256, 256, 128]",
  "hp_hidden_size": 128,
  "hp_num_layers": 1,
  "hp_head_hidden": 128,
  "hp_head_layers": 1,
  "hp_d_model": 64,
  "hp_nhead": 2,
  "hp_ff_dim": 64,
  "hp_use_cls_token": false
}