{
  "trial_id": 3050,
  "trial_name": "trial_3050_transformer",
  "model": "transformer",
  "best_epoch": 47,
  "elapsed_sec": 118.184011220932,
  "direct_mae": 0.10497215390205383,
  "direct_rmse": 0.1331261545419693,
  "direct_r2": 0.9815515801310539,
  "direct_valid_ratio": 1.0,
  "direct_residual_mean": 0.13212265074253082,
  "direct_residual_median": 0.1065090000629425,
  "direct_residual_p90": 0.2534790843725205,
  "plus_newton_mae": 2.343361901361917e-08,
  "plus_newton_rmse": 2.991573069460589e-08,
  "plus_newton_r2": 0.9999999999999991,
  "plus_newton_valid_ratio": 1.0,
  "plus_newton_residual_mean": 3.446207606740129e-14,
  "plus_newton_residual_median": 1.1102230246251565e-16,
  "plus_newton_residual_p90": 4.515970930540908e-14,
  "plus_newton_newton_iter_mean": 2.6075,
  "plus_newton_newton_iter_median": 3.0,
  "plus_newton_newton_iter_p90": 3.0,
  "plus_newton_converged_ratio": 1.0,
  "hp_use_log_ab": true,
  "hp_optimizer": "adamw",
  "hp_criterion": "mse",
  "hp_dropout": 0.1,
  "hp_lr": 0.0005,
  "hp_weight_decay": 0.0001,
  "hp_hidden_dims": "[256, 256, 128]",
  "hp_hidden_size": 128,
  "hp_num_layers": 2,
  "hp_head_hidden": 128,
  "hp_head_layers": 1,
  "hp_d_model": 64,
  "hp_nhead": 2,
  "hp_ff_dim": 64,
  "hp_use_cls_token": true
}{
  "trial_id": 3050,
  "trial_name": "trial_3050_transformer",
  "model": "transformer",
  "best_epoch": 47,
  "elapsed_sec": 118.184011220932,
  "direct_mae": 0.10497215390205383,
  "direct_rmse": 0.1331261545419693,
  "direct_r2": 0.9815515801310539,
  "direct_valid_ratio": 1.0,
  "direct_residual_mean": 0.13212265074253082,
  "direct_residual_median": 0.1065090000629425,
  "direct_residual_p90": 0.2534790843725205,
  "plus_newton_mae": 2.343361901361917e-08,
  "plus_newton_rmse": 2.991573069460589e-08,
  "plus_newton_r2": 0.9999999999999991,
  "plus_newton_valid_ratio": 1.0,
  "plus_newton_residual_mean": 3.446207606740129e-14,
  "plus_newton_residual_median": 1.1102230246251565e-16,
  "plus_newton_residual_p90": 4.515970930540908e-14,
  "plus_newton_newton_iter_mean": 2.6075,
  "plus_newton_newton_iter_median": 3.0,
  "plus_newton_newton_iter_p90": 3.0,
  "plus_newton_converged_ratio": 1.0,
  "hp_use_log_ab": true,
  "hp_optimizer": "adamw",
  "hp_criterion": "mse",
  "hp_dropout": 0.1,
  "hp_lr": 0.0005,
  "hp_weight_decay": 0.0001,
  "hp_hidden_dims": "[256, 256, 128]",
  "hp_hidden_size": 128,
  "hp_num_layers": 2,
  "hp_head_hidden": 128,
  "hp_head_layers": 1,
  "hp_d_model": 64,
  "hp_nhead": 2,
  "hp_ff_dim": 64,
  "hp_use_cls_token": true
}