{
  "trial_id": 3272,
  "trial_name": "trial_3272_transformer",
  "model": "transformer",
  "best_epoch": 4,
  "elapsed_sec": 42.82197284698486,
  "direct_mae": 0.10825090110301971,
  "direct_rmse": 0.14289700984954834,
  "direct_r2": 0.9787441417574883,
  "direct_valid_ratio": 1.0,
  "direct_residual_mean": 0.1377304494380951,
  "direct_residual_median": 0.10004499554634094,
  "direct_residual_p90": 0.2636800765991211,
  "plus_newton_mae": 2.343361963228468e-08,
  "plus_newton_rmse": 2.9915730977128084e-08,
  "plus_newton_r2": 0.9999999999999991,
  "plus_newton_valid_ratio": 1.0,
  "plus_newton_residual_mean": 3.564355390692076e-14,
  "plus_newton_residual_median": 1.1102230246251565e-16,
  "plus_newton_residual_p90": 4.9193982221140727e-14,
  "plus_newton_newton_iter_mean": 2.5991,
  "plus_newton_newton_iter_median": 3.0,
  "plus_newton_newton_iter_p90": 3.0,
  "plus_newton_converged_ratio": 1.0,
  "hp_use_log_ab": true,
  "hp_optimizer": "adamw",
  "hp_criterion": "smoothl1",
  "hp_dropout": 0.0,
  "hp_lr": 0.001,
  "hp_weight_decay": 0.0001,
  "hp_hidden_dims": "[256, 256, 128]",
  "hp_hidden_size": 128,
  "hp_num_layers": 2,
  "hp_head_hidden": 64,
  "hp_head_layers": 1,
  "hp_d_model": 32,
  "hp_nhead": 4,
  "hp_ff_dim": 128,
  "hp_use_cls_token": true
}{
  "trial_id": 3272,
  "trial_name": "trial_3272_transformer",
  "model": "transformer",
  "best_epoch": 4,
  "elapsed_sec": 42.82197284698486,
  "direct_mae": 0.10825090110301971,
  "direct_rmse": 0.14289700984954834,
  "direct_r2": 0.9787441417574883,
  "direct_valid_ratio": 1.0,
  "direct_residual_mean": 0.1377304494380951,
  "direct_residual_median": 0.10004499554634094,
  "direct_residual_p90": 0.2636800765991211,
  "plus_newton_mae": 2.343361963228468e-08,
  "plus_newton_rmse": 2.9915730977128084e-08,
  "plus_newton_r2": 0.9999999999999991,
  "plus_newton_valid_ratio": 1.0,
  "plus_newton_residual_mean": 3.564355390692076e-14,
  "plus_newton_residual_median": 1.1102230246251565e-16,
  "plus_newton_residual_p90": 4.9193982221140727e-14,
  "plus_newton_newton_iter_mean": 2.5991,
  "plus_newton_newton_iter_median": 3.0,
  "plus_newton_newton_iter_p90": 3.0,
  "plus_newton_converged_ratio": 1.0,
  "hp_use_log_ab": true,
  "hp_optimizer": "adamw",
  "hp_criterion": "smoothl1",
  "hp_dropout": 0.0,
  "hp_lr": 0.001,
  "hp_weight_decay": 0.0001,
  "hp_hidden_dims": "[256, 256, 128]",
  "hp_hidden_size": 128,
  "hp_num_layers": 2,
  "hp_head_hidden": 64,
  "hp_head_layers": 1,
  "hp_d_model": 32,
  "hp_nhead": 4,
  "hp_ff_dim": 128,
  "hp_use_cls_token": true
}