{
  "trial_id": 2448,
  "trial_name": "trial_2448_transformer",
  "model": "transformer",
  "best_epoch": 36,
  "elapsed_sec": 79.11088418960571,
  "direct_mae": 0.10387767106294632,
  "direct_rmse": 0.1328631192445755,
  "direct_r2": 0.9816244095563889,
  "direct_valid_ratio": 1.0,
  "direct_residual_mean": 0.13082262873649597,
  "direct_residual_median": 0.10377931594848633,
  "direct_residual_p90": 0.24953076243400574,
  "plus_newton_mae": 2.3433619166830323e-08,
  "plus_newton_rmse": 2.9915730501033264e-08,
  "plus_newton_r2": 0.9999999999999991,
  "plus_newton_valid_ratio": 1.0,
  "plus_newton_residual_mean": 3.44233730048027e-14,
  "plus_newton_residual_median": 1.1102230246251565e-16,
  "plus_newton_residual_p90": 4.7195580776815445e-14,
  "plus_newton_newton_iter_mean": 2.6019,
  "plus_newton_newton_iter_median": 3.0,
  "plus_newton_newton_iter_p90": 3.0,
  "plus_newton_converged_ratio": 1.0,
  "hp_use_log_ab": true,
  "hp_optimizer": "adamw",
  "hp_criterion": "mse",
  "hp_dropout": 0.0,
  "hp_lr": 0.0005,
  "hp_weight_decay": 0.0001,
  "hp_hidden_dims": "[256, 256, 128]",
  "hp_hidden_size": 128,
  "hp_num_layers": 1,
  "hp_head_hidden": 64,
  "hp_head_layers": 1,
  "hp_d_model": 64,
  "hp_nhead": 4,
  "hp_ff_dim": 128,
  "hp_use_cls_token": true
}{
  "trial_id": 2448,
  "trial_name": "trial_2448_transformer",
  "model": "transformer",
  "best_epoch": 36,
  "elapsed_sec": 79.11088418960571,
  "direct_mae": 0.10387767106294632,
  "direct_rmse": 0.1328631192445755,
  "direct_r2": 0.9816244095563889,
  "direct_valid_ratio": 1.0,
  "direct_residual_mean": 0.13082262873649597,
  "direct_residual_median": 0.10377931594848633,
  "direct_residual_p90": 0.24953076243400574,
  "plus_newton_mae": 2.3433619166830323e-08,
  "plus_newton_rmse": 2.9915730501033264e-08,
  "plus_newton_r2": 0.9999999999999991,
  "plus_newton_valid_ratio": 1.0,
  "plus_newton_residual_mean": 3.44233730048027e-14,
  "plus_newton_residual_median": 1.1102230246251565e-16,
  "plus_newton_residual_p90": 4.7195580776815445e-14,
  "plus_newton_newton_iter_mean": 2.6019,
  "plus_newton_newton_iter_median": 3.0,
  "plus_newton_newton_iter_p90": 3.0,
  "plus_newton_converged_ratio": 1.0,
  "hp_use_log_ab": true,
  "hp_optimizer": "adamw",
  "hp_criterion": "mse",
  "hp_dropout": 0.0,
  "hp_lr": 0.0005,
  "hp_weight_decay": 0.0001,
  "hp_hidden_dims": "[256, 256, 128]",
  "hp_hidden_size": 128,
  "hp_num_layers": 1,
  "hp_head_hidden": 64,
  "hp_head_layers": 1,
  "hp_d_model": 64,
  "hp_nhead": 4,
  "hp_ff_dim": 128,
  "hp_use_cls_token": true
}