{
  "trial_id": 2784,
  "trial_name": "trial_2784_transformer",
  "model": "transformer",
  "best_epoch": 21,
  "elapsed_sec": 329.84215569496155,
  "direct_mae": 0.010479188524186611,
  "direct_rmse": 0.0131625235080719,
  "direct_r2": 0.9998196522647049,
  "direct_valid_ratio": 1.0,
  "direct_residual_mean": 0.012922413647174835,
  "direct_residual_median": 0.01054738461971283,
  "direct_residual_p90": 0.027856713533401495,
  "plus_newton_mae": 2.3433619019970206e-08,
  "plus_newton_rmse": 2.9915731371349844e-08,
  "plus_newton_r2": 0.9999999999999991,
  "plus_newton_valid_ratio": 1.0,
  "plus_newton_residual_mean": 4.310054231138722e-14,
  "plus_newton_residual_median": 1.1102230246251565e-16,
  "plus_newton_residual_p90": 8.086864511369656e-14,
  "plus_newton_newton_iter_mean": 2.1823,
  "plus_newton_newton_iter_median": 2.0,
  "plus_newton_newton_iter_p90": 3.0,
  "plus_newton_converged_ratio": 1.0,
  "hp_use_log_ab": true,
  "hp_optimizer": "adamw",
  "hp_criterion": "mse",
  "hp_dropout": 0.1,
  "hp_lr": 0.001,
  "hp_weight_decay": 0.0001,
  "hp_hidden_dims": "[256, 256, 128]",
  "hp_hidden_size": 128,
  "hp_num_layers": 2,
  "hp_head_hidden": 64,
  "hp_head_layers": 2,
  "hp_d_model": 64,
  "hp_nhead": 4,
  "hp_ff_dim": 128,
  "hp_use_cls_token": true
}{
  "trial_id": 2784,
  "trial_name": "trial_2784_transformer",
  "model": "transformer",
  "best_epoch": 21,
  "elapsed_sec": 329.84215569496155,
  "direct_mae": 0.010479188524186611,
  "direct_rmse": 0.0131625235080719,
  "direct_r2": 0.9998196522647049,
  "direct_valid_ratio": 1.0,
  "direct_residual_mean": 0.012922413647174835,
  "direct_residual_median": 0.01054738461971283,
  "direct_residual_p90": 0.027856713533401495,
  "plus_newton_mae": 2.3433619019970206e-08,
  "plus_newton_rmse": 2.9915731371349844e-08,
  "plus_newton_r2": 0.9999999999999991,
  "plus_newton_valid_ratio": 1.0,
  "plus_newton_residual_mean": 4.310054231138722e-14,
  "plus_newton_residual_median": 1.1102230246251565e-16,
  "plus_newton_residual_p90": 8.086864511369656e-14,
  "plus_newton_newton_iter_mean": 2.1823,
  "plus_newton_newton_iter_median": 2.0,
  "plus_newton_newton_iter_p90": 3.0,
  "plus_newton_converged_ratio": 1.0,
  "hp_use_log_ab": true,
  "hp_optimizer": "adamw",
  "hp_criterion": "mse",
  "hp_dropout": 0.1,
  "hp_lr": 0.001,
  "hp_weight_decay": 0.0001,
  "hp_hidden_dims": "[256, 256, 128]",
  "hp_hidden_size": 128,
  "hp_num_layers": 2,
  "hp_head_hidden": 64,
  "hp_head_layers": 2,
  "hp_d_model": 64,
  "hp_nhead": 4,
  "hp_ff_dim": 128,
  "hp_use_cls_token": true
}