{
  "trial_id": 1605,
  "trial_name": "trial_1605_transformer",
  "model": "transformer",
  "best_epoch": 9,
  "elapsed_sec": 51.36673593521118,
  "direct_mae": 0.33978143334388733,
  "direct_rmse": 0.4183352291584015,
  "direct_r2": 0.8178281486034393,
  "direct_valid_ratio": 1.0,
  "direct_residual_mean": 0.383333683013916,
  "direct_residual_median": 0.3563346564769745,
  "direct_residual_p90": 0.7529754042625427,
  "plus_newton_mae": 2.3433619109270666e-08,
  "plus_newton_rmse": 2.991573037324765e-08,
  "plus_newton_r2": 0.9999999999999991,
  "plus_newton_valid_ratio": 1.0,
  "plus_newton_residual_mean": 4.302253133563251e-14,
  "plus_newton_residual_median": 1.6653345369377348e-16,
  "plus_newton_residual_p90": 9.221512442536574e-14,
  "plus_newton_newton_iter_mean": 2.7569,
  "plus_newton_newton_iter_median": 3.0,
  "plus_newton_newton_iter_p90": 3.0,
  "plus_newton_converged_ratio": 1.0,
  "hp_use_log_ab": false,
  "hp_optimizer": "adamw",
  "hp_criterion": "smoothl1",
  "hp_dropout": 0.1,
  "hp_lr": 0.001,
  "hp_weight_decay": 1e-05,
  "hp_hidden_dims": "[256, 256, 128]",
  "hp_hidden_size": 128,
  "hp_num_layers": 2,
  "hp_head_hidden": 64,
  "hp_head_layers": 1,
  "hp_d_model": 32,
  "hp_nhead": 4,
  "hp_ff_dim": 64,
  "hp_use_cls_token": false
}{
  "trial_id": 1605,
  "trial_name": "trial_1605_transformer",
  "model": "transformer",
  "best_epoch": 9,
  "elapsed_sec": 51.36673593521118,
  "direct_mae": 0.33978143334388733,
  "direct_rmse": 0.4183352291584015,
  "direct_r2": 0.8178281486034393,
  "direct_valid_ratio": 1.0,
  "direct_residual_mean": 0.383333683013916,
  "direct_residual_median": 0.3563346564769745,
  "direct_residual_p90": 0.7529754042625427,
  "plus_newton_mae": 2.3433619109270666e-08,
  "plus_newton_rmse": 2.991573037324765e-08,
  "plus_newton_r2": 0.9999999999999991,
  "plus_newton_valid_ratio": 1.0,
  "plus_newton_residual_mean": 4.302253133563251e-14,
  "plus_newton_residual_median": 1.6653345369377348e-16,
  "plus_newton_residual_p90": 9.221512442536574e-14,
  "plus_newton_newton_iter_mean": 2.7569,
  "plus_newton_newton_iter_median": 3.0,
  "plus_newton_newton_iter_p90": 3.0,
  "plus_newton_converged_ratio": 1.0,
  "hp_use_log_ab": false,
  "hp_optimizer": "adamw",
  "hp_criterion": "smoothl1",
  "hp_dropout": 0.1,
  "hp_lr": 0.001,
  "hp_weight_decay": 1e-05,
  "hp_hidden_dims": "[256, 256, 128]",
  "hp_hidden_size": 128,
  "hp_num_layers": 2,
  "hp_head_hidden": 64,
  "hp_head_layers": 1,
  "hp_d_model": 32,
  "hp_nhead": 4,
  "hp_ff_dim": 64,
  "hp_use_cls_token": false
}