{
  "trial_id": 481,
  "trial_name": "trial_481_transformer",
  "model": "transformer",
  "best_epoch": 22,
  "elapsed_sec": 91.6972393989563,
  "direct_mae": 0.34114158153533936,
  "direct_rmse": 0.41700974106788635,
  "direct_r2": 0.8189807385206223,
  "direct_valid_ratio": 1.0,
  "direct_residual_mean": 0.38452741503715515,
  "direct_residual_median": 0.362301766872406,
  "direct_residual_p90": 0.7198555111885071,
  "plus_newton_mae": 2.3433618621128447e-08,
  "plus_newton_rmse": 2.991573103551428e-08,
  "plus_newton_r2": 0.9999999999999991,
  "plus_newton_valid_ratio": 1.0,
  "plus_newton_residual_mean": 4.533547805614258e-14,
  "plus_newton_residual_median": 2.220446049250313e-16,
  "plus_newton_residual_p90": 1.0892398094597415e-13,
  "plus_newton_newton_iter_mean": 2.756,
  "plus_newton_newton_iter_median": 3.0,
  "plus_newton_newton_iter_p90": 3.0,
  "plus_newton_converged_ratio": 1.0,
  "hp_use_log_ab": false,
  "hp_optimizer": "adamw",
  "hp_criterion": "mse",
  "hp_dropout": 0.0,
  "hp_lr": 0.0005,
  "hp_weight_decay": 0.0001,
  "hp_hidden_dims": "[256, 256, 128]",
  "hp_hidden_size": 128,
  "hp_num_layers": 2,
  "hp_head_hidden": 128,
  "hp_head_layers": 1,
  "hp_d_model": 32,
  "hp_nhead": 2,
  "hp_ff_dim": 64,
  "hp_use_cls_token": false
}{
  "trial_id": 481,
  "trial_name": "trial_481_transformer",
  "model": "transformer",
  "best_epoch": 22,
  "elapsed_sec": 91.6972393989563,
  "direct_mae": 0.34114158153533936,
  "direct_rmse": 0.41700974106788635,
  "direct_r2": 0.8189807385206223,
  "direct_valid_ratio": 1.0,
  "direct_residual_mean": 0.38452741503715515,
  "direct_residual_median": 0.362301766872406,
  "direct_residual_p90": 0.7198555111885071,
  "plus_newton_mae": 2.3433618621128447e-08,
  "plus_newton_rmse": 2.991573103551428e-08,
  "plus_newton_r2": 0.9999999999999991,
  "plus_newton_valid_ratio": 1.0,
  "plus_newton_residual_mean": 4.533547805614258e-14,
  "plus_newton_residual_median": 2.220446049250313e-16,
  "plus_newton_residual_p90": 1.0892398094597415e-13,
  "plus_newton_newton_iter_mean": 2.756,
  "plus_newton_newton_iter_median": 3.0,
  "plus_newton_newton_iter_p90": 3.0,
  "plus_newton_converged_ratio": 1.0,
  "hp_use_log_ab": false,
  "hp_optimizer": "adamw",
  "hp_criterion": "mse",
  "hp_dropout": 0.0,
  "hp_lr": 0.0005,
  "hp_weight_decay": 0.0001,
  "hp_hidden_dims": "[256, 256, 128]",
  "hp_hidden_size": 128,
  "hp_num_layers": 2,
  "hp_head_hidden": 128,
  "hp_head_layers": 1,
  "hp_d_model": 32,
  "hp_nhead": 2,
  "hp_ff_dim": 64,
  "hp_use_cls_token": false
}