{
  "trial_id": 79,
  "trial_name": "trial_079_gru",
  "model": "gru",
  "best_epoch": 110,
  "elapsed_sec": 328.4635946750641,
  "direct_mae": 0.33712342381477356,
  "direct_rmse": 0.4162324368953705,
  "direct_r2": 0.8196549564599991,
  "direct_valid_ratio": 1.0,
  "direct_residual_mean": 0.3790730834007263,
  "direct_residual_median": 0.3507528305053711,
  "direct_residual_p90": 0.7320373892784119,
  "plus_newton_mae": 2.3433617970388384e-08,
  "plus_newton_rmse": 2.9915730502161664e-08,
  "plus_newton_r2": 0.9999999999999991,
  "plus_newton_valid_ratio": 1.0,
  "plus_newton_residual_mean": 4.435765837494028e-14,
  "plus_newton_residual_median": 1.249000902703301e-16,
  "plus_newton_residual_p90": 1.0498824032367839e-13,
  "plus_newton_newton_iter_mean": 2.7516,
  "plus_newton_newton_iter_median": 3.0,
  "plus_newton_newton_iter_p90": 3.0,
  "plus_newton_converged_ratio": 1.0,
  "hp_use_log_ab": false,
  "hp_optimizer": "adamw",
  "hp_criterion": "mse",
  "hp_dropout": 0.1,
  "hp_lr": 0.001,
  "hp_weight_decay": 1e-05,
  "hp_hidden_dims": "[256, 256, 128]",
  "hp_hidden_size": 128,
  "hp_num_layers": 2,
  "hp_head_hidden": 128,
  "hp_head_layers": 1,
  "hp_d_model": 64,
  "hp_nhead": 4,
  "hp_ff_dim": 128,
  "hp_use_cls_token": false
}{
  "trial_id": 79,
  "trial_name": "trial_079_gru",
  "model": "gru",
  "best_epoch": 110,
  "elapsed_sec": 328.4635946750641,
  "direct_mae": 0.33712342381477356,
  "direct_rmse": 0.4162324368953705,
  "direct_r2": 0.8196549564599991,
  "direct_valid_ratio": 1.0,
  "direct_residual_mean": 0.3790730834007263,
  "direct_residual_median": 0.3507528305053711,
  "direct_residual_p90": 0.7320373892784119,
  "plus_newton_mae": 2.3433617970388384e-08,
  "plus_newton_rmse": 2.9915730502161664e-08,
  "plus_newton_r2": 0.9999999999999991,
  "plus_newton_valid_ratio": 1.0,
  "plus_newton_residual_mean": 4.435765837494028e-14,
  "plus_newton_residual_median": 1.249000902703301e-16,
  "plus_newton_residual_p90": 1.0498824032367839e-13,
  "plus_newton_newton_iter_mean": 2.7516,
  "plus_newton_newton_iter_median": 3.0,
  "plus_newton_newton_iter_p90": 3.0,
  "plus_newton_converged_ratio": 1.0,
  "hp_use_log_ab": false,
  "hp_optimizer": "adamw",
  "hp_criterion": "mse",
  "hp_dropout": 0.1,
  "hp_lr": 0.001,
  "hp_weight_decay": 1e-05,
  "hp_hidden_dims": "[256, 256, 128]",
  "hp_hidden_size": 128,
  "hp_num_layers": 2,
  "hp_head_hidden": 128,
  "hp_head_layers": 1,
  "hp_d_model": 64,
  "hp_nhead": 4,
  "hp_ff_dim": 128,
  "hp_use_cls_token": false
}