{
  "trial_id": 499,
  "trial_name": "trial_499_transformer",
  "model": "transformer",
  "best_epoch": 57,
  "elapsed_sec": 176.77492570877075,
  "direct_mae": 0.0021024062298238277,
  "direct_rmse": 0.0030442241113632917,
  "direct_r2": 0.9999903531479504,
  "direct_valid_ratio": 1.0,
  "direct_residual_mean": 0.00254037044942379,
  "direct_residual_median": 0.0018039345741271973,
  "direct_residual_p90": 0.005472648143768311,
  "plus_newton_mae": 2.34336174200395e-08,
  "plus_newton_rmse": 2.991572840844379e-08,
  "plus_newton_r2": 0.9999999999999991,
  "plus_newton_valid_ratio": 1.0,
  "plus_newton_residual_mean": 3.0118621284295206e-14,
  "plus_newton_residual_median": 1.1102230246251565e-16,
  "plus_newton_residual_p90": 2.62108043602716e-14,
  "plus_newton_newton_iter_mean": 2.006,
  "plus_newton_newton_iter_median": 2.0,
  "plus_newton_newton_iter_p90": 2.0,
  "plus_newton_converged_ratio": 1.0,
  "hp_use_log_ab": false,
  "hp_optimizer": "adamw",
  "hp_criterion": "mse",
  "hp_dropout": 0.0,
  "hp_lr": 0.0005,
  "hp_weight_decay": 0.0001,
  "hp_hidden_dims": "[256, 256, 128]",
  "hp_hidden_size": 128,
  "hp_num_layers": 2,
  "hp_head_hidden": 128,
  "hp_head_layers": 2,
  "hp_d_model": 32,
  "hp_nhead": 2,
  "hp_ff_dim": 128,
  "hp_use_cls_token": false
}{
  "trial_id": 499,
  "trial_name": "trial_499_transformer",
  "model": "transformer",
  "best_epoch": 57,
  "elapsed_sec": 176.77492570877075,
  "direct_mae": 0.0021024062298238277,
  "direct_rmse": 0.0030442241113632917,
  "direct_r2": 0.9999903531479504,
  "direct_valid_ratio": 1.0,
  "direct_residual_mean": 0.00254037044942379,
  "direct_residual_median": 0.0018039345741271973,
  "direct_residual_p90": 0.005472648143768311,
  "plus_newton_mae": 2.34336174200395e-08,
  "plus_newton_rmse": 2.991572840844379e-08,
  "plus_newton_r2": 0.9999999999999991,
  "plus_newton_valid_ratio": 1.0,
  "plus_newton_residual_mean": 3.0118621284295206e-14,
  "plus_newton_residual_median": 1.1102230246251565e-16,
  "plus_newton_residual_p90": 2.62108043602716e-14,
  "plus_newton_newton_iter_mean": 2.006,
  "plus_newton_newton_iter_median": 2.0,
  "plus_newton_newton_iter_p90": 2.0,
  "plus_newton_converged_ratio": 1.0,
  "hp_use_log_ab": false,
  "hp_optimizer": "adamw",
  "hp_criterion": "mse",
  "hp_dropout": 0.0,
  "hp_lr": 0.0005,
  "hp_weight_decay": 0.0001,
  "hp_hidden_dims": "[256, 256, 128]",
  "hp_hidden_size": 128,
  "hp_num_layers": 2,
  "hp_head_hidden": 128,
  "hp_head_layers": 2,
  "hp_d_model": 32,
  "hp_nhead": 2,
  "hp_ff_dim": 128,
  "hp_use_cls_token": false
}