{
  "trial_id": 421,
  "trial_name": "trial_421_gru",
  "model": "gru",
  "best_epoch": 65,
  "elapsed_sec": 182.97080850601196,
  "direct_mae": 0.09235619753599167,
  "direct_rmse": 0.12668314576148987,
  "direct_r2": 0.9832940939813852,
  "direct_valid_ratio": 1.0,
  "direct_residual_mean": 0.1192898228764534,
  "direct_residual_median": 0.08368560671806335,
  "direct_residual_p90": 0.2658689737319948,
  "plus_newton_mae": 2.3433617819960577e-08,
  "plus_newton_rmse": 2.991572813707198e-08,
  "plus_newton_r2": 0.9999999999999991,
  "plus_newton_valid_ratio": 1.0,
  "plus_newton_residual_mean": 4.663361208124154e-14,
  "plus_newton_residual_median": 1.1102230246251565e-16,
  "plus_newton_residual_p90": 9.400813461013523e-14,
  "plus_newton_newton_iter_mean": 2.5929,
  "plus_newton_newton_iter_median": 3.0,
  "plus_newton_newton_iter_p90": 3.0,
  "plus_newton_converged_ratio": 1.0,
  "hp_use_log_ab": true,
  "hp_optimizer": "adamw",
  "hp_criterion": "smoothl1",
  "hp_dropout": 0.0,
  "hp_lr": 0.0005,
  "hp_weight_decay": 1e-05,
  "hp_hidden_dims": "[256, 256, 128]",
  "hp_hidden_size": 64,
  "hp_num_layers": 2,
  "hp_head_hidden": 64,
  "hp_head_layers": 1,
  "hp_d_model": 64,
  "hp_nhead": 4,
  "hp_ff_dim": 128,
  "hp_use_cls_token": false
}{
  "trial_id": 421,
  "trial_name": "trial_421_gru",
  "model": "gru",
  "best_epoch": 65,
  "elapsed_sec": 182.97080850601196,
  "direct_mae": 0.09235619753599167,
  "direct_rmse": 0.12668314576148987,
  "direct_r2": 0.9832940939813852,
  "direct_valid_ratio": 1.0,
  "direct_residual_mean": 0.1192898228764534,
  "direct_residual_median": 0.08368560671806335,
  "direct_residual_p90": 0.2658689737319948,
  "plus_newton_mae": 2.3433617819960577e-08,
  "plus_newton_rmse": 2.991572813707198e-08,
  "plus_newton_r2": 0.9999999999999991,
  "plus_newton_valid_ratio": 1.0,
  "plus_newton_residual_mean": 4.663361208124154e-14,
  "plus_newton_residual_median": 1.1102230246251565e-16,
  "plus_newton_residual_p90": 9.400813461013523e-14,
  "plus_newton_newton_iter_mean": 2.5929,
  "plus_newton_newton_iter_median": 3.0,
  "plus_newton_newton_iter_p90": 3.0,
  "plus_newton_converged_ratio": 1.0,
  "hp_use_log_ab": true,
  "hp_optimizer": "adamw",
  "hp_criterion": "smoothl1",
  "hp_dropout": 0.0,
  "hp_lr": 0.0005,
  "hp_weight_decay": 1e-05,
  "hp_hidden_dims": "[256, 256, 128]",
  "hp_hidden_size": 64,
  "hp_num_layers": 2,
  "hp_head_hidden": 64,
  "hp_head_layers": 1,
  "hp_d_model": 64,
  "hp_nhead": 4,
  "hp_ff_dim": 128,
  "hp_use_cls_token": false
}