{
  "trial_id": 2023,
  "trial_name": "trial_2023_transformer",
  "model": "transformer",
  "best_epoch": 13,
  "elapsed_sec": 58.28609752655029,
  "direct_mae": 0.3377451002597809,
  "direct_rmse": 0.4199863374233246,
  "direct_r2": 0.8163872957229614,
  "direct_valid_ratio": 1.0,
  "direct_residual_mean": 0.38244080543518066,
  "direct_residual_median": 0.3471016585826874,
  "direct_residual_p90": 0.7846413254737855,
  "plus_newton_mae": 2.343361924384469e-08,
  "plus_newton_rmse": 2.991573073902902e-08,
  "plus_newton_r2": 0.9999999999999991,
  "plus_newton_valid_ratio": 1.0,
  "plus_newton_residual_mean": 4.265403328095749e-14,
  "plus_newton_residual_median": 1.1102230246251565e-16,
  "plus_newton_residual_p90": 9.93760629341978e-14,
  "plus_newton_newton_iter_mean": 2.7649,
  "plus_newton_newton_iter_median": 3.0,
  "plus_newton_newton_iter_p90": 3.0,
  "plus_newton_converged_ratio": 1.0,
  "hp_use_log_ab": false,
  "hp_optimizer": "adamw",
  "hp_criterion": "smoothl1",
  "hp_dropout": 0.1,
  "hp_lr": 0.0005,
  "hp_weight_decay": 0.0001,
  "hp_hidden_dims": "[256, 256, 128]",
  "hp_hidden_size": 128,
  "hp_num_layers": 2,
  "hp_head_hidden": 128,
  "hp_head_layers": 1,
  "hp_d_model": 32,
  "hp_nhead": 4,
  "hp_ff_dim": 128,
  "hp_use_cls_token": false
}{
  "trial_id": 2023,
  "trial_name": "trial_2023_transformer",
  "model": "transformer",
  "best_epoch": 13,
  "elapsed_sec": 58.28609752655029,
  "direct_mae": 0.3377451002597809,
  "direct_rmse": 0.4199863374233246,
  "direct_r2": 0.8163872957229614,
  "direct_valid_ratio": 1.0,
  "direct_residual_mean": 0.38244080543518066,
  "direct_residual_median": 0.3471016585826874,
  "direct_residual_p90": 0.7846413254737855,
  "plus_newton_mae": 2.343361924384469e-08,
  "plus_newton_rmse": 2.991573073902902e-08,
  "plus_newton_r2": 0.9999999999999991,
  "plus_newton_valid_ratio": 1.0,
  "plus_newton_residual_mean": 4.265403328095749e-14,
  "plus_newton_residual_median": 1.1102230246251565e-16,
  "plus_newton_residual_p90": 9.93760629341978e-14,
  "plus_newton_newton_iter_mean": 2.7649,
  "plus_newton_newton_iter_median": 3.0,
  "plus_newton_newton_iter_p90": 3.0,
  "plus_newton_converged_ratio": 1.0,
  "hp_use_log_ab": false,
  "hp_optimizer": "adamw",
  "hp_criterion": "smoothl1",
  "hp_dropout": 0.1,
  "hp_lr": 0.0005,
  "hp_weight_decay": 0.0001,
  "hp_hidden_dims": "[256, 256, 128]",
  "hp_hidden_size": 128,
  "hp_num_layers": 2,
  "hp_head_hidden": 128,
  "hp_head_layers": 1,
  "hp_d_model": 32,
  "hp_nhead": 4,
  "hp_ff_dim": 128,
  "hp_use_cls_token": false
}