{
  "trial_id": 2800,
  "trial_name": "trial_2800_transformer",
  "model": "transformer",
  "best_epoch": 28,
  "elapsed_sec": 357.90891671180725,
  "direct_mae": 0.10549328476190567,
  "direct_rmse": 0.13360978662967682,
  "direct_r2": 0.9814172945916653,
  "direct_valid_ratio": 1.0,
  "direct_residual_mean": 0.13342782855033875,
  "direct_residual_median": 0.10828690230846405,
  "direct_residual_p90": 0.2627981454133988,
  "plus_newton_mae": 2.343361842334485e-08,
  "plus_newton_rmse": 2.991573100400111e-08,
  "plus_newton_r2": 0.9999999999999991,
  "plus_newton_valid_ratio": 1.0,
  "plus_newton_residual_mean": 3.523581804775256e-14,
  "plus_newton_residual_median": 1.1102230246251565e-16,
  "plus_newton_residual_p90": 5.18585174802411e-14,
  "plus_newton_newton_iter_mean": 2.6152,
  "plus_newton_newton_iter_median": 3.0,
  "plus_newton_newton_iter_p90": 3.0,
  "plus_newton_converged_ratio": 1.0,
  "hp_use_log_ab": true,
  "hp_optimizer": "adamw",
  "hp_criterion": "mse",
  "hp_dropout": 0.1,
  "hp_lr": 0.001,
  "hp_weight_decay": 0.0001,
  "hp_hidden_dims": "[256, 256, 128]",
  "hp_hidden_size": 128,
  "hp_num_layers": 2,
  "hp_head_hidden": 128,
  "hp_head_layers": 1,
  "hp_d_model": 64,
  "hp_nhead": 4,
  "hp_ff_dim": 128,
  "hp_use_cls_token": true
}{
  "trial_id": 2800,
  "trial_name": "trial_2800_transformer",
  "model": "transformer",
  "best_epoch": 28,
  "elapsed_sec": 357.90891671180725,
  "direct_mae": 0.10549328476190567,
  "direct_rmse": 0.13360978662967682,
  "direct_r2": 0.9814172945916653,
  "direct_valid_ratio": 1.0,
  "direct_residual_mean": 0.13342782855033875,
  "direct_residual_median": 0.10828690230846405,
  "direct_residual_p90": 0.2627981454133988,
  "plus_newton_mae": 2.343361842334485e-08,
  "plus_newton_rmse": 2.991573100400111e-08,
  "plus_newton_r2": 0.9999999999999991,
  "plus_newton_valid_ratio": 1.0,
  "plus_newton_residual_mean": 3.523581804775256e-14,
  "plus_newton_residual_median": 1.1102230246251565e-16,
  "plus_newton_residual_p90": 5.18585174802411e-14,
  "plus_newton_newton_iter_mean": 2.6152,
  "plus_newton_newton_iter_median": 3.0,
  "plus_newton_newton_iter_p90": 3.0,
  "plus_newton_converged_ratio": 1.0,
  "hp_use_log_ab": true,
  "hp_optimizer": "adamw",
  "hp_criterion": "mse",
  "hp_dropout": 0.1,
  "hp_lr": 0.001,
  "hp_weight_decay": 0.0001,
  "hp_hidden_dims": "[256, 256, 128]",
  "hp_hidden_size": 128,
  "hp_num_layers": 2,
  "hp_head_hidden": 128,
  "hp_head_layers": 1,
  "hp_d_model": 64,
  "hp_nhead": 4,
  "hp_ff_dim": 128,
  "hp_use_cls_token": true
}