{
  "trial_id": 464,
  "trial_name": "trial_464_lstm",
  "model": "lstm",
  "best_epoch": 22,
  "elapsed_sec": 97.6068925857544,
  "direct_mae": 0.007201790809631348,
  "direct_rmse": 0.00973706878721714,
  "direct_r2": 0.9999013064370956,
  "direct_valid_ratio": 1.0,
  "direct_residual_mean": 0.008906501345336437,
  "direct_residual_median": 0.0063051581382751465,
  "direct_residual_p90": 0.01907792687416077,
  "plus_newton_mae": 2.3433616958059147e-08,
  "plus_newton_rmse": 2.9915728349646843e-08,
  "plus_newton_r2": 0.9999999999999991,
  "plus_newton_valid_ratio": 1.0,
  "plus_newton_residual_mean": 3.704254171237067e-14,
  "plus_newton_residual_median": 1.1102230246251565e-16,
  "plus_newton_residual_p90": 7.269740365245557e-14,
  "plus_newton_newton_iter_mean": 2.1378,
  "plus_newton_newton_iter_median": 2.0,
  "plus_newton_newton_iter_p90": 3.0,
  "plus_newton_converged_ratio": 1.0,
  "hp_use_log_ab": true,
  "hp_optimizer": "adamw",
  "hp_criterion": "smoothl1",
  "hp_dropout": 0.1,
  "hp_lr": 0.001,
  "hp_weight_decay": 1e-05,
  "hp_hidden_dims": "[256, 256, 128]",
  "hp_hidden_size": 128,
  "hp_num_layers": 2,
  "hp_head_hidden": 128,
  "hp_head_layers": 2,
  "hp_d_model": 64,
  "hp_nhead": 4,
  "hp_ff_dim": 128,
  "hp_use_cls_token": false
}{
  "trial_id": 464,
  "trial_name": "trial_464_lstm",
  "model": "lstm",
  "best_epoch": 22,
  "elapsed_sec": 97.6068925857544,
  "direct_mae": 0.007201790809631348,
  "direct_rmse": 0.00973706878721714,
  "direct_r2": 0.9999013064370956,
  "direct_valid_ratio": 1.0,
  "direct_residual_mean": 0.008906501345336437,
  "direct_residual_median": 0.0063051581382751465,
  "direct_residual_p90": 0.01907792687416077,
  "plus_newton_mae": 2.3433616958059147e-08,
  "plus_newton_rmse": 2.9915728349646843e-08,
  "plus_newton_r2": 0.9999999999999991,
  "plus_newton_valid_ratio": 1.0,
  "plus_newton_residual_mean": 3.704254171237067e-14,
  "plus_newton_residual_median": 1.1102230246251565e-16,
  "plus_newton_residual_p90": 7.269740365245557e-14,
  "plus_newton_newton_iter_mean": 2.1378,
  "plus_newton_newton_iter_median": 2.0,
  "plus_newton_newton_iter_p90": 3.0,
  "plus_newton_converged_ratio": 1.0,
  "hp_use_log_ab": true,
  "hp_optimizer": "adamw",
  "hp_criterion": "smoothl1",
  "hp_dropout": 0.1,
  "hp_lr": 0.001,
  "hp_weight_decay": 1e-05,
  "hp_hidden_dims": "[256, 256, 128]",
  "hp_hidden_size": 128,
  "hp_num_layers": 2,
  "hp_head_hidden": 128,
  "hp_head_layers": 2,
  "hp_d_model": 64,
  "hp_nhead": 4,
  "hp_ff_dim": 128,
  "hp_use_cls_token": false
}