{
  "trial_id": 2340,
  "trial_name": "trial_2340_transformer",
  "model": "transformer",
  "best_epoch": 17,
  "elapsed_sec": 51.043490409851074,
  "direct_mae": 0.10451392829418182,
  "direct_rmse": 0.1341366171836853,
  "direct_r2": 0.9812704604119062,
  "direct_valid_ratio": 1.0,
  "direct_residual_mean": 0.1318003386259079,
  "direct_residual_median": 0.10354596376419067,
  "direct_residual_p90": 0.2545467138290406,
  "plus_newton_mae": 2.3433618509664145e-08,
  "plus_newton_rmse": 2.9915730030535294e-08,
  "plus_newton_r2": 0.9999999999999991,
  "plus_newton_valid_ratio": 1.0,
  "plus_newton_residual_mean": 3.447655074120053e-14,
  "plus_newton_residual_median": 1.1102230246251565e-16,
  "plus_newton_residual_p90": 4.835298827998714e-14,
  "plus_newton_newton_iter_mean": 2.6035,
  "plus_newton_newton_iter_median": 3.0,
  "plus_newton_newton_iter_p90": 3.0,
  "plus_newton_converged_ratio": 1.0,
  "hp_use_log_ab": true,
  "hp_optimizer": "adamw",
  "hp_criterion": "mse",
  "hp_dropout": 0.0,
  "hp_lr": 0.0005,
  "hp_weight_decay": 1e-05,
  "hp_hidden_dims": "[256, 256, 128]",
  "hp_hidden_size": 128,
  "hp_num_layers": 1,
  "hp_head_hidden": 128,
  "hp_head_layers": 1,
  "hp_d_model": 32,
  "hp_nhead": 2,
  "hp_ff_dim": 128,
  "hp_use_cls_token": true
}{
  "trial_id": 2340,
  "trial_name": "trial_2340_transformer",
  "model": "transformer",
  "best_epoch": 17,
  "elapsed_sec": 51.043490409851074,
  "direct_mae": 0.10451392829418182,
  "direct_rmse": 0.1341366171836853,
  "direct_r2": 0.9812704604119062,
  "direct_valid_ratio": 1.0,
  "direct_residual_mean": 0.1318003386259079,
  "direct_residual_median": 0.10354596376419067,
  "direct_residual_p90": 0.2545467138290406,
  "plus_newton_mae": 2.3433618509664145e-08,
  "plus_newton_rmse": 2.9915730030535294e-08,
  "plus_newton_r2": 0.9999999999999991,
  "plus_newton_valid_ratio": 1.0,
  "plus_newton_residual_mean": 3.447655074120053e-14,
  "plus_newton_residual_median": 1.1102230246251565e-16,
  "plus_newton_residual_p90": 4.835298827998714e-14,
  "plus_newton_newton_iter_mean": 2.6035,
  "plus_newton_newton_iter_median": 3.0,
  "plus_newton_newton_iter_p90": 3.0,
  "plus_newton_converged_ratio": 1.0,
  "hp_use_log_ab": true,
  "hp_optimizer": "adamw",
  "hp_criterion": "mse",
  "hp_dropout": 0.0,
  "hp_lr": 0.0005,
  "hp_weight_decay": 1e-05,
  "hp_hidden_dims": "[256, 256, 128]",
  "hp_hidden_size": 128,
  "hp_num_layers": 1,
  "hp_head_hidden": 128,
  "hp_head_layers": 1,
  "hp_d_model": 32,
  "hp_nhead": 2,
  "hp_ff_dim": 128,
  "hp_use_cls_token": true
}