{
  "trial_id": 1776,
  "trial_name": "trial_1776_transformer",
  "model": "transformer",
  "best_epoch": 7,
  "elapsed_sec": 48.16758990287781,
  "direct_mae": 0.3391498029232025,
  "direct_rmse": 0.41814133524894714,
  "direct_r2": 0.8179969787597656,
  "direct_valid_ratio": 1.0,
  "direct_residual_mean": 0.3819453716278076,
  "direct_residual_median": 0.3547211289405823,
  "direct_residual_p90": 0.7512562751770021,
  "plus_newton_mae": 2.3433619381099e-08,
  "plus_newton_rmse": 2.991573101035721e-08,
  "plus_newton_r2": 0.9999999999999991,
  "plus_newton_valid_ratio": 1.0,
  "plus_newton_residual_mean": 4.2205424246210854e-14,
  "plus_newton_residual_median": 1.6653345369377348e-16,
  "plus_newton_residual_p90": 9.219760371825829e-14,
  "plus_newton_newton_iter_mean": 2.7533,
  "plus_newton_newton_iter_median": 3.0,
  "plus_newton_newton_iter_p90": 3.0,
  "plus_newton_converged_ratio": 1.0,
  "hp_use_log_ab": false,
  "hp_optimizer": "adamw",
  "hp_criterion": "smoothl1",
  "hp_dropout": 0.1,
  "hp_lr": 0.001,
  "hp_weight_decay": 0.0001,
  "hp_hidden_dims": "[256, 256, 128]",
  "hp_hidden_size": 128,
  "hp_num_layers": 2,
  "hp_head_hidden": 128,
  "hp_head_layers": 1,
  "hp_d_model": 64,
  "hp_nhead": 4,
  "hp_ff_dim": 128,
  "hp_use_cls_token": true
}{
  "trial_id": 1776,
  "trial_name": "trial_1776_transformer",
  "model": "transformer",
  "best_epoch": 7,
  "elapsed_sec": 48.16758990287781,
  "direct_mae": 0.3391498029232025,
  "direct_rmse": 0.41814133524894714,
  "direct_r2": 0.8179969787597656,
  "direct_valid_ratio": 1.0,
  "direct_residual_mean": 0.3819453716278076,
  "direct_residual_median": 0.3547211289405823,
  "direct_residual_p90": 0.7512562751770021,
  "plus_newton_mae": 2.3433619381099e-08,
  "plus_newton_rmse": 2.991573101035721e-08,
  "plus_newton_r2": 0.9999999999999991,
  "plus_newton_valid_ratio": 1.0,
  "plus_newton_residual_mean": 4.2205424246210854e-14,
  "plus_newton_residual_median": 1.6653345369377348e-16,
  "plus_newton_residual_p90": 9.219760371825829e-14,
  "plus_newton_newton_iter_mean": 2.7533,
  "plus_newton_newton_iter_median": 3.0,
  "plus_newton_newton_iter_p90": 3.0,
  "plus_newton_converged_ratio": 1.0,
  "hp_use_log_ab": false,
  "hp_optimizer": "adamw",
  "hp_criterion": "smoothl1",
  "hp_dropout": 0.1,
  "hp_lr": 0.001,
  "hp_weight_decay": 0.0001,
  "hp_hidden_dims": "[256, 256, 128]",
  "hp_hidden_size": 128,
  "hp_num_layers": 2,
  "hp_head_hidden": 128,
  "hp_head_layers": 1,
  "hp_d_model": 64,
  "hp_nhead": 4,
  "hp_ff_dim": 128,
  "hp_use_cls_token": true
}