{
  "trial_id": 2296,
  "trial_name": "trial_2296_transformer",
  "model": "transformer",
  "best_epoch": 109,
  "elapsed_sec": 210.04014492034912,
  "direct_mae": 0.0011966952588409185,
  "direct_rmse": 0.001495036412961781,
  "direct_r2": 0.9999976733238327,
  "direct_valid_ratio": 1.0,
  "direct_residual_mean": 0.0014589732745662332,
  "direct_residual_median": 0.001190081238746643,
  "direct_residual_p90": 0.0029937565326690675,
  "plus_newton_mae": 2.3433618193039137e-08,
  "plus_newton_rmse": 2.991572958091184e-08,
  "plus_newton_r2": 0.9999999999999991,
  "plus_newton_valid_ratio": 1.0,
  "plus_newton_residual_mean": 2.57763979653758e-14,
  "plus_newton_residual_median": 1.1102230246251565e-16,
  "plus_newton_residual_p90": 2.055612624563003e-14,
  "plus_newton_newton_iter_mean": 1.9708,
  "plus_newton_newton_iter_median": 2.0,
  "plus_newton_newton_iter_p90": 2.0,
  "plus_newton_converged_ratio": 1.0,
  "hp_use_log_ab": true,
  "hp_optimizer": "adamw",
  "hp_criterion": "mse",
  "hp_dropout": 0.0,
  "hp_lr": 0.001,
  "hp_weight_decay": 0.0001,
  "hp_hidden_dims": "[256, 256, 128]",
  "hp_hidden_size": 128,
  "hp_num_layers": 2,
  "hp_head_hidden": 128,
  "hp_head_layers": 2,
  "hp_d_model": 32,
  "hp_nhead": 4,
  "hp_ff_dim": 128,
  "hp_use_cls_token": true
}{
  "trial_id": 2296,
  "trial_name": "trial_2296_transformer",
  "model": "transformer",
  "best_epoch": 109,
  "elapsed_sec": 210.04014492034912,
  "direct_mae": 0.0011966952588409185,
  "direct_rmse": 0.001495036412961781,
  "direct_r2": 0.9999976733238327,
  "direct_valid_ratio": 1.0,
  "direct_residual_mean": 0.0014589732745662332,
  "direct_residual_median": 0.001190081238746643,
  "direct_residual_p90": 0.0029937565326690675,
  "plus_newton_mae": 2.3433618193039137e-08,
  "plus_newton_rmse": 2.991572958091184e-08,
  "plus_newton_r2": 0.9999999999999991,
  "plus_newton_valid_ratio": 1.0,
  "plus_newton_residual_mean": 2.57763979653758e-14,
  "plus_newton_residual_median": 1.1102230246251565e-16,
  "plus_newton_residual_p90": 2.055612624563003e-14,
  "plus_newton_newton_iter_mean": 1.9708,
  "plus_newton_newton_iter_median": 2.0,
  "plus_newton_newton_iter_p90": 2.0,
  "plus_newton_converged_ratio": 1.0,
  "hp_use_log_ab": true,
  "hp_optimizer": "adamw",
  "hp_criterion": "mse",
  "hp_dropout": 0.0,
  "hp_lr": 0.001,
  "hp_weight_decay": 0.0001,
  "hp_hidden_dims": "[256, 256, 128]",
  "hp_hidden_size": 128,
  "hp_num_layers": 2,
  "hp_head_hidden": 128,
  "hp_head_layers": 2,
  "hp_d_model": 32,
  "hp_nhead": 4,
  "hp_ff_dim": 128,
  "hp_use_cls_token": true
}