{
  "trial_id": 2486,
  "trial_name": "trial_2486_transformer",
  "model": "transformer",
  "best_epoch": 77,
  "elapsed_sec": 140.2641110420227,
  "direct_mae": 0.0014234046684578061,
  "direct_rmse": 0.001813564682379365,
  "direct_r2": 0.9999965762779084,
  "direct_valid_ratio": 1.0,
  "direct_residual_mean": 0.0017663738690316677,
  "direct_residual_median": 0.001300811767578125,
  "direct_residual_p90": 0.003755496442317963,
  "plus_newton_mae": 2.3433617750163616e-08,
  "plus_newton_rmse": 2.9915730063882366e-08,
  "plus_newton_r2": 0.9999999999999991,
  "plus_newton_valid_ratio": 1.0,
  "plus_newton_residual_mean": 2.635719914003036e-14,
  "plus_newton_residual_median": 9.71445146547012e-17,
  "plus_newton_residual_p90": 1.7552626019323765e-14,
  "plus_newton_newton_iter_mean": 1.992,
  "plus_newton_newton_iter_median": 2.0,
  "plus_newton_newton_iter_p90": 2.0,
  "plus_newton_converged_ratio": 1.0,
  "hp_use_log_ab": true,
  "hp_optimizer": "adamw",
  "hp_criterion": "mse",
  "hp_dropout": 0.0,
  "hp_lr": 0.0005,
  "hp_weight_decay": 0.0001,
  "hp_hidden_dims": "[256, 256, 128]",
  "hp_hidden_size": 128,
  "hp_num_layers": 1,
  "hp_head_hidden": 128,
  "hp_head_layers": 2,
  "hp_d_model": 32,
  "hp_nhead": 4,
  "hp_ff_dim": 64,
  "hp_use_cls_token": true
}{
  "trial_id": 2486,
  "trial_name": "trial_2486_transformer",
  "model": "transformer",
  "best_epoch": 77,
  "elapsed_sec": 140.2641110420227,
  "direct_mae": 0.0014234046684578061,
  "direct_rmse": 0.001813564682379365,
  "direct_r2": 0.9999965762779084,
  "direct_valid_ratio": 1.0,
  "direct_residual_mean": 0.0017663738690316677,
  "direct_residual_median": 0.001300811767578125,
  "direct_residual_p90": 0.003755496442317963,
  "plus_newton_mae": 2.3433617750163616e-08,
  "plus_newton_rmse": 2.9915730063882366e-08,
  "plus_newton_r2": 0.9999999999999991,
  "plus_newton_valid_ratio": 1.0,
  "plus_newton_residual_mean": 2.635719914003036e-14,
  "plus_newton_residual_median": 9.71445146547012e-17,
  "plus_newton_residual_p90": 1.7552626019323765e-14,
  "plus_newton_newton_iter_mean": 1.992,
  "plus_newton_newton_iter_median": 2.0,
  "plus_newton_newton_iter_p90": 2.0,
  "plus_newton_converged_ratio": 1.0,
  "hp_use_log_ab": true,
  "hp_optimizer": "adamw",
  "hp_criterion": "mse",
  "hp_dropout": 0.0,
  "hp_lr": 0.0005,
  "hp_weight_decay": 0.0001,
  "hp_hidden_dims": "[256, 256, 128]",
  "hp_hidden_size": 128,
  "hp_num_layers": 1,
  "hp_head_hidden": 128,
  "hp_head_layers": 2,
  "hp_d_model": 32,
  "hp_nhead": 4,
  "hp_ff_dim": 64,
  "hp_use_cls_token": true
}