{
  "trial_id": 263,
  "trial_name": "trial_263_transformer",
  "model": "transformer",
  "best_epoch": 56,
  "elapsed_sec": 194.7490255832672,
  "direct_mae": 0.34030190110206604,
  "direct_rmse": 0.41687655448913574,
  "direct_r2": 0.8190963566303253,
  "direct_valid_ratio": 1.0,
  "direct_residual_mean": 0.383620947599411,
  "direct_residual_median": 0.3599425256252289,
  "direct_residual_p90": 0.7258435785770418,
  "plus_newton_mae": 2.343361911568916e-08,
  "plus_newton_rmse": 2.991573076706569e-08,
  "plus_newton_r2": 0.9999999999999991,
  "plus_newton_valid_ratio": 1.0,
  "plus_newton_residual_mean": 4.441082277344911e-14,
  "plus_newton_residual_median": 1.6653345369377348e-16,
  "plus_newton_residual_p90": 1.0572653863505378e-13,
  "plus_newton_newton_iter_mean": 2.7572,
  "plus_newton_newton_iter_median": 3.0,
  "plus_newton_newton_iter_p90": 3.0,
  "plus_newton_converged_ratio": 1.0,
  "hp_use_log_ab": false,
  "hp_optimizer": "adamw",
  "hp_criterion": "mse",
  "hp_dropout": 0.0,
  "hp_lr": 0.0005,
  "hp_weight_decay": 1e-05,
  "hp_hidden_dims": "[256, 256, 128]",
  "hp_hidden_size": 128,
  "hp_num_layers": 1,
  "hp_head_hidden": 64,
  "hp_head_layers": 1,
  "hp_d_model": 32,
  "hp_nhead": 4,
  "hp_ff_dim": 128,
  "hp_use_cls_token": false
}{
  "trial_id": 263,
  "trial_name": "trial_263_transformer",
  "model": "transformer",
  "best_epoch": 56,
  "elapsed_sec": 194.7490255832672,
  "direct_mae": 0.34030190110206604,
  "direct_rmse": 0.41687655448913574,
  "direct_r2": 0.8190963566303253,
  "direct_valid_ratio": 1.0,
  "direct_residual_mean": 0.383620947599411,
  "direct_residual_median": 0.3599425256252289,
  "direct_residual_p90": 0.7258435785770418,
  "plus_newton_mae": 2.343361911568916e-08,
  "plus_newton_rmse": 2.991573076706569e-08,
  "plus_newton_r2": 0.9999999999999991,
  "plus_newton_valid_ratio": 1.0,
  "plus_newton_residual_mean": 4.441082277344911e-14,
  "plus_newton_residual_median": 1.6653345369377348e-16,
  "plus_newton_residual_p90": 1.0572653863505378e-13,
  "plus_newton_newton_iter_mean": 2.7572,
  "plus_newton_newton_iter_median": 3.0,
  "plus_newton_newton_iter_p90": 3.0,
  "plus_newton_converged_ratio": 1.0,
  "hp_use_log_ab": false,
  "hp_optimizer": "adamw",
  "hp_criterion": "mse",
  "hp_dropout": 0.0,
  "hp_lr": 0.0005,
  "hp_weight_decay": 1e-05,
  "hp_hidden_dims": "[256, 256, 128]",
  "hp_hidden_size": 128,
  "hp_num_layers": 1,
  "hp_head_hidden": 64,
  "hp_head_layers": 1,
  "hp_d_model": 32,
  "hp_nhead": 4,
  "hp_ff_dim": 128,
  "hp_use_cls_token": false
}