{
  "trial_id": 1773,
  "trial_name": "trial_1773_transformer",
  "model": "transformer",
  "best_epoch": 5,
  "elapsed_sec": 43.80912923812866,
  "direct_mae": 0.3410849869251251,
  "direct_rmse": 0.4174245297908783,
  "direct_r2": 0.8186204582452774,
  "direct_valid_ratio": 1.0,
  "direct_residual_mean": 0.3858107626438141,
  "direct_residual_median": 0.3620389699935913,
  "direct_residual_p90": 0.7368864655494691,
  "plus_newton_mae": 2.343361795342641e-08,
  "plus_newton_rmse": 2.991572988643811e-08,
  "plus_newton_r2": 0.9999999999999991,
  "plus_newton_valid_ratio": 1.0,
  "plus_newton_residual_mean": 4.353725741020073e-14,
  "plus_newton_residual_median": 1.6653345369377348e-16,
  "plus_newton_residual_p90": 9.393597011353454e-14,
  "plus_newton_newton_iter_mean": 2.7622,
  "plus_newton_newton_iter_median": 3.0,
  "plus_newton_newton_iter_p90": 3.0,
  "plus_newton_converged_ratio": 1.0,
  "hp_use_log_ab": false,
  "hp_optimizer": "adamw",
  "hp_criterion": "smoothl1",
  "hp_dropout": 0.1,
  "hp_lr": 0.001,
  "hp_weight_decay": 0.0001,
  "hp_hidden_dims": "[256, 256, 128]",
  "hp_hidden_size": 128,
  "hp_num_layers": 2,
  "hp_head_hidden": 128,
  "hp_head_layers": 1,
  "hp_d_model": 64,
  "hp_nhead": 4,
  "hp_ff_dim": 64,
  "hp_use_cls_token": false
}{
  "trial_id": 1773,
  "trial_name": "trial_1773_transformer",
  "model": "transformer",
  "best_epoch": 5,
  "elapsed_sec": 43.80912923812866,
  "direct_mae": 0.3410849869251251,
  "direct_rmse": 0.4174245297908783,
  "direct_r2": 0.8186204582452774,
  "direct_valid_ratio": 1.0,
  "direct_residual_mean": 0.3858107626438141,
  "direct_residual_median": 0.3620389699935913,
  "direct_residual_p90": 0.7368864655494691,
  "plus_newton_mae": 2.343361795342641e-08,
  "plus_newton_rmse": 2.991572988643811e-08,
  "plus_newton_r2": 0.9999999999999991,
  "plus_newton_valid_ratio": 1.0,
  "plus_newton_residual_mean": 4.353725741020073e-14,
  "plus_newton_residual_median": 1.6653345369377348e-16,
  "plus_newton_residual_p90": 9.393597011353454e-14,
  "plus_newton_newton_iter_mean": 2.7622,
  "plus_newton_newton_iter_median": 3.0,
  "plus_newton_newton_iter_p90": 3.0,
  "plus_newton_converged_ratio": 1.0,
  "hp_use_log_ab": false,
  "hp_optimizer": "adamw",
  "hp_criterion": "smoothl1",
  "hp_dropout": 0.1,
  "hp_lr": 0.001,
  "hp_weight_decay": 0.0001,
  "hp_hidden_dims": "[256, 256, 128]",
  "hp_hidden_size": 128,
  "hp_num_layers": 2,
  "hp_head_hidden": 128,
  "hp_head_layers": 1,
  "hp_d_model": 64,
  "hp_nhead": 4,
  "hp_ff_dim": 64,
  "hp_use_cls_token": false
}