{
  "trial_id": 865,
  "trial_name": "trial_865_transformer",
  "model": "transformer",
  "best_epoch": 22,
  "elapsed_sec": 76.71670627593994,
  "direct_mae": 0.34131839871406555,
  "direct_rmse": 0.4170490801334381,
  "direct_r2": 0.818946585059166,
  "direct_valid_ratio": 1.0,
  "direct_residual_mean": 0.3845350444316864,
  "direct_residual_median": 0.3624730706214905,
  "direct_residual_p90": 0.7170854806900027,
  "plus_newton_mae": 2.3433619186981584e-08,
  "plus_newton_rmse": 2.991573141840621e-08,
  "plus_newton_r2": 0.9999999999999991,
  "plus_newton_valid_ratio": 1.0,
  "plus_newton_residual_mean": 4.4791170345395397e-14,
  "plus_newton_residual_median": 1.6653345369377348e-16,
  "plus_newton_residual_p90": 1.0672573935721642e-13,
  "plus_newton_newton_iter_mean": 2.7558,
  "plus_newton_newton_iter_median": 3.0,
  "plus_newton_newton_iter_p90": 3.0,
  "plus_newton_converged_ratio": 1.0,
  "hp_use_log_ab": false,
  "hp_optimizer": "adamw",
  "hp_criterion": "mse",
  "hp_dropout": 0.1,
  "hp_lr": 0.0005,
  "hp_weight_decay": 1e-05,
  "hp_hidden_dims": "[256, 256, 128]",
  "hp_hidden_size": 128,
  "hp_num_layers": 2,
  "hp_head_hidden": 128,
  "hp_head_layers": 1,
  "hp_d_model": 32,
  "hp_nhead": 2,
  "hp_ff_dim": 64,
  "hp_use_cls_token": false
}{
  "trial_id": 865,
  "trial_name": "trial_865_transformer",
  "model": "transformer",
  "best_epoch": 22,
  "elapsed_sec": 76.71670627593994,
  "direct_mae": 0.34131839871406555,
  "direct_rmse": 0.4170490801334381,
  "direct_r2": 0.818946585059166,
  "direct_valid_ratio": 1.0,
  "direct_residual_mean": 0.3845350444316864,
  "direct_residual_median": 0.3624730706214905,
  "direct_residual_p90": 0.7170854806900027,
  "plus_newton_mae": 2.3433619186981584e-08,
  "plus_newton_rmse": 2.991573141840621e-08,
  "plus_newton_r2": 0.9999999999999991,
  "plus_newton_valid_ratio": 1.0,
  "plus_newton_residual_mean": 4.4791170345395397e-14,
  "plus_newton_residual_median": 1.6653345369377348e-16,
  "plus_newton_residual_p90": 1.0672573935721642e-13,
  "plus_newton_newton_iter_mean": 2.7558,
  "plus_newton_newton_iter_median": 3.0,
  "plus_newton_newton_iter_p90": 3.0,
  "plus_newton_converged_ratio": 1.0,
  "hp_use_log_ab": false,
  "hp_optimizer": "adamw",
  "hp_criterion": "mse",
  "hp_dropout": 0.1,
  "hp_lr": 0.0005,
  "hp_weight_decay": 1e-05,
  "hp_hidden_dims": "[256, 256, 128]",
  "hp_hidden_size": 128,
  "hp_num_layers": 2,
  "hp_head_hidden": 128,
  "hp_head_layers": 1,
  "hp_d_model": 32,
  "hp_nhead": 2,
  "hp_ff_dim": 64,
  "hp_use_cls_token": false
}