{
  "trial_id": 1932,
  "trial_name": "trial_1932_transformer",
  "model": "transformer",
  "best_epoch": 17,
  "elapsed_sec": 52.27275228500366,
  "direct_mae": 0.3409089148044586,
  "direct_rmse": 0.4176137447357178,
  "direct_r2": 0.8184559792280197,
  "direct_valid_ratio": 1.0,
  "direct_residual_mean": 0.3834786117076874,
  "direct_residual_median": 0.35957226157188416,
  "direct_residual_p90": 0.7299063444137573,
  "plus_newton_mae": 2.3433619741419848e-08,
  "plus_newton_rmse": 2.991573153257242e-08,
  "plus_newton_r2": 0.9999999999999991,
  "plus_newton_valid_ratio": 1.0,
  "plus_newton_residual_mean": 4.240743393204538e-14,
  "plus_newton_residual_median": 2.220446049250313e-16,
  "plus_newton_residual_p90": 9.382078447472966e-14,
  "plus_newton_newton_iter_mean": 2.7519,
  "plus_newton_newton_iter_median": 3.0,
  "plus_newton_newton_iter_p90": 3.0,
  "plus_newton_converged_ratio": 1.0,
  "hp_use_log_ab": false,
  "hp_optimizer": "adamw",
  "hp_criterion": "smoothl1",
  "hp_dropout": 0.1,
  "hp_lr": 0.0005,
  "hp_weight_decay": 0.0001,
  "hp_hidden_dims": "[256, 256, 128]",
  "hp_hidden_size": 128,
  "hp_num_layers": 1,
  "hp_head_hidden": 64,
  "hp_head_layers": 1,
  "hp_d_model": 64,
  "hp_nhead": 2,
  "hp_ff_dim": 128,
  "hp_use_cls_token": true
}{
  "trial_id": 1932,
  "trial_name": "trial_1932_transformer",
  "model": "transformer",
  "best_epoch": 17,
  "elapsed_sec": 52.27275228500366,
  "direct_mae": 0.3409089148044586,
  "direct_rmse": 0.4176137447357178,
  "direct_r2": 0.8184559792280197,
  "direct_valid_ratio": 1.0,
  "direct_residual_mean": 0.3834786117076874,
  "direct_residual_median": 0.35957226157188416,
  "direct_residual_p90": 0.7299063444137573,
  "plus_newton_mae": 2.3433619741419848e-08,
  "plus_newton_rmse": 2.991573153257242e-08,
  "plus_newton_r2": 0.9999999999999991,
  "plus_newton_valid_ratio": 1.0,
  "plus_newton_residual_mean": 4.240743393204538e-14,
  "plus_newton_residual_median": 2.220446049250313e-16,
  "plus_newton_residual_p90": 9.382078447472966e-14,
  "plus_newton_newton_iter_mean": 2.7519,
  "plus_newton_newton_iter_median": 3.0,
  "plus_newton_newton_iter_p90": 3.0,
  "plus_newton_converged_ratio": 1.0,
  "hp_use_log_ab": false,
  "hp_optimizer": "adamw",
  "hp_criterion": "smoothl1",
  "hp_dropout": 0.1,
  "hp_lr": 0.0005,
  "hp_weight_decay": 0.0001,
  "hp_hidden_dims": "[256, 256, 128]",
  "hp_hidden_size": 128,
  "hp_num_layers": 1,
  "hp_head_hidden": 64,
  "hp_head_layers": 1,
  "hp_d_model": 64,
  "hp_nhead": 2,
  "hp_ff_dim": 128,
  "hp_use_cls_token": true
}