{
  "trial_id": 315,
  "trial_name": "trial_315_lstm",
  "model": "lstm",
  "best_epoch": 79,
  "elapsed_sec": 213.00117874145508,
  "direct_mae": 0.09834858775138855,
  "direct_rmse": 0.12367849797010422,
  "direct_r2": 0.9840771500021219,
  "direct_valid_ratio": 1.0,
  "direct_residual_mean": 0.12357602268457413,
  "direct_residual_median": 0.10134255886077881,
  "direct_residual_p90": 0.24469646960496907,
  "plus_newton_mae": 2.3433618488707604e-08,
  "plus_newton_rmse": 2.9915728571766503e-08,
  "plus_newton_r2": 0.9999999999999991,
  "plus_newton_valid_ratio": 1.0,
  "plus_newton_residual_mean": 3.5284282953225314e-14,
  "plus_newton_residual_median": 1.1102230246251565e-16,
  "plus_newton_residual_p90": 5.39679412270289e-14,
  "plus_newton_newton_iter_mean": 2.6038,
  "plus_newton_newton_iter_median": 3.0,
  "plus_newton_newton_iter_p90": 3.0,
  "plus_newton_converged_ratio": 1.0,
  "hp_use_log_ab": true,
  "hp_optimizer": "adamw",
  "hp_criterion": "mse",
  "hp_dropout": 0.0,
  "hp_lr": 0.0005,
  "hp_weight_decay": 0.0001,
  "hp_hidden_dims": "[256, 256, 128]",
  "hp_hidden_size": 128,
  "hp_num_layers": 1,
  "hp_head_hidden": 128,
  "hp_head_layers": 1,
  "hp_d_model": 64,
  "hp_nhead": 4,
  "hp_ff_dim": 128,
  "hp_use_cls_token": false
}{
  "trial_id": 315,
  "trial_name": "trial_315_lstm",
  "model": "lstm",
  "best_epoch": 79,
  "elapsed_sec": 213.00117874145508,
  "direct_mae": 0.09834858775138855,
  "direct_rmse": 0.12367849797010422,
  "direct_r2": 0.9840771500021219,
  "direct_valid_ratio": 1.0,
  "direct_residual_mean": 0.12357602268457413,
  "direct_residual_median": 0.10134255886077881,
  "direct_residual_p90": 0.24469646960496907,
  "plus_newton_mae": 2.3433618488707604e-08,
  "plus_newton_rmse": 2.9915728571766503e-08,
  "plus_newton_r2": 0.9999999999999991,
  "plus_newton_valid_ratio": 1.0,
  "plus_newton_residual_mean": 3.5284282953225314e-14,
  "plus_newton_residual_median": 1.1102230246251565e-16,
  "plus_newton_residual_p90": 5.39679412270289e-14,
  "plus_newton_newton_iter_mean": 2.6038,
  "plus_newton_newton_iter_median": 3.0,
  "plus_newton_newton_iter_p90": 3.0,
  "plus_newton_converged_ratio": 1.0,
  "hp_use_log_ab": true,
  "hp_optimizer": "adamw",
  "hp_criterion": "mse",
  "hp_dropout": 0.0,
  "hp_lr": 0.0005,
  "hp_weight_decay": 0.0001,
  "hp_hidden_dims": "[256, 256, 128]",
  "hp_hidden_size": 128,
  "hp_num_layers": 1,
  "hp_head_hidden": 128,
  "hp_head_layers": 1,
  "hp_d_model": 64,
  "hp_nhead": 4,
  "hp_ff_dim": 128,
  "hp_use_cls_token": false
}