{
  "trial_id": 2505,
  "trial_name": "trial_2505_transformer",
  "model": "transformer",
  "best_epoch": 25,
  "elapsed_sec": 77.6344473361969,
  "direct_mae": 0.1056746244430542,
  "direct_rmse": 0.13279099762439728,
  "direct_r2": 0.981644356623292,
  "direct_valid_ratio": 1.0,
  "direct_residual_mean": 0.13289251923561096,
  "direct_residual_median": 0.10995656251907349,
  "direct_residual_p90": 0.2543252915143967,
  "plus_newton_mae": 2.3433618905772257e-08,
  "plus_newton_rmse": 2.991572991156023e-08,
  "plus_newton_r2": 0.9999999999999991,
  "plus_newton_valid_ratio": 1.0,
  "plus_newton_residual_mean": 3.513609857047178e-14,
  "plus_newton_residual_median": 1.1102230246251565e-16,
  "plus_newton_residual_p90": 5.374034550698072e-14,
  "plus_newton_newton_iter_mean": 2.6174,
  "plus_newton_newton_iter_median": 3.0,
  "plus_newton_newton_iter_p90": 3.0,
  "plus_newton_converged_ratio": 1.0,
  "hp_use_log_ab": true,
  "hp_optimizer": "adamw",
  "hp_criterion": "mse",
  "hp_dropout": 0.0,
  "hp_lr": 0.0005,
  "hp_weight_decay": 0.0001,
  "hp_hidden_dims": "[256, 256, 128]",
  "hp_hidden_size": 128,
  "hp_num_layers": 2,
  "hp_head_hidden": 64,
  "hp_head_layers": 1,
  "hp_d_model": 64,
  "hp_nhead": 2,
  "hp_ff_dim": 64,
  "hp_use_cls_token": false
}{
  "trial_id": 2505,
  "trial_name": "trial_2505_transformer",
  "model": "transformer",
  "best_epoch": 25,
  "elapsed_sec": 77.6344473361969,
  "direct_mae": 0.1056746244430542,
  "direct_rmse": 0.13279099762439728,
  "direct_r2": 0.981644356623292,
  "direct_valid_ratio": 1.0,
  "direct_residual_mean": 0.13289251923561096,
  "direct_residual_median": 0.10995656251907349,
  "direct_residual_p90": 0.2543252915143967,
  "plus_newton_mae": 2.3433618905772257e-08,
  "plus_newton_rmse": 2.991572991156023e-08,
  "plus_newton_r2": 0.9999999999999991,
  "plus_newton_valid_ratio": 1.0,
  "plus_newton_residual_mean": 3.513609857047178e-14,
  "plus_newton_residual_median": 1.1102230246251565e-16,
  "plus_newton_residual_p90": 5.374034550698072e-14,
  "plus_newton_newton_iter_mean": 2.6174,
  "plus_newton_newton_iter_median": 3.0,
  "plus_newton_newton_iter_p90": 3.0,
  "plus_newton_converged_ratio": 1.0,
  "hp_use_log_ab": true,
  "hp_optimizer": "adamw",
  "hp_criterion": "mse",
  "hp_dropout": 0.0,
  "hp_lr": 0.0005,
  "hp_weight_decay": 0.0001,
  "hp_hidden_dims": "[256, 256, 128]",
  "hp_hidden_size": 128,
  "hp_num_layers": 2,
  "hp_head_hidden": 64,
  "hp_head_layers": 1,
  "hp_d_model": 64,
  "hp_nhead": 2,
  "hp_ff_dim": 64,
  "hp_use_cls_token": false
}