{
  "trial_id": 1161,
  "trial_name": "trial_1161_transformer",
  "model": "transformer",
  "best_epoch": 17,
  "elapsed_sec": 49.882635831832886,
  "direct_mae": 0.337873637676239,
  "direct_rmse": 0.41947051882743835,
  "direct_r2": 0.8168380558490753,
  "direct_valid_ratio": 1.0,
  "direct_residual_mean": 0.3818843364715576,
  "direct_residual_median": 0.34841352701187134,
  "direct_residual_p90": 0.7754753589630127,
  "plus_newton_mae": 2.343361838937872e-08,
  "plus_newton_rmse": 2.9915730951956065e-08,
  "plus_newton_r2": 0.9999999999999991,
  "plus_newton_valid_ratio": 1.0,
  "plus_newton_residual_mean": 4.3527476657061905e-14,
  "plus_newton_residual_median": 1.1102230246251565e-16,
  "plus_newton_residual_p90": 1.0191847366058937e-13,
  "plus_newton_newton_iter_mean": 2.761,
  "plus_newton_newton_iter_median": 3.0,
  "plus_newton_newton_iter_p90": 3.0,
  "plus_newton_converged_ratio": 1.0,
  "hp_use_log_ab": false,
  "hp_optimizer": "adamw",
  "hp_criterion": "smoothl1",
  "hp_dropout": 0.0,
  "hp_lr": 0.001,
  "hp_weight_decay": 0.0001,
  "hp_hidden_dims": "[256, 256, 128]",
  "hp_hidden_size": 128,
  "hp_num_layers": 1,
  "hp_head_hidden": 64,
  "hp_head_layers": 1,
  "hp_d_model": 64,
  "hp_nhead": 2,
  "hp_ff_dim": 64,
  "hp_use_cls_token": false
}{
  "trial_id": 1161,
  "trial_name": "trial_1161_transformer",
  "model": "transformer",
  "best_epoch": 17,
  "elapsed_sec": 49.882635831832886,
  "direct_mae": 0.337873637676239,
  "direct_rmse": 0.41947051882743835,
  "direct_r2": 0.8168380558490753,
  "direct_valid_ratio": 1.0,
  "direct_residual_mean": 0.3818843364715576,
  "direct_residual_median": 0.34841352701187134,
  "direct_residual_p90": 0.7754753589630127,
  "plus_newton_mae": 2.343361838937872e-08,
  "plus_newton_rmse": 2.9915730951956065e-08,
  "plus_newton_r2": 0.9999999999999991,
  "plus_newton_valid_ratio": 1.0,
  "plus_newton_residual_mean": 4.3527476657061905e-14,
  "plus_newton_residual_median": 1.1102230246251565e-16,
  "plus_newton_residual_p90": 1.0191847366058937e-13,
  "plus_newton_newton_iter_mean": 2.761,
  "plus_newton_newton_iter_median": 3.0,
  "plus_newton_newton_iter_p90": 3.0,
  "plus_newton_converged_ratio": 1.0,
  "hp_use_log_ab": false,
  "hp_optimizer": "adamw",
  "hp_criterion": "smoothl1",
  "hp_dropout": 0.0,
  "hp_lr": 0.001,
  "hp_weight_decay": 0.0001,
  "hp_hidden_dims": "[256, 256, 128]",
  "hp_hidden_size": 128,
  "hp_num_layers": 1,
  "hp_head_hidden": 64,
  "hp_head_layers": 1,
  "hp_d_model": 64,
  "hp_nhead": 2,
  "hp_ff_dim": 64,
  "hp_use_cls_token": false
}