{
  "trial_id": 1081,
  "trial_name": "trial_1081_transformer",
  "model": "transformer",
  "best_epoch": 31,
  "elapsed_sec": 70.83217239379883,
  "direct_mae": 0.0026674349792301655,
  "direct_rmse": 0.005567358341068029,
  "direct_r2": 0.9999677350642742,
  "direct_valid_ratio": 1.0,
  "direct_residual_mean": 0.0031971142161637545,
  "direct_residual_median": 0.0018301010131835938,
  "direct_residual_p90": 0.006521272659301758,
  "plus_newton_mae": 2.3433617874922487e-08,
  "plus_newton_rmse": 2.991573015622984e-08,
  "plus_newton_r2": 0.9999999999999991,
  "plus_newton_valid_ratio": 1.0,
  "plus_newton_residual_mean": 2.822366509043324e-14,
  "plus_newton_residual_median": 1.1102230246251565e-16,
  "plus_newton_residual_p90": 2.7133850721838987e-14,
  "plus_newton_newton_iter_mean": 2.0208,
  "plus_newton_newton_iter_median": 2.0,
  "plus_newton_newton_iter_p90": 2.0,
  "plus_newton_converged_ratio": 1.0,
  "hp_use_log_ab": false,
  "hp_optimizer": "adamw",
  "hp_criterion": "smoothl1",
  "hp_dropout": 0.0,
  "hp_lr": 0.001,
  "hp_weight_decay": 1e-05,
  "hp_hidden_dims": "[256, 256, 128]",
  "hp_hidden_size": 128,
  "hp_num_layers": 1,
  "hp_head_hidden": 128,
  "hp_head_layers": 2,
  "hp_d_model": 64,
  "hp_nhead": 2,
  "hp_ff_dim": 64,
  "hp_use_cls_token": false
}{
  "trial_id": 1081,
  "trial_name": "trial_1081_transformer",
  "model": "transformer",
  "best_epoch": 31,
  "elapsed_sec": 70.83217239379883,
  "direct_mae": 0.0026674349792301655,
  "direct_rmse": 0.005567358341068029,
  "direct_r2": 0.9999677350642742,
  "direct_valid_ratio": 1.0,
  "direct_residual_mean": 0.0031971142161637545,
  "direct_residual_median": 0.0018301010131835938,
  "direct_residual_p90": 0.006521272659301758,
  "plus_newton_mae": 2.3433617874922487e-08,
  "plus_newton_rmse": 2.991573015622984e-08,
  "plus_newton_r2": 0.9999999999999991,
  "plus_newton_valid_ratio": 1.0,
  "plus_newton_residual_mean": 2.822366509043324e-14,
  "plus_newton_residual_median": 1.1102230246251565e-16,
  "plus_newton_residual_p90": 2.7133850721838987e-14,
  "plus_newton_newton_iter_mean": 2.0208,
  "plus_newton_newton_iter_median": 2.0,
  "plus_newton_newton_iter_p90": 2.0,
  "plus_newton_converged_ratio": 1.0,
  "hp_use_log_ab": false,
  "hp_optimizer": "adamw",
  "hp_criterion": "smoothl1",
  "hp_dropout": 0.0,
  "hp_lr": 0.001,
  "hp_weight_decay": 1e-05,
  "hp_hidden_dims": "[256, 256, 128]",
  "hp_hidden_size": 128,
  "hp_num_layers": 1,
  "hp_head_hidden": 128,
  "hp_head_layers": 2,
  "hp_d_model": 64,
  "hp_nhead": 2,
  "hp_ff_dim": 64,
  "hp_use_cls_token": false
}