{
  "trial_id": 329,
  "trial_name": "trial_329_transformer",
  "model": "transformer",
  "best_epoch": 18,
  "elapsed_sec": 120.32920217514038,
  "direct_mae": 0.3417750298976898,
  "direct_rmse": 0.41707250475883484,
  "direct_r2": 0.8189262598752975,
  "direct_valid_ratio": 1.0,
  "direct_residual_mean": 0.385204553604126,
  "direct_residual_median": 0.3633270263671875,
  "direct_residual_p90": 0.7146759033203129,
  "plus_newton_mae": 2.3433619671933182e-08,
  "plus_newton_rmse": 2.991573189590594e-08,
  "plus_newton_r2": 0.9999999999999991,
  "plus_newton_valid_ratio": 1.0,
  "plus_newton_residual_mean": 4.488097422367091e-14,
  "plus_newton_residual_median": 2.220446049250313e-16,
  "plus_newton_residual_p90": 1.071476241065739e-13,
  "plus_newton_newton_iter_mean": 2.7564,
  "plus_newton_newton_iter_median": 3.0,
  "plus_newton_newton_iter_p90": 3.0,
  "plus_newton_converged_ratio": 1.0,
  "hp_use_log_ab": false,
  "hp_optimizer": "adamw",
  "hp_criterion": "mse",
  "hp_dropout": 0.0,
  "hp_lr": 0.0005,
  "hp_weight_decay": 1e-05,
  "hp_hidden_dims": "[256, 256, 128]",
  "hp_hidden_size": 128,
  "hp_num_layers": 2,
  "hp_head_hidden": 64,
  "hp_head_layers": 1,
  "hp_d_model": 64,
  "hp_nhead": 2,
  "hp_ff_dim": 64,
  "hp_use_cls_token": false
}{
  "trial_id": 329,
  "trial_name": "trial_329_transformer",
  "model": "transformer",
  "best_epoch": 18,
  "elapsed_sec": 120.32920217514038,
  "direct_mae": 0.3417750298976898,
  "direct_rmse": 0.41707250475883484,
  "direct_r2": 0.8189262598752975,
  "direct_valid_ratio": 1.0,
  "direct_residual_mean": 0.385204553604126,
  "direct_residual_median": 0.3633270263671875,
  "direct_residual_p90": 0.7146759033203129,
  "plus_newton_mae": 2.3433619671933182e-08,
  "plus_newton_rmse": 2.991573189590594e-08,
  "plus_newton_r2": 0.9999999999999991,
  "plus_newton_valid_ratio": 1.0,
  "plus_newton_residual_mean": 4.488097422367091e-14,
  "plus_newton_residual_median": 2.220446049250313e-16,
  "plus_newton_residual_p90": 1.071476241065739e-13,
  "plus_newton_newton_iter_mean": 2.7564,
  "plus_newton_newton_iter_median": 3.0,
  "plus_newton_newton_iter_p90": 3.0,
  "plus_newton_converged_ratio": 1.0,
  "hp_use_log_ab": false,
  "hp_optimizer": "adamw",
  "hp_criterion": "mse",
  "hp_dropout": 0.0,
  "hp_lr": 0.0005,
  "hp_weight_decay": 1e-05,
  "hp_hidden_dims": "[256, 256, 128]",
  "hp_hidden_size": 128,
  "hp_num_layers": 2,
  "hp_head_hidden": 64,
  "hp_head_layers": 1,
  "hp_d_model": 64,
  "hp_nhead": 2,
  "hp_ff_dim": 64,
  "hp_use_cls_token": false
}