{
  "trial_id": 2353,
  "trial_name": "trial_2353_transformer",
  "model": "transformer",
  "best_epoch": 104,
  "elapsed_sec": 167.23730945587158,
  "direct_mae": 0.001908798236399889,
  "direct_rmse": 0.002453429391607642,
  "direct_r2": 0.9999937341572149,
  "direct_valid_ratio": 1.0,
  "direct_residual_mean": 0.0023857932537794113,
  "direct_residual_median": 0.0018169879913330078,
  "direct_residual_p90": 0.0052906513214111325,
  "plus_newton_mae": 2.3433617767589158e-08,
  "plus_newton_rmse": 2.9915731104333923e-08,
  "plus_newton_r2": 0.9999999999999991,
  "plus_newton_valid_ratio": 1.0,
  "plus_newton_residual_mean": 3.889181785171283e-14,
  "plus_newton_residual_median": 1.1102230246251565e-16,
  "plus_newton_residual_p90": 6.064038160502613e-14,
  "plus_newton_newton_iter_mean": 1.9879,
  "plus_newton_newton_iter_median": 2.0,
  "plus_newton_newton_iter_p90": 2.0,
  "plus_newton_converged_ratio": 1.0,
  "hp_use_log_ab": true,
  "hp_optimizer": "adamw",
  "hp_criterion": "mse",
  "hp_dropout": 0.0,
  "hp_lr": 0.0005,
  "hp_weight_decay": 1e-05,
  "hp_hidden_dims": "[256, 256, 128]",
  "hp_hidden_size": 128,
  "hp_num_layers": 1,
  "hp_head_hidden": 128,
  "hp_head_layers": 2,
  "hp_d_model": 32,
  "hp_nhead": 2,
  "hp_ff_dim": 64,
  "hp_use_cls_token": false
}{
  "trial_id": 2353,
  "trial_name": "trial_2353_transformer",
  "model": "transformer",
  "best_epoch": 104,
  "elapsed_sec": 167.23730945587158,
  "direct_mae": 0.001908798236399889,
  "direct_rmse": 0.002453429391607642,
  "direct_r2": 0.9999937341572149,
  "direct_valid_ratio": 1.0,
  "direct_residual_mean": 0.0023857932537794113,
  "direct_residual_median": 0.0018169879913330078,
  "direct_residual_p90": 0.0052906513214111325,
  "plus_newton_mae": 2.3433617767589158e-08,
  "plus_newton_rmse": 2.9915731104333923e-08,
  "plus_newton_r2": 0.9999999999999991,
  "plus_newton_valid_ratio": 1.0,
  "plus_newton_residual_mean": 3.889181785171283e-14,
  "plus_newton_residual_median": 1.1102230246251565e-16,
  "plus_newton_residual_p90": 6.064038160502613e-14,
  "plus_newton_newton_iter_mean": 1.9879,
  "plus_newton_newton_iter_median": 2.0,
  "plus_newton_newton_iter_p90": 2.0,
  "plus_newton_converged_ratio": 1.0,
  "hp_use_log_ab": true,
  "hp_optimizer": "adamw",
  "hp_criterion": "mse",
  "hp_dropout": 0.0,
  "hp_lr": 0.0005,
  "hp_weight_decay": 1e-05,
  "hp_hidden_dims": "[256, 256, 128]",
  "hp_hidden_size": 128,
  "hp_num_layers": 1,
  "hp_head_hidden": 128,
  "hp_head_layers": 2,
  "hp_d_model": 32,
  "hp_nhead": 2,
  "hp_ff_dim": 64,
  "hp_use_cls_token": false
}