{
  "trial_id": 29,
  "trial_name": "trial_029_transformer",
  "model": "transformer",
  "best_epoch": 104,
  "elapsed_sec": 404.564005613327,
  "direct_mae": 0.0025231174658983946,
  "direct_rmse": 0.003255148883908987,
  "direct_r2": 0.9999889700357016,
  "direct_valid_ratio": 1.0,
  "direct_residual_mean": 0.0031418956350535154,
  "direct_residual_median": 0.002385258674621582,
  "direct_residual_p90": 0.006691664457321168,
  "plus_newton_mae": 2.343361810269488e-08,
  "plus_newton_rmse": 2.9915730197130224e-08,
  "plus_newton_r2": 0.9999999999999991,
  "plus_newton_valid_ratio": 1.0,
  "plus_newton_residual_mean": 3.284055195567102e-14,
  "plus_newton_residual_median": 1.1102230246251565e-16,
  "plus_newton_residual_p90": 4.6074255521943996e-14,
  "plus_newton_newton_iter_mean": 2.0413,
  "plus_newton_newton_iter_median": 2.0,
  "plus_newton_newton_iter_p90": 2.0,
  "plus_newton_converged_ratio": 1.0,
  "hp_use_log_ab": false,
  "hp_optimizer": "adamw",
  "hp_criterion": "mse",
  "hp_dropout": 0.0,
  "hp_lr": 0.001,
  "hp_weight_decay": 1e-05,
  "hp_hidden_dims": "[256, 256, 128]",
  "hp_hidden_size": 128,
  "hp_num_layers": 1,
  "hp_head_hidden": 64,
  "hp_head_layers": 2,
  "hp_d_model": 64,
  "hp_nhead": 4,
  "hp_ff_dim": 64,
  "hp_use_cls_token": false
}{
  "trial_id": 29,
  "trial_name": "trial_029_transformer",
  "model": "transformer",
  "best_epoch": 104,
  "elapsed_sec": 404.564005613327,
  "direct_mae": 0.0025231174658983946,
  "direct_rmse": 0.003255148883908987,
  "direct_r2": 0.9999889700357016,
  "direct_valid_ratio": 1.0,
  "direct_residual_mean": 0.0031418956350535154,
  "direct_residual_median": 0.002385258674621582,
  "direct_residual_p90": 0.006691664457321168,
  "plus_newton_mae": 2.343361810269488e-08,
  "plus_newton_rmse": 2.9915730197130224e-08,
  "plus_newton_r2": 0.9999999999999991,
  "plus_newton_valid_ratio": 1.0,
  "plus_newton_residual_mean": 3.284055195567102e-14,
  "plus_newton_residual_median": 1.1102230246251565e-16,
  "plus_newton_residual_p90": 4.6074255521943996e-14,
  "plus_newton_newton_iter_mean": 2.0413,
  "plus_newton_newton_iter_median": 2.0,
  "plus_newton_newton_iter_p90": 2.0,
  "plus_newton_converged_ratio": 1.0,
  "hp_use_log_ab": false,
  "hp_optimizer": "adamw",
  "hp_criterion": "mse",
  "hp_dropout": 0.0,
  "hp_lr": 0.001,
  "hp_weight_decay": 1e-05,
  "hp_hidden_dims": "[256, 256, 128]",
  "hp_hidden_size": 128,
  "hp_num_layers": 1,
  "hp_head_hidden": 64,
  "hp_head_layers": 2,
  "hp_d_model": 64,
  "hp_nhead": 4,
  "hp_ff_dim": 64,
  "hp_use_cls_token": false
}