{
  "trial_id": 2442,
  "trial_name": "trial_2442_transformer",
  "model": "transformer",
  "best_epoch": 29,
  "elapsed_sec": 68.11575317382812,
  "direct_mae": 0.10342483222484589,
  "direct_rmse": 0.12912535667419434,
  "direct_r2": 0.9826437681913376,
  "direct_valid_ratio": 1.0,
  "direct_residual_mean": 0.12978149950504303,
  "direct_residual_median": 0.10763493180274963,
  "direct_residual_p90": 0.24790107011795046,
  "plus_newton_mae": 2.3433619481451904e-08,
  "plus_newton_rmse": 2.9915729754993875e-08,
  "plus_newton_r2": 0.9999999999999991,
  "plus_newton_valid_ratio": 1.0,
  "plus_newton_residual_mean": 3.46171891730565e-14,
  "plus_newton_residual_median": 1.1102230246251565e-16,
  "plus_newton_residual_p90": 5.307421169220563e-14,
  "plus_newton_newton_iter_mean": 2.6075,
  "plus_newton_newton_iter_median": 3.0,
  "plus_newton_newton_iter_p90": 3.0,
  "plus_newton_converged_ratio": 1.0,
  "hp_use_log_ab": true,
  "hp_optimizer": "adamw",
  "hp_criterion": "mse",
  "hp_dropout": 0.0,
  "hp_lr": 0.0005,
  "hp_weight_decay": 0.0001,
  "hp_hidden_dims": "[256, 256, 128]",
  "hp_hidden_size": 128,
  "hp_num_layers": 1,
  "hp_head_hidden": 64,
  "hp_head_layers": 1,
  "hp_d_model": 64,
  "hp_nhead": 2,
  "hp_ff_dim": 64,
  "hp_use_cls_token": true
}{
  "trial_id": 2442,
  "trial_name": "trial_2442_transformer",
  "model": "transformer",
  "best_epoch": 29,
  "elapsed_sec": 68.11575317382812,
  "direct_mae": 0.10342483222484589,
  "direct_rmse": 0.12912535667419434,
  "direct_r2": 0.9826437681913376,
  "direct_valid_ratio": 1.0,
  "direct_residual_mean": 0.12978149950504303,
  "direct_residual_median": 0.10763493180274963,
  "direct_residual_p90": 0.24790107011795046,
  "plus_newton_mae": 2.3433619481451904e-08,
  "plus_newton_rmse": 2.9915729754993875e-08,
  "plus_newton_r2": 0.9999999999999991,
  "plus_newton_valid_ratio": 1.0,
  "plus_newton_residual_mean": 3.46171891730565e-14,
  "plus_newton_residual_median": 1.1102230246251565e-16,
  "plus_newton_residual_p90": 5.307421169220563e-14,
  "plus_newton_newton_iter_mean": 2.6075,
  "plus_newton_newton_iter_median": 3.0,
  "plus_newton_newton_iter_p90": 3.0,
  "plus_newton_converged_ratio": 1.0,
  "hp_use_log_ab": true,
  "hp_optimizer": "adamw",
  "hp_criterion": "mse",
  "hp_dropout": 0.0,
  "hp_lr": 0.0005,
  "hp_weight_decay": 0.0001,
  "hp_hidden_dims": "[256, 256, 128]",
  "hp_hidden_size": 128,
  "hp_num_layers": 1,
  "hp_head_hidden": 64,
  "hp_head_layers": 1,
  "hp_d_model": 64,
  "hp_nhead": 2,
  "hp_ff_dim": 64,
  "hp_use_cls_token": true
}