{
  "trial_id": 307,
  "trial_name": "trial_307_transformer",
  "model": "transformer",
  "best_epoch": 89,
  "elapsed_sec": 290.64418864250183,
  "direct_mae": 0.001823093625716865,
  "direct_rmse": 0.0027195438742637634,
  "direct_r2": 0.9999923011737337,
  "direct_valid_ratio": 1.0,
  "direct_residual_mean": 0.0022726887837052345,
  "direct_residual_median": 0.0014857151545584202,
  "direct_residual_p90": 0.005187872052192688,
  "plus_newton_mae": 2.3433617367282185e-08,
  "plus_newton_rmse": 2.991572955493334e-08,
  "plus_newton_r2": 0.9999999999999991,
  "plus_newton_valid_ratio": 1.0,
  "plus_newton_residual_mean": 3.271469158042144e-14,
  "plus_newton_residual_median": 1.1102230246251565e-16,
  "plus_newton_residual_p90": 3.389788449936762e-14,
  "plus_newton_newton_iter_mean": 1.9983,
  "plus_newton_newton_iter_median": 2.0,
  "plus_newton_newton_iter_p90": 2.0,
  "plus_newton_converged_ratio": 1.0,
  "hp_use_log_ab": false,
  "hp_optimizer": "adamw",
  "hp_criterion": "mse",
  "hp_dropout": 0.0,
  "hp_lr": 0.0005,
  "hp_weight_decay": 1e-05,
  "hp_hidden_dims": "[256, 256, 128]",
  "hp_hidden_size": 128,
  "hp_num_layers": 1,
  "hp_head_hidden": 128,
  "hp_head_layers": 2,
  "hp_d_model": 32,
  "hp_nhead": 2,
  "hp_ff_dim": 128,
  "hp_use_cls_token": false
}{
  "trial_id": 307,
  "trial_name": "trial_307_transformer",
  "model": "transformer",
  "best_epoch": 89,
  "elapsed_sec": 290.64418864250183,
  "direct_mae": 0.001823093625716865,
  "direct_rmse": 0.0027195438742637634,
  "direct_r2": 0.9999923011737337,
  "direct_valid_ratio": 1.0,
  "direct_residual_mean": 0.0022726887837052345,
  "direct_residual_median": 0.0014857151545584202,
  "direct_residual_p90": 0.005187872052192688,
  "plus_newton_mae": 2.3433617367282185e-08,
  "plus_newton_rmse": 2.991572955493334e-08,
  "plus_newton_r2": 0.9999999999999991,
  "plus_newton_valid_ratio": 1.0,
  "plus_newton_residual_mean": 3.271469158042144e-14,
  "plus_newton_residual_median": 1.1102230246251565e-16,
  "plus_newton_residual_p90": 3.389788449936762e-14,
  "plus_newton_newton_iter_mean": 1.9983,
  "plus_newton_newton_iter_median": 2.0,
  "plus_newton_newton_iter_p90": 2.0,
  "plus_newton_converged_ratio": 1.0,
  "hp_use_log_ab": false,
  "hp_optimizer": "adamw",
  "hp_criterion": "mse",
  "hp_dropout": 0.0,
  "hp_lr": 0.0005,
  "hp_weight_decay": 1e-05,
  "hp_hidden_dims": "[256, 256, 128]",
  "hp_hidden_size": 128,
  "hp_num_layers": 1,
  "hp_head_hidden": 128,
  "hp_head_layers": 2,
  "hp_d_model": 32,
  "hp_nhead": 2,
  "hp_ff_dim": 128,
  "hp_use_cls_token": false
}