{
  "trial_id": 414,
  "trial_name": "trial_414_lstm",
  "model": "lstm",
  "best_epoch": 116,
  "elapsed_sec": 281.83195877075195,
  "direct_mae": 0.0014200547011569142,
  "direct_rmse": 0.0018401219276711345,
  "direct_r2": 0.9999964752723827,
  "direct_valid_ratio": 1.0,
  "direct_residual_mean": 0.001805214094929397,
  "direct_residual_median": 0.0013076364994049072,
  "direct_residual_p90": 0.0039229154586792,
  "plus_newton_mae": 2.3433620386779382e-08,
  "plus_newton_rmse": 2.991573416510765e-08,
  "plus_newton_r2": 0.9999999999999991,
  "plus_newton_valid_ratio": 1.0,
  "plus_newton_residual_mean": 3.3526731103213783e-14,
  "plus_newton_residual_median": 1.1102230246251565e-16,
  "plus_newton_residual_p90": 3.3892333384244476e-14,
  "plus_newton_newton_iter_mean": 1.989,
  "plus_newton_newton_iter_median": 2.0,
  "plus_newton_newton_iter_p90": 2.0,
  "plus_newton_converged_ratio": 1.0,
  "hp_use_log_ab": true,
  "hp_optimizer": "adamw",
  "hp_criterion": "smoothl1",
  "hp_dropout": 0.0,
  "hp_lr": 0.001,
  "hp_weight_decay": 0.0001,
  "hp_hidden_dims": "[256, 256, 128]",
  "hp_hidden_size": 128,
  "hp_num_layers": 2,
  "hp_head_hidden": 64,
  "hp_head_layers": 2,
  "hp_d_model": 64,
  "hp_nhead": 4,
  "hp_ff_dim": 128,
  "hp_use_cls_token": false
}{
  "trial_id": 414,
  "trial_name": "trial_414_lstm",
  "model": "lstm",
  "best_epoch": 116,
  "elapsed_sec": 281.83195877075195,
  "direct_mae": 0.0014200547011569142,
  "direct_rmse": 0.0018401219276711345,
  "direct_r2": 0.9999964752723827,
  "direct_valid_ratio": 1.0,
  "direct_residual_mean": 0.001805214094929397,
  "direct_residual_median": 0.0013076364994049072,
  "direct_residual_p90": 0.0039229154586792,
  "plus_newton_mae": 2.3433620386779382e-08,
  "plus_newton_rmse": 2.991573416510765e-08,
  "plus_newton_r2": 0.9999999999999991,
  "plus_newton_valid_ratio": 1.0,
  "plus_newton_residual_mean": 3.3526731103213783e-14,
  "plus_newton_residual_median": 1.1102230246251565e-16,
  "plus_newton_residual_p90": 3.3892333384244476e-14,
  "plus_newton_newton_iter_mean": 1.989,
  "plus_newton_newton_iter_median": 2.0,
  "plus_newton_newton_iter_p90": 2.0,
  "plus_newton_converged_ratio": 1.0,
  "hp_use_log_ab": true,
  "hp_optimizer": "adamw",
  "hp_criterion": "smoothl1",
  "hp_dropout": 0.0,
  "hp_lr": 0.001,
  "hp_weight_decay": 0.0001,
  "hp_hidden_dims": "[256, 256, 128]",
  "hp_hidden_size": 128,
  "hp_num_layers": 2,
  "hp_head_hidden": 64,
  "hp_head_layers": 2,
  "hp_d_model": 64,
  "hp_nhead": 4,
  "hp_ff_dim": 128,
  "hp_use_cls_token": false
}