{
  "trial_id": 1891,
  "trial_name": "trial_1891_transformer",
  "model": "transformer",
  "best_epoch": 12,
  "elapsed_sec": 56.667638540267944,
  "direct_mae": 0.3387680649757385,
  "direct_rmse": 0.4188911020755768,
  "direct_r2": 0.8173437118530273,
  "direct_valid_ratio": 1.0,
  "direct_residual_mean": 0.38326844573020935,
  "direct_residual_median": 0.35091498494148254,
  "direct_residual_p90": 0.7686114370822907,
  "plus_newton_mae": 2.3433618742071097e-08,
  "plus_newton_rmse": 2.991573072579091e-08,
  "plus_newton_r2": 0.9999999999999991,
  "plus_newton_valid_ratio": 1.0,
  "plus_newton_residual_mean": 4.50169132467706e-14,
  "plus_newton_residual_median": 1.6653345369377348e-16,
  "plus_newton_residual_p90": 1.0697553953775698e-13,
  "plus_newton_newton_iter_mean": 2.7613,
  "plus_newton_newton_iter_median": 3.0,
  "plus_newton_newton_iter_p90": 3.0,
  "plus_newton_converged_ratio": 1.0,
  "hp_use_log_ab": false,
  "hp_optimizer": "adamw",
  "hp_criterion": "smoothl1",
  "hp_dropout": 0.1,
  "hp_lr": 0.0005,
  "hp_weight_decay": 1e-05,
  "hp_hidden_dims": "[256, 256, 128]",
  "hp_hidden_size": 128,
  "hp_num_layers": 2,
  "hp_head_hidden": 128,
  "hp_head_layers": 1,
  "hp_d_model": 32,
  "hp_nhead": 2,
  "hp_ff_dim": 128,
  "hp_use_cls_token": false
}{
  "trial_id": 1891,
  "trial_name": "trial_1891_transformer",
  "model": "transformer",
  "best_epoch": 12,
  "elapsed_sec": 56.667638540267944,
  "direct_mae": 0.3387680649757385,
  "direct_rmse": 0.4188911020755768,
  "direct_r2": 0.8173437118530273,
  "direct_valid_ratio": 1.0,
  "direct_residual_mean": 0.38326844573020935,
  "direct_residual_median": 0.35091498494148254,
  "direct_residual_p90": 0.7686114370822907,
  "plus_newton_mae": 2.3433618742071097e-08,
  "plus_newton_rmse": 2.991573072579091e-08,
  "plus_newton_r2": 0.9999999999999991,
  "plus_newton_valid_ratio": 1.0,
  "plus_newton_residual_mean": 4.50169132467706e-14,
  "plus_newton_residual_median": 1.6653345369377348e-16,
  "plus_newton_residual_p90": 1.0697553953775698e-13,
  "plus_newton_newton_iter_mean": 2.7613,
  "plus_newton_newton_iter_median": 3.0,
  "plus_newton_newton_iter_p90": 3.0,
  "plus_newton_converged_ratio": 1.0,
  "hp_use_log_ab": false,
  "hp_optimizer": "adamw",
  "hp_criterion": "smoothl1",
  "hp_dropout": 0.1,
  "hp_lr": 0.0005,
  "hp_weight_decay": 1e-05,
  "hp_hidden_dims": "[256, 256, 128]",
  "hp_hidden_size": 128,
  "hp_num_layers": 2,
  "hp_head_hidden": 128,
  "hp_head_layers": 1,
  "hp_d_model": 32,
  "hp_nhead": 2,
  "hp_ff_dim": 128,
  "hp_use_cls_token": false
}