{
  "trial_id": 2601,
  "trial_name": "trial_2601_transformer",
  "model": "transformer",
  "best_epoch": 16,
  "elapsed_sec": 51.948145627975464,
  "direct_mae": 0.10818041861057281,
  "direct_rmse": 0.13414843380451202,
  "direct_r2": 0.9812671635299921,
  "direct_valid_ratio": 1.0,
  "direct_residual_mean": 0.135690376162529,
  "direct_residual_median": 0.11495164036750793,
  "direct_residual_p90": 0.25758113265037536,
  "plus_newton_mae": 2.3433619436206216e-08,
  "plus_newton_rmse": 2.991573089669834e-08,
  "plus_newton_r2": 0.9999999999999991,
  "plus_newton_valid_ratio": 1.0,
  "plus_newton_residual_mean": 3.338431551678278e-14,
  "plus_newton_residual_median": 1.1102230246251565e-16,
  "plus_newton_residual_p90": 4.532763053788359e-14,
  "plus_newton_newton_iter_mean": 2.6268,
  "plus_newton_newton_iter_median": 3.0,
  "plus_newton_newton_iter_p90": 3.0,
  "plus_newton_converged_ratio": 1.0,
  "hp_use_log_ab": true,
  "hp_optimizer": "adamw",
  "hp_criterion": "mse",
  "hp_dropout": 0.1,
  "hp_lr": 0.001,
  "hp_weight_decay": 1e-05,
  "hp_hidden_dims": "[256, 256, 128]",
  "hp_hidden_size": 128,
  "hp_num_layers": 1,
  "hp_head_hidden": 128,
  "hp_head_layers": 1,
  "hp_d_model": 64,
  "hp_nhead": 2,
  "hp_ff_dim": 64,
  "hp_use_cls_token": false
}{
  "trial_id": 2601,
  "trial_name": "trial_2601_transformer",
  "model": "transformer",
  "best_epoch": 16,
  "elapsed_sec": 51.948145627975464,
  "direct_mae": 0.10818041861057281,
  "direct_rmse": 0.13414843380451202,
  "direct_r2": 0.9812671635299921,
  "direct_valid_ratio": 1.0,
  "direct_residual_mean": 0.135690376162529,
  "direct_residual_median": 0.11495164036750793,
  "direct_residual_p90": 0.25758113265037536,
  "plus_newton_mae": 2.3433619436206216e-08,
  "plus_newton_rmse": 2.991573089669834e-08,
  "plus_newton_r2": 0.9999999999999991,
  "plus_newton_valid_ratio": 1.0,
  "plus_newton_residual_mean": 3.338431551678278e-14,
  "plus_newton_residual_median": 1.1102230246251565e-16,
  "plus_newton_residual_p90": 4.532763053788359e-14,
  "plus_newton_newton_iter_mean": 2.6268,
  "plus_newton_newton_iter_median": 3.0,
  "plus_newton_newton_iter_p90": 3.0,
  "plus_newton_converged_ratio": 1.0,
  "hp_use_log_ab": true,
  "hp_optimizer": "adamw",
  "hp_criterion": "mse",
  "hp_dropout": 0.1,
  "hp_lr": 0.001,
  "hp_weight_decay": 1e-05,
  "hp_hidden_dims": "[256, 256, 128]",
  "hp_hidden_size": 128,
  "hp_num_layers": 1,
  "hp_head_hidden": 128,
  "hp_head_layers": 1,
  "hp_d_model": 64,
  "hp_nhead": 2,
  "hp_ff_dim": 64,
  "hp_use_cls_token": false
}