{
  "trial_id": 447,
  "trial_name": "trial_447_lstm",
  "model": "lstm",
  "best_epoch": 7,
  "elapsed_sec": 60.91755270957947,
  "direct_mae": 0.1088072657585144,
  "direct_rmse": 0.13992492854595184,
  "direct_r2": 0.9796191360801458,
  "direct_valid_ratio": 1.0,
  "direct_residual_mean": 0.13753850758075714,
  "direct_residual_median": 0.10701525211334229,
  "direct_residual_p90": 0.2544288277626038,
  "plus_newton_mae": 2.3433618398547905e-08,
  "plus_newton_rmse": 2.991572968026272e-08,
  "plus_newton_r2": 0.9999999999999991,
  "plus_newton_valid_ratio": 1.0,
  "plus_newton_residual_mean": 3.488210362663356e-14,
  "plus_newton_residual_median": 1.1102230246251565e-16,
  "plus_newton_residual_p90": 4.768963002277362e-14,
  "plus_newton_newton_iter_mean": 2.6058,
  "plus_newton_newton_iter_median": 3.0,
  "plus_newton_newton_iter_p90": 3.0,
  "plus_newton_converged_ratio": 1.0,
  "hp_use_log_ab": true,
  "hp_optimizer": "adamw",
  "hp_criterion": "smoothl1",
  "hp_dropout": 0.0,
  "hp_lr": 0.0005,
  "hp_weight_decay": 0.0001,
  "hp_hidden_dims": "[256, 256, 128]",
  "hp_hidden_size": 128,
  "hp_num_layers": 2,
  "hp_head_hidden": 128,
  "hp_head_layers": 1,
  "hp_d_model": 64,
  "hp_nhead": 4,
  "hp_ff_dim": 128,
  "hp_use_cls_token": false
}{
  "trial_id": 447,
  "trial_name": "trial_447_lstm",
  "model": "lstm",
  "best_epoch": 7,
  "elapsed_sec": 60.91755270957947,
  "direct_mae": 0.1088072657585144,
  "direct_rmse": 0.13992492854595184,
  "direct_r2": 0.9796191360801458,
  "direct_valid_ratio": 1.0,
  "direct_residual_mean": 0.13753850758075714,
  "direct_residual_median": 0.10701525211334229,
  "direct_residual_p90": 0.2544288277626038,
  "plus_newton_mae": 2.3433618398547905e-08,
  "plus_newton_rmse": 2.991572968026272e-08,
  "plus_newton_r2": 0.9999999999999991,
  "plus_newton_valid_ratio": 1.0,
  "plus_newton_residual_mean": 3.488210362663356e-14,
  "plus_newton_residual_median": 1.1102230246251565e-16,
  "plus_newton_residual_p90": 4.768963002277362e-14,
  "plus_newton_newton_iter_mean": 2.6058,
  "plus_newton_newton_iter_median": 3.0,
  "plus_newton_newton_iter_p90": 3.0,
  "plus_newton_converged_ratio": 1.0,
  "hp_use_log_ab": true,
  "hp_optimizer": "adamw",
  "hp_criterion": "smoothl1",
  "hp_dropout": 0.0,
  "hp_lr": 0.0005,
  "hp_weight_decay": 0.0001,
  "hp_hidden_dims": "[256, 256, 128]",
  "hp_hidden_size": 128,
  "hp_num_layers": 2,
  "hp_head_hidden": 128,
  "hp_head_layers": 1,
  "hp_d_model": 64,
  "hp_nhead": 4,
  "hp_ff_dim": 128,
  "hp_use_cls_token": false
}