{
  "trial_id": 805,
  "trial_name": "trial_805_transformer",
  "model": "transformer",
  "best_epoch": 50,
  "elapsed_sec": 107.91604518890381,
  "direct_mae": 0.34053435921669006,
  "direct_rmse": 0.4168902337551117,
  "direct_r2": 0.8190844655036926,
  "direct_valid_ratio": 1.0,
  "direct_residual_mean": 0.3836511969566345,
  "direct_residual_median": 0.3604326844215393,
  "direct_residual_p90": 0.7222992300987245,
  "plus_newton_mae": 2.3433618981333946e-08,
  "plus_newton_rmse": 2.991573108382538e-08,
  "plus_newton_r2": 0.9999999999999991,
  "plus_newton_valid_ratio": 1.0,
  "plus_newton_residual_mean": 4.396623191646755e-14,
  "plus_newton_residual_median": 1.6653345369377348e-16,
  "plus_newton_residual_p90": 1.0219047830162272e-13,
  "plus_newton_newton_iter_mean": 2.7557,
  "plus_newton_newton_iter_median": 3.0,
  "plus_newton_newton_iter_p90": 3.0,
  "plus_newton_converged_ratio": 1.0,
  "hp_use_log_ab": false,
  "hp_optimizer": "adamw",
  "hp_criterion": "mse",
  "hp_dropout": 0.1,
  "hp_lr": 0.0005,
  "hp_weight_decay": 1e-05,
  "hp_hidden_dims": "[256, 256, 128]",
  "hp_hidden_size": 128,
  "hp_num_layers": 1,
  "hp_head_hidden": 128,
  "hp_head_layers": 1,
  "hp_d_model": 32,
  "hp_nhead": 4,
  "hp_ff_dim": 64,
  "hp_use_cls_token": false
}{
  "trial_id": 805,
  "trial_name": "trial_805_transformer",
  "model": "transformer",
  "best_epoch": 50,
  "elapsed_sec": 107.91604518890381,
  "direct_mae": 0.34053435921669006,
  "direct_rmse": 0.4168902337551117,
  "direct_r2": 0.8190844655036926,
  "direct_valid_ratio": 1.0,
  "direct_residual_mean": 0.3836511969566345,
  "direct_residual_median": 0.3604326844215393,
  "direct_residual_p90": 0.7222992300987245,
  "plus_newton_mae": 2.3433618981333946e-08,
  "plus_newton_rmse": 2.991573108382538e-08,
  "plus_newton_r2": 0.9999999999999991,
  "plus_newton_valid_ratio": 1.0,
  "plus_newton_residual_mean": 4.396623191646755e-14,
  "plus_newton_residual_median": 1.6653345369377348e-16,
  "plus_newton_residual_p90": 1.0219047830162272e-13,
  "plus_newton_newton_iter_mean": 2.7557,
  "plus_newton_newton_iter_median": 3.0,
  "plus_newton_newton_iter_p90": 3.0,
  "plus_newton_converged_ratio": 1.0,
  "hp_use_log_ab": false,
  "hp_optimizer": "adamw",
  "hp_criterion": "mse",
  "hp_dropout": 0.1,
  "hp_lr": 0.0005,
  "hp_weight_decay": 1e-05,
  "hp_hidden_dims": "[256, 256, 128]",
  "hp_hidden_size": 128,
  "hp_num_layers": 1,
  "hp_head_hidden": 128,
  "hp_head_layers": 1,
  "hp_d_model": 32,
  "hp_nhead": 4,
  "hp_ff_dim": 64,
  "hp_use_cls_token": false
}