{
  "trial_id": 151,
  "trial_name": "trial_151_transformer",
  "model": "transformer",
  "best_epoch": 59,
  "elapsed_sec": 249.47656774520874,
  "direct_mae": 0.003375968197360635,
  "direct_rmse": 0.004661790560930967,
  "direct_r2": 0.9999773776398797,
  "direct_valid_ratio": 1.0,
  "direct_residual_mean": 0.004211271647363901,
  "direct_residual_median": 0.0027741193771362305,
  "direct_residual_p90": 0.009684395790100098,
  "plus_newton_mae": 2.3433616774244488e-08,
  "plus_newton_rmse": 2.9915729307092435e-08,
  "plus_newton_r2": 0.9999999999999991,
  "plus_newton_valid_ratio": 1.0,
  "plus_newton_residual_mean": 2.7129131397305067e-14,
  "plus_newton_residual_median": 1.1102230246251565e-16,
  "plus_newton_residual_p90": 2.708944180085382e-14,
  "plus_newton_newton_iter_mean": 2.0655,
  "plus_newton_newton_iter_median": 2.0,
  "plus_newton_newton_iter_p90": 2.0,
  "plus_newton_converged_ratio": 1.0,
  "hp_use_log_ab": false,
  "hp_optimizer": "adamw",
  "hp_criterion": "mse",
  "hp_dropout": 0.0,
  "hp_lr": 0.001,
  "hp_weight_decay": 0.0001,
  "hp_hidden_dims": "[256, 256, 128]",
  "hp_hidden_size": 128,
  "hp_num_layers": 1,
  "hp_head_hidden": 64,
  "hp_head_layers": 2,
  "hp_d_model": 32,
  "hp_nhead": 4,
  "hp_ff_dim": 128,
  "hp_use_cls_token": false
}{
  "trial_id": 151,
  "trial_name": "trial_151_transformer",
  "model": "transformer",
  "best_epoch": 59,
  "elapsed_sec": 249.47656774520874,
  "direct_mae": 0.003375968197360635,
  "direct_rmse": 0.004661790560930967,
  "direct_r2": 0.9999773776398797,
  "direct_valid_ratio": 1.0,
  "direct_residual_mean": 0.004211271647363901,
  "direct_residual_median": 0.0027741193771362305,
  "direct_residual_p90": 0.009684395790100098,
  "plus_newton_mae": 2.3433616774244488e-08,
  "plus_newton_rmse": 2.9915729307092435e-08,
  "plus_newton_r2": 0.9999999999999991,
  "plus_newton_valid_ratio": 1.0,
  "plus_newton_residual_mean": 2.7129131397305067e-14,
  "plus_newton_residual_median": 1.1102230246251565e-16,
  "plus_newton_residual_p90": 2.708944180085382e-14,
  "plus_newton_newton_iter_mean": 2.0655,
  "plus_newton_newton_iter_median": 2.0,
  "plus_newton_newton_iter_p90": 2.0,
  "plus_newton_converged_ratio": 1.0,
  "hp_use_log_ab": false,
  "hp_optimizer": "adamw",
  "hp_criterion": "mse",
  "hp_dropout": 0.0,
  "hp_lr": 0.001,
  "hp_weight_decay": 0.0001,
  "hp_hidden_dims": "[256, 256, 128]",
  "hp_hidden_size": 128,
  "hp_num_layers": 1,
  "hp_head_hidden": 64,
  "hp_head_layers": 2,
  "hp_d_model": 32,
  "hp_nhead": 4,
  "hp_ff_dim": 128,
  "hp_use_cls_token": false
}