{
  "trial_id": 237,
  "trial_name": "trial_237_lstm",
  "model": "lstm",
  "best_epoch": 11,
  "elapsed_sec": 94.3511791229248,
  "direct_mae": 0.3376726806163788,
  "direct_rmse": 0.41974571347236633,
  "direct_r2": 0.8165976256132126,
  "direct_valid_ratio": 1.0,
  "direct_residual_mean": 0.38272735476493835,
  "direct_residual_median": 0.3469047546386719,
  "direct_residual_p90": 0.781277394294739,
  "plus_newton_mae": 2.3433620264842842e-08,
  "plus_newton_rmse": 2.991573116320089e-08,
  "plus_newton_r2": 0.9999999999999991,
  "plus_newton_valid_ratio": 1.0,
  "plus_newton_residual_mean": 4.271618600092632e-14,
  "plus_newton_residual_median": 1.1102230246251565e-16,
  "plus_newton_residual_p90": 9.97035787264622e-14,
  "plus_newton_newton_iter_mean": 2.7676,
  "plus_newton_newton_iter_median": 3.0,
  "plus_newton_newton_iter_p90": 3.0,
  "plus_newton_converged_ratio": 1.0,
  "hp_use_log_ab": false,
  "hp_optimizer": "adamw",
  "hp_criterion": "smoothl1",
  "hp_dropout": 0.1,
  "hp_lr": 0.0005,
  "hp_weight_decay": 1e-05,
  "hp_hidden_dims": "[256, 256, 128]",
  "hp_hidden_size": 128,
  "hp_num_layers": 2,
  "hp_head_hidden": 64,
  "hp_head_layers": 1,
  "hp_d_model": 64,
  "hp_nhead": 4,
  "hp_ff_dim": 128,
  "hp_use_cls_token": false
}{
  "trial_id": 237,
  "trial_name": "trial_237_lstm",
  "model": "lstm",
  "best_epoch": 11,
  "elapsed_sec": 94.3511791229248,
  "direct_mae": 0.3376726806163788,
  "direct_rmse": 0.41974571347236633,
  "direct_r2": 0.8165976256132126,
  "direct_valid_ratio": 1.0,
  "direct_residual_mean": 0.38272735476493835,
  "direct_residual_median": 0.3469047546386719,
  "direct_residual_p90": 0.781277394294739,
  "plus_newton_mae": 2.3433620264842842e-08,
  "plus_newton_rmse": 2.991573116320089e-08,
  "plus_newton_r2": 0.9999999999999991,
  "plus_newton_valid_ratio": 1.0,
  "plus_newton_residual_mean": 4.271618600092632e-14,
  "plus_newton_residual_median": 1.1102230246251565e-16,
  "plus_newton_residual_p90": 9.97035787264622e-14,
  "plus_newton_newton_iter_mean": 2.7676,
  "plus_newton_newton_iter_median": 3.0,
  "plus_newton_newton_iter_p90": 3.0,
  "plus_newton_converged_ratio": 1.0,
  "hp_use_log_ab": false,
  "hp_optimizer": "adamw",
  "hp_criterion": "smoothl1",
  "hp_dropout": 0.1,
  "hp_lr": 0.0005,
  "hp_weight_decay": 1e-05,
  "hp_hidden_dims": "[256, 256, 128]",
  "hp_hidden_size": 128,
  "hp_num_layers": 2,
  "hp_head_hidden": 64,
  "hp_head_layers": 1,
  "hp_d_model": 64,
  "hp_nhead": 4,
  "hp_ff_dim": 128,
  "hp_use_cls_token": false
}