{
  "trial_id": 2812,
  "trial_name": "trial_2812_transformer",
  "model": "transformer",
  "best_epoch": 38,
  "elapsed_sec": 441.25268054008484,
  "direct_mae": 0.0062018148601055145,
  "direct_rmse": 0.00859461072832346,
  "direct_r2": 0.9999231073525152,
  "direct_valid_ratio": 1.0,
  "direct_residual_mean": 0.008070607669651508,
  "direct_residual_median": 0.005015134811401367,
  "direct_residual_p90": 0.016681742668151856,
  "plus_newton_mae": 2.343361690222704e-08,
  "plus_newton_rmse": 2.991572864491527e-08,
  "plus_newton_r2": 0.9999999999999991,
  "plus_newton_valid_ratio": 1.0,
  "plus_newton_residual_mean": 4.066986636989934e-14,
  "plus_newton_residual_median": 1.1102230246251565e-16,
  "plus_newton_residual_p90": 7.34218241760232e-14,
  "plus_newton_newton_iter_mean": 2.1219,
  "plus_newton_newton_iter_median": 2.0,
  "plus_newton_newton_iter_p90": 3.0,
  "plus_newton_converged_ratio": 1.0,
  "hp_use_log_ab": true,
  "hp_optimizer": "adamw",
  "hp_criterion": "mse",
  "hp_dropout": 0.1,
  "hp_lr": 0.001,
  "hp_weight_decay": 0.0001,
  "hp_hidden_dims": "[256, 256, 128]",
  "hp_hidden_size": 128,
  "hp_num_layers": 2,
  "hp_head_hidden": 128,
  "hp_head_layers": 2,
  "hp_d_model": 64,
  "hp_nhead": 2,
  "hp_ff_dim": 128,
  "hp_use_cls_token": true
}{
  "trial_id": 2812,
  "trial_name": "trial_2812_transformer",
  "model": "transformer",
  "best_epoch": 38,
  "elapsed_sec": 441.25268054008484,
  "direct_mae": 0.0062018148601055145,
  "direct_rmse": 0.00859461072832346,
  "direct_r2": 0.9999231073525152,
  "direct_valid_ratio": 1.0,
  "direct_residual_mean": 0.008070607669651508,
  "direct_residual_median": 0.005015134811401367,
  "direct_residual_p90": 0.016681742668151856,
  "plus_newton_mae": 2.343361690222704e-08,
  "plus_newton_rmse": 2.991572864491527e-08,
  "plus_newton_r2": 0.9999999999999991,
  "plus_newton_valid_ratio": 1.0,
  "plus_newton_residual_mean": 4.066986636989934e-14,
  "plus_newton_residual_median": 1.1102230246251565e-16,
  "plus_newton_residual_p90": 7.34218241760232e-14,
  "plus_newton_newton_iter_mean": 2.1219,
  "plus_newton_newton_iter_median": 2.0,
  "plus_newton_newton_iter_p90": 3.0,
  "plus_newton_converged_ratio": 1.0,
  "hp_use_log_ab": true,
  "hp_optimizer": "adamw",
  "hp_criterion": "mse",
  "hp_dropout": 0.1,
  "hp_lr": 0.001,
  "hp_weight_decay": 0.0001,
  "hp_hidden_dims": "[256, 256, 128]",
  "hp_hidden_size": 128,
  "hp_num_layers": 2,
  "hp_head_hidden": 128,
  "hp_head_layers": 2,
  "hp_d_model": 64,
  "hp_nhead": 2,
  "hp_ff_dim": 128,
  "hp_use_cls_token": true
}