{
  "trial_id": 1051,
  "trial_name": "trial_1051_transformer",
  "model": "transformer",
  "best_epoch": 86,
  "elapsed_sec": 147.41224241256714,
  "direct_mae": 0.0027001623529940844,
  "direct_rmse": 0.0035217851400375366,
  "direct_r2": 0.9999870890524107,
  "direct_valid_ratio": 1.0,
  "direct_residual_mean": 0.003264883067458868,
  "direct_residual_median": 0.002580702304840088,
  "direct_residual_p90": 0.007135534286499025,
  "plus_newton_mae": 2.3433618664242642e-08,
  "plus_newton_rmse": 2.9915729518753825e-08,
  "plus_newton_r2": 0.9999999999999991,
  "plus_newton_valid_ratio": 1.0,
  "plus_newton_residual_mean": 3.1954545004796364e-14,
  "plus_newton_residual_median": 1.1102230246251565e-16,
  "plus_newton_residual_p90": 3.756994715331546e-14,
  "plus_newton_newton_iter_mean": 2.04,
  "plus_newton_newton_iter_median": 2.0,
  "plus_newton_newton_iter_p90": 2.0,
  "plus_newton_converged_ratio": 1.0,
  "hp_use_log_ab": false,
  "hp_optimizer": "adamw",
  "hp_criterion": "smoothl1",
  "hp_dropout": 0.0,
  "hp_lr": 0.001,
  "hp_weight_decay": 1e-05,
  "hp_hidden_dims": "[256, 256, 128]",
  "hp_hidden_size": 128,
  "hp_num_layers": 1,
  "hp_head_hidden": 64,
  "hp_head_layers": 2,
  "hp_d_model": 64,
  "hp_nhead": 2,
  "hp_ff_dim": 128,
  "hp_use_cls_token": false
}{
  "trial_id": 1051,
  "trial_name": "trial_1051_transformer",
  "model": "transformer",
  "best_epoch": 86,
  "elapsed_sec": 147.41224241256714,
  "direct_mae": 0.0027001623529940844,
  "direct_rmse": 0.0035217851400375366,
  "direct_r2": 0.9999870890524107,
  "direct_valid_ratio": 1.0,
  "direct_residual_mean": 0.003264883067458868,
  "direct_residual_median": 0.002580702304840088,
  "direct_residual_p90": 0.007135534286499025,
  "plus_newton_mae": 2.3433618664242642e-08,
  "plus_newton_rmse": 2.9915729518753825e-08,
  "plus_newton_r2": 0.9999999999999991,
  "plus_newton_valid_ratio": 1.0,
  "plus_newton_residual_mean": 3.1954545004796364e-14,
  "plus_newton_residual_median": 1.1102230246251565e-16,
  "plus_newton_residual_p90": 3.756994715331546e-14,
  "plus_newton_newton_iter_mean": 2.04,
  "plus_newton_newton_iter_median": 2.0,
  "plus_newton_newton_iter_p90": 2.0,
  "plus_newton_converged_ratio": 1.0,
  "hp_use_log_ab": false,
  "hp_optimizer": "adamw",
  "hp_criterion": "smoothl1",
  "hp_dropout": 0.0,
  "hp_lr": 0.001,
  "hp_weight_decay": 1e-05,
  "hp_hidden_dims": "[256, 256, 128]",
  "hp_hidden_size": 128,
  "hp_num_layers": 1,
  "hp_head_hidden": 64,
  "hp_head_layers": 2,
  "hp_d_model": 64,
  "hp_nhead": 2,
  "hp_ff_dim": 128,
  "hp_use_cls_token": false
}