{
  "trial_id": 88,
  "trial_name": "trial_088_lstm",
  "model": "lstm",
  "best_epoch": 78,
  "elapsed_sec": 269.4031662940979,
  "direct_mae": 0.006439500488340855,
  "direct_rmse": 0.009895695373415947,
  "direct_r2": 0.9998980645978008,
  "direct_valid_ratio": 1.0,
  "direct_residual_mean": 0.007631453685462475,
  "direct_residual_median": 0.004220813512802124,
  "direct_residual_p90": 0.020356787741184237,
  "plus_newton_mae": 2.343361961045242e-08,
  "plus_newton_rmse": 2.9915732659601585e-08,
  "plus_newton_r2": 0.9999999999999991,
  "plus_newton_valid_ratio": 1.0,
  "plus_newton_residual_mean": 3.663867322937207e-14,
  "plus_newton_residual_median": 1.1102230246251565e-16,
  "plus_newton_residual_p90": 7.37188088351104e-14,
  "plus_newton_newton_iter_mean": 2.1111,
  "plus_newton_newton_iter_median": 2.0,
  "plus_newton_newton_iter_p90": 3.0,
  "plus_newton_converged_ratio": 1.0,
  "hp_use_log_ab": false,
  "hp_optimizer": "adamw",
  "hp_criterion": "mse",
  "hp_dropout": 0.1,
  "hp_lr": 0.001,
  "hp_weight_decay": 0.0001,
  "hp_hidden_dims": "[256, 256, 128]",
  "hp_hidden_size": 64,
  "hp_num_layers": 2,
  "hp_head_hidden": 128,
  "hp_head_layers": 2,
  "hp_d_model": 64,
  "hp_nhead": 4,
  "hp_ff_dim": 128,
  "hp_use_cls_token": false
}{
  "trial_id": 88,
  "trial_name": "trial_088_lstm",
  "model": "lstm",
  "best_epoch": 78,
  "elapsed_sec": 269.4031662940979,
  "direct_mae": 0.006439500488340855,
  "direct_rmse": 0.009895695373415947,
  "direct_r2": 0.9998980645978008,
  "direct_valid_ratio": 1.0,
  "direct_residual_mean": 0.007631453685462475,
  "direct_residual_median": 0.004220813512802124,
  "direct_residual_p90": 0.020356787741184237,
  "plus_newton_mae": 2.343361961045242e-08,
  "plus_newton_rmse": 2.9915732659601585e-08,
  "plus_newton_r2": 0.9999999999999991,
  "plus_newton_valid_ratio": 1.0,
  "plus_newton_residual_mean": 3.663867322937207e-14,
  "plus_newton_residual_median": 1.1102230246251565e-16,
  "plus_newton_residual_p90": 7.37188088351104e-14,
  "plus_newton_newton_iter_mean": 2.1111,
  "plus_newton_newton_iter_median": 2.0,
  "plus_newton_newton_iter_p90": 3.0,
  "plus_newton_converged_ratio": 1.0,
  "hp_use_log_ab": false,
  "hp_optimizer": "adamw",
  "hp_criterion": "mse",
  "hp_dropout": 0.1,
  "hp_lr": 0.001,
  "hp_weight_decay": 0.0001,
  "hp_hidden_dims": "[256, 256, 128]",
  "hp_hidden_size": 64,
  "hp_num_layers": 2,
  "hp_head_hidden": 128,
  "hp_head_layers": 2,
  "hp_d_model": 64,
  "hp_nhead": 4,
  "hp_ff_dim": 128,
  "hp_use_cls_token": false
}