{
  "trial_id": 695,
  "trial_name": "trial_695_transformer",
  "model": "transformer",
  "best_epoch": 79,
  "elapsed_sec": 158.271390914917,
  "direct_mae": 0.0079894894734025,
  "direct_rmse": 0.011692131869494915,
  "direct_r2": 0.9998576951184077,
  "direct_valid_ratio": 1.0,
  "direct_residual_mean": 0.00935417041182518,
  "direct_residual_median": 0.006353817880153656,
  "direct_residual_p90": 0.022216582298278813,
  "plus_newton_mae": 2.3433617918741834e-08,
  "plus_newton_rmse": 2.9915729097413895e-08,
  "plus_newton_r2": 0.9999999999999991,
  "plus_newton_valid_ratio": 1.0,
  "plus_newton_residual_mean": 4.552923169049499e-14,
  "plus_newton_residual_median": 1.1102230246251565e-16,
  "plus_newton_residual_p90": 9.43689570931383e-14,
  "plus_newton_newton_iter_mean": 2.1482,
  "plus_newton_newton_iter_median": 2.0,
  "plus_newton_newton_iter_p90": 3.0,
  "plus_newton_converged_ratio": 1.0,
  "hp_use_log_ab": false,
  "hp_optimizer": "adamw",
  "hp_criterion": "mse",
  "hp_dropout": 0.1,
  "hp_lr": 0.001,
  "hp_weight_decay": 0.0001,
  "hp_hidden_dims": "[256, 256, 128]",
  "hp_hidden_size": 128,
  "hp_num_layers": 1,
  "hp_head_hidden": 128,
  "hp_head_layers": 2,
  "hp_d_model": 32,
  "hp_nhead": 4,
  "hp_ff_dim": 128,
  "hp_use_cls_token": false
}{
  "trial_id": 695,
  "trial_name": "trial_695_transformer",
  "model": "transformer",
  "best_epoch": 79,
  "elapsed_sec": 158.271390914917,
  "direct_mae": 0.0079894894734025,
  "direct_rmse": 0.011692131869494915,
  "direct_r2": 0.9998576951184077,
  "direct_valid_ratio": 1.0,
  "direct_residual_mean": 0.00935417041182518,
  "direct_residual_median": 0.006353817880153656,
  "direct_residual_p90": 0.022216582298278813,
  "plus_newton_mae": 2.3433617918741834e-08,
  "plus_newton_rmse": 2.9915729097413895e-08,
  "plus_newton_r2": 0.9999999999999991,
  "plus_newton_valid_ratio": 1.0,
  "plus_newton_residual_mean": 4.552923169049499e-14,
  "plus_newton_residual_median": 1.1102230246251565e-16,
  "plus_newton_residual_p90": 9.43689570931383e-14,
  "plus_newton_newton_iter_mean": 2.1482,
  "plus_newton_newton_iter_median": 2.0,
  "plus_newton_newton_iter_p90": 3.0,
  "plus_newton_converged_ratio": 1.0,
  "hp_use_log_ab": false,
  "hp_optimizer": "adamw",
  "hp_criterion": "mse",
  "hp_dropout": 0.1,
  "hp_lr": 0.001,
  "hp_weight_decay": 0.0001,
  "hp_hidden_dims": "[256, 256, 128]",
  "hp_hidden_size": 128,
  "hp_num_layers": 1,
  "hp_head_hidden": 128,
  "hp_head_layers": 2,
  "hp_d_model": 32,
  "hp_nhead": 4,
  "hp_ff_dim": 128,
  "hp_use_cls_token": false
}