{
  "trial_id": 273,
  "trial_name": "trial_273_gru",
  "model": "gru",
  "best_epoch": 83,
  "elapsed_sec": 218.70884490013123,
  "direct_mae": 0.0949837863445282,
  "direct_rmse": 0.12131698429584503,
  "direct_r2": 0.9846794065088034,
  "direct_valid_ratio": 1.0,
  "direct_residual_mean": 0.11937698721885681,
  "direct_residual_median": 0.09205697476863861,
  "direct_residual_p90": 0.24151100516319282,
  "plus_newton_mae": 2.3433619679647932e-08,
  "plus_newton_rmse": 2.991573074353492e-08,
  "plus_newton_r2": 0.9999999999999991,
  "plus_newton_valid_ratio": 1.0,
  "plus_newton_residual_mean": 3.8842952576889903e-14,
  "plus_newton_residual_median": 1.1102230246251565e-16,
  "plus_newton_residual_p90": 5.75206549058294e-14,
  "plus_newton_newton_iter_mean": 2.5844,
  "plus_newton_newton_iter_median": 3.0,
  "plus_newton_newton_iter_p90": 3.0,
  "plus_newton_converged_ratio": 1.0,
  "hp_use_log_ab": true,
  "hp_optimizer": "adamw",
  "hp_criterion": "mse",
  "hp_dropout": 0.0,
  "hp_lr": 0.001,
  "hp_weight_decay": 0.0001,
  "hp_hidden_dims": "[256, 256, 128]",
  "hp_hidden_size": 64,
  "hp_num_layers": 1,
  "hp_head_hidden": 64,
  "hp_head_layers": 1,
  "hp_d_model": 64,
  "hp_nhead": 4,
  "hp_ff_dim": 128,
  "hp_use_cls_token": false
}{
  "trial_id": 273,
  "trial_name": "trial_273_gru",
  "model": "gru",
  "best_epoch": 83,
  "elapsed_sec": 218.70884490013123,
  "direct_mae": 0.0949837863445282,
  "direct_rmse": 0.12131698429584503,
  "direct_r2": 0.9846794065088034,
  "direct_valid_ratio": 1.0,
  "direct_residual_mean": 0.11937698721885681,
  "direct_residual_median": 0.09205697476863861,
  "direct_residual_p90": 0.24151100516319282,
  "plus_newton_mae": 2.3433619679647932e-08,
  "plus_newton_rmse": 2.991573074353492e-08,
  "plus_newton_r2": 0.9999999999999991,
  "plus_newton_valid_ratio": 1.0,
  "plus_newton_residual_mean": 3.8842952576889903e-14,
  "plus_newton_residual_median": 1.1102230246251565e-16,
  "plus_newton_residual_p90": 5.75206549058294e-14,
  "plus_newton_newton_iter_mean": 2.5844,
  "plus_newton_newton_iter_median": 3.0,
  "plus_newton_newton_iter_p90": 3.0,
  "plus_newton_converged_ratio": 1.0,
  "hp_use_log_ab": true,
  "hp_optimizer": "adamw",
  "hp_criterion": "mse",
  "hp_dropout": 0.0,
  "hp_lr": 0.001,
  "hp_weight_decay": 0.0001,
  "hp_hidden_dims": "[256, 256, 128]",
  "hp_hidden_size": 64,
  "hp_num_layers": 1,
  "hp_head_hidden": 64,
  "hp_head_layers": 1,
  "hp_d_model": 64,
  "hp_nhead": 4,
  "hp_ff_dim": 128,
  "hp_use_cls_token": false
}