{
  "trial_id": 3182,
  "trial_name": "trial_3182_transformer",
  "model": "transformer",
  "best_epoch": 23,
  "elapsed_sec": 74.6324508190155,
  "direct_mae": 0.09738185256719589,
  "direct_rmse": 0.13726742565631866,
  "direct_r2": 0.9803859461098909,
  "direct_valid_ratio": 1.0,
  "direct_residual_mean": 0.12667478621006012,
  "direct_residual_median": 0.08566346019506454,
  "direct_residual_p90": 0.280906218290329,
  "plus_newton_mae": 2.3433617056497224e-08,
  "plus_newton_rmse": 2.991572757293797e-08,
  "plus_newton_r2": 0.9999999999999991,
  "plus_newton_valid_ratio": 1.0,
  "plus_newton_residual_mean": 4.37760874974655e-14,
  "plus_newton_residual_median": 1.1102230246251565e-16,
  "plus_newton_residual_p90": 8.273381979506675e-14,
  "plus_newton_newton_iter_mean": 2.6052,
  "plus_newton_newton_iter_median": 3.0,
  "plus_newton_newton_iter_p90": 3.0,
  "plus_newton_converged_ratio": 1.0,
  "hp_use_log_ab": true,
  "hp_optimizer": "adamw",
  "hp_criterion": "smoothl1",
  "hp_dropout": 0.0,
  "hp_lr": 0.001,
  "hp_weight_decay": 1e-05,
  "hp_hidden_dims": "[256, 256, 128]",
  "hp_hidden_size": 128,
  "hp_num_layers": 2,
  "hp_head_hidden": 128,
  "hp_head_layers": 1,
  "hp_d_model": 64,
  "hp_nhead": 4,
  "hp_ff_dim": 64,
  "hp_use_cls_token": true
}{
  "trial_id": 3182,
  "trial_name": "trial_3182_transformer",
  "model": "transformer",
  "best_epoch": 23,
  "elapsed_sec": 74.6324508190155,
  "direct_mae": 0.09738185256719589,
  "direct_rmse": 0.13726742565631866,
  "direct_r2": 0.9803859461098909,
  "direct_valid_ratio": 1.0,
  "direct_residual_mean": 0.12667478621006012,
  "direct_residual_median": 0.08566346019506454,
  "direct_residual_p90": 0.280906218290329,
  "plus_newton_mae": 2.3433617056497224e-08,
  "plus_newton_rmse": 2.991572757293797e-08,
  "plus_newton_r2": 0.9999999999999991,
  "plus_newton_valid_ratio": 1.0,
  "plus_newton_residual_mean": 4.37760874974655e-14,
  "plus_newton_residual_median": 1.1102230246251565e-16,
  "plus_newton_residual_p90": 8.273381979506675e-14,
  "plus_newton_newton_iter_mean": 2.6052,
  "plus_newton_newton_iter_median": 3.0,
  "plus_newton_newton_iter_p90": 3.0,
  "plus_newton_converged_ratio": 1.0,
  "hp_use_log_ab": true,
  "hp_optimizer": "adamw",
  "hp_criterion": "smoothl1",
  "hp_dropout": 0.0,
  "hp_lr": 0.001,
  "hp_weight_decay": 1e-05,
  "hp_hidden_dims": "[256, 256, 128]",
  "hp_hidden_size": 128,
  "hp_num_layers": 2,
  "hp_head_hidden": 128,
  "hp_head_layers": 1,
  "hp_d_model": 64,
  "hp_nhead": 4,
  "hp_ff_dim": 64,
  "hp_use_cls_token": true
}