{
  "trial_id": 179,
  "trial_name": "trial_179_gru",
  "model": "gru",
  "best_epoch": 15,
  "elapsed_sec": 83.65937781333923,
  "direct_mae": 0.33829599618911743,
  "direct_rmse": 0.420593798160553,
  "direct_r2": 0.8158557862043381,
  "direct_valid_ratio": 1.0,
  "direct_residual_mean": 0.38349679112434387,
  "direct_residual_median": 0.34677013754844666,
  "direct_residual_p90": 0.7878639876842499,
  "plus_newton_mae": 2.3433619183084114e-08,
  "plus_newton_rmse": 2.9915730991287106e-08,
  "plus_newton_r2": 0.9999999999999991,
  "plus_newton_valid_ratio": 1.0,
  "plus_newton_residual_mean": 4.2688827361721025e-14,
  "plus_newton_residual_median": 1.1102230246251565e-16,
  "plus_newton_residual_p90": 9.826583990957265e-14,
  "plus_newton_newton_iter_mean": 2.7679,
  "plus_newton_newton_iter_median": 3.0,
  "plus_newton_newton_iter_p90": 3.0,
  "plus_newton_converged_ratio": 1.0,
  "hp_use_log_ab": false,
  "hp_optimizer": "adamw",
  "hp_criterion": "smoothl1",
  "hp_dropout": 0.0,
  "hp_lr": 0.0005,
  "hp_weight_decay": 0.0001,
  "hp_hidden_dims": "[256, 256, 128]",
  "hp_hidden_size": 64,
  "hp_num_layers": 1,
  "hp_head_hidden": 128,
  "hp_head_layers": 1,
  "hp_d_model": 64,
  "hp_nhead": 4,
  "hp_ff_dim": 128,
  "hp_use_cls_token": false
}{
  "trial_id": 179,
  "trial_name": "trial_179_gru",
  "model": "gru",
  "best_epoch": 15,
  "elapsed_sec": 83.65937781333923,
  "direct_mae": 0.33829599618911743,
  "direct_rmse": 0.420593798160553,
  "direct_r2": 0.8158557862043381,
  "direct_valid_ratio": 1.0,
  "direct_residual_mean": 0.38349679112434387,
  "direct_residual_median": 0.34677013754844666,
  "direct_residual_p90": 0.7878639876842499,
  "plus_newton_mae": 2.3433619183084114e-08,
  "plus_newton_rmse": 2.9915730991287106e-08,
  "plus_newton_r2": 0.9999999999999991,
  "plus_newton_valid_ratio": 1.0,
  "plus_newton_residual_mean": 4.2688827361721025e-14,
  "plus_newton_residual_median": 1.1102230246251565e-16,
  "plus_newton_residual_p90": 9.826583990957265e-14,
  "plus_newton_newton_iter_mean": 2.7679,
  "plus_newton_newton_iter_median": 3.0,
  "plus_newton_newton_iter_p90": 3.0,
  "plus_newton_converged_ratio": 1.0,
  "hp_use_log_ab": false,
  "hp_optimizer": "adamw",
  "hp_criterion": "smoothl1",
  "hp_dropout": 0.0,
  "hp_lr": 0.0005,
  "hp_weight_decay": 0.0001,
  "hp_hidden_dims": "[256, 256, 128]",
  "hp_hidden_size": 64,
  "hp_num_layers": 1,
  "hp_head_hidden": 128,
  "hp_head_layers": 1,
  "hp_d_model": 64,
  "hp_nhead": 4,
  "hp_ff_dim": 128,
  "hp_use_cls_token": false
}