{
  "trial_id": 129,
  "trial_name": "trial_129_gru",
  "model": "gru",
  "best_epoch": 6,
  "elapsed_sec": 63.0554633140564,
  "direct_mae": 0.3384077548980713,
  "direct_rmse": 0.41999319195747375,
  "direct_r2": 0.8163813352584839,
  "direct_valid_ratio": 1.0,
  "direct_residual_mean": 0.3845183551311493,
  "direct_residual_median": 0.34757134318351746,
  "direct_residual_p90": 0.7825293004512787,
  "plus_newton_mae": 2.3433619731343028e-08,
  "plus_newton_rmse": 2.9915730967181e-08,
  "plus_newton_r2": 0.9999999999999991,
  "plus_newton_valid_ratio": 1.0,
  "plus_newton_residual_mean": 4.2699691598578986e-14,
  "plus_newton_residual_median": 1.1102230246251565e-16,
  "plus_newton_residual_p90": 9.767187059139825e-14,
  "plus_newton_newton_iter_mean": 2.7749,
  "plus_newton_newton_iter_median": 3.0,
  "plus_newton_newton_iter_p90": 3.0,
  "plus_newton_converged_ratio": 1.0,
  "hp_use_log_ab": false,
  "hp_optimizer": "adamw",
  "hp_criterion": "smoothl1",
  "hp_dropout": 0.0,
  "hp_lr": 0.001,
  "hp_weight_decay": 1e-05,
  "hp_hidden_dims": "[256, 256, 128]",
  "hp_hidden_size": 64,
  "hp_num_layers": 1,
  "hp_head_hidden": 64,
  "hp_head_layers": 1,
  "hp_d_model": 64,
  "hp_nhead": 4,
  "hp_ff_dim": 128,
  "hp_use_cls_token": false
}{
  "trial_id": 129,
  "trial_name": "trial_129_gru",
  "model": "gru",
  "best_epoch": 6,
  "elapsed_sec": 63.0554633140564,
  "direct_mae": 0.3384077548980713,
  "direct_rmse": 0.41999319195747375,
  "direct_r2": 0.8163813352584839,
  "direct_valid_ratio": 1.0,
  "direct_residual_mean": 0.3845183551311493,
  "direct_residual_median": 0.34757134318351746,
  "direct_residual_p90": 0.7825293004512787,
  "plus_newton_mae": 2.3433619731343028e-08,
  "plus_newton_rmse": 2.9915730967181e-08,
  "plus_newton_r2": 0.9999999999999991,
  "plus_newton_valid_ratio": 1.0,
  "plus_newton_residual_mean": 4.2699691598578986e-14,
  "plus_newton_residual_median": 1.1102230246251565e-16,
  "plus_newton_residual_p90": 9.767187059139825e-14,
  "plus_newton_newton_iter_mean": 2.7749,
  "plus_newton_newton_iter_median": 3.0,
  "plus_newton_newton_iter_p90": 3.0,
  "plus_newton_converged_ratio": 1.0,
  "hp_use_log_ab": false,
  "hp_optimizer": "adamw",
  "hp_criterion": "smoothl1",
  "hp_dropout": 0.0,
  "hp_lr": 0.001,
  "hp_weight_decay": 1e-05,
  "hp_hidden_dims": "[256, 256, 128]",
  "hp_hidden_size": 64,
  "hp_num_layers": 1,
  "hp_head_hidden": 64,
  "hp_head_layers": 1,
  "hp_d_model": 64,
  "hp_nhead": 4,
  "hp_ff_dim": 128,
  "hp_use_cls_token": false
}