{
  "trial_id": 73,
  "trial_name": "trial_073_lstm",
  "model": "lstm",
  "best_epoch": 83,
  "elapsed_sec": 254.741681098938,
  "direct_mae": 0.34053707122802734,
  "direct_rmse": 0.4168820083141327,
  "direct_r2": 0.8190916031599045,
  "direct_valid_ratio": 1.0,
  "direct_residual_mean": 0.38320356607437134,
  "direct_residual_median": 0.35950350761413574,
  "direct_residual_p90": 0.7164793848991394,
  "plus_newton_mae": 2.343361979470956e-08,
  "plus_newton_rmse": 2.991573175917289e-08,
  "plus_newton_r2": 0.9999999999999991,
  "plus_newton_valid_ratio": 1.0,
  "plus_newton_residual_mean": 4.351522287806997e-14,
  "plus_newton_residual_median": 1.6653345369377348e-16,
  "plus_newton_residual_p90": 1.035838081975271e-13,
  "plus_newton_newton_iter_mean": 2.756,
  "plus_newton_newton_iter_median": 3.0,
  "plus_newton_newton_iter_p90": 3.0,
  "plus_newton_converged_ratio": 1.0,
  "hp_use_log_ab": false,
  "hp_optimizer": "adamw",
  "hp_criterion": "mse",
  "hp_dropout": 0.1,
  "hp_lr": 0.001,
  "hp_weight_decay": 1e-05,
  "hp_hidden_dims": "[256, 256, 128]",
  "hp_hidden_size": 128,
  "hp_num_layers": 1,
  "hp_head_hidden": 64,
  "hp_head_layers": 1,
  "hp_d_model": 64,
  "hp_nhead": 4,
  "hp_ff_dim": 128,
  "hp_use_cls_token": false
}{
  "trial_id": 73,
  "trial_name": "trial_073_lstm",
  "model": "lstm",
  "best_epoch": 83,
  "elapsed_sec": 254.741681098938,
  "direct_mae": 0.34053707122802734,
  "direct_rmse": 0.4168820083141327,
  "direct_r2": 0.8190916031599045,
  "direct_valid_ratio": 1.0,
  "direct_residual_mean": 0.38320356607437134,
  "direct_residual_median": 0.35950350761413574,
  "direct_residual_p90": 0.7164793848991394,
  "plus_newton_mae": 2.343361979470956e-08,
  "plus_newton_rmse": 2.991573175917289e-08,
  "plus_newton_r2": 0.9999999999999991,
  "plus_newton_valid_ratio": 1.0,
  "plus_newton_residual_mean": 4.351522287806997e-14,
  "plus_newton_residual_median": 1.6653345369377348e-16,
  "plus_newton_residual_p90": 1.035838081975271e-13,
  "plus_newton_newton_iter_mean": 2.756,
  "plus_newton_newton_iter_median": 3.0,
  "plus_newton_newton_iter_p90": 3.0,
  "plus_newton_converged_ratio": 1.0,
  "hp_use_log_ab": false,
  "hp_optimizer": "adamw",
  "hp_criterion": "mse",
  "hp_dropout": 0.1,
  "hp_lr": 0.001,
  "hp_weight_decay": 1e-05,
  "hp_hidden_dims": "[256, 256, 128]",
  "hp_hidden_size": 128,
  "hp_num_layers": 1,
  "hp_head_hidden": 64,
  "hp_head_layers": 1,
  "hp_d_model": 64,
  "hp_nhead": 4,
  "hp_ff_dim": 128,
  "hp_use_cls_token": false
}