{
  "trial_id": 453,
  "trial_name": "trial_453_transformer",
  "model": "transformer",
  "best_epoch": 30,
  "elapsed_sec": 112.25180006027222,
  "direct_mae": 0.3414355218410492,
  "direct_rmse": 0.41703346371650696,
  "direct_r2": 0.8189601451158524,
  "direct_valid_ratio": 1.0,
  "direct_residual_mean": 0.38446536660194397,
  "direct_residual_median": 0.3632134199142456,
  "direct_residual_p90": 0.7150447249412538,
  "plus_newton_mae": 2.3433619726428923e-08,
  "plus_newton_rmse": 2.991573187703283e-08,
  "plus_newton_r2": 0.9999999999999991,
  "plus_newton_valid_ratio": 1.0,
  "plus_newton_residual_mean": 4.4280495378014517e-14,
  "plus_newton_residual_median": 2.220446049250313e-16,
  "plus_newton_residual_p90": 1.057043341745612e-13,
  "plus_newton_newton_iter_mean": 2.7543,
  "plus_newton_newton_iter_median": 3.0,
  "plus_newton_newton_iter_p90": 3.0,
  "plus_newton_converged_ratio": 1.0,
  "hp_use_log_ab": false,
  "hp_optimizer": "adamw",
  "hp_criterion": "mse",
  "hp_dropout": 0.0,
  "hp_lr": 0.0005,
  "hp_weight_decay": 0.0001,
  "hp_hidden_dims": "[256, 256, 128]",
  "hp_hidden_size": 128,
  "hp_num_layers": 2,
  "hp_head_hidden": 64,
  "hp_head_layers": 1,
  "hp_d_model": 32,
  "hp_nhead": 4,
  "hp_ff_dim": 64,
  "hp_use_cls_token": false
}{
  "trial_id": 453,
  "trial_name": "trial_453_transformer",
  "model": "transformer",
  "best_epoch": 30,
  "elapsed_sec": 112.25180006027222,
  "direct_mae": 0.3414355218410492,
  "direct_rmse": 0.41703346371650696,
  "direct_r2": 0.8189601451158524,
  "direct_valid_ratio": 1.0,
  "direct_residual_mean": 0.38446536660194397,
  "direct_residual_median": 0.3632134199142456,
  "direct_residual_p90": 0.7150447249412538,
  "plus_newton_mae": 2.3433619726428923e-08,
  "plus_newton_rmse": 2.991573187703283e-08,
  "plus_newton_r2": 0.9999999999999991,
  "plus_newton_valid_ratio": 1.0,
  "plus_newton_residual_mean": 4.4280495378014517e-14,
  "plus_newton_residual_median": 2.220446049250313e-16,
  "plus_newton_residual_p90": 1.057043341745612e-13,
  "plus_newton_newton_iter_mean": 2.7543,
  "plus_newton_newton_iter_median": 3.0,
  "plus_newton_newton_iter_p90": 3.0,
  "plus_newton_converged_ratio": 1.0,
  "hp_use_log_ab": false,
  "hp_optimizer": "adamw",
  "hp_criterion": "mse",
  "hp_dropout": 0.0,
  "hp_lr": 0.0005,
  "hp_weight_decay": 0.0001,
  "hp_hidden_dims": "[256, 256, 128]",
  "hp_hidden_size": 128,
  "hp_num_layers": 2,
  "hp_head_hidden": 64,
  "hp_head_layers": 1,
  "hp_d_model": 32,
  "hp_nhead": 4,
  "hp_ff_dim": 64,
  "hp_use_cls_token": false
}