{
  "trial_id": 2108,
  "trial_name": "trial_2108_transformer",
  "model": "transformer",
  "best_epoch": 103,
  "elapsed_sec": 171.91404461860657,
  "direct_mae": 0.0010926537215709686,
  "direct_rmse": 0.0013846539659425616,
  "direct_r2": 0.9999980042098287,
  "direct_valid_ratio": 1.0,
  "direct_residual_mean": 0.0013603648403659463,
  "direct_residual_median": 0.0010280758142471313,
  "direct_residual_p90": 0.0029377698898315437,
  "plus_newton_mae": 2.343361893633166e-08,
  "plus_newton_rmse": 2.9915731458952817e-08,
  "plus_newton_r2": 0.9999999999999991,
  "plus_newton_valid_ratio": 1.0,
  "plus_newton_residual_mean": 2.8171285999293812e-14,
  "plus_newton_residual_median": 8.326672684688674e-17,
  "plus_newton_residual_p90": 1.7708057242771247e-14,
  "plus_newton_newton_iter_mean": 1.9746,
  "plus_newton_newton_iter_median": 2.0,
  "plus_newton_newton_iter_p90": 2.0,
  "plus_newton_converged_ratio": 1.0,
  "hp_use_log_ab": true,
  "hp_optimizer": "adamw",
  "hp_criterion": "mse",
  "hp_dropout": 0.0,
  "hp_lr": 0.001,
  "hp_weight_decay": 1e-05,
  "hp_hidden_dims": "[256, 256, 128]",
  "hp_hidden_size": 128,
  "hp_num_layers": 1,
  "hp_head_hidden": 128,
  "hp_head_layers": 2,
  "hp_d_model": 64,
  "hp_nhead": 2,
  "hp_ff_dim": 128,
  "hp_use_cls_token": true
}{
  "trial_id": 2108,
  "trial_name": "trial_2108_transformer",
  "model": "transformer",
  "best_epoch": 103,
  "elapsed_sec": 171.91404461860657,
  "direct_mae": 0.0010926537215709686,
  "direct_rmse": 0.0013846539659425616,
  "direct_r2": 0.9999980042098287,
  "direct_valid_ratio": 1.0,
  "direct_residual_mean": 0.0013603648403659463,
  "direct_residual_median": 0.0010280758142471313,
  "direct_residual_p90": 0.0029377698898315437,
  "plus_newton_mae": 2.343361893633166e-08,
  "plus_newton_rmse": 2.9915731458952817e-08,
  "plus_newton_r2": 0.9999999999999991,
  "plus_newton_valid_ratio": 1.0,
  "plus_newton_residual_mean": 2.8171285999293812e-14,
  "plus_newton_residual_median": 8.326672684688674e-17,
  "plus_newton_residual_p90": 1.7708057242771247e-14,
  "plus_newton_newton_iter_mean": 1.9746,
  "plus_newton_newton_iter_median": 2.0,
  "plus_newton_newton_iter_p90": 2.0,
  "plus_newton_converged_ratio": 1.0,
  "hp_use_log_ab": true,
  "hp_optimizer": "adamw",
  "hp_criterion": "mse",
  "hp_dropout": 0.0,
  "hp_lr": 0.001,
  "hp_weight_decay": 1e-05,
  "hp_hidden_dims": "[256, 256, 128]",
  "hp_hidden_size": 128,
  "hp_num_layers": 1,
  "hp_head_hidden": 128,
  "hp_head_layers": 2,
  "hp_d_model": 64,
  "hp_nhead": 2,
  "hp_ff_dim": 128,
  "hp_use_cls_token": true
}