{
  "trial_id": 734,
  "trial_name": "trial_734_transformer",
  "model": "transformer",
  "best_epoch": 50,
  "elapsed_sec": 142.96831274032593,
  "direct_mae": 0.011220073327422142,
  "direct_rmse": 0.01549698319286108,
  "direct_r2": 0.9997500076715369,
  "direct_valid_ratio": 1.0,
  "direct_residual_mean": 0.013321609236299992,
  "direct_residual_median": 0.010742545127868652,
  "direct_residual_p90": 0.03183083534240723,
  "plus_newton_mae": 2.3433618079021425e-08,
  "plus_newton_rmse": 2.991573027204912e-08,
  "plus_newton_r2": 0.9999999999999991,
  "plus_newton_valid_ratio": 1.0,
  "plus_newton_residual_mean": 3.7459378920143627e-14,
  "plus_newton_residual_median": 1.1102230246251565e-16,
  "plus_newton_residual_p90": 8.083533842295769e-14,
  "plus_newton_newton_iter_mean": 2.1855,
  "plus_newton_newton_iter_median": 2.0,
  "plus_newton_newton_iter_p90": 3.0,
  "plus_newton_converged_ratio": 1.0,
  "hp_use_log_ab": false,
  "hp_optimizer": "adamw",
  "hp_criterion": "mse",
  "hp_dropout": 0.1,
  "hp_lr": 0.001,
  "hp_weight_decay": 0.0001,
  "hp_hidden_dims": "[256, 256, 128]",
  "hp_hidden_size": 128,
  "hp_num_layers": 2,
  "hp_head_hidden": 64,
  "hp_head_layers": 2,
  "hp_d_model": 64,
  "hp_nhead": 4,
  "hp_ff_dim": 64,
  "hp_use_cls_token": true
}{
  "trial_id": 734,
  "trial_name": "trial_734_transformer",
  "model": "transformer",
  "best_epoch": 50,
  "elapsed_sec": 142.96831274032593,
  "direct_mae": 0.011220073327422142,
  "direct_rmse": 0.01549698319286108,
  "direct_r2": 0.9997500076715369,
  "direct_valid_ratio": 1.0,
  "direct_residual_mean": 0.013321609236299992,
  "direct_residual_median": 0.010742545127868652,
  "direct_residual_p90": 0.03183083534240723,
  "plus_newton_mae": 2.3433618079021425e-08,
  "plus_newton_rmse": 2.991573027204912e-08,
  "plus_newton_r2": 0.9999999999999991,
  "plus_newton_valid_ratio": 1.0,
  "plus_newton_residual_mean": 3.7459378920143627e-14,
  "plus_newton_residual_median": 1.1102230246251565e-16,
  "plus_newton_residual_p90": 8.083533842295769e-14,
  "plus_newton_newton_iter_mean": 2.1855,
  "plus_newton_newton_iter_median": 2.0,
  "plus_newton_newton_iter_p90": 3.0,
  "plus_newton_converged_ratio": 1.0,
  "hp_use_log_ab": false,
  "hp_optimizer": "adamw",
  "hp_criterion": "mse",
  "hp_dropout": 0.1,
  "hp_lr": 0.001,
  "hp_weight_decay": 0.0001,
  "hp_hidden_dims": "[256, 256, 128]",
  "hp_hidden_size": 128,
  "hp_num_layers": 2,
  "hp_head_hidden": 64,
  "hp_head_layers": 2,
  "hp_d_model": 64,
  "hp_nhead": 4,
  "hp_ff_dim": 64,
  "hp_use_cls_token": true
}