{
  "trial_id": 27,
  "trial_name": "trial_027_lstm",
  "model": "lstm",
  "best_epoch": 38,
  "elapsed_sec": 169.99149823188782,
  "direct_mae": 0.34086883068084717,
  "direct_rmse": 0.41696226596832275,
  "direct_r2": 0.8190219402313232,
  "direct_valid_ratio": 1.0,
  "direct_residual_mean": 0.3839179277420044,
  "direct_residual_median": 0.3608558773994446,
  "direct_residual_p90": 0.7181172311306001,
  "plus_newton_mae": 2.3433619453583414e-08,
  "plus_newton_rmse": 2.991573164506146e-08,
  "plus_newton_r2": 0.9999999999999991,
  "plus_newton_valid_ratio": 1.0,
  "plus_newton_residual_mean": 4.479177538865292e-14,
  "plus_newton_residual_median": 1.6653345369377348e-16,
  "plus_newton_residual_p90": 1.0882406087375792e-13,
  "plus_newton_newton_iter_mean": 2.7552,
  "plus_newton_newton_iter_median": 3.0,
  "plus_newton_newton_iter_p90": 3.0,
  "plus_newton_converged_ratio": 1.0,
  "hp_use_log_ab": false,
  "hp_optimizer": "adamw",
  "hp_criterion": "mse",
  "hp_dropout": 0.0,
  "hp_lr": 0.001,
  "hp_weight_decay": 0.0001,
  "hp_hidden_dims": "[256, 256, 128]",
  "hp_hidden_size": 128,
  "hp_num_layers": 1,
  "hp_head_hidden": 128,
  "hp_head_layers": 1,
  "hp_d_model": 64,
  "hp_nhead": 4,
  "hp_ff_dim": 128,
  "hp_use_cls_token": false
}{
  "trial_id": 27,
  "trial_name": "trial_027_lstm",
  "model": "lstm",
  "best_epoch": 38,
  "elapsed_sec": 169.99149823188782,
  "direct_mae": 0.34086883068084717,
  "direct_rmse": 0.41696226596832275,
  "direct_r2": 0.8190219402313232,
  "direct_valid_ratio": 1.0,
  "direct_residual_mean": 0.3839179277420044,
  "direct_residual_median": 0.3608558773994446,
  "direct_residual_p90": 0.7181172311306001,
  "plus_newton_mae": 2.3433619453583414e-08,
  "plus_newton_rmse": 2.991573164506146e-08,
  "plus_newton_r2": 0.9999999999999991,
  "plus_newton_valid_ratio": 1.0,
  "plus_newton_residual_mean": 4.479177538865292e-14,
  "plus_newton_residual_median": 1.6653345369377348e-16,
  "plus_newton_residual_p90": 1.0882406087375792e-13,
  "plus_newton_newton_iter_mean": 2.7552,
  "plus_newton_newton_iter_median": 3.0,
  "plus_newton_newton_iter_p90": 3.0,
  "plus_newton_converged_ratio": 1.0,
  "hp_use_log_ab": false,
  "hp_optimizer": "adamw",
  "hp_criterion": "mse",
  "hp_dropout": 0.0,
  "hp_lr": 0.001,
  "hp_weight_decay": 0.0001,
  "hp_hidden_dims": "[256, 256, 128]",
  "hp_hidden_size": 128,
  "hp_num_layers": 1,
  "hp_head_hidden": 128,
  "hp_head_layers": 1,
  "hp_d_model": 64,
  "hp_nhead": 4,
  "hp_ff_dim": 128,
  "hp_use_cls_token": false
}