{
  "trial_id": 364,
  "trial_name": "trial_364_transformer",
  "model": "transformer",
  "best_epoch": 28,
  "elapsed_sec": 164.064866065979,
  "direct_mae": 0.34100890159606934,
  "direct_rmse": 0.41705384850502014,
  "direct_r2": 0.8189424276351929,
  "direct_valid_ratio": 1.0,
  "direct_residual_mean": 0.3848164677619934,
  "direct_residual_median": 0.3614733815193176,
  "direct_residual_p90": 0.7257197320461274,
  "plus_newton_mae": 2.3433618889044277e-08,
  "plus_newton_rmse": 2.991573056463933e-08,
  "plus_newton_r2": 0.9999999999999991,
  "plus_newton_valid_ratio": 1.0,
  "plus_newton_residual_mean": 4.299887690076279e-14,
  "plus_newton_residual_median": 1.6653345369377348e-16,
  "plus_newton_residual_p90": 9.904299602681026e-14,
  "plus_newton_newton_iter_mean": 2.7615,
  "plus_newton_newton_iter_median": 3.0,
  "plus_newton_newton_iter_p90": 3.0,
  "plus_newton_converged_ratio": 1.0,
  "hp_use_log_ab": false,
  "hp_optimizer": "adamw",
  "hp_criterion": "mse",
  "hp_dropout": 0.0,
  "hp_lr": 0.0005,
  "hp_weight_decay": 1e-05,
  "hp_hidden_dims": "[256, 256, 128]",
  "hp_hidden_size": 128,
  "hp_num_layers": 2,
  "hp_head_hidden": 128,
  "hp_head_layers": 1,
  "hp_d_model": 64,
  "hp_nhead": 2,
  "hp_ff_dim": 128,
  "hp_use_cls_token": true
}{
  "trial_id": 364,
  "trial_name": "trial_364_transformer",
  "model": "transformer",
  "best_epoch": 28,
  "elapsed_sec": 164.064866065979,
  "direct_mae": 0.34100890159606934,
  "direct_rmse": 0.41705384850502014,
  "direct_r2": 0.8189424276351929,
  "direct_valid_ratio": 1.0,
  "direct_residual_mean": 0.3848164677619934,
  "direct_residual_median": 0.3614733815193176,
  "direct_residual_p90": 0.7257197320461274,
  "plus_newton_mae": 2.3433618889044277e-08,
  "plus_newton_rmse": 2.991573056463933e-08,
  "plus_newton_r2": 0.9999999999999991,
  "plus_newton_valid_ratio": 1.0,
  "plus_newton_residual_mean": 4.299887690076279e-14,
  "plus_newton_residual_median": 1.6653345369377348e-16,
  "plus_newton_residual_p90": 9.904299602681026e-14,
  "plus_newton_newton_iter_mean": 2.7615,
  "plus_newton_newton_iter_median": 3.0,
  "plus_newton_newton_iter_p90": 3.0,
  "plus_newton_converged_ratio": 1.0,
  "hp_use_log_ab": false,
  "hp_optimizer": "adamw",
  "hp_criterion": "mse",
  "hp_dropout": 0.0,
  "hp_lr": 0.0005,
  "hp_weight_decay": 1e-05,
  "hp_hidden_dims": "[256, 256, 128]",
  "hp_hidden_size": 128,
  "hp_num_layers": 2,
  "hp_head_hidden": 128,
  "hp_head_layers": 1,
  "hp_d_model": 64,
  "hp_nhead": 2,
  "hp_ff_dim": 128,
  "hp_use_cls_token": true
}