{
  "trial_id": 2264,
  "trial_name": "trial_2264_transformer",
  "model": "transformer",
  "best_epoch": 111,
  "elapsed_sec": 210.8119866847992,
  "direct_mae": 0.0014516382943838835,
  "direct_rmse": 0.0018388866446912289,
  "direct_r2": 0.999996480002892,
  "direct_valid_ratio": 1.0,
  "direct_residual_mean": 0.0018250858411192894,
  "direct_residual_median": 0.0014210939407348633,
  "direct_residual_p90": 0.003798585385084153,
  "plus_newton_mae": 2.34336194980265e-08,
  "plus_newton_rmse": 2.991573185206e-08,
  "plus_newton_r2": 0.9999999999999991,
  "plus_newton_valid_ratio": 1.0,
  "plus_newton_residual_mean": 2.894388162854767e-14,
  "plus_newton_residual_median": 8.326672684688674e-17,
  "plus_newton_residual_p90": 1.8984813721090177e-14,
  "plus_newton_newton_iter_mean": 1.9966,
  "plus_newton_newton_iter_median": 2.0,
  "plus_newton_newton_iter_p90": 2.0,
  "plus_newton_converged_ratio": 1.0,
  "hp_use_log_ab": true,
  "hp_optimizer": "adamw",
  "hp_criterion": "mse",
  "hp_dropout": 0.0,
  "hp_lr": 0.001,
  "hp_weight_decay": 0.0001,
  "hp_hidden_dims": "[256, 256, 128]",
  "hp_hidden_size": 128,
  "hp_num_layers": 2,
  "hp_head_hidden": 64,
  "hp_head_layers": 2,
  "hp_d_model": 32,
  "hp_nhead": 4,
  "hp_ff_dim": 128,
  "hp_use_cls_token": true
}{
  "trial_id": 2264,
  "trial_name": "trial_2264_transformer",
  "model": "transformer",
  "best_epoch": 111,
  "elapsed_sec": 210.8119866847992,
  "direct_mae": 0.0014516382943838835,
  "direct_rmse": 0.0018388866446912289,
  "direct_r2": 0.999996480002892,
  "direct_valid_ratio": 1.0,
  "direct_residual_mean": 0.0018250858411192894,
  "direct_residual_median": 0.0014210939407348633,
  "direct_residual_p90": 0.003798585385084153,
  "plus_newton_mae": 2.34336194980265e-08,
  "plus_newton_rmse": 2.991573185206e-08,
  "plus_newton_r2": 0.9999999999999991,
  "plus_newton_valid_ratio": 1.0,
  "plus_newton_residual_mean": 2.894388162854767e-14,
  "plus_newton_residual_median": 8.326672684688674e-17,
  "plus_newton_residual_p90": 1.8984813721090177e-14,
  "plus_newton_newton_iter_mean": 1.9966,
  "plus_newton_newton_iter_median": 2.0,
  "plus_newton_newton_iter_p90": 2.0,
  "plus_newton_converged_ratio": 1.0,
  "hp_use_log_ab": true,
  "hp_optimizer": "adamw",
  "hp_criterion": "mse",
  "hp_dropout": 0.0,
  "hp_lr": 0.001,
  "hp_weight_decay": 0.0001,
  "hp_hidden_dims": "[256, 256, 128]",
  "hp_hidden_size": 128,
  "hp_num_layers": 2,
  "hp_head_hidden": 64,
  "hp_head_layers": 2,
  "hp_d_model": 32,
  "hp_nhead": 4,
  "hp_ff_dim": 128,
  "hp_use_cls_token": true
}