{
  "trial_id": 1710,
  "trial_name": "trial_1710_transformer",
  "model": "transformer",
  "best_epoch": 15,
  "elapsed_sec": 49.10260462760925,
  "direct_mae": 0.3380560576915741,
  "direct_rmse": 0.4198554456233978,
  "direct_r2": 0.8165017366409302,
  "direct_valid_ratio": 1.0,
  "direct_residual_mean": 0.3823149800300598,
  "direct_residual_median": 0.3474302291870117,
  "direct_residual_p90": 0.7802263498306274,
  "plus_newton_mae": 2.343361820851136e-08,
  "plus_newton_rmse": 2.9915730370028654e-08,
  "plus_newton_r2": 0.9999999999999991,
  "plus_newton_valid_ratio": 1.0,
  "plus_newton_residual_mean": 4.4051719668564816e-14,
  "plus_newton_residual_median": 1.214306433183765e-16,
  "plus_newton_residual_p90": 1.0201561817524412e-13,
  "plus_newton_newton_iter_mean": 2.7592,
  "plus_newton_newton_iter_median": 3.0,
  "plus_newton_newton_iter_p90": 3.0,
  "plus_newton_converged_ratio": 1.0,
  "hp_use_log_ab": false,
  "hp_optimizer": "adamw",
  "hp_criterion": "smoothl1",
  "hp_dropout": 0.1,
  "hp_lr": 0.001,
  "hp_weight_decay": 0.0001,
  "hp_hidden_dims": "[256, 256, 128]",
  "hp_hidden_size": 128,
  "hp_num_layers": 1,
  "hp_head_hidden": 128,
  "hp_head_layers": 1,
  "hp_d_model": 64,
  "hp_nhead": 4,
  "hp_ff_dim": 64,
  "hp_use_cls_token": true
}{
  "trial_id": 1710,
  "trial_name": "trial_1710_transformer",
  "model": "transformer",
  "best_epoch": 15,
  "elapsed_sec": 49.10260462760925,
  "direct_mae": 0.3380560576915741,
  "direct_rmse": 0.4198554456233978,
  "direct_r2": 0.8165017366409302,
  "direct_valid_ratio": 1.0,
  "direct_residual_mean": 0.3823149800300598,
  "direct_residual_median": 0.3474302291870117,
  "direct_residual_p90": 0.7802263498306274,
  "plus_newton_mae": 2.343361820851136e-08,
  "plus_newton_rmse": 2.9915730370028654e-08,
  "plus_newton_r2": 0.9999999999999991,
  "plus_newton_valid_ratio": 1.0,
  "plus_newton_residual_mean": 4.4051719668564816e-14,
  "plus_newton_residual_median": 1.214306433183765e-16,
  "plus_newton_residual_p90": 1.0201561817524412e-13,
  "plus_newton_newton_iter_mean": 2.7592,
  "plus_newton_newton_iter_median": 3.0,
  "plus_newton_newton_iter_p90": 3.0,
  "plus_newton_converged_ratio": 1.0,
  "hp_use_log_ab": false,
  "hp_optimizer": "adamw",
  "hp_criterion": "smoothl1",
  "hp_dropout": 0.1,
  "hp_lr": 0.001,
  "hp_weight_decay": 0.0001,
  "hp_hidden_dims": "[256, 256, 128]",
  "hp_hidden_size": 128,
  "hp_num_layers": 1,
  "hp_head_hidden": 128,
  "hp_head_layers": 1,
  "hp_d_model": 64,
  "hp_nhead": 4,
  "hp_ff_dim": 64,
  "hp_use_cls_token": true
}