{
  "trial_id": 35,
  "trial_name": "trial_035_gru",
  "model": "gru",
  "best_epoch": 116,
  "elapsed_sec": 332.87597370147705,
  "direct_mae": 0.3405521512031555,
  "direct_rmse": 0.41686931252479553,
  "direct_r2": 0.8191026449203491,
  "direct_valid_ratio": 1.0,
  "direct_residual_mean": 0.38334184885025024,
  "direct_residual_median": 0.35989630222320557,
  "direct_residual_p90": 0.7184723973274233,
  "plus_newton_mae": 2.3433620108217255e-08,
  "plus_newton_rmse": 2.991573203813692e-08,
  "plus_newton_r2": 0.9999999999999991,
  "plus_newton_valid_ratio": 1.0,
  "plus_newton_residual_mean": 4.38215150970341e-14,
  "plus_newton_residual_median": 1.6653345369377348e-16,
  "plus_newton_residual_p90": 1.0117601201287142e-13,
  "plus_newton_newton_iter_mean": 2.7551,
  "plus_newton_newton_iter_median": 3.0,
  "plus_newton_newton_iter_p90": 3.0,
  "plus_newton_converged_ratio": 1.0,
  "hp_use_log_ab": false,
  "hp_optimizer": "adamw",
  "hp_criterion": "mse",
  "hp_dropout": 0.0,
  "hp_lr": 0.0005,
  "hp_weight_decay": 1e-05,
  "hp_hidden_dims": "[256, 256, 128]",
  "hp_hidden_size": 64,
  "hp_num_layers": 1,
  "hp_head_hidden": 128,
  "hp_head_layers": 1,
  "hp_d_model": 64,
  "hp_nhead": 4,
  "hp_ff_dim": 128,
  "hp_use_cls_token": false
}{
  "trial_id": 35,
  "trial_name": "trial_035_gru",
  "model": "gru",
  "best_epoch": 116,
  "elapsed_sec": 332.87597370147705,
  "direct_mae": 0.3405521512031555,
  "direct_rmse": 0.41686931252479553,
  "direct_r2": 0.8191026449203491,
  "direct_valid_ratio": 1.0,
  "direct_residual_mean": 0.38334184885025024,
  "direct_residual_median": 0.35989630222320557,
  "direct_residual_p90": 0.7184723973274233,
  "plus_newton_mae": 2.3433620108217255e-08,
  "plus_newton_rmse": 2.991573203813692e-08,
  "plus_newton_r2": 0.9999999999999991,
  "plus_newton_valid_ratio": 1.0,
  "plus_newton_residual_mean": 4.38215150970341e-14,
  "plus_newton_residual_median": 1.6653345369377348e-16,
  "plus_newton_residual_p90": 1.0117601201287142e-13,
  "plus_newton_newton_iter_mean": 2.7551,
  "plus_newton_newton_iter_median": 3.0,
  "plus_newton_newton_iter_p90": 3.0,
  "plus_newton_converged_ratio": 1.0,
  "hp_use_log_ab": false,
  "hp_optimizer": "adamw",
  "hp_criterion": "mse",
  "hp_dropout": 0.0,
  "hp_lr": 0.0005,
  "hp_weight_decay": 1e-05,
  "hp_hidden_dims": "[256, 256, 128]",
  "hp_hidden_size": 64,
  "hp_num_layers": 1,
  "hp_head_hidden": 128,
  "hp_head_layers": 1,
  "hp_d_model": 64,
  "hp_nhead": 4,
  "hp_ff_dim": 128,
  "hp_use_cls_token": false
}