{
  "trial_id": 224,
  "trial_name": "trial_224_transformer",
  "model": "transformer",
  "best_epoch": 77,
  "elapsed_sec": 329.0499894618988,
  "direct_mae": 0.004909268114715815,
  "direct_rmse": 0.005843298509716988,
  "direct_r2": 0.9999644574563717,
  "direct_valid_ratio": 1.0,
  "direct_residual_mean": 0.0059431432746350765,
  "direct_residual_median": 0.005300164222717285,
  "direct_residual_p90": 0.011048012971878053,
  "plus_newton_mae": 2.3433617610042952e-08,
  "plus_newton_rmse": 2.9915730000979635e-08,
  "plus_newton_r2": 0.9999999999999991,
  "plus_newton_valid_ratio": 1.0,
  "plus_newton_residual_mean": 2.7553360288998925e-14,
  "plus_newton_residual_median": 1.1102230246251565e-16,
  "plus_newton_residual_p90": 3.497757639081558e-14,
  "plus_newton_newton_iter_mean": 2.1189,
  "plus_newton_newton_iter_median": 2.0,
  "plus_newton_newton_iter_p90": 3.0,
  "plus_newton_converged_ratio": 1.0,
  "hp_use_log_ab": false,
  "hp_optimizer": "adamw",
  "hp_criterion": "mse",
  "hp_dropout": 0.0,
  "hp_lr": 0.001,
  "hp_weight_decay": 0.0001,
  "hp_hidden_dims": "[256, 256, 128]",
  "hp_hidden_size": 128,
  "hp_num_layers": 2,
  "hp_head_hidden": 64,
  "hp_head_layers": 2,
  "hp_d_model": 64,
  "hp_nhead": 4,
  "hp_ff_dim": 128,
  "hp_use_cls_token": true
}{
  "trial_id": 224,
  "trial_name": "trial_224_transformer",
  "model": "transformer",
  "best_epoch": 77,
  "elapsed_sec": 329.0499894618988,
  "direct_mae": 0.004909268114715815,
  "direct_rmse": 0.005843298509716988,
  "direct_r2": 0.9999644574563717,
  "direct_valid_ratio": 1.0,
  "direct_residual_mean": 0.0059431432746350765,
  "direct_residual_median": 0.005300164222717285,
  "direct_residual_p90": 0.011048012971878053,
  "plus_newton_mae": 2.3433617610042952e-08,
  "plus_newton_rmse": 2.9915730000979635e-08,
  "plus_newton_r2": 0.9999999999999991,
  "plus_newton_valid_ratio": 1.0,
  "plus_newton_residual_mean": 2.7553360288998925e-14,
  "plus_newton_residual_median": 1.1102230246251565e-16,
  "plus_newton_residual_p90": 3.497757639081558e-14,
  "plus_newton_newton_iter_mean": 2.1189,
  "plus_newton_newton_iter_median": 2.0,
  "plus_newton_newton_iter_p90": 3.0,
  "plus_newton_converged_ratio": 1.0,
  "hp_use_log_ab": false,
  "hp_optimizer": "adamw",
  "hp_criterion": "mse",
  "hp_dropout": 0.0,
  "hp_lr": 0.001,
  "hp_weight_decay": 0.0001,
  "hp_hidden_dims": "[256, 256, 128]",
  "hp_hidden_size": 128,
  "hp_num_layers": 2,
  "hp_head_hidden": 64,
  "hp_head_layers": 2,
  "hp_d_model": 64,
  "hp_nhead": 4,
  "hp_ff_dim": 128,
  "hp_use_cls_token": true
}