{
  "trial_id": 371,
  "trial_name": "trial_371_lstm",
  "model": "lstm",
  "best_epoch": 55,
  "elapsed_sec": 157.31578612327576,
  "direct_mae": 0.0994289219379425,
  "direct_rmse": 0.12538419663906097,
  "direct_r2": 0.9836349226534367,
  "direct_valid_ratio": 1.0,
  "direct_residual_mean": 0.12483663111925125,
  "direct_residual_median": 0.10202668607234955,
  "direct_residual_p90": 0.24573241770267498,
  "plus_newton_mae": 2.3433618105288836e-08,
  "plus_newton_rmse": 2.991572853441932e-08,
  "plus_newton_r2": 0.9999999999999991,
  "plus_newton_valid_ratio": 1.0,
  "plus_newton_residual_mean": 3.4536565801071056e-14,
  "plus_newton_residual_median": 1.1102230246251565e-16,
  "plus_newton_residual_p90": 4.919554347226911e-14,
  "plus_newton_newton_iter_mean": 2.6067,
  "plus_newton_newton_iter_median": 3.0,
  "plus_newton_newton_iter_p90": 3.0,
  "plus_newton_converged_ratio": 1.0,
  "hp_use_log_ab": true,
  "hp_optimizer": "adamw",
  "hp_criterion": "mse",
  "hp_dropout": 0.1,
  "hp_lr": 0.0005,
  "hp_weight_decay": 0.0001,
  "hp_hidden_dims": "[256, 256, 128]",
  "hp_hidden_size": 64,
  "hp_num_layers": 1,
  "hp_head_hidden": 128,
  "hp_head_layers": 1,
  "hp_d_model": 64,
  "hp_nhead": 4,
  "hp_ff_dim": 128,
  "hp_use_cls_token": false
}{
  "trial_id": 371,
  "trial_name": "trial_371_lstm",
  "model": "lstm",
  "best_epoch": 55,
  "elapsed_sec": 157.31578612327576,
  "direct_mae": 0.0994289219379425,
  "direct_rmse": 0.12538419663906097,
  "direct_r2": 0.9836349226534367,
  "direct_valid_ratio": 1.0,
  "direct_residual_mean": 0.12483663111925125,
  "direct_residual_median": 0.10202668607234955,
  "direct_residual_p90": 0.24573241770267498,
  "plus_newton_mae": 2.3433618105288836e-08,
  "plus_newton_rmse": 2.991572853441932e-08,
  "plus_newton_r2": 0.9999999999999991,
  "plus_newton_valid_ratio": 1.0,
  "plus_newton_residual_mean": 3.4536565801071056e-14,
  "plus_newton_residual_median": 1.1102230246251565e-16,
  "plus_newton_residual_p90": 4.919554347226911e-14,
  "plus_newton_newton_iter_mean": 2.6067,
  "plus_newton_newton_iter_median": 3.0,
  "plus_newton_newton_iter_p90": 3.0,
  "plus_newton_converged_ratio": 1.0,
  "hp_use_log_ab": true,
  "hp_optimizer": "adamw",
  "hp_criterion": "mse",
  "hp_dropout": 0.1,
  "hp_lr": 0.0005,
  "hp_weight_decay": 0.0001,
  "hp_hidden_dims": "[256, 256, 128]",
  "hp_hidden_size": 64,
  "hp_num_layers": 1,
  "hp_head_hidden": 128,
  "hp_head_layers": 1,
  "hp_d_model": 64,
  "hp_nhead": 4,
  "hp_ff_dim": 128,
  "hp_use_cls_token": false
}