{
  "trial_id": 456,
  "trial_name": "trial_456_lstm",
  "model": "lstm",
  "best_epoch": 14,
  "elapsed_sec": 79.9078323841095,
  "direct_mae": 0.00722274836152792,
  "direct_rmse": 0.00936751626431942,
  "direct_r2": 0.9999086557290866,
  "direct_valid_ratio": 1.0,
  "direct_residual_mean": 0.008914689533412457,
  "direct_residual_median": 0.006897300481796265,
  "direct_residual_p90": 0.01864012479782105,
  "plus_newton_mae": 2.343361726211679e-08,
  "plus_newton_rmse": 2.991572932476734e-08,
  "plus_newton_r2": 0.9999999999999991,
  "plus_newton_valid_ratio": 1.0,
  "plus_newton_residual_mean": 3.6214490416101134e-14,
  "plus_newton_residual_median": 1.1102230246251565e-16,
  "plus_newton_residual_p90": 6.498135363131053e-14,
  "plus_newton_newton_iter_mean": 2.1421,
  "plus_newton_newton_iter_median": 2.0,
  "plus_newton_newton_iter_p90": 3.0,
  "plus_newton_converged_ratio": 1.0,
  "hp_use_log_ab": true,
  "hp_optimizer": "adamw",
  "hp_criterion": "smoothl1",
  "hp_dropout": 0.1,
  "hp_lr": 0.001,
  "hp_weight_decay": 1e-05,
  "hp_hidden_dims": "[256, 256, 128]",
  "hp_hidden_size": 64,
  "hp_num_layers": 2,
  "hp_head_hidden": 128,
  "hp_head_layers": 2,
  "hp_d_model": 64,
  "hp_nhead": 4,
  "hp_ff_dim": 128,
  "hp_use_cls_token": false
}{
  "trial_id": 456,
  "trial_name": "trial_456_lstm",
  "model": "lstm",
  "best_epoch": 14,
  "elapsed_sec": 79.9078323841095,
  "direct_mae": 0.00722274836152792,
  "direct_rmse": 0.00936751626431942,
  "direct_r2": 0.9999086557290866,
  "direct_valid_ratio": 1.0,
  "direct_residual_mean": 0.008914689533412457,
  "direct_residual_median": 0.006897300481796265,
  "direct_residual_p90": 0.01864012479782105,
  "plus_newton_mae": 2.343361726211679e-08,
  "plus_newton_rmse": 2.991572932476734e-08,
  "plus_newton_r2": 0.9999999999999991,
  "plus_newton_valid_ratio": 1.0,
  "plus_newton_residual_mean": 3.6214490416101134e-14,
  "plus_newton_residual_median": 1.1102230246251565e-16,
  "plus_newton_residual_p90": 6.498135363131053e-14,
  "plus_newton_newton_iter_mean": 2.1421,
  "plus_newton_newton_iter_median": 2.0,
  "plus_newton_newton_iter_p90": 3.0,
  "plus_newton_converged_ratio": 1.0,
  "hp_use_log_ab": true,
  "hp_optimizer": "adamw",
  "hp_criterion": "smoothl1",
  "hp_dropout": 0.1,
  "hp_lr": 0.001,
  "hp_weight_decay": 1e-05,
  "hp_hidden_dims": "[256, 256, 128]",
  "hp_hidden_size": 64,
  "hp_num_layers": 2,
  "hp_head_hidden": 128,
  "hp_head_layers": 2,
  "hp_d_model": 64,
  "hp_nhead": 4,
  "hp_ff_dim": 128,
  "hp_use_cls_token": false
}