{
  "trial_id": 1897,
  "trial_name": "trial_1897_transformer",
  "model": "transformer",
  "best_epoch": 24,
  "elapsed_sec": 76.39329218864441,
  "direct_mae": 0.33827081322669983,
  "direct_rmse": 0.41982460021972656,
  "direct_r2": 0.816528707742691,
  "direct_valid_ratio": 1.0,
  "direct_residual_mean": 0.38286978006362915,
  "direct_residual_median": 0.348508358001709,
  "direct_residual_p90": 0.7788924098014832,
  "plus_newton_mae": 2.3433618812870574e-08,
  "plus_newton_rmse": 2.991573090595056e-08,
  "plus_newton_r2": 0.9999999999999991,
  "plus_newton_valid_ratio": 1.0,
  "plus_newton_residual_mean": 4.272203009017693e-14,
  "plus_newton_residual_median": 1.1102230246251565e-16,
  "plus_newton_residual_p90": 9.882095142188522e-14,
  "plus_newton_newton_iter_mean": 2.7673,
  "plus_newton_newton_iter_median": 3.0,
  "plus_newton_newton_iter_p90": 3.0,
  "plus_newton_converged_ratio": 1.0,
  "hp_use_log_ab": false,
  "hp_optimizer": "adamw",
  "hp_criterion": "smoothl1",
  "hp_dropout": 0.1,
  "hp_lr": 0.0005,
  "hp_weight_decay": 1e-05,
  "hp_hidden_dims": "[256, 256, 128]",
  "hp_hidden_size": 128,
  "hp_num_layers": 2,
  "hp_head_hidden": 128,
  "hp_head_layers": 1,
  "hp_d_model": 64,
  "hp_nhead": 2,
  "hp_ff_dim": 64,
  "hp_use_cls_token": false
}{
  "trial_id": 1897,
  "trial_name": "trial_1897_transformer",
  "model": "transformer",
  "best_epoch": 24,
  "elapsed_sec": 76.39329218864441,
  "direct_mae": 0.33827081322669983,
  "direct_rmse": 0.41982460021972656,
  "direct_r2": 0.816528707742691,
  "direct_valid_ratio": 1.0,
  "direct_residual_mean": 0.38286978006362915,
  "direct_residual_median": 0.348508358001709,
  "direct_residual_p90": 0.7788924098014832,
  "plus_newton_mae": 2.3433618812870574e-08,
  "plus_newton_rmse": 2.991573090595056e-08,
  "plus_newton_r2": 0.9999999999999991,
  "plus_newton_valid_ratio": 1.0,
  "plus_newton_residual_mean": 4.272203009017693e-14,
  "plus_newton_residual_median": 1.1102230246251565e-16,
  "plus_newton_residual_p90": 9.882095142188522e-14,
  "plus_newton_newton_iter_mean": 2.7673,
  "plus_newton_newton_iter_median": 3.0,
  "plus_newton_newton_iter_p90": 3.0,
  "plus_newton_converged_ratio": 1.0,
  "hp_use_log_ab": false,
  "hp_optimizer": "adamw",
  "hp_criterion": "smoothl1",
  "hp_dropout": 0.1,
  "hp_lr": 0.0005,
  "hp_weight_decay": 1e-05,
  "hp_hidden_dims": "[256, 256, 128]",
  "hp_hidden_size": 128,
  "hp_num_layers": 2,
  "hp_head_hidden": 128,
  "hp_head_layers": 1,
  "hp_d_model": 64,
  "hp_nhead": 2,
  "hp_ff_dim": 64,
  "hp_use_cls_token": false
}