{
  "trial_id": 76,
  "trial_name": "trial_076_lstm",
  "model": "lstm",
  "best_epoch": 59,
  "elapsed_sec": 208.664892911911,
  "direct_mae": 0.008392867632210255,
  "direct_rmse": 0.011828809045255184,
  "direct_r2": 0.9998543486726703,
  "direct_valid_ratio": 1.0,
  "direct_residual_mean": 0.010236046276986599,
  "direct_residual_median": 0.006887346506118774,
  "direct_residual_p90": 0.025772452354431152,
  "plus_newton_mae": 2.3433618326218875e-08,
  "plus_newton_rmse": 2.991572981466201e-08,
  "plus_newton_r2": 0.9999999999999991,
  "plus_newton_valid_ratio": 1.0,
  "plus_newton_residual_mean": 3.348665488560413e-14,
  "plus_newton_residual_median": 8.326672684688674e-17,
  "plus_newton_residual_p90": 3.3872904481313566e-14,
  "plus_newton_newton_iter_mean": 2.197,
  "plus_newton_newton_iter_median": 2.0,
  "plus_newton_newton_iter_p90": 3.0,
  "plus_newton_converged_ratio": 1.0,
  "hp_use_log_ab": false,
  "hp_optimizer": "adamw",
  "hp_criterion": "mse",
  "hp_dropout": 0.1,
  "hp_lr": 0.001,
  "hp_weight_decay": 1e-05,
  "hp_hidden_dims": "[256, 256, 128]",
  "hp_hidden_size": 128,
  "hp_num_layers": 1,
  "hp_head_hidden": 128,
  "hp_head_layers": 2,
  "hp_d_model": 64,
  "hp_nhead": 4,
  "hp_ff_dim": 128,
  "hp_use_cls_token": false
}{
  "trial_id": 76,
  "trial_name": "trial_076_lstm",
  "model": "lstm",
  "best_epoch": 59,
  "elapsed_sec": 208.664892911911,
  "direct_mae": 0.008392867632210255,
  "direct_rmse": 0.011828809045255184,
  "direct_r2": 0.9998543486726703,
  "direct_valid_ratio": 1.0,
  "direct_residual_mean": 0.010236046276986599,
  "direct_residual_median": 0.006887346506118774,
  "direct_residual_p90": 0.025772452354431152,
  "plus_newton_mae": 2.3433618326218875e-08,
  "plus_newton_rmse": 2.991572981466201e-08,
  "plus_newton_r2": 0.9999999999999991,
  "plus_newton_valid_ratio": 1.0,
  "plus_newton_residual_mean": 3.348665488560413e-14,
  "plus_newton_residual_median": 8.326672684688674e-17,
  "plus_newton_residual_p90": 3.3872904481313566e-14,
  "plus_newton_newton_iter_mean": 2.197,
  "plus_newton_newton_iter_median": 2.0,
  "plus_newton_newton_iter_p90": 3.0,
  "plus_newton_converged_ratio": 1.0,
  "hp_use_log_ab": false,
  "hp_optimizer": "adamw",
  "hp_criterion": "mse",
  "hp_dropout": 0.1,
  "hp_lr": 0.001,
  "hp_weight_decay": 1e-05,
  "hp_hidden_dims": "[256, 256, 128]",
  "hp_hidden_size": 128,
  "hp_num_layers": 1,
  "hp_head_hidden": 128,
  "hp_head_layers": 2,
  "hp_d_model": 64,
  "hp_nhead": 4,
  "hp_ff_dim": 128,
  "hp_use_cls_token": false
}