{
  "trial_id": 1976,
  "trial_name": "trial_1976_transformer",
  "model": "transformer",
  "best_epoch": 44,
  "elapsed_sec": 92.68654584884644,
  "direct_mae": 0.008943476714193821,
  "direct_rmse": 0.013072550296783447,
  "direct_r2": 0.9998221093701432,
  "direct_valid_ratio": 1.0,
  "direct_residual_mean": 0.010071148164570332,
  "direct_residual_median": 0.007274940609931946,
  "direct_residual_p90": 0.023118782043457034,
  "plus_newton_mae": 2.343361870822039e-08,
  "plus_newton_rmse": 2.9915730568541115e-08,
  "plus_newton_r2": 0.9999999999999991,
  "plus_newton_valid_ratio": 1.0,
  "plus_newton_residual_mean": 3.950692054137847e-14,
  "plus_newton_residual_median": 1.1102230246251565e-16,
  "plus_newton_residual_p90": 8.08242361927114e-14,
  "plus_newton_newton_iter_mean": 2.0998,
  "plus_newton_newton_iter_median": 2.0,
  "plus_newton_newton_iter_p90": 3.0,
  "plus_newton_converged_ratio": 1.0,
  "hp_use_log_ab": false,
  "hp_optimizer": "adamw",
  "hp_criterion": "smoothl1",
  "hp_dropout": 0.1,
  "hp_lr": 0.0005,
  "hp_weight_decay": 0.0001,
  "hp_hidden_dims": "[256, 256, 128]",
  "hp_hidden_size": 128,
  "hp_num_layers": 1,
  "hp_head_hidden": 128,
  "hp_head_layers": 2,
  "hp_d_model": 32,
  "hp_nhead": 4,
  "hp_ff_dim": 128,
  "hp_use_cls_token": true
}{
  "trial_id": 1976,
  "trial_name": "trial_1976_transformer",
  "model": "transformer",
  "best_epoch": 44,
  "elapsed_sec": 92.68654584884644,
  "direct_mae": 0.008943476714193821,
  "direct_rmse": 0.013072550296783447,
  "direct_r2": 0.9998221093701432,
  "direct_valid_ratio": 1.0,
  "direct_residual_mean": 0.010071148164570332,
  "direct_residual_median": 0.007274940609931946,
  "direct_residual_p90": 0.023118782043457034,
  "plus_newton_mae": 2.343361870822039e-08,
  "plus_newton_rmse": 2.9915730568541115e-08,
  "plus_newton_r2": 0.9999999999999991,
  "plus_newton_valid_ratio": 1.0,
  "plus_newton_residual_mean": 3.950692054137847e-14,
  "plus_newton_residual_median": 1.1102230246251565e-16,
  "plus_newton_residual_p90": 8.08242361927114e-14,
  "plus_newton_newton_iter_mean": 2.0998,
  "plus_newton_newton_iter_median": 2.0,
  "plus_newton_newton_iter_p90": 3.0,
  "plus_newton_converged_ratio": 1.0,
  "hp_use_log_ab": false,
  "hp_optimizer": "adamw",
  "hp_criterion": "smoothl1",
  "hp_dropout": 0.1,
  "hp_lr": 0.0005,
  "hp_weight_decay": 0.0001,
  "hp_hidden_dims": "[256, 256, 128]",
  "hp_hidden_size": 128,
  "hp_num_layers": 1,
  "hp_head_hidden": 128,
  "hp_head_layers": 2,
  "hp_d_model": 32,
  "hp_nhead": 4,
  "hp_ff_dim": 128,
  "hp_use_cls_token": true
}