{
  "trial_id": 1123,
  "trial_name": "trial_1123_transformer",
  "model": "transformer",
  "best_epoch": 5,
  "elapsed_sec": 42.110005140304565,
  "direct_mae": 0.33921006321907043,
  "direct_rmse": 0.4182300865650177,
  "direct_r2": 0.8179197162389755,
  "direct_valid_ratio": 1.0,
  "direct_residual_mean": 0.3836805522441864,
  "direct_residual_median": 0.35468241572380066,
  "direct_residual_p90": 0.7623865246772767,
  "plus_newton_mae": 2.343361865215517e-08,
  "plus_newton_rmse": 2.9915730739657474e-08,
  "plus_newton_r2": 0.9999999999999991,
  "plus_newton_valid_ratio": 1.0,
  "plus_newton_residual_mean": 4.273859142676182e-14,
  "plus_newton_residual_median": 1.233822072288504e-16,
  "plus_newton_residual_p90": 9.270362255620057e-14,
  "plus_newton_newton_iter_mean": 2.7604,
  "plus_newton_newton_iter_median": 3.0,
  "plus_newton_newton_iter_p90": 3.0,
  "plus_newton_converged_ratio": 1.0,
  "hp_use_log_ab": false,
  "hp_optimizer": "adamw",
  "hp_criterion": "smoothl1",
  "hp_dropout": 0.0,
  "hp_lr": 0.001,
  "hp_weight_decay": 1e-05,
  "hp_hidden_dims": "[256, 256, 128]",
  "hp_hidden_size": 128,
  "hp_num_layers": 2,
  "hp_head_hidden": 128,
  "hp_head_layers": 1,
  "hp_d_model": 32,
  "hp_nhead": 2,
  "hp_ff_dim": 128,
  "hp_use_cls_token": false
}{
  "trial_id": 1123,
  "trial_name": "trial_1123_transformer",
  "model": "transformer",
  "best_epoch": 5,
  "elapsed_sec": 42.110005140304565,
  "direct_mae": 0.33921006321907043,
  "direct_rmse": 0.4182300865650177,
  "direct_r2": 0.8179197162389755,
  "direct_valid_ratio": 1.0,
  "direct_residual_mean": 0.3836805522441864,
  "direct_residual_median": 0.35468241572380066,
  "direct_residual_p90": 0.7623865246772767,
  "plus_newton_mae": 2.343361865215517e-08,
  "plus_newton_rmse": 2.9915730739657474e-08,
  "plus_newton_r2": 0.9999999999999991,
  "plus_newton_valid_ratio": 1.0,
  "plus_newton_residual_mean": 4.273859142676182e-14,
  "plus_newton_residual_median": 1.233822072288504e-16,
  "plus_newton_residual_p90": 9.270362255620057e-14,
  "plus_newton_newton_iter_mean": 2.7604,
  "plus_newton_newton_iter_median": 3.0,
  "plus_newton_newton_iter_p90": 3.0,
  "plus_newton_converged_ratio": 1.0,
  "hp_use_log_ab": false,
  "hp_optimizer": "adamw",
  "hp_criterion": "smoothl1",
  "hp_dropout": 0.0,
  "hp_lr": 0.001,
  "hp_weight_decay": 1e-05,
  "hp_hidden_dims": "[256, 256, 128]",
  "hp_hidden_size": 128,
  "hp_num_layers": 2,
  "hp_head_hidden": 128,
  "hp_head_layers": 1,
  "hp_d_model": 32,
  "hp_nhead": 2,
  "hp_ff_dim": 128,
  "hp_use_cls_token": false
}