{
  "trial_id": 110,
  "trial_name": "trial_110_transformer",
  "model": "transformer",
  "best_epoch": 21,
  "elapsed_sec": 150.46492767333984,
  "direct_mae": 0.34144800901412964,
  "direct_rmse": 0.4171176850795746,
  "direct_r2": 0.818887010216713,
  "direct_valid_ratio": 1.0,
  "direct_residual_mean": 0.38492047786712646,
  "direct_residual_median": 0.3635975122451782,
  "direct_residual_p90": 0.71911558508873,
  "plus_newton_mae": 2.343361957571638e-08,
  "plus_newton_rmse": 2.9915731749171676e-08,
  "plus_newton_r2": 0.9999999999999991,
  "plus_newton_valid_ratio": 1.0,
  "plus_newton_residual_mean": 4.410067297450551e-14,
  "plus_newton_residual_median": 1.6653345369377348e-16,
  "plus_newton_residual_p90": 1.0297596109154494e-13,
  "plus_newton_newton_iter_mean": 2.7571,
  "plus_newton_newton_iter_median": 3.0,
  "plus_newton_newton_iter_p90": 3.0,
  "plus_newton_converged_ratio": 1.0,
  "hp_use_log_ab": false,
  "hp_optimizer": "adamw",
  "hp_criterion": "mse",
  "hp_dropout": 0.0,
  "hp_lr": 0.001,
  "hp_weight_decay": 1e-05,
  "hp_hidden_dims": "[256, 256, 128]",
  "hp_hidden_size": 128,
  "hp_num_layers": 2,
  "hp_head_hidden": 128,
  "hp_head_layers": 1,
  "hp_d_model": 64,
  "hp_nhead": 4,
  "hp_ff_dim": 64,
  "hp_use_cls_token": true
}{
  "trial_id": 110,
  "trial_name": "trial_110_transformer",
  "model": "transformer",
  "best_epoch": 21,
  "elapsed_sec": 150.46492767333984,
  "direct_mae": 0.34144800901412964,
  "direct_rmse": 0.4171176850795746,
  "direct_r2": 0.818887010216713,
  "direct_valid_ratio": 1.0,
  "direct_residual_mean": 0.38492047786712646,
  "direct_residual_median": 0.3635975122451782,
  "direct_residual_p90": 0.71911558508873,
  "plus_newton_mae": 2.343361957571638e-08,
  "plus_newton_rmse": 2.9915731749171676e-08,
  "plus_newton_r2": 0.9999999999999991,
  "plus_newton_valid_ratio": 1.0,
  "plus_newton_residual_mean": 4.410067297450551e-14,
  "plus_newton_residual_median": 1.6653345369377348e-16,
  "plus_newton_residual_p90": 1.0297596109154494e-13,
  "plus_newton_newton_iter_mean": 2.7571,
  "plus_newton_newton_iter_median": 3.0,
  "plus_newton_newton_iter_p90": 3.0,
  "plus_newton_converged_ratio": 1.0,
  "hp_use_log_ab": false,
  "hp_optimizer": "adamw",
  "hp_criterion": "mse",
  "hp_dropout": 0.0,
  "hp_lr": 0.001,
  "hp_weight_decay": 1e-05,
  "hp_hidden_dims": "[256, 256, 128]",
  "hp_hidden_size": 128,
  "hp_num_layers": 2,
  "hp_head_hidden": 128,
  "hp_head_layers": 1,
  "hp_d_model": 64,
  "hp_nhead": 4,
  "hp_ff_dim": 64,
  "hp_use_cls_token": true
}