{
  "trial_id": 3064,
  "trial_name": "trial_3064_transformer",
  "model": "transformer",
  "best_epoch": 35,
  "elapsed_sec": 100.36784267425537,
  "direct_mae": 0.007393443491309881,
  "direct_rmse": 0.009472810663282871,
  "direct_r2": 0.9999065907031763,
  "direct_valid_ratio": 1.0,
  "direct_residual_mean": 0.008788623847067356,
  "direct_residual_median": 0.0070175230503082275,
  "direct_residual_p90": 0.01845335960388184,
  "plus_newton_mae": 2.3433619188567382e-08,
  "plus_newton_rmse": 2.9915730726095596e-08,
  "plus_newton_r2": 0.9999999999999991,
  "plus_newton_valid_ratio": 1.0,
  "plus_newton_residual_mean": 4.369996098951571e-14,
  "plus_newton_residual_median": 1.1102230246251565e-16,
  "plus_newton_residual_p90": 9.093281683192347e-14,
  "plus_newton_newton_iter_mean": 2.1399,
  "plus_newton_newton_iter_median": 2.0,
  "plus_newton_newton_iter_p90": 3.0,
  "plus_newton_converged_ratio": 1.0,
  "hp_use_log_ab": true,
  "hp_optimizer": "adamw",
  "hp_criterion": "mse",
  "hp_dropout": 0.1,
  "hp_lr": 0.0005,
  "hp_weight_decay": 0.0001,
  "hp_hidden_dims": "[256, 256, 128]",
  "hp_hidden_size": 128,
  "hp_num_layers": 2,
  "hp_head_hidden": 128,
  "hp_head_layers": 2,
  "hp_d_model": 32,
  "hp_nhead": 4,
  "hp_ff_dim": 128,
  "hp_use_cls_token": true
}{
  "trial_id": 3064,
  "trial_name": "trial_3064_transformer",
  "model": "transformer",
  "best_epoch": 35,
  "elapsed_sec": 100.36784267425537,
  "direct_mae": 0.007393443491309881,
  "direct_rmse": 0.009472810663282871,
  "direct_r2": 0.9999065907031763,
  "direct_valid_ratio": 1.0,
  "direct_residual_mean": 0.008788623847067356,
  "direct_residual_median": 0.0070175230503082275,
  "direct_residual_p90": 0.01845335960388184,
  "plus_newton_mae": 2.3433619188567382e-08,
  "plus_newton_rmse": 2.9915730726095596e-08,
  "plus_newton_r2": 0.9999999999999991,
  "plus_newton_valid_ratio": 1.0,
  "plus_newton_residual_mean": 4.369996098951571e-14,
  "plus_newton_residual_median": 1.1102230246251565e-16,
  "plus_newton_residual_p90": 9.093281683192347e-14,
  "plus_newton_newton_iter_mean": 2.1399,
  "plus_newton_newton_iter_median": 2.0,
  "plus_newton_newton_iter_p90": 3.0,
  "plus_newton_converged_ratio": 1.0,
  "hp_use_log_ab": true,
  "hp_optimizer": "adamw",
  "hp_criterion": "mse",
  "hp_dropout": 0.1,
  "hp_lr": 0.0005,
  "hp_weight_decay": 0.0001,
  "hp_hidden_dims": "[256, 256, 128]",
  "hp_hidden_size": 128,
  "hp_num_layers": 2,
  "hp_head_hidden": 128,
  "hp_head_layers": 2,
  "hp_d_model": 32,
  "hp_nhead": 4,
  "hp_ff_dim": 128,
  "hp_use_cls_token": true
}