{
  "trial_id": 2481,
  "trial_name": "trial_2481_transformer",
  "model": "transformer",
  "best_epoch": 116,
  "elapsed_sec": 170.58692264556885,
  "direct_mae": 0.0018979725427925587,
  "direct_rmse": 0.0024386621080338955,
  "direct_r2": 0.9999938093587843,
  "direct_valid_ratio": 1.0,
  "direct_residual_mean": 0.002309047617018223,
  "direct_residual_median": 0.0017402619123458862,
  "direct_residual_p90": 0.005004224926233292,
  "plus_newton_mae": 2.343361783229401e-08,
  "plus_newton_rmse": 2.991572987058042e-08,
  "plus_newton_r2": 0.9999999999999991,
  "plus_newton_valid_ratio": 1.0,
  "plus_newton_residual_mean": 2.9985346200905756e-14,
  "plus_newton_residual_median": 1.1102230246251565e-16,
  "plus_newton_residual_p90": 2.877698079828414e-14,
  "plus_newton_newton_iter_mean": 1.9951,
  "plus_newton_newton_iter_median": 2.0,
  "plus_newton_newton_iter_p90": 2.0,
  "plus_newton_converged_ratio": 1.0,
  "hp_use_log_ab": true,
  "hp_optimizer": "adamw",
  "hp_criterion": "mse",
  "hp_dropout": 0.0,
  "hp_lr": 0.0005,
  "hp_weight_decay": 0.0001,
  "hp_hidden_dims": "[256, 256, 128]",
  "hp_hidden_size": 128,
  "hp_num_layers": 1,
  "hp_head_hidden": 128,
  "hp_head_layers": 2,
  "hp_d_model": 32,
  "hp_nhead": 2,
  "hp_ff_dim": 64,
  "hp_use_cls_token": false
}{
  "trial_id": 2481,
  "trial_name": "trial_2481_transformer",
  "model": "transformer",
  "best_epoch": 116,
  "elapsed_sec": 170.58692264556885,
  "direct_mae": 0.0018979725427925587,
  "direct_rmse": 0.0024386621080338955,
  "direct_r2": 0.9999938093587843,
  "direct_valid_ratio": 1.0,
  "direct_residual_mean": 0.002309047617018223,
  "direct_residual_median": 0.0017402619123458862,
  "direct_residual_p90": 0.005004224926233292,
  "plus_newton_mae": 2.343361783229401e-08,
  "plus_newton_rmse": 2.991572987058042e-08,
  "plus_newton_r2": 0.9999999999999991,
  "plus_newton_valid_ratio": 1.0,
  "plus_newton_residual_mean": 2.9985346200905756e-14,
  "plus_newton_residual_median": 1.1102230246251565e-16,
  "plus_newton_residual_p90": 2.877698079828414e-14,
  "plus_newton_newton_iter_mean": 1.9951,
  "plus_newton_newton_iter_median": 2.0,
  "plus_newton_newton_iter_p90": 2.0,
  "plus_newton_converged_ratio": 1.0,
  "hp_use_log_ab": true,
  "hp_optimizer": "adamw",
  "hp_criterion": "mse",
  "hp_dropout": 0.0,
  "hp_lr": 0.0005,
  "hp_weight_decay": 0.0001,
  "hp_hidden_dims": "[256, 256, 128]",
  "hp_hidden_size": 128,
  "hp_num_layers": 1,
  "hp_head_hidden": 128,
  "hp_head_layers": 2,
  "hp_d_model": 32,
  "hp_nhead": 2,
  "hp_ff_dim": 64,
  "hp_use_cls_token": false
}