{
  "trial_id": 1164,
  "trial_name": "trial_1164_transformer",
  "model": "transformer",
  "best_epoch": 15,
  "elapsed_sec": 48.7695677280426,
  "direct_mae": 0.3385561406612396,
  "direct_rmse": 0.418761283159256,
  "direct_r2": 0.8174569010734558,
  "direct_valid_ratio": 1.0,
  "direct_residual_mean": 0.38253602385520935,
  "direct_residual_median": 0.3513187766075134,
  "direct_residual_p90": 0.7678583264350893,
  "plus_newton_mae": 2.3433618706827664e-08,
  "plus_newton_rmse": 2.991573074683193e-08,
  "plus_newton_r2": 0.9999999999999991,
  "plus_newton_valid_ratio": 1.0,
  "plus_newton_residual_mean": 4.348026479817531e-14,
  "plus_newton_residual_median": 1.1102230246251565e-16,
  "plus_newton_residual_p90": 1.0105249970138183e-13,
  "plus_newton_newton_iter_mean": 2.7582,
  "plus_newton_newton_iter_median": 3.0,
  "plus_newton_newton_iter_p90": 3.0,
  "plus_newton_converged_ratio": 1.0,
  "hp_use_log_ab": false,
  "hp_optimizer": "adamw",
  "hp_criterion": "smoothl1",
  "hp_dropout": 0.0,
  "hp_lr": 0.001,
  "hp_weight_decay": 0.0001,
  "hp_hidden_dims": "[256, 256, 128]",
  "hp_hidden_size": 128,
  "hp_num_layers": 1,
  "hp_head_hidden": 64,
  "hp_head_layers": 1,
  "hp_d_model": 64,
  "hp_nhead": 2,
  "hp_ff_dim": 128,
  "hp_use_cls_token": true
}{
  "trial_id": 1164,
  "trial_name": "trial_1164_transformer",
  "model": "transformer",
  "best_epoch": 15,
  "elapsed_sec": 48.7695677280426,
  "direct_mae": 0.3385561406612396,
  "direct_rmse": 0.418761283159256,
  "direct_r2": 0.8174569010734558,
  "direct_valid_ratio": 1.0,
  "direct_residual_mean": 0.38253602385520935,
  "direct_residual_median": 0.3513187766075134,
  "direct_residual_p90": 0.7678583264350893,
  "plus_newton_mae": 2.3433618706827664e-08,
  "plus_newton_rmse": 2.991573074683193e-08,
  "plus_newton_r2": 0.9999999999999991,
  "plus_newton_valid_ratio": 1.0,
  "plus_newton_residual_mean": 4.348026479817531e-14,
  "plus_newton_residual_median": 1.1102230246251565e-16,
  "plus_newton_residual_p90": 1.0105249970138183e-13,
  "plus_newton_newton_iter_mean": 2.7582,
  "plus_newton_newton_iter_median": 3.0,
  "plus_newton_newton_iter_p90": 3.0,
  "plus_newton_converged_ratio": 1.0,
  "hp_use_log_ab": false,
  "hp_optimizer": "adamw",
  "hp_criterion": "smoothl1",
  "hp_dropout": 0.0,
  "hp_lr": 0.001,
  "hp_weight_decay": 0.0001,
  "hp_hidden_dims": "[256, 256, 128]",
  "hp_hidden_size": 128,
  "hp_num_layers": 1,
  "hp_head_hidden": 64,
  "hp_head_layers": 1,
  "hp_d_model": 64,
  "hp_nhead": 2,
  "hp_ff_dim": 128,
  "hp_use_cls_token": true
}