{
  "trial_id": 3016,
  "trial_name": "trial_3016_transformer",
  "model": "transformer",
  "best_epoch": 45,
  "elapsed_sec": 115.18430614471436,
  "direct_mae": 0.10719025880098343,
  "direct_rmse": 0.13386191427707672,
  "direct_r2": 0.9813470970839262,
  "direct_valid_ratio": 1.0,
  "direct_residual_mean": 0.13425451517105103,
  "direct_residual_median": 0.11272655427455902,
  "direct_residual_p90": 0.25681949853897096,
  "plus_newton_mae": 2.3433619321837247e-08,
  "plus_newton_rmse": 2.9915730506317274e-08,
  "plus_newton_r2": 0.9999999999999991,
  "plus_newton_valid_ratio": 1.0,
  "plus_newton_residual_mean": 3.3822742507214464e-14,
  "plus_newton_residual_median": 1.1102230246251565e-16,
  "plus_newton_residual_p90": 4.5630166312093934e-14,
  "plus_newton_newton_iter_mean": 2.6223,
  "plus_newton_newton_iter_median": 3.0,
  "plus_newton_newton_iter_p90": 3.0,
  "plus_newton_converged_ratio": 1.0,
  "hp_use_log_ab": true,
  "hp_optimizer": "adamw",
  "hp_criterion": "mse",
  "hp_dropout": 0.1,
  "hp_lr": 0.0005,
  "hp_weight_decay": 0.0001,
  "hp_hidden_dims": "[256, 256, 128]",
  "hp_hidden_size": 128,
  "hp_num_layers": 2,
  "hp_head_hidden": 64,
  "hp_head_layers": 1,
  "hp_d_model": 32,
  "hp_nhead": 4,
  "hp_ff_dim": 128,
  "hp_use_cls_token": true
}{
  "trial_id": 3016,
  "trial_name": "trial_3016_transformer",
  "model": "transformer",
  "best_epoch": 45,
  "elapsed_sec": 115.18430614471436,
  "direct_mae": 0.10719025880098343,
  "direct_rmse": 0.13386191427707672,
  "direct_r2": 0.9813470970839262,
  "direct_valid_ratio": 1.0,
  "direct_residual_mean": 0.13425451517105103,
  "direct_residual_median": 0.11272655427455902,
  "direct_residual_p90": 0.25681949853897096,
  "plus_newton_mae": 2.3433619321837247e-08,
  "plus_newton_rmse": 2.9915730506317274e-08,
  "plus_newton_r2": 0.9999999999999991,
  "plus_newton_valid_ratio": 1.0,
  "plus_newton_residual_mean": 3.3822742507214464e-14,
  "plus_newton_residual_median": 1.1102230246251565e-16,
  "plus_newton_residual_p90": 4.5630166312093934e-14,
  "plus_newton_newton_iter_mean": 2.6223,
  "plus_newton_newton_iter_median": 3.0,
  "plus_newton_newton_iter_p90": 3.0,
  "plus_newton_converged_ratio": 1.0,
  "hp_use_log_ab": true,
  "hp_optimizer": "adamw",
  "hp_criterion": "mse",
  "hp_dropout": 0.1,
  "hp_lr": 0.0005,
  "hp_weight_decay": 0.0001,
  "hp_hidden_dims": "[256, 256, 128]",
  "hp_hidden_size": 128,
  "hp_num_layers": 2,
  "hp_head_hidden": 64,
  "hp_head_layers": 1,
  "hp_d_model": 32,
  "hp_nhead": 4,
  "hp_ff_dim": 128,
  "hp_use_cls_token": true
}