{
  "trial_id": 1650,
  "trial_name": "trial_1650_transformer",
  "model": "transformer",
  "best_epoch": 34,
  "elapsed_sec": 98.13363766670227,
  "direct_mae": 0.008992623537778854,
  "direct_rmse": 0.013076253235340118,
  "direct_r2": 0.9998220085981302,
  "direct_valid_ratio": 1.0,
  "direct_residual_mean": 0.010561020113527775,
  "direct_residual_median": 0.008108168840408325,
  "direct_residual_p90": 0.0217710018157959,
  "plus_newton_mae": 2.3433618043779137e-08,
  "plus_newton_rmse": 2.991572955914285e-08,
  "plus_newton_r2": 0.9999999999999991,
  "plus_newton_valid_ratio": 1.0,
  "plus_newton_residual_mean": 3.931916414449222e-14,
  "plus_newton_residual_median": 1.1102230246251565e-16,
  "plus_newton_residual_p90": 6.452616219121418e-14,
  "plus_newton_newton_iter_mean": 2.1671,
  "plus_newton_newton_iter_median": 2.0,
  "plus_newton_newton_iter_p90": 3.0,
  "plus_newton_converged_ratio": 1.0,
  "hp_use_log_ab": false,
  "hp_optimizer": "adamw",
  "hp_criterion": "smoothl1",
  "hp_dropout": 0.1,
  "hp_lr": 0.001,
  "hp_weight_decay": 1e-05,
  "hp_hidden_dims": "[256, 256, 128]",
  "hp_hidden_size": 128,
  "hp_num_layers": 2,
  "hp_head_hidden": 128,
  "hp_head_layers": 2,
  "hp_d_model": 32,
  "hp_nhead": 2,
  "hp_ff_dim": 64,
  "hp_use_cls_token": true
}{
  "trial_id": 1650,
  "trial_name": "trial_1650_transformer",
  "model": "transformer",
  "best_epoch": 34,
  "elapsed_sec": 98.13363766670227,
  "direct_mae": 0.008992623537778854,
  "direct_rmse": 0.013076253235340118,
  "direct_r2": 0.9998220085981302,
  "direct_valid_ratio": 1.0,
  "direct_residual_mean": 0.010561020113527775,
  "direct_residual_median": 0.008108168840408325,
  "direct_residual_p90": 0.0217710018157959,
  "plus_newton_mae": 2.3433618043779137e-08,
  "plus_newton_rmse": 2.991572955914285e-08,
  "plus_newton_r2": 0.9999999999999991,
  "plus_newton_valid_ratio": 1.0,
  "plus_newton_residual_mean": 3.931916414449222e-14,
  "plus_newton_residual_median": 1.1102230246251565e-16,
  "plus_newton_residual_p90": 6.452616219121418e-14,
  "plus_newton_newton_iter_mean": 2.1671,
  "plus_newton_newton_iter_median": 2.0,
  "plus_newton_newton_iter_p90": 3.0,
  "plus_newton_converged_ratio": 1.0,
  "hp_use_log_ab": false,
  "hp_optimizer": "adamw",
  "hp_criterion": "smoothl1",
  "hp_dropout": 0.1,
  "hp_lr": 0.001,
  "hp_weight_decay": 1e-05,
  "hp_hidden_dims": "[256, 256, 128]",
  "hp_hidden_size": 128,
  "hp_num_layers": 2,
  "hp_head_hidden": 128,
  "hp_head_layers": 2,
  "hp_d_model": 32,
  "hp_nhead": 2,
  "hp_ff_dim": 64,
  "hp_use_cls_token": true
}