{
  "trial_id": 995,
  "trial_name": "trial_995_transformer",
  "model": "transformer",
  "best_epoch": 109,
  "elapsed_sec": 209.19745874404907,
  "direct_mae": 0.34055742621421814,
  "direct_rmse": 0.41690245270729065,
  "direct_r2": 0.8190738707780838,
  "direct_valid_ratio": 1.0,
  "direct_residual_mean": 0.38386210799217224,
  "direct_residual_median": 0.3604704439640045,
  "direct_residual_p90": 0.7242559373378754,
  "plus_newton_mae": 2.343361906241293e-08,
  "plus_newton_rmse": 2.9915730887153875e-08,
  "plus_newton_r2": 0.9999999999999991,
  "plus_newton_valid_ratio": 1.0,
  "plus_newton_residual_mean": 4.4086827939090075e-14,
  "plus_newton_residual_median": 2.220446049250313e-16,
  "plus_newton_residual_p90": 1.0289546992225983e-13,
  "plus_newton_newton_iter_mean": 2.7565,
  "plus_newton_newton_iter_median": 3.0,
  "plus_newton_newton_iter_p90": 3.0,
  "plus_newton_converged_ratio": 1.0,
  "hp_use_log_ab": false,
  "hp_optimizer": "adamw",
  "hp_criterion": "mse",
  "hp_dropout": 0.1,
  "hp_lr": 0.0005,
  "hp_weight_decay": 0.0001,
  "hp_hidden_dims": "[256, 256, 128]",
  "hp_hidden_size": 128,
  "hp_num_layers": 2,
  "hp_head_hidden": 128,
  "hp_head_layers": 1,
  "hp_d_model": 32,
  "hp_nhead": 2,
  "hp_ff_dim": 128,
  "hp_use_cls_token": false
}{
  "trial_id": 995,
  "trial_name": "trial_995_transformer",
  "model": "transformer",
  "best_epoch": 109,
  "elapsed_sec": 209.19745874404907,
  "direct_mae": 0.34055742621421814,
  "direct_rmse": 0.41690245270729065,
  "direct_r2": 0.8190738707780838,
  "direct_valid_ratio": 1.0,
  "direct_residual_mean": 0.38386210799217224,
  "direct_residual_median": 0.3604704439640045,
  "direct_residual_p90": 0.7242559373378754,
  "plus_newton_mae": 2.343361906241293e-08,
  "plus_newton_rmse": 2.9915730887153875e-08,
  "plus_newton_r2": 0.9999999999999991,
  "plus_newton_valid_ratio": 1.0,
  "plus_newton_residual_mean": 4.4086827939090075e-14,
  "plus_newton_residual_median": 2.220446049250313e-16,
  "plus_newton_residual_p90": 1.0289546992225983e-13,
  "plus_newton_newton_iter_mean": 2.7565,
  "plus_newton_newton_iter_median": 3.0,
  "plus_newton_newton_iter_p90": 3.0,
  "plus_newton_converged_ratio": 1.0,
  "hp_use_log_ab": false,
  "hp_optimizer": "adamw",
  "hp_criterion": "mse",
  "hp_dropout": 0.1,
  "hp_lr": 0.0005,
  "hp_weight_decay": 0.0001,
  "hp_hidden_dims": "[256, 256, 128]",
  "hp_hidden_size": 128,
  "hp_num_layers": 2,
  "hp_head_hidden": 128,
  "hp_head_layers": 1,
  "hp_d_model": 32,
  "hp_nhead": 2,
  "hp_ff_dim": 128,
  "hp_use_cls_token": false
}