{
  "trial_id": 793,
  "trial_name": "trial_793_transformer",
  "model": "transformer",
  "best_epoch": 73,
  "elapsed_sec": 149.9012167453766,
  "direct_mae": 0.015392925590276718,
  "direct_rmse": 0.020772427320480347,
  "direct_r2": 0.9995508339779917,
  "direct_valid_ratio": 1.0,
  "direct_residual_mean": 0.017767809331417084,
  "direct_residual_median": 0.014827176928520203,
  "direct_residual_p90": 0.0344191312789917,
  "plus_newton_mae": 2.3433618106606886e-08,
  "plus_newton_rmse": 2.9915730115882274e-08,
  "plus_newton_r2": 0.9999999999999991,
  "plus_newton_valid_ratio": 1.0,
  "plus_newton_residual_mean": 4.057475851708249e-14,
  "plus_newton_residual_median": 1.1102230246251565e-16,
  "plus_newton_residual_p90": 8.389400285580001e-14,
  "plus_newton_newton_iter_mean": 2.2306,
  "plus_newton_newton_iter_median": 2.0,
  "plus_newton_newton_iter_p90": 3.0,
  "plus_newton_converged_ratio": 1.0,
  "hp_use_log_ab": false,
  "hp_optimizer": "adamw",
  "hp_criterion": "mse",
  "hp_dropout": 0.1,
  "hp_lr": 0.0005,
  "hp_weight_decay": 1e-05,
  "hp_hidden_dims": "[256, 256, 128]",
  "hp_hidden_size": 128,
  "hp_num_layers": 1,
  "hp_head_hidden": 64,
  "hp_head_layers": 2,
  "hp_d_model": 64,
  "hp_nhead": 2,
  "hp_ff_dim": 64,
  "hp_use_cls_token": false
}{
  "trial_id": 793,
  "trial_name": "trial_793_transformer",
  "model": "transformer",
  "best_epoch": 73,
  "elapsed_sec": 149.9012167453766,
  "direct_mae": 0.015392925590276718,
  "direct_rmse": 0.020772427320480347,
  "direct_r2": 0.9995508339779917,
  "direct_valid_ratio": 1.0,
  "direct_residual_mean": 0.017767809331417084,
  "direct_residual_median": 0.014827176928520203,
  "direct_residual_p90": 0.0344191312789917,
  "plus_newton_mae": 2.3433618106606886e-08,
  "plus_newton_rmse": 2.9915730115882274e-08,
  "plus_newton_r2": 0.9999999999999991,
  "plus_newton_valid_ratio": 1.0,
  "plus_newton_residual_mean": 4.057475851708249e-14,
  "plus_newton_residual_median": 1.1102230246251565e-16,
  "plus_newton_residual_p90": 8.389400285580001e-14,
  "plus_newton_newton_iter_mean": 2.2306,
  "plus_newton_newton_iter_median": 2.0,
  "plus_newton_newton_iter_p90": 3.0,
  "plus_newton_converged_ratio": 1.0,
  "hp_use_log_ab": false,
  "hp_optimizer": "adamw",
  "hp_criterion": "mse",
  "hp_dropout": 0.1,
  "hp_lr": 0.0005,
  "hp_weight_decay": 1e-05,
  "hp_hidden_dims": "[256, 256, 128]",
  "hp_hidden_size": 128,
  "hp_num_layers": 1,
  "hp_head_hidden": 64,
  "hp_head_layers": 2,
  "hp_d_model": 64,
  "hp_nhead": 2,
  "hp_ff_dim": 64,
  "hp_use_cls_token": false
}