{
  "trial_id": 3162,
  "trial_name": "trial_3162_transformer",
  "model": "transformer",
  "best_epoch": 109,
  "elapsed_sec": 211.45376133918762,
  "direct_mae": 0.0024093021638691425,
  "direct_rmse": 0.0030650657135993242,
  "direct_r2": 0.999990220604559,
  "direct_valid_ratio": 1.0,
  "direct_residual_mean": 0.002926824614405632,
  "direct_residual_median": 0.0023276805877685547,
  "direct_residual_p90": 0.0061201676726341265,
  "plus_newton_mae": 2.3433617194288427e-08,
  "plus_newton_rmse": 2.991572927927536e-08,
  "plus_newton_r2": 0.9999999999999991,
  "plus_newton_valid_ratio": 1.0,
  "plus_newton_residual_mean": 3.0624943157591885e-14,
  "plus_newton_residual_median": 1.1102230246251565e-16,
  "plus_newton_residual_p90": 3.3650859876388535e-14,
  "plus_newton_newton_iter_mean": 2.0218,
  "plus_newton_newton_iter_median": 2.0,
  "plus_newton_newton_iter_p90": 2.0,
  "plus_newton_converged_ratio": 1.0,
  "hp_use_log_ab": true,
  "hp_optimizer": "adamw",
  "hp_criterion": "smoothl1",
  "hp_dropout": 0.0,
  "hp_lr": 0.001,
  "hp_weight_decay": 1e-05,
  "hp_hidden_dims": "[256, 256, 128]",
  "hp_hidden_size": 128,
  "hp_num_layers": 2,
  "hp_head_hidden": 64,
  "hp_head_layers": 2,
  "hp_d_model": 64,
  "hp_nhead": 2,
  "hp_ff_dim": 64,
  "hp_use_cls_token": true
}{
  "trial_id": 3162,
  "trial_name": "trial_3162_transformer",
  "model": "transformer",
  "best_epoch": 109,
  "elapsed_sec": 211.45376133918762,
  "direct_mae": 0.0024093021638691425,
  "direct_rmse": 0.0030650657135993242,
  "direct_r2": 0.999990220604559,
  "direct_valid_ratio": 1.0,
  "direct_residual_mean": 0.002926824614405632,
  "direct_residual_median": 0.0023276805877685547,
  "direct_residual_p90": 0.0061201676726341265,
  "plus_newton_mae": 2.3433617194288427e-08,
  "plus_newton_rmse": 2.991572927927536e-08,
  "plus_newton_r2": 0.9999999999999991,
  "plus_newton_valid_ratio": 1.0,
  "plus_newton_residual_mean": 3.0624943157591885e-14,
  "plus_newton_residual_median": 1.1102230246251565e-16,
  "plus_newton_residual_p90": 3.3650859876388535e-14,
  "plus_newton_newton_iter_mean": 2.0218,
  "plus_newton_newton_iter_median": 2.0,
  "plus_newton_newton_iter_p90": 2.0,
  "plus_newton_converged_ratio": 1.0,
  "hp_use_log_ab": true,
  "hp_optimizer": "adamw",
  "hp_criterion": "smoothl1",
  "hp_dropout": 0.0,
  "hp_lr": 0.001,
  "hp_weight_decay": 1e-05,
  "hp_hidden_dims": "[256, 256, 128]",
  "hp_hidden_size": 128,
  "hp_num_layers": 2,
  "hp_head_hidden": 64,
  "hp_head_layers": 2,
  "hp_d_model": 64,
  "hp_nhead": 2,
  "hp_ff_dim": 64,
  "hp_use_cls_token": true
}