{
  "trial_id": 312,
  "trial_name": "trial_312_lstm",
  "model": "lstm",
  "best_epoch": 78,
  "elapsed_sec": 230.56534576416016,
  "direct_mae": 0.0018901355797424912,
  "direct_rmse": 0.00244898977689445,
  "direct_r2": 0.9999937568122732,
  "direct_valid_ratio": 1.0,
  "direct_residual_mean": 0.0022940761409699917,
  "direct_residual_median": 0.0017778575420379639,
  "direct_residual_p90": 0.005021356791257859,
  "plus_newton_mae": 2.343361734665413e-08,
  "plus_newton_rmse": 2.991572927096832e-08,
  "plus_newton_r2": 0.9999999999999991,
  "plus_newton_valid_ratio": 1.0,
  "plus_newton_residual_mean": 3.612526229602013e-14,
  "plus_newton_residual_median": 1.1102230246251565e-16,
  "plus_newton_residual_p90": 5.798694857617205e-14,
  "plus_newton_newton_iter_mean": 1.9756,
  "plus_newton_newton_iter_median": 2.0,
  "plus_newton_newton_iter_p90": 2.0,
  "plus_newton_converged_ratio": 1.0,
  "hp_use_log_ab": true,
  "hp_optimizer": "adamw",
  "hp_criterion": "mse",
  "hp_dropout": 0.0,
  "hp_lr": 0.0005,
  "hp_weight_decay": 0.0001,
  "hp_hidden_dims": "[256, 256, 128]",
  "hp_hidden_size": 64,
  "hp_num_layers": 2,
  "hp_head_hidden": 128,
  "hp_head_layers": 2,
  "hp_d_model": 64,
  "hp_nhead": 4,
  "hp_ff_dim": 128,
  "hp_use_cls_token": false
}{
  "trial_id": 312,
  "trial_name": "trial_312_lstm",
  "model": "lstm",
  "best_epoch": 78,
  "elapsed_sec": 230.56534576416016,
  "direct_mae": 0.0018901355797424912,
  "direct_rmse": 0.00244898977689445,
  "direct_r2": 0.9999937568122732,
  "direct_valid_ratio": 1.0,
  "direct_residual_mean": 0.0022940761409699917,
  "direct_residual_median": 0.0017778575420379639,
  "direct_residual_p90": 0.005021356791257859,
  "plus_newton_mae": 2.343361734665413e-08,
  "plus_newton_rmse": 2.991572927096832e-08,
  "plus_newton_r2": 0.9999999999999991,
  "plus_newton_valid_ratio": 1.0,
  "plus_newton_residual_mean": 3.612526229602013e-14,
  "plus_newton_residual_median": 1.1102230246251565e-16,
  "plus_newton_residual_p90": 5.798694857617205e-14,
  "plus_newton_newton_iter_mean": 1.9756,
  "plus_newton_newton_iter_median": 2.0,
  "plus_newton_newton_iter_p90": 2.0,
  "plus_newton_converged_ratio": 1.0,
  "hp_use_log_ab": true,
  "hp_optimizer": "adamw",
  "hp_criterion": "mse",
  "hp_dropout": 0.0,
  "hp_lr": 0.0005,
  "hp_weight_decay": 0.0001,
  "hp_hidden_dims": "[256, 256, 128]",
  "hp_hidden_size": 64,
  "hp_num_layers": 2,
  "hp_head_hidden": 128,
  "hp_head_layers": 2,
  "hp_d_model": 64,
  "hp_nhead": 4,
  "hp_ff_dim": 128,
  "hp_use_cls_token": false
}