{
  "trial_id": 8,
  "trial_name": "trial_008_gru",
  "model": "gru",
  "best_epoch": 88,
  "elapsed_sec": 275.9174852371216,
  "direct_mae": 0.0014896789798513055,
  "direct_rmse": 0.002265260787680745,
  "direct_r2": 0.9999946584321151,
  "direct_valid_ratio": 1.0,
  "direct_residual_mean": 0.0017716266447678208,
  "direct_residual_median": 0.0012948289513587952,
  "direct_residual_p90": 0.0037266701459884644,
  "plus_newton_mae": 2.343361714459446e-08,
  "plus_newton_rmse": 2.991572906505261e-08,
  "plus_newton_r2": 0.9999999999999991,
  "plus_newton_valid_ratio": 1.0,
  "plus_newton_residual_mean": 2.3740193025229603e-14,
  "plus_newton_residual_median": 1.1102230246251565e-16,
  "plus_newton_residual_p90": 1.778577285449509e-14,
  "plus_newton_newton_iter_mean": 1.9664,
  "plus_newton_newton_iter_median": 2.0,
  "plus_newton_newton_iter_p90": 2.0,
  "plus_newton_converged_ratio": 1.0,
  "hp_use_log_ab": false,
  "hp_optimizer": "adamw",
  "hp_criterion": "mse",
  "hp_dropout": 0.0,
  "hp_lr": 0.001,
  "hp_weight_decay": 1e-05,
  "hp_hidden_dims": "[256, 256, 128]",
  "hp_hidden_size": 64,
  "hp_num_layers": 2,
  "hp_head_hidden": 128,
  "hp_head_layers": 2,
  "hp_d_model": 64,
  "hp_nhead": 4,
  "hp_ff_dim": 128,
  "hp_use_cls_token": false
}{
  "trial_id": 8,
  "trial_name": "trial_008_gru",
  "model": "gru",
  "best_epoch": 88,
  "elapsed_sec": 275.9174852371216,
  "direct_mae": 0.0014896789798513055,
  "direct_rmse": 0.002265260787680745,
  "direct_r2": 0.9999946584321151,
  "direct_valid_ratio": 1.0,
  "direct_residual_mean": 0.0017716266447678208,
  "direct_residual_median": 0.0012948289513587952,
  "direct_residual_p90": 0.0037266701459884644,
  "plus_newton_mae": 2.343361714459446e-08,
  "plus_newton_rmse": 2.991572906505261e-08,
  "plus_newton_r2": 0.9999999999999991,
  "plus_newton_valid_ratio": 1.0,
  "plus_newton_residual_mean": 2.3740193025229603e-14,
  "plus_newton_residual_median": 1.1102230246251565e-16,
  "plus_newton_residual_p90": 1.778577285449509e-14,
  "plus_newton_newton_iter_mean": 1.9664,
  "plus_newton_newton_iter_median": 2.0,
  "plus_newton_newton_iter_p90": 2.0,
  "plus_newton_converged_ratio": 1.0,
  "hp_use_log_ab": false,
  "hp_optimizer": "adamw",
  "hp_criterion": "mse",
  "hp_dropout": 0.0,
  "hp_lr": 0.001,
  "hp_weight_decay": 1e-05,
  "hp_hidden_dims": "[256, 256, 128]",
  "hp_hidden_size": 64,
  "hp_num_layers": 2,
  "hp_head_hidden": 128,
  "hp_head_layers": 2,
  "hp_d_model": 64,
  "hp_nhead": 4,
  "hp_ff_dim": 128,
  "hp_use_cls_token": false
}