{
  "trial_id": 251,
  "trial_name": "trial_251_lstm",
  "model": "lstm",
  "best_epoch": 9,
  "elapsed_sec": 69.07958269119263,
  "direct_mae": 0.3391844928264618,
  "direct_rmse": 0.420388400554657,
  "direct_r2": 0.816035583615303,
  "direct_valid_ratio": 1.0,
  "direct_residual_mean": 0.3873497247695923,
  "direct_residual_median": 0.3497665524482727,
  "direct_residual_p90": 0.7940034449100497,
  "plus_newton_mae": 2.3433619589148857e-08,
  "plus_newton_rmse": 2.991573020847466e-08,
  "plus_newton_r2": 0.9999999999999991,
  "plus_newton_valid_ratio": 1.0,
  "plus_newton_residual_mean": 4.093679843723732e-14,
  "plus_newton_residual_median": 1.1102230246251565e-16,
  "plus_newton_residual_p90": 8.554268404736851e-14,
  "plus_newton_newton_iter_mean": 2.7812,
  "plus_newton_newton_iter_median": 3.0,
  "plus_newton_newton_iter_p90": 4.0,
  "plus_newton_converged_ratio": 1.0,
  "hp_use_log_ab": false,
  "hp_optimizer": "adamw",
  "hp_criterion": "smoothl1",
  "hp_dropout": 0.1,
  "hp_lr": 0.0005,
  "hp_weight_decay": 0.0001,
  "hp_hidden_dims": "[256, 256, 128]",
  "hp_hidden_size": 128,
  "hp_num_layers": 1,
  "hp_head_hidden": 128,
  "hp_head_layers": 1,
  "hp_d_model": 64,
  "hp_nhead": 4,
  "hp_ff_dim": 128,
  "hp_use_cls_token": false
}{
  "trial_id": 251,
  "trial_name": "trial_251_lstm",
  "model": "lstm",
  "best_epoch": 9,
  "elapsed_sec": 69.07958269119263,
  "direct_mae": 0.3391844928264618,
  "direct_rmse": 0.420388400554657,
  "direct_r2": 0.816035583615303,
  "direct_valid_ratio": 1.0,
  "direct_residual_mean": 0.3873497247695923,
  "direct_residual_median": 0.3497665524482727,
  "direct_residual_p90": 0.7940034449100497,
  "plus_newton_mae": 2.3433619589148857e-08,
  "plus_newton_rmse": 2.991573020847466e-08,
  "plus_newton_r2": 0.9999999999999991,
  "plus_newton_valid_ratio": 1.0,
  "plus_newton_residual_mean": 4.093679843723732e-14,
  "plus_newton_residual_median": 1.1102230246251565e-16,
  "plus_newton_residual_p90": 8.554268404736851e-14,
  "plus_newton_newton_iter_mean": 2.7812,
  "plus_newton_newton_iter_median": 3.0,
  "plus_newton_newton_iter_p90": 4.0,
  "plus_newton_converged_ratio": 1.0,
  "hp_use_log_ab": false,
  "hp_optimizer": "adamw",
  "hp_criterion": "smoothl1",
  "hp_dropout": 0.1,
  "hp_lr": 0.0005,
  "hp_weight_decay": 0.0001,
  "hp_hidden_dims": "[256, 256, 128]",
  "hp_hidden_size": 128,
  "hp_num_layers": 1,
  "hp_head_hidden": 128,
  "hp_head_layers": 1,
  "hp_d_model": 64,
  "hp_nhead": 4,
  "hp_ff_dim": 128,
  "hp_use_cls_token": false
}