{
  "trial_id": 2421,
  "trial_name": "trial_2421_transformer",
  "model": "transformer",
  "best_epoch": 119,
  "elapsed_sec": 209.27413153648376,
  "direct_mae": 0.0013310204958543181,
  "direct_rmse": 0.0017450597370043397,
  "direct_r2": 0.9999968300460296,
  "direct_valid_ratio": 1.0,
  "direct_residual_mean": 0.0016818685689941049,
  "direct_residual_median": 0.0012101754546165466,
  "direct_residual_p90": 0.0037721514701843273,
  "plus_newton_mae": 2.3433617511371105e-08,
  "plus_newton_rmse": 2.991572972830765e-08,
  "plus_newton_r2": 0.9999999999999991,
  "plus_newton_valid_ratio": 1.0,
  "plus_newton_residual_mean": 3.94848386352879e-14,
  "plus_newton_residual_median": 1.1102230246251565e-16,
  "plus_newton_residual_p90": 7.255862577437733e-14,
  "plus_newton_newton_iter_mean": 1.9552,
  "plus_newton_newton_iter_median": 2.0,
  "plus_newton_newton_iter_p90": 2.0,
  "plus_newton_converged_ratio": 1.0,
  "hp_use_log_ab": true,
  "hp_optimizer": "adamw",
  "hp_criterion": "mse",
  "hp_dropout": 0.0,
  "hp_lr": 0.0005,
  "hp_weight_decay": 1e-05,
  "hp_hidden_dims": "[256, 256, 128]",
  "hp_hidden_size": 128,
  "hp_num_layers": 2,
  "hp_head_hidden": 128,
  "hp_head_layers": 2,
  "hp_d_model": 32,
  "hp_nhead": 4,
  "hp_ff_dim": 64,
  "hp_use_cls_token": false
}{
  "trial_id": 2421,
  "trial_name": "trial_2421_transformer",
  "model": "transformer",
  "best_epoch": 119,
  "elapsed_sec": 209.27413153648376,
  "direct_mae": 0.0013310204958543181,
  "direct_rmse": 0.0017450597370043397,
  "direct_r2": 0.9999968300460296,
  "direct_valid_ratio": 1.0,
  "direct_residual_mean": 0.0016818685689941049,
  "direct_residual_median": 0.0012101754546165466,
  "direct_residual_p90": 0.0037721514701843273,
  "plus_newton_mae": 2.3433617511371105e-08,
  "plus_newton_rmse": 2.991572972830765e-08,
  "plus_newton_r2": 0.9999999999999991,
  "plus_newton_valid_ratio": 1.0,
  "plus_newton_residual_mean": 3.94848386352879e-14,
  "plus_newton_residual_median": 1.1102230246251565e-16,
  "plus_newton_residual_p90": 7.255862577437733e-14,
  "plus_newton_newton_iter_mean": 1.9552,
  "plus_newton_newton_iter_median": 2.0,
  "plus_newton_newton_iter_p90": 2.0,
  "plus_newton_converged_ratio": 1.0,
  "hp_use_log_ab": true,
  "hp_optimizer": "adamw",
  "hp_criterion": "mse",
  "hp_dropout": 0.0,
  "hp_lr": 0.0005,
  "hp_weight_decay": 1e-05,
  "hp_hidden_dims": "[256, 256, 128]",
  "hp_hidden_size": 128,
  "hp_num_layers": 2,
  "hp_head_hidden": 128,
  "hp_head_layers": 2,
  "hp_d_model": 32,
  "hp_nhead": 4,
  "hp_ff_dim": 64,
  "hp_use_cls_token": false
}