{
  "trial_id": 2068,
  "trial_name": "trial_2068_transformer",
  "model": "transformer",
  "best_epoch": 118,
  "elapsed_sec": 170.01490902900696,
  "direct_mae": 0.0024156870786100626,
  "direct_rmse": 0.003119480097666383,
  "direct_r2": 0.9999898702944847,
  "direct_valid_ratio": 1.0,
  "direct_residual_mean": 0.0029703262262046337,
  "direct_residual_median": 0.0022065937519073486,
  "direct_residual_p90": 0.006415687128901483,
  "plus_newton_mae": 2.343361684069783e-08,
  "plus_newton_rmse": 2.9915729714781575e-08,
  "plus_newton_r2": 0.9999999999999991,
  "plus_newton_valid_ratio": 1.0,
  "plus_newton_residual_mean": 3.007733959743182e-14,
  "plus_newton_residual_median": 1.1102230246251565e-16,
  "plus_newton_residual_p90": 2.708944180085382e-14,
  "plus_newton_newton_iter_mean": 2.0328,
  "plus_newton_newton_iter_median": 2.0,
  "plus_newton_newton_iter_p90": 2.0,
  "plus_newton_converged_ratio": 1.0,
  "hp_use_log_ab": true,
  "hp_optimizer": "adamw",
  "hp_criterion": "mse",
  "hp_dropout": 0.0,
  "hp_lr": 0.001,
  "hp_weight_decay": 1e-05,
  "hp_hidden_dims": "[256, 256, 128]",
  "hp_hidden_size": 128,
  "hp_num_layers": 1,
  "hp_head_hidden": 64,
  "hp_head_layers": 2,
  "hp_d_model": 32,
  "hp_nhead": 2,
  "hp_ff_dim": 128,
  "hp_use_cls_token": true
}{
  "trial_id": 2068,
  "trial_name": "trial_2068_transformer",
  "model": "transformer",
  "best_epoch": 118,
  "elapsed_sec": 170.01490902900696,
  "direct_mae": 0.0024156870786100626,
  "direct_rmse": 0.003119480097666383,
  "direct_r2": 0.9999898702944847,
  "direct_valid_ratio": 1.0,
  "direct_residual_mean": 0.0029703262262046337,
  "direct_residual_median": 0.0022065937519073486,
  "direct_residual_p90": 0.006415687128901483,
  "plus_newton_mae": 2.343361684069783e-08,
  "plus_newton_rmse": 2.9915729714781575e-08,
  "plus_newton_r2": 0.9999999999999991,
  "plus_newton_valid_ratio": 1.0,
  "plus_newton_residual_mean": 3.007733959743182e-14,
  "plus_newton_residual_median": 1.1102230246251565e-16,
  "plus_newton_residual_p90": 2.708944180085382e-14,
  "plus_newton_newton_iter_mean": 2.0328,
  "plus_newton_newton_iter_median": 2.0,
  "plus_newton_newton_iter_p90": 2.0,
  "plus_newton_converged_ratio": 1.0,
  "hp_use_log_ab": true,
  "hp_optimizer": "adamw",
  "hp_criterion": "mse",
  "hp_dropout": 0.0,
  "hp_lr": 0.001,
  "hp_weight_decay": 1e-05,
  "hp_hidden_dims": "[256, 256, 128]",
  "hp_hidden_size": 128,
  "hp_num_layers": 1,
  "hp_head_hidden": 64,
  "hp_head_layers": 2,
  "hp_d_model": 32,
  "hp_nhead": 2,
  "hp_ff_dim": 128,
  "hp_use_cls_token": true
}