{
  "trial_id": 347,
  "trial_name": "trial_347_gru",
  "model": "gru",
  "best_epoch": 50,
  "elapsed_sec": 142.0239155292511,
  "direct_mae": 0.09658361226320267,
  "direct_rmse": 0.12431851774454117,
  "direct_r2": 0.9839119277894497,
  "direct_valid_ratio": 1.0,
  "direct_residual_mean": 0.12184863537549973,
  "direct_residual_median": 0.09233415126800537,
  "direct_residual_p90": 0.2462138399481774,
  "plus_newton_mae": 2.3433619876213505e-08,
  "plus_newton_rmse": 2.991573115138169e-08,
  "plus_newton_r2": 0.9999999999999991,
  "plus_newton_valid_ratio": 1.0,
  "plus_newton_residual_mean": 3.8949837301620814e-14,
  "plus_newton_residual_median": 1.1102230246251565e-16,
  "plus_newton_residual_p90": 5.4461990472987074e-14,
  "plus_newton_newton_iter_mean": 2.5873,
  "plus_newton_newton_iter_median": 3.0,
  "plus_newton_newton_iter_p90": 3.0,
  "plus_newton_converged_ratio": 1.0,
  "hp_use_log_ab": true,
  "hp_optimizer": "adamw",
  "hp_criterion": "mse",
  "hp_dropout": 0.1,
  "hp_lr": 0.001,
  "hp_weight_decay": 0.0001,
  "hp_hidden_dims": "[256, 256, 128]",
  "hp_hidden_size": 128,
  "hp_num_layers": 1,
  "hp_head_hidden": 128,
  "hp_head_layers": 1,
  "hp_d_model": 64,
  "hp_nhead": 4,
  "hp_ff_dim": 128,
  "hp_use_cls_token": false
}{
  "trial_id": 347,
  "trial_name": "trial_347_gru",
  "model": "gru",
  "best_epoch": 50,
  "elapsed_sec": 142.0239155292511,
  "direct_mae": 0.09658361226320267,
  "direct_rmse": 0.12431851774454117,
  "direct_r2": 0.9839119277894497,
  "direct_valid_ratio": 1.0,
  "direct_residual_mean": 0.12184863537549973,
  "direct_residual_median": 0.09233415126800537,
  "direct_residual_p90": 0.2462138399481774,
  "plus_newton_mae": 2.3433619876213505e-08,
  "plus_newton_rmse": 2.991573115138169e-08,
  "plus_newton_r2": 0.9999999999999991,
  "plus_newton_valid_ratio": 1.0,
  "plus_newton_residual_mean": 3.8949837301620814e-14,
  "plus_newton_residual_median": 1.1102230246251565e-16,
  "plus_newton_residual_p90": 5.4461990472987074e-14,
  "plus_newton_newton_iter_mean": 2.5873,
  "plus_newton_newton_iter_median": 3.0,
  "plus_newton_newton_iter_p90": 3.0,
  "plus_newton_converged_ratio": 1.0,
  "hp_use_log_ab": true,
  "hp_optimizer": "adamw",
  "hp_criterion": "mse",
  "hp_dropout": 0.1,
  "hp_lr": 0.001,
  "hp_weight_decay": 0.0001,
  "hp_hidden_dims": "[256, 256, 128]",
  "hp_hidden_size": 128,
  "hp_num_layers": 1,
  "hp_head_hidden": 128,
  "hp_head_layers": 1,
  "hp_d_model": 64,
  "hp_nhead": 4,
  "hp_ff_dim": 128,
  "hp_use_cls_token": false
}