{
  "trial_id": 2488,
  "trial_name": "trial_2488_transformer",
  "model": "transformer",
  "best_epoch": 114,
  "elapsed_sec": 174.28341817855835,
  "direct_mae": 0.00131309125572443,
  "direct_rmse": 0.0016879849135875702,
  "direct_r2": 0.9999970340113578,
  "direct_valid_ratio": 1.0,
  "direct_residual_mean": 0.0016252938657999039,
  "direct_residual_median": 0.0012128353118896484,
  "direct_residual_p90": 0.0035757660865783697,
  "plus_newton_mae": 2.343361726749418e-08,
  "plus_newton_rmse": 2.991572982097761e-08,
  "plus_newton_r2": 0.9999999999999991,
  "plus_newton_valid_ratio": 1.0,
  "plus_newton_residual_mean": 3.3752022260996496e-14,
  "plus_newton_residual_median": 1.1102230246251565e-16,
  "plus_newton_residual_p90": 3.167466289255584e-14,
  "plus_newton_newton_iter_mean": 1.9728,
  "plus_newton_newton_iter_median": 2.0,
  "plus_newton_newton_iter_p90": 2.0,
  "plus_newton_converged_ratio": 1.0,
  "hp_use_log_ab": true,
  "hp_optimizer": "adamw",
  "hp_criterion": "mse",
  "hp_dropout": 0.0,
  "hp_lr": 0.0005,
  "hp_weight_decay": 0.0001,
  "hp_hidden_dims": "[256, 256, 128]",
  "hp_hidden_size": 128,
  "hp_num_layers": 1,
  "hp_head_hidden": 128,
  "hp_head_layers": 2,
  "hp_d_model": 32,
  "hp_nhead": 4,
  "hp_ff_dim": 128,
  "hp_use_cls_token": true
}{
  "trial_id": 2488,
  "trial_name": "trial_2488_transformer",
  "model": "transformer",
  "best_epoch": 114,
  "elapsed_sec": 174.28341817855835,
  "direct_mae": 0.00131309125572443,
  "direct_rmse": 0.0016879849135875702,
  "direct_r2": 0.9999970340113578,
  "direct_valid_ratio": 1.0,
  "direct_residual_mean": 0.0016252938657999039,
  "direct_residual_median": 0.0012128353118896484,
  "direct_residual_p90": 0.0035757660865783697,
  "plus_newton_mae": 2.343361726749418e-08,
  "plus_newton_rmse": 2.991572982097761e-08,
  "plus_newton_r2": 0.9999999999999991,
  "plus_newton_valid_ratio": 1.0,
  "plus_newton_residual_mean": 3.3752022260996496e-14,
  "plus_newton_residual_median": 1.1102230246251565e-16,
  "plus_newton_residual_p90": 3.167466289255584e-14,
  "plus_newton_newton_iter_mean": 1.9728,
  "plus_newton_newton_iter_median": 2.0,
  "plus_newton_newton_iter_p90": 2.0,
  "plus_newton_converged_ratio": 1.0,
  "hp_use_log_ab": true,
  "hp_optimizer": "adamw",
  "hp_criterion": "mse",
  "hp_dropout": 0.0,
  "hp_lr": 0.0005,
  "hp_weight_decay": 0.0001,
  "hp_hidden_dims": "[256, 256, 128]",
  "hp_hidden_size": 128,
  "hp_num_layers": 1,
  "hp_head_hidden": 128,
  "hp_head_layers": 2,
  "hp_d_model": 32,
  "hp_nhead": 4,
  "hp_ff_dim": 128,
  "hp_use_cls_token": true
}