{
  "trial_id": 1828,
  "trial_name": "trial_1828_transformer",
  "model": "transformer",
  "best_epoch": 10,
  "elapsed_sec": 42.35428285598755,
  "direct_mae": 0.3380538821220398,
  "direct_rmse": 0.4200761318206787,
  "direct_r2": 0.8163087964057922,
  "direct_valid_ratio": 1.0,
  "direct_residual_mean": 0.3848343789577484,
  "direct_residual_median": 0.34831804037094116,
  "direct_residual_p90": 0.7884481191635134,
  "plus_newton_mae": 2.3433620349125343e-08,
  "plus_newton_rmse": 2.991573172210173e-08,
  "plus_newton_r2": 0.9999999999999991,
  "plus_newton_valid_ratio": 1.0,
  "plus_newton_residual_mean": 4.317743597639971e-14,
  "plus_newton_residual_median": 1.1102230246251565e-16,
  "plus_newton_residual_p90": 9.686695889854491e-14,
  "plus_newton_newton_iter_mean": 2.774,
  "plus_newton_newton_iter_median": 3.0,
  "plus_newton_newton_iter_p90": 4.0,
  "plus_newton_converged_ratio": 1.0,
  "hp_use_log_ab": false,
  "hp_optimizer": "adamw",
  "hp_criterion": "smoothl1",
  "hp_dropout": 0.1,
  "hp_lr": 0.0005,
  "hp_weight_decay": 1e-05,
  "hp_hidden_dims": "[256, 256, 128]",
  "hp_hidden_size": 128,
  "hp_num_layers": 1,
  "hp_head_hidden": 128,
  "hp_head_layers": 1,
  "hp_d_model": 32,
  "hp_nhead": 2,
  "hp_ff_dim": 128,
  "hp_use_cls_token": true
}{
  "trial_id": 1828,
  "trial_name": "trial_1828_transformer",
  "model": "transformer",
  "best_epoch": 10,
  "elapsed_sec": 42.35428285598755,
  "direct_mae": 0.3380538821220398,
  "direct_rmse": 0.4200761318206787,
  "direct_r2": 0.8163087964057922,
  "direct_valid_ratio": 1.0,
  "direct_residual_mean": 0.3848343789577484,
  "direct_residual_median": 0.34831804037094116,
  "direct_residual_p90": 0.7884481191635134,
  "plus_newton_mae": 2.3433620349125343e-08,
  "plus_newton_rmse": 2.991573172210173e-08,
  "plus_newton_r2": 0.9999999999999991,
  "plus_newton_valid_ratio": 1.0,
  "plus_newton_residual_mean": 4.317743597639971e-14,
  "plus_newton_residual_median": 1.1102230246251565e-16,
  "plus_newton_residual_p90": 9.686695889854491e-14,
  "plus_newton_newton_iter_mean": 2.774,
  "plus_newton_newton_iter_median": 3.0,
  "plus_newton_newton_iter_p90": 4.0,
  "plus_newton_converged_ratio": 1.0,
  "hp_use_log_ab": false,
  "hp_optimizer": "adamw",
  "hp_criterion": "smoothl1",
  "hp_dropout": 0.1,
  "hp_lr": 0.0005,
  "hp_weight_decay": 1e-05,
  "hp_hidden_dims": "[256, 256, 128]",
  "hp_hidden_size": 128,
  "hp_num_layers": 1,
  "hp_head_hidden": 128,
  "hp_head_layers": 1,
  "hp_d_model": 32,
  "hp_nhead": 2,
  "hp_ff_dim": 128,
  "hp_use_cls_token": true
}