{
  "trial_id": 16,
  "trial_name": "trial_016_gru",
  "model": "gru",
  "best_epoch": 53,
  "elapsed_sec": 230.36758303642273,
  "direct_mae": 0.0021465381141752005,
  "direct_rmse": 0.00303442869335413,
  "direct_r2": 0.9999904151291048,
  "direct_valid_ratio": 1.0,
  "direct_residual_mean": 0.0025833069812506437,
  "direct_residual_median": 0.0020038336515426636,
  "direct_residual_p90": 0.005355572700500489,
  "plus_newton_mae": 2.3433619775891703e-08,
  "plus_newton_rmse": 2.9915731435357635e-08,
  "plus_newton_r2": 0.9999999999999991,
  "plus_newton_valid_ratio": 1.0,
  "plus_newton_residual_mean": 2.8130932381273848e-14,
  "plus_newton_residual_median": 1.1102230246251565e-16,
  "plus_newton_residual_p90": 3.697042672001771e-14,
  "plus_newton_newton_iter_mean": 2.0015,
  "plus_newton_newton_iter_median": 2.0,
  "plus_newton_newton_iter_p90": 2.0,
  "plus_newton_converged_ratio": 1.0,
  "hp_use_log_ab": false,
  "hp_optimizer": "adamw",
  "hp_criterion": "mse",
  "hp_dropout": 0.0,
  "hp_lr": 0.001,
  "hp_weight_decay": 1e-05,
  "hp_hidden_dims": "[256, 256, 128]",
  "hp_hidden_size": 128,
  "hp_num_layers": 2,
  "hp_head_hidden": 128,
  "hp_head_layers": 2,
  "hp_d_model": 64,
  "hp_nhead": 4,
  "hp_ff_dim": 128,
  "hp_use_cls_token": false
}{
  "trial_id": 16,
  "trial_name": "trial_016_gru",
  "model": "gru",
  "best_epoch": 53,
  "elapsed_sec": 230.36758303642273,
  "direct_mae": 0.0021465381141752005,
  "direct_rmse": 0.00303442869335413,
  "direct_r2": 0.9999904151291048,
  "direct_valid_ratio": 1.0,
  "direct_residual_mean": 0.0025833069812506437,
  "direct_residual_median": 0.0020038336515426636,
  "direct_residual_p90": 0.005355572700500489,
  "plus_newton_mae": 2.3433619775891703e-08,
  "plus_newton_rmse": 2.9915731435357635e-08,
  "plus_newton_r2": 0.9999999999999991,
  "plus_newton_valid_ratio": 1.0,
  "plus_newton_residual_mean": 2.8130932381273848e-14,
  "plus_newton_residual_median": 1.1102230246251565e-16,
  "plus_newton_residual_p90": 3.697042672001771e-14,
  "plus_newton_newton_iter_mean": 2.0015,
  "plus_newton_newton_iter_median": 2.0,
  "plus_newton_newton_iter_p90": 2.0,
  "plus_newton_converged_ratio": 1.0,
  "hp_use_log_ab": false,
  "hp_optimizer": "adamw",
  "hp_criterion": "mse",
  "hp_dropout": 0.0,
  "hp_lr": 0.001,
  "hp_weight_decay": 1e-05,
  "hp_hidden_dims": "[256, 256, 128]",
  "hp_hidden_size": 128,
  "hp_num_layers": 2,
  "hp_head_hidden": 128,
  "hp_head_layers": 2,
  "hp_d_model": 64,
  "hp_nhead": 4,
  "hp_ff_dim": 128,
  "hp_use_cls_token": false
}