{
  "trial_id": 1634,
  "trial_name": "trial_1634_transformer",
  "model": "transformer",
  "best_epoch": 16,
  "elapsed_sec": 63.33182215690613,
  "direct_mae": 0.3384796977043152,
  "direct_rmse": 0.4185890257358551,
  "direct_r2": 0.817607045173645,
  "direct_valid_ratio": 1.0,
  "direct_residual_mean": 0.3823339343070984,
  "direct_residual_median": 0.3523098826408386,
  "direct_residual_p90": 0.7644642889499665,
  "plus_newton_mae": 2.3433619003164433e-08,
  "plus_newton_rmse": 2.9915730917102194e-08,
  "plus_newton_r2": 0.9999999999999991,
  "plus_newton_valid_ratio": 1.0,
  "plus_newton_residual_mean": 4.4605364175716924e-14,
  "plus_newton_residual_median": 1.6653345369377348e-16,
  "plus_newton_residual_p90": 1.065841859215766e-13,
  "plus_newton_newton_iter_mean": 2.7555,
  "plus_newton_newton_iter_median": 3.0,
  "plus_newton_newton_iter_p90": 3.0,
  "plus_newton_converged_ratio": 1.0,
  "hp_use_log_ab": false,
  "hp_optimizer": "adamw",
  "hp_criterion": "smoothl1",
  "hp_dropout": 0.1,
  "hp_lr": 0.001,
  "hp_weight_decay": 1e-05,
  "hp_hidden_dims": "[256, 256, 128]",
  "hp_hidden_size": 128,
  "hp_num_layers": 2,
  "hp_head_hidden": 128,
  "hp_head_layers": 1,
  "hp_d_model": 32,
  "hp_nhead": 2,
  "hp_ff_dim": 64,
  "hp_use_cls_token": true
}{
  "trial_id": 1634,
  "trial_name": "trial_1634_transformer",
  "model": "transformer",
  "best_epoch": 16,
  "elapsed_sec": 63.33182215690613,
  "direct_mae": 0.3384796977043152,
  "direct_rmse": 0.4185890257358551,
  "direct_r2": 0.817607045173645,
  "direct_valid_ratio": 1.0,
  "direct_residual_mean": 0.3823339343070984,
  "direct_residual_median": 0.3523098826408386,
  "direct_residual_p90": 0.7644642889499665,
  "plus_newton_mae": 2.3433619003164433e-08,
  "plus_newton_rmse": 2.9915730917102194e-08,
  "plus_newton_r2": 0.9999999999999991,
  "plus_newton_valid_ratio": 1.0,
  "plus_newton_residual_mean": 4.4605364175716924e-14,
  "plus_newton_residual_median": 1.6653345369377348e-16,
  "plus_newton_residual_p90": 1.065841859215766e-13,
  "plus_newton_newton_iter_mean": 2.7555,
  "plus_newton_newton_iter_median": 3.0,
  "plus_newton_newton_iter_p90": 3.0,
  "plus_newton_converged_ratio": 1.0,
  "hp_use_log_ab": false,
  "hp_optimizer": "adamw",
  "hp_criterion": "smoothl1",
  "hp_dropout": 0.1,
  "hp_lr": 0.001,
  "hp_weight_decay": 1e-05,
  "hp_hidden_dims": "[256, 256, 128]",
  "hp_hidden_size": 128,
  "hp_num_layers": 2,
  "hp_head_hidden": 128,
  "hp_head_layers": 1,
  "hp_d_model": 32,
  "hp_nhead": 2,
  "hp_ff_dim": 64,
  "hp_use_cls_token": true
}