{
  "trial_id": 2580,
  "trial_name": "trial_2580_transformer",
  "model": "transformer",
  "best_epoch": 45,
  "elapsed_sec": 98.58003640174866,
  "direct_mae": 0.010518299415707588,
  "direct_rmse": 0.013365548104047775,
  "direct_r2": 0.9998140458192211,
  "direct_valid_ratio": 1.0,
  "direct_residual_mean": 0.012271292507648468,
  "direct_residual_median": 0.010194942355155945,
  "direct_residual_p90": 0.02493671774864197,
  "plus_newton_mae": 2.343362058826604e-08,
  "plus_newton_rmse": 2.9915732500956774e-08,
  "plus_newton_r2": 0.9999999999999991,
  "plus_newton_valid_ratio": 1.0,
  "plus_newton_residual_mean": 3.502912275903645e-14,
  "plus_newton_residual_median": 1.1102230246251565e-16,
  "plus_newton_residual_p90": 6.651623696285474e-14,
  "plus_newton_newton_iter_mean": 2.171,
  "plus_newton_newton_iter_median": 2.0,
  "plus_newton_newton_iter_p90": 3.0,
  "plus_newton_converged_ratio": 1.0,
  "hp_use_log_ab": true,
  "hp_optimizer": "adamw",
  "hp_criterion": "mse",
  "hp_dropout": 0.1,
  "hp_lr": 0.001,
  "hp_weight_decay": 1e-05,
  "hp_hidden_dims": "[256, 256, 128]",
  "hp_hidden_size": 128,
  "hp_num_layers": 1,
  "hp_head_hidden": 64,
  "hp_head_layers": 2,
  "hp_d_model": 32,
  "hp_nhead": 2,
  "hp_ff_dim": 128,
  "hp_use_cls_token": true
}{
  "trial_id": 2580,
  "trial_name": "trial_2580_transformer",
  "model": "transformer",
  "best_epoch": 45,
  "elapsed_sec": 98.58003640174866,
  "direct_mae": 0.010518299415707588,
  "direct_rmse": 0.013365548104047775,
  "direct_r2": 0.9998140458192211,
  "direct_valid_ratio": 1.0,
  "direct_residual_mean": 0.012271292507648468,
  "direct_residual_median": 0.010194942355155945,
  "direct_residual_p90": 0.02493671774864197,
  "plus_newton_mae": 2.343362058826604e-08,
  "plus_newton_rmse": 2.9915732500956774e-08,
  "plus_newton_r2": 0.9999999999999991,
  "plus_newton_valid_ratio": 1.0,
  "plus_newton_residual_mean": 3.502912275903645e-14,
  "plus_newton_residual_median": 1.1102230246251565e-16,
  "plus_newton_residual_p90": 6.651623696285474e-14,
  "plus_newton_newton_iter_mean": 2.171,
  "plus_newton_newton_iter_median": 2.0,
  "plus_newton_newton_iter_p90": 3.0,
  "plus_newton_converged_ratio": 1.0,
  "hp_use_log_ab": true,
  "hp_optimizer": "adamw",
  "hp_criterion": "mse",
  "hp_dropout": 0.1,
  "hp_lr": 0.001,
  "hp_weight_decay": 1e-05,
  "hp_hidden_dims": "[256, 256, 128]",
  "hp_hidden_size": 128,
  "hp_num_layers": 1,
  "hp_head_hidden": 64,
  "hp_head_layers": 2,
  "hp_d_model": 32,
  "hp_nhead": 2,
  "hp_ff_dim": 128,
  "hp_use_cls_token": true
}