{
  "trial_id": 3031,
  "trial_name": "trial_3031_transformer",
  "model": "transformer",
  "best_epoch": 54,
  "elapsed_sec": 133.69509935379028,
  "direct_mae": 0.012984086759388447,
  "direct_rmse": 0.01651349849998951,
  "direct_r2": 0.9997161358187441,
  "direct_valid_ratio": 1.0,
  "direct_residual_mean": 0.01582861877977848,
  "direct_residual_median": 0.012977361679077148,
  "direct_residual_p90": 0.03289347887039185,
  "plus_newton_mae": 2.3433618608215357e-08,
  "plus_newton_rmse": 2.991573084979654e-08,
  "plus_newton_r2": 0.9999999999999991,
  "plus_newton_valid_ratio": 1.0,
  "plus_newton_residual_mean": 3.1382160917918496e-14,
  "plus_newton_residual_median": 1.1102230246251565e-16,
  "plus_newton_residual_p90": 1.999511667349911e-14,
  "plus_newton_newton_iter_mean": 2.2555,
  "plus_newton_newton_iter_median": 2.0,
  "plus_newton_newton_iter_p90": 3.0,
  "plus_newton_converged_ratio": 1.0,
  "hp_use_log_ab": true,
  "hp_optimizer": "adamw",
  "hp_criterion": "mse",
  "hp_dropout": 0.1,
  "hp_lr": 0.0005,
  "hp_weight_decay": 0.0001,
  "hp_hidden_dims": "[256, 256, 128]",
  "hp_hidden_size": 128,
  "hp_num_layers": 2,
  "hp_head_hidden": 64,
  "hp_head_layers": 2,
  "hp_d_model": 32,
  "hp_nhead": 4,
  "hp_ff_dim": 128,
  "hp_use_cls_token": false
}{
  "trial_id": 3031,
  "trial_name": "trial_3031_transformer",
  "model": "transformer",
  "best_epoch": 54,
  "elapsed_sec": 133.69509935379028,
  "direct_mae": 0.012984086759388447,
  "direct_rmse": 0.01651349849998951,
  "direct_r2": 0.9997161358187441,
  "direct_valid_ratio": 1.0,
  "direct_residual_mean": 0.01582861877977848,
  "direct_residual_median": 0.012977361679077148,
  "direct_residual_p90": 0.03289347887039185,
  "plus_newton_mae": 2.3433618608215357e-08,
  "plus_newton_rmse": 2.991573084979654e-08,
  "plus_newton_r2": 0.9999999999999991,
  "plus_newton_valid_ratio": 1.0,
  "plus_newton_residual_mean": 3.1382160917918496e-14,
  "plus_newton_residual_median": 1.1102230246251565e-16,
  "plus_newton_residual_p90": 1.999511667349911e-14,
  "plus_newton_newton_iter_mean": 2.2555,
  "plus_newton_newton_iter_median": 2.0,
  "plus_newton_newton_iter_p90": 3.0,
  "plus_newton_converged_ratio": 1.0,
  "hp_use_log_ab": true,
  "hp_optimizer": "adamw",
  "hp_criterion": "mse",
  "hp_dropout": 0.1,
  "hp_lr": 0.0005,
  "hp_weight_decay": 0.0001,
  "hp_hidden_dims": "[256, 256, 128]",
  "hp_hidden_size": 128,
  "hp_num_layers": 2,
  "hp_head_hidden": 64,
  "hp_head_layers": 2,
  "hp_d_model": 32,
  "hp_nhead": 4,
  "hp_ff_dim": 128,
  "hp_use_cls_token": false
}