{
  "trial_id": 1060,
  "trial_name": "trial_1060_transformer",
  "model": "transformer",
  "best_epoch": 9,
  "elapsed_sec": 41.20833134651184,
  "direct_mae": 0.33859753608703613,
  "direct_rmse": 0.4187890887260437,
  "direct_r2": 0.8174326568841934,
  "direct_valid_ratio": 1.0,
  "direct_residual_mean": 0.38201311230659485,
  "direct_residual_median": 0.35165727138519287,
  "direct_residual_p90": 0.7602785527706146,
  "plus_newton_mae": 2.3433618129310863e-08,
  "plus_newton_rmse": 2.991572987599539e-08,
  "plus_newton_r2": 0.9999999999999991,
  "plus_newton_valid_ratio": 1.0,
  "plus_newton_residual_mean": 4.338068676413119e-14,
  "plus_newton_residual_median": 1.249000902703301e-16,
  "plus_newton_residual_p90": 1.0044742815296114e-13,
  "plus_newton_newton_iter_mean": 2.7589,
  "plus_newton_newton_iter_median": 3.0,
  "plus_newton_newton_iter_p90": 3.0,
  "plus_newton_converged_ratio": 1.0,
  "hp_use_log_ab": false,
  "hp_optimizer": "adamw",
  "hp_criterion": "smoothl1",
  "hp_dropout": 0.0,
  "hp_lr": 0.001,
  "hp_weight_decay": 1e-05,
  "hp_hidden_dims": "[256, 256, 128]",
  "hp_hidden_size": 128,
  "hp_num_layers": 1,
  "hp_head_hidden": 128,
  "hp_head_layers": 1,
  "hp_d_model": 32,
  "hp_nhead": 2,
  "hp_ff_dim": 128,
  "hp_use_cls_token": true
}{
  "trial_id": 1060,
  "trial_name": "trial_1060_transformer",
  "model": "transformer",
  "best_epoch": 9,
  "elapsed_sec": 41.20833134651184,
  "direct_mae": 0.33859753608703613,
  "direct_rmse": 0.4187890887260437,
  "direct_r2": 0.8174326568841934,
  "direct_valid_ratio": 1.0,
  "direct_residual_mean": 0.38201311230659485,
  "direct_residual_median": 0.35165727138519287,
  "direct_residual_p90": 0.7602785527706146,
  "plus_newton_mae": 2.3433618129310863e-08,
  "plus_newton_rmse": 2.991572987599539e-08,
  "plus_newton_r2": 0.9999999999999991,
  "plus_newton_valid_ratio": 1.0,
  "plus_newton_residual_mean": 4.338068676413119e-14,
  "plus_newton_residual_median": 1.249000902703301e-16,
  "plus_newton_residual_p90": 1.0044742815296114e-13,
  "plus_newton_newton_iter_mean": 2.7589,
  "plus_newton_newton_iter_median": 3.0,
  "plus_newton_newton_iter_p90": 3.0,
  "plus_newton_converged_ratio": 1.0,
  "hp_use_log_ab": false,
  "hp_optimizer": "adamw",
  "hp_criterion": "smoothl1",
  "hp_dropout": 0.0,
  "hp_lr": 0.001,
  "hp_weight_decay": 1e-05,
  "hp_hidden_dims": "[256, 256, 128]",
  "hp_hidden_size": 128,
  "hp_num_layers": 1,
  "hp_head_hidden": 128,
  "hp_head_layers": 1,
  "hp_d_model": 32,
  "hp_nhead": 2,
  "hp_ff_dim": 128,
  "hp_use_cls_token": true
}