{
  "trial_id": 435,
  "trial_name": "trial_435_gru",
  "model": "gru",
  "best_epoch": 8,
  "elapsed_sec": 58.02858352661133,
  "direct_mae": 0.11406680941581726,
  "direct_rmse": 0.1456093043088913,
  "direct_r2": 0.9779295790940523,
  "direct_valid_ratio": 1.0,
  "direct_residual_mean": 0.14331047236919403,
  "direct_residual_median": 0.11143496632575989,
  "direct_residual_p90": 0.25909762382507323,
  "plus_newton_mae": 2.3433619347368193e-08,
  "plus_newton_rmse": 2.9915730454442257e-08,
  "plus_newton_r2": 0.9999999999999991,
  "plus_newton_valid_ratio": 1.0,
  "plus_newton_residual_mean": 3.2846757998278324e-14,
  "plus_newton_residual_median": 1.1102230246251565e-16,
  "plus_newton_residual_p90": 5.0064813406081046e-14,
  "plus_newton_newton_iter_mean": 2.6076,
  "plus_newton_newton_iter_median": 3.0,
  "plus_newton_newton_iter_p90": 3.0,
  "plus_newton_converged_ratio": 1.0,
  "hp_use_log_ab": true,
  "hp_optimizer": "adamw",
  "hp_criterion": "smoothl1",
  "hp_dropout": 0.0,
  "hp_lr": 0.0005,
  "hp_weight_decay": 0.0001,
  "hp_hidden_dims": "[256, 256, 128]",
  "hp_hidden_size": 64,
  "hp_num_layers": 1,
  "hp_head_hidden": 128,
  "hp_head_layers": 1,
  "hp_d_model": 64,
  "hp_nhead": 4,
  "hp_ff_dim": 128,
  "hp_use_cls_token": false
}{
  "trial_id": 435,
  "trial_name": "trial_435_gru",
  "model": "gru",
  "best_epoch": 8,
  "elapsed_sec": 58.02858352661133,
  "direct_mae": 0.11406680941581726,
  "direct_rmse": 0.1456093043088913,
  "direct_r2": 0.9779295790940523,
  "direct_valid_ratio": 1.0,
  "direct_residual_mean": 0.14331047236919403,
  "direct_residual_median": 0.11143496632575989,
  "direct_residual_p90": 0.25909762382507323,
  "plus_newton_mae": 2.3433619347368193e-08,
  "plus_newton_rmse": 2.9915730454442257e-08,
  "plus_newton_r2": 0.9999999999999991,
  "plus_newton_valid_ratio": 1.0,
  "plus_newton_residual_mean": 3.2846757998278324e-14,
  "plus_newton_residual_median": 1.1102230246251565e-16,
  "plus_newton_residual_p90": 5.0064813406081046e-14,
  "plus_newton_newton_iter_mean": 2.6076,
  "plus_newton_newton_iter_median": 3.0,
  "plus_newton_newton_iter_p90": 3.0,
  "plus_newton_converged_ratio": 1.0,
  "hp_use_log_ab": true,
  "hp_optimizer": "adamw",
  "hp_criterion": "smoothl1",
  "hp_dropout": 0.0,
  "hp_lr": 0.0005,
  "hp_weight_decay": 0.0001,
  "hp_hidden_dims": "[256, 256, 128]",
  "hp_hidden_size": 64,
  "hp_num_layers": 1,
  "hp_head_hidden": 128,
  "hp_head_layers": 1,
  "hp_d_model": 64,
  "hp_nhead": 4,
  "hp_ff_dim": 128,
  "hp_use_cls_token": false
}