{
  "trial_id": 1893,
  "trial_name": "trial_1893_transformer",
  "model": "transformer",
  "best_epoch": 11,
  "elapsed_sec": 54.8240065574646,
  "direct_mae": 0.33938294649124146,
  "direct_rmse": 0.4181903302669525,
  "direct_r2": 0.8179543316364288,
  "direct_valid_ratio": 1.0,
  "direct_residual_mean": 0.3829030394554138,
  "direct_residual_median": 0.3554307818412781,
  "direct_residual_p90": 0.7551457166671753,
  "plus_newton_mae": 2.3433618467223563e-08,
  "plus_newton_rmse": 2.9915730144165035e-08,
  "plus_newton_r2": 0.9999999999999991,
  "plus_newton_valid_ratio": 1.0,
  "plus_newton_residual_mean": 4.195545616425829e-14,
  "plus_newton_residual_median": 1.249000902703301e-16,
  "plus_newton_residual_p90": 9.205414208679492e-14,
  "plus_newton_newton_iter_mean": 2.757,
  "plus_newton_newton_iter_median": 3.0,
  "plus_newton_newton_iter_p90": 3.0,
  "plus_newton_converged_ratio": 1.0,
  "hp_use_log_ab": false,
  "hp_optimizer": "adamw",
  "hp_criterion": "smoothl1",
  "hp_dropout": 0.1,
  "hp_lr": 0.0005,
  "hp_weight_decay": 1e-05,
  "hp_hidden_dims": "[256, 256, 128]",
  "hp_hidden_size": 128,
  "hp_num_layers": 2,
  "hp_head_hidden": 128,
  "hp_head_layers": 1,
  "hp_d_model": 32,
  "hp_nhead": 4,
  "hp_ff_dim": 64,
  "hp_use_cls_token": false
}{
  "trial_id": 1893,
  "trial_name": "trial_1893_transformer",
  "model": "transformer",
  "best_epoch": 11,
  "elapsed_sec": 54.8240065574646,
  "direct_mae": 0.33938294649124146,
  "direct_rmse": 0.4181903302669525,
  "direct_r2": 0.8179543316364288,
  "direct_valid_ratio": 1.0,
  "direct_residual_mean": 0.3829030394554138,
  "direct_residual_median": 0.3554307818412781,
  "direct_residual_p90": 0.7551457166671753,
  "plus_newton_mae": 2.3433618467223563e-08,
  "plus_newton_rmse": 2.9915730144165035e-08,
  "plus_newton_r2": 0.9999999999999991,
  "plus_newton_valid_ratio": 1.0,
  "plus_newton_residual_mean": 4.195545616425829e-14,
  "plus_newton_residual_median": 1.249000902703301e-16,
  "plus_newton_residual_p90": 9.205414208679492e-14,
  "plus_newton_newton_iter_mean": 2.757,
  "plus_newton_newton_iter_median": 3.0,
  "plus_newton_newton_iter_p90": 3.0,
  "plus_newton_converged_ratio": 1.0,
  "hp_use_log_ab": false,
  "hp_optimizer": "adamw",
  "hp_criterion": "smoothl1",
  "hp_dropout": 0.1,
  "hp_lr": 0.0005,
  "hp_weight_decay": 1e-05,
  "hp_hidden_dims": "[256, 256, 128]",
  "hp_hidden_size": 128,
  "hp_num_layers": 2,
  "hp_head_hidden": 128,
  "hp_head_layers": 1,
  "hp_d_model": 32,
  "hp_nhead": 4,
  "hp_ff_dim": 64,
  "hp_use_cls_token": false
}