{
  "trial_id": 1763,
  "trial_name": "trial_1763_transformer",
  "model": "transformer",
  "best_epoch": 63,
  "elapsed_sec": 142.95161509513855,
  "direct_mae": 0.33828964829444885,
  "direct_rmse": 0.41931694746017456,
  "direct_r2": 0.8169721364974976,
  "direct_valid_ratio": 1.0,
  "direct_residual_mean": 0.3820423483848572,
  "direct_residual_median": 0.35000079870224,
  "direct_residual_p90": 0.7696887254714967,
  "plus_newton_mae": 2.3433618495206388e-08,
  "plus_newton_rmse": 2.991573040829852e-08,
  "plus_newton_r2": 0.9999999999999991,
  "plus_newton_valid_ratio": 1.0,
  "plus_newton_residual_mean": 4.388060070968449e-14,
  "plus_newton_residual_median": 1.1102230246251565e-16,
  "plus_newton_residual_p90": 1.0206419043257155e-13,
  "plus_newton_newton_iter_mean": 2.7589,
  "plus_newton_newton_iter_median": 3.0,
  "plus_newton_newton_iter_p90": 3.0,
  "plus_newton_converged_ratio": 1.0,
  "hp_use_log_ab": false,
  "hp_optimizer": "adamw",
  "hp_criterion": "smoothl1",
  "hp_dropout": 0.1,
  "hp_lr": 0.001,
  "hp_weight_decay": 0.0001,
  "hp_hidden_dims": "[256, 256, 128]",
  "hp_hidden_size": 128,
  "hp_num_layers": 2,
  "hp_head_hidden": 128,
  "hp_head_layers": 1,
  "hp_d_model": 32,
  "hp_nhead": 2,
  "hp_ff_dim": 128,
  "hp_use_cls_token": false
}{
  "trial_id": 1763,
  "trial_name": "trial_1763_transformer",
  "model": "transformer",
  "best_epoch": 63,
  "elapsed_sec": 142.95161509513855,
  "direct_mae": 0.33828964829444885,
  "direct_rmse": 0.41931694746017456,
  "direct_r2": 0.8169721364974976,
  "direct_valid_ratio": 1.0,
  "direct_residual_mean": 0.3820423483848572,
  "direct_residual_median": 0.35000079870224,
  "direct_residual_p90": 0.7696887254714967,
  "plus_newton_mae": 2.3433618495206388e-08,
  "plus_newton_rmse": 2.991573040829852e-08,
  "plus_newton_r2": 0.9999999999999991,
  "plus_newton_valid_ratio": 1.0,
  "plus_newton_residual_mean": 4.388060070968449e-14,
  "plus_newton_residual_median": 1.1102230246251565e-16,
  "plus_newton_residual_p90": 1.0206419043257155e-13,
  "plus_newton_newton_iter_mean": 2.7589,
  "plus_newton_newton_iter_median": 3.0,
  "plus_newton_newton_iter_p90": 3.0,
  "plus_newton_converged_ratio": 1.0,
  "hp_use_log_ab": false,
  "hp_optimizer": "adamw",
  "hp_criterion": "smoothl1",
  "hp_dropout": 0.1,
  "hp_lr": 0.001,
  "hp_weight_decay": 0.0001,
  "hp_hidden_dims": "[256, 256, 128]",
  "hp_hidden_size": 128,
  "hp_num_layers": 2,
  "hp_head_hidden": 128,
  "hp_head_layers": 1,
  "hp_d_model": 32,
  "hp_nhead": 2,
  "hp_ff_dim": 128,
  "hp_use_cls_token": false
}