{
  "trial_id": 2073,
  "trial_name": "trial_2073_transformer",
  "model": "transformer",
  "best_epoch": 117,
  "elapsed_sec": 168.10813307762146,
  "direct_mae": 0.0018275461625307798,
  "direct_rmse": 0.0023025767877697945,
  "direct_r2": 0.9999944809969747,
  "direct_valid_ratio": 1.0,
  "direct_residual_mean": 0.002204298274591565,
  "direct_residual_median": 0.0018152594566345215,
  "direct_residual_p90": 0.004571297764778138,
  "plus_newton_mae": 2.343361880608222e-08,
  "plus_newton_rmse": 2.9915730162907e-08,
  "plus_newton_r2": 0.9999999999999991,
  "plus_newton_valid_ratio": 1.0,
  "plus_newton_residual_mean": 2.5259814991299296e-14,
  "plus_newton_residual_median": 1.1102230246251565e-16,
  "plus_newton_residual_p90": 1.9317880628477724e-14,
  "plus_newton_newton_iter_mean": 2.0037,
  "plus_newton_newton_iter_median": 2.0,
  "plus_newton_newton_iter_p90": 2.0,
  "plus_newton_converged_ratio": 1.0,
  "hp_use_log_ab": true,
  "hp_optimizer": "adamw",
  "hp_criterion": "mse",
  "hp_dropout": 0.0,
  "hp_lr": 0.001,
  "hp_weight_decay": 1e-05,
  "hp_hidden_dims": "[256, 256, 128]",
  "hp_hidden_size": 128,
  "hp_num_layers": 1,
  "hp_head_hidden": 64,
  "hp_head_layers": 2,
  "hp_d_model": 64,
  "hp_nhead": 2,
  "hp_ff_dim": 64,
  "hp_use_cls_token": false
}{
  "trial_id": 2073,
  "trial_name": "trial_2073_transformer",
  "model": "transformer",
  "best_epoch": 117,
  "elapsed_sec": 168.10813307762146,
  "direct_mae": 0.0018275461625307798,
  "direct_rmse": 0.0023025767877697945,
  "direct_r2": 0.9999944809969747,
  "direct_valid_ratio": 1.0,
  "direct_residual_mean": 0.002204298274591565,
  "direct_residual_median": 0.0018152594566345215,
  "direct_residual_p90": 0.004571297764778138,
  "plus_newton_mae": 2.343361880608222e-08,
  "plus_newton_rmse": 2.9915730162907e-08,
  "plus_newton_r2": 0.9999999999999991,
  "plus_newton_valid_ratio": 1.0,
  "plus_newton_residual_mean": 2.5259814991299296e-14,
  "plus_newton_residual_median": 1.1102230246251565e-16,
  "plus_newton_residual_p90": 1.9317880628477724e-14,
  "plus_newton_newton_iter_mean": 2.0037,
  "plus_newton_newton_iter_median": 2.0,
  "plus_newton_newton_iter_p90": 2.0,
  "plus_newton_converged_ratio": 1.0,
  "hp_use_log_ab": true,
  "hp_optimizer": "adamw",
  "hp_criterion": "mse",
  "hp_dropout": 0.0,
  "hp_lr": 0.001,
  "hp_weight_decay": 1e-05,
  "hp_hidden_dims": "[256, 256, 128]",
  "hp_hidden_size": 128,
  "hp_num_layers": 1,
  "hp_head_hidden": 64,
  "hp_head_layers": 2,
  "hp_d_model": 64,
  "hp_nhead": 2,
  "hp_ff_dim": 64,
  "hp_use_cls_token": false
}