{
  "trial_id": 245,
  "trial_name": "trial_245_gru",
  "model": "gru",
  "best_epoch": 9,
  "elapsed_sec": 86.7139253616333,
  "direct_mae": 0.33850839734077454,
  "direct_rmse": 0.4193635582923889,
  "direct_r2": 0.8169314414262772,
  "direct_valid_ratio": 1.0,
  "direct_residual_mean": 0.38440001010894775,
  "direct_residual_median": 0.34965217113494873,
  "direct_residual_p90": 0.7817558348178865,
  "plus_newton_mae": 2.3433620916137695e-08,
  "plus_newton_rmse": 2.991573193357865e-08,
  "plus_newton_r2": 0.9999999999999991,
  "plus_newton_valid_ratio": 1.0,
  "plus_newton_residual_mean": 4.213903638683204e-14,
  "plus_newton_residual_median": 1.1102230246251565e-16,
  "plus_newton_residual_p90": 9.37250277388558e-14,
  "plus_newton_newton_iter_mean": 2.771,
  "plus_newton_newton_iter_median": 3.0,
  "plus_newton_newton_iter_p90": 3.0,
  "plus_newton_converged_ratio": 1.0,
  "hp_use_log_ab": false,
  "hp_optimizer": "adamw",
  "hp_criterion": "smoothl1",
  "hp_dropout": 0.1,
  "hp_lr": 0.0005,
  "hp_weight_decay": 0.0001,
  "hp_hidden_dims": "[256, 256, 128]",
  "hp_hidden_size": 64,
  "hp_num_layers": 2,
  "hp_head_hidden": 64,
  "hp_head_layers": 1,
  "hp_d_model": 64,
  "hp_nhead": 4,
  "hp_ff_dim": 128,
  "hp_use_cls_token": false
}{
  "trial_id": 245,
  "trial_name": "trial_245_gru",
  "model": "gru",
  "best_epoch": 9,
  "elapsed_sec": 86.7139253616333,
  "direct_mae": 0.33850839734077454,
  "direct_rmse": 0.4193635582923889,
  "direct_r2": 0.8169314414262772,
  "direct_valid_ratio": 1.0,
  "direct_residual_mean": 0.38440001010894775,
  "direct_residual_median": 0.34965217113494873,
  "direct_residual_p90": 0.7817558348178865,
  "plus_newton_mae": 2.3433620916137695e-08,
  "plus_newton_rmse": 2.991573193357865e-08,
  "plus_newton_r2": 0.9999999999999991,
  "plus_newton_valid_ratio": 1.0,
  "plus_newton_residual_mean": 4.213903638683204e-14,
  "plus_newton_residual_median": 1.1102230246251565e-16,
  "plus_newton_residual_p90": 9.37250277388558e-14,
  "plus_newton_newton_iter_mean": 2.771,
  "plus_newton_newton_iter_median": 3.0,
  "plus_newton_newton_iter_p90": 3.0,
  "plus_newton_converged_ratio": 1.0,
  "hp_use_log_ab": false,
  "hp_optimizer": "adamw",
  "hp_criterion": "smoothl1",
  "hp_dropout": 0.1,
  "hp_lr": 0.0005,
  "hp_weight_decay": 0.0001,
  "hp_hidden_dims": "[256, 256, 128]",
  "hp_hidden_size": 64,
  "hp_num_layers": 2,
  "hp_head_hidden": 64,
  "hp_head_layers": 1,
  "hp_d_model": 64,
  "hp_nhead": 4,
  "hp_ff_dim": 128,
  "hp_use_cls_token": false
}