{
  "trial_id": 1827,
  "trial_name": "trial_1827_transformer",
  "model": "transformer",
  "best_epoch": 10,
  "elapsed_sec": 42.01736545562744,
  "direct_mae": 0.33914312720298767,
  "direct_rmse": 0.41795530915260315,
  "direct_r2": 0.8181588798761368,
  "direct_valid_ratio": 1.0,
  "direct_residual_mean": 0.38297149538993835,
  "direct_residual_median": 0.3550695776939392,
  "direct_residual_p90": 0.7539075732231141,
  "plus_newton_mae": 2.3433618491567488e-08,
  "plus_newton_rmse": 2.991573016024371e-08,
  "plus_newton_r2": 0.9999999999999991,
  "plus_newton_valid_ratio": 1.0,
  "plus_newton_residual_mean": 4.28002461154134e-14,
  "plus_newton_residual_median": 1.1102230246251565e-16,
  "plus_newton_residual_p90": 9.712786130933196e-14,
  "plus_newton_newton_iter_mean": 2.7579,
  "plus_newton_newton_iter_median": 3.0,
  "plus_newton_newton_iter_p90": 3.0,
  "plus_newton_converged_ratio": 1.0,
  "hp_use_log_ab": false,
  "hp_optimizer": "adamw",
  "hp_criterion": "smoothl1",
  "hp_dropout": 0.1,
  "hp_lr": 0.0005,
  "hp_weight_decay": 1e-05,
  "hp_hidden_dims": "[256, 256, 128]",
  "hp_hidden_size": 128,
  "hp_num_layers": 1,
  "hp_head_hidden": 128,
  "hp_head_layers": 1,
  "hp_d_model": 32,
  "hp_nhead": 2,
  "hp_ff_dim": 128,
  "hp_use_cls_token": false
}{
  "trial_id": 1827,
  "trial_name": "trial_1827_transformer",
  "model": "transformer",
  "best_epoch": 10,
  "elapsed_sec": 42.01736545562744,
  "direct_mae": 0.33914312720298767,
  "direct_rmse": 0.41795530915260315,
  "direct_r2": 0.8181588798761368,
  "direct_valid_ratio": 1.0,
  "direct_residual_mean": 0.38297149538993835,
  "direct_residual_median": 0.3550695776939392,
  "direct_residual_p90": 0.7539075732231141,
  "plus_newton_mae": 2.3433618491567488e-08,
  "plus_newton_rmse": 2.991573016024371e-08,
  "plus_newton_r2": 0.9999999999999991,
  "plus_newton_valid_ratio": 1.0,
  "plus_newton_residual_mean": 4.28002461154134e-14,
  "plus_newton_residual_median": 1.1102230246251565e-16,
  "plus_newton_residual_p90": 9.712786130933196e-14,
  "plus_newton_newton_iter_mean": 2.7579,
  "plus_newton_newton_iter_median": 3.0,
  "plus_newton_newton_iter_p90": 3.0,
  "plus_newton_converged_ratio": 1.0,
  "hp_use_log_ab": false,
  "hp_optimizer": "adamw",
  "hp_criterion": "smoothl1",
  "hp_dropout": 0.1,
  "hp_lr": 0.0005,
  "hp_weight_decay": 1e-05,
  "hp_hidden_dims": "[256, 256, 128]",
  "hp_hidden_size": 128,
  "hp_num_layers": 1,
  "hp_head_hidden": 128,
  "hp_head_layers": 1,
  "hp_d_model": 32,
  "hp_nhead": 2,
  "hp_ff_dim": 128,
  "hp_use_cls_token": false
}