{
  "trial_id": 1774,
  "trial_name": "trial_1774_transformer",
  "model": "transformer",
  "best_epoch": 45,
  "elapsed_sec": 115.24048781394958,
  "direct_mae": 0.33793169260025024,
  "direct_rmse": 0.41879409551620483,
  "direct_r2": 0.8174282759428024,
  "direct_valid_ratio": 1.0,
  "direct_residual_mean": 0.38181817531585693,
  "direct_residual_median": 0.34987983107566833,
  "direct_residual_p90": 0.7680573165416719,
  "plus_newton_mae": 2.343361846663216e-08,
  "plus_newton_rmse": 2.9915730416630494e-08,
  "plus_newton_r2": 0.9999999999999991,
  "plus_newton_valid_ratio": 1.0,
  "plus_newton_residual_mean": 4.4127531212395365e-14,
  "plus_newton_residual_median": 1.1102230246251565e-16,
  "plus_newton_residual_p90": 1.0401124406200793e-13,
  "plus_newton_newton_iter_mean": 2.7613,
  "plus_newton_newton_iter_median": 3.0,
  "plus_newton_newton_iter_p90": 3.0,
  "plus_newton_converged_ratio": 1.0,
  "hp_use_log_ab": false,
  "hp_optimizer": "adamw",
  "hp_criterion": "smoothl1",
  "hp_dropout": 0.1,
  "hp_lr": 0.001,
  "hp_weight_decay": 0.0001,
  "hp_hidden_dims": "[256, 256, 128]",
  "hp_hidden_size": 128,
  "hp_num_layers": 2,
  "hp_head_hidden": 128,
  "hp_head_layers": 1,
  "hp_d_model": 64,
  "hp_nhead": 4,
  "hp_ff_dim": 64,
  "hp_use_cls_token": true
}{
  "trial_id": 1774,
  "trial_name": "trial_1774_transformer",
  "model": "transformer",
  "best_epoch": 45,
  "elapsed_sec": 115.24048781394958,
  "direct_mae": 0.33793169260025024,
  "direct_rmse": 0.41879409551620483,
  "direct_r2": 0.8174282759428024,
  "direct_valid_ratio": 1.0,
  "direct_residual_mean": 0.38181817531585693,
  "direct_residual_median": 0.34987983107566833,
  "direct_residual_p90": 0.7680573165416719,
  "plus_newton_mae": 2.343361846663216e-08,
  "plus_newton_rmse": 2.9915730416630494e-08,
  "plus_newton_r2": 0.9999999999999991,
  "plus_newton_valid_ratio": 1.0,
  "plus_newton_residual_mean": 4.4127531212395365e-14,
  "plus_newton_residual_median": 1.1102230246251565e-16,
  "plus_newton_residual_p90": 1.0401124406200793e-13,
  "plus_newton_newton_iter_mean": 2.7613,
  "plus_newton_newton_iter_median": 3.0,
  "plus_newton_newton_iter_p90": 3.0,
  "plus_newton_converged_ratio": 1.0,
  "hp_use_log_ab": false,
  "hp_optimizer": "adamw",
  "hp_criterion": "smoothl1",
  "hp_dropout": 0.1,
  "hp_lr": 0.001,
  "hp_weight_decay": 0.0001,
  "hp_hidden_dims": "[256, 256, 128]",
  "hp_hidden_size": 128,
  "hp_num_layers": 2,
  "hp_head_hidden": 128,
  "hp_head_layers": 1,
  "hp_d_model": 64,
  "hp_nhead": 4,
  "hp_ff_dim": 64,
  "hp_use_cls_token": true
}