{
  "trial_id": 2719,
  "trial_name": "trial_2719_transformer",
  "model": "transformer",
  "best_epoch": 59,
  "elapsed_sec": 509.2639937400818,
  "direct_mae": 0.010514451190829277,
  "direct_rmse": 0.013631453737616539,
  "direct_r2": 0.9998065731633687,
  "direct_valid_ratio": 1.0,
  "direct_residual_mean": 0.01294370274990797,
  "direct_residual_median": 0.009763628244400024,
  "direct_residual_p90": 0.028917992115020764,
  "plus_newton_mae": 2.3433620834422633e-08,
  "plus_newton_rmse": 2.9915732561538813e-08,
  "plus_newton_r2": 0.9999999999999991,
  "plus_newton_valid_ratio": 1.0,
  "plus_newton_residual_mean": 4.5914051476378207e-14,
  "plus_newton_residual_median": 1.1102230246251565e-16,
  "plus_newton_residual_p90": 1.333488874877276e-13,
  "plus_newton_newton_iter_mean": 2.1909,
  "plus_newton_newton_iter_median": 2.0,
  "plus_newton_newton_iter_p90": 3.0,
  "plus_newton_converged_ratio": 1.0,
  "hp_use_log_ab": true,
  "hp_optimizer": "adamw",
  "hp_criterion": "mse",
  "hp_dropout": 0.1,
  "hp_lr": 0.001,
  "hp_weight_decay": 0.0001,
  "hp_hidden_dims": "[256, 256, 128]",
  "hp_hidden_size": 128,
  "hp_num_layers": 1,
  "hp_head_hidden": 64,
  "hp_head_layers": 2,
  "hp_d_model": 64,
  "hp_nhead": 4,
  "hp_ff_dim": 128,
  "hp_use_cls_token": false
}{
  "trial_id": 2719,
  "trial_name": "trial_2719_transformer",
  "model": "transformer",
  "best_epoch": 59,
  "elapsed_sec": 509.2639937400818,
  "direct_mae": 0.010514451190829277,
  "direct_rmse": 0.013631453737616539,
  "direct_r2": 0.9998065731633687,
  "direct_valid_ratio": 1.0,
  "direct_residual_mean": 0.01294370274990797,
  "direct_residual_median": 0.009763628244400024,
  "direct_residual_p90": 0.028917992115020764,
  "plus_newton_mae": 2.3433620834422633e-08,
  "plus_newton_rmse": 2.9915732561538813e-08,
  "plus_newton_r2": 0.9999999999999991,
  "plus_newton_valid_ratio": 1.0,
  "plus_newton_residual_mean": 4.5914051476378207e-14,
  "plus_newton_residual_median": 1.1102230246251565e-16,
  "plus_newton_residual_p90": 1.333488874877276e-13,
  "plus_newton_newton_iter_mean": 2.1909,
  "plus_newton_newton_iter_median": 2.0,
  "plus_newton_newton_iter_p90": 3.0,
  "plus_newton_converged_ratio": 1.0,
  "hp_use_log_ab": true,
  "hp_optimizer": "adamw",
  "hp_criterion": "mse",
  "hp_dropout": 0.1,
  "hp_lr": 0.001,
  "hp_weight_decay": 0.0001,
  "hp_hidden_dims": "[256, 256, 128]",
  "hp_hidden_size": 128,
  "hp_num_layers": 1,
  "hp_head_hidden": 64,
  "hp_head_layers": 2,
  "hp_d_model": 64,
  "hp_nhead": 4,
  "hp_ff_dim": 128,
  "hp_use_cls_token": false
}