{
  "trial_id": 232,
  "trial_name": "trial_232_gru",
  "model": "gru",
  "best_epoch": 78,
  "elapsed_sec": 290.81882071495056,
  "direct_mae": 0.007075295317918062,
  "direct_rmse": 0.011070577427744865,
  "direct_r2": 0.999872422835324,
  "direct_valid_ratio": 1.0,
  "direct_residual_mean": 0.008260726928710938,
  "direct_residual_median": 0.005135148763656616,
  "direct_residual_p90": 0.020827484130859376,
  "plus_newton_mae": 2.343361792757855e-08,
  "plus_newton_rmse": 2.9915730193657965e-08,
  "plus_newton_r2": 0.9999999999999991,
  "plus_newton_valid_ratio": 1.0,
  "plus_newton_residual_mean": 3.4942010772304316e-14,
  "plus_newton_residual_median": 1.1102230246251565e-16,
  "plus_newton_residual_p90": 6.113651251915546e-14,
  "plus_newton_newton_iter_mean": 2.1181,
  "plus_newton_newton_iter_median": 2.0,
  "plus_newton_newton_iter_p90": 3.0,
  "plus_newton_converged_ratio": 1.0,
  "hp_use_log_ab": false,
  "hp_optimizer": "adamw",
  "hp_criterion": "smoothl1",
  "hp_dropout": 0.1,
  "hp_lr": 0.0005,
  "hp_weight_decay": 1e-05,
  "hp_hidden_dims": "[256, 256, 128]",
  "hp_hidden_size": 64,
  "hp_num_layers": 2,
  "hp_head_hidden": 128,
  "hp_head_layers": 2,
  "hp_d_model": 64,
  "hp_nhead": 4,
  "hp_ff_dim": 128,
  "hp_use_cls_token": false
}{
  "trial_id": 232,
  "trial_name": "trial_232_gru",
  "model": "gru",
  "best_epoch": 78,
  "elapsed_sec": 290.81882071495056,
  "direct_mae": 0.007075295317918062,
  "direct_rmse": 0.011070577427744865,
  "direct_r2": 0.999872422835324,
  "direct_valid_ratio": 1.0,
  "direct_residual_mean": 0.008260726928710938,
  "direct_residual_median": 0.005135148763656616,
  "direct_residual_p90": 0.020827484130859376,
  "plus_newton_mae": 2.343361792757855e-08,
  "plus_newton_rmse": 2.9915730193657965e-08,
  "plus_newton_r2": 0.9999999999999991,
  "plus_newton_valid_ratio": 1.0,
  "plus_newton_residual_mean": 3.4942010772304316e-14,
  "plus_newton_residual_median": 1.1102230246251565e-16,
  "plus_newton_residual_p90": 6.113651251915546e-14,
  "plus_newton_newton_iter_mean": 2.1181,
  "plus_newton_newton_iter_median": 2.0,
  "plus_newton_newton_iter_p90": 3.0,
  "plus_newton_converged_ratio": 1.0,
  "hp_use_log_ab": false,
  "hp_optimizer": "adamw",
  "hp_criterion": "smoothl1",
  "hp_dropout": 0.1,
  "hp_lr": 0.0005,
  "hp_weight_decay": 1e-05,
  "hp_hidden_dims": "[256, 256, 128]",
  "hp_hidden_size": 64,
  "hp_num_layers": 2,
  "hp_head_hidden": 128,
  "hp_head_layers": 2,
  "hp_d_model": 64,
  "hp_nhead": 4,
  "hp_ff_dim": 128,
  "hp_use_cls_token": false
}