{
  "trial_id": 1319,
  "trial_name": "trial_1319_transformer",
  "model": "transformer",
  "best_epoch": 18,
  "elapsed_sec": 51.7215256690979,
  "direct_mae": 0.33919402956962585,
  "direct_rmse": 0.41835132241249084,
  "direct_r2": 0.8178141415119171,
  "direct_valid_ratio": 1.0,
  "direct_residual_mean": 0.383143812417984,
  "direct_residual_median": 0.35326001048088074,
  "direct_residual_p90": 0.7599982380867005,
  "plus_newton_mae": 2.3433618719017553e-08,
  "plus_newton_rmse": 2.991573041607889e-08,
  "plus_newton_r2": 0.9999999999999991,
  "plus_newton_valid_ratio": 1.0,
  "plus_newton_residual_mean": 4.2623146833721955e-14,
  "plus_newton_residual_median": 1.6653345369377348e-16,
  "plus_newton_residual_p90": 9.862111127745278e-14,
  "plus_newton_newton_iter_mean": 2.7599,
  "plus_newton_newton_iter_median": 3.0,
  "plus_newton_newton_iter_p90": 3.0,
  "plus_newton_converged_ratio": 1.0,
  "hp_use_log_ab": false,
  "hp_optimizer": "adamw",
  "hp_criterion": "smoothl1",
  "hp_dropout": 0.0,
  "hp_lr": 0.0005,
  "hp_weight_decay": 1e-05,
  "hp_hidden_dims": "[256, 256, 128]",
  "hp_hidden_size": 128,
  "hp_num_layers": 1,
  "hp_head_hidden": 128,
  "hp_head_layers": 1,
  "hp_d_model": 32,
  "hp_nhead": 4,
  "hp_ff_dim": 128,
  "hp_use_cls_token": false
}{
  "trial_id": 1319,
  "trial_name": "trial_1319_transformer",
  "model": "transformer",
  "best_epoch": 18,
  "elapsed_sec": 51.7215256690979,
  "direct_mae": 0.33919402956962585,
  "direct_rmse": 0.41835132241249084,
  "direct_r2": 0.8178141415119171,
  "direct_valid_ratio": 1.0,
  "direct_residual_mean": 0.383143812417984,
  "direct_residual_median": 0.35326001048088074,
  "direct_residual_p90": 0.7599982380867005,
  "plus_newton_mae": 2.3433618719017553e-08,
  "plus_newton_rmse": 2.991573041607889e-08,
  "plus_newton_r2": 0.9999999999999991,
  "plus_newton_valid_ratio": 1.0,
  "plus_newton_residual_mean": 4.2623146833721955e-14,
  "plus_newton_residual_median": 1.6653345369377348e-16,
  "plus_newton_residual_p90": 9.862111127745278e-14,
  "plus_newton_newton_iter_mean": 2.7599,
  "plus_newton_newton_iter_median": 3.0,
  "plus_newton_newton_iter_p90": 3.0,
  "plus_newton_converged_ratio": 1.0,
  "hp_use_log_ab": false,
  "hp_optimizer": "adamw",
  "hp_criterion": "smoothl1",
  "hp_dropout": 0.0,
  "hp_lr": 0.0005,
  "hp_weight_decay": 1e-05,
  "hp_hidden_dims": "[256, 256, 128]",
  "hp_hidden_size": 128,
  "hp_num_layers": 1,
  "hp_head_hidden": 128,
  "hp_head_layers": 1,
  "hp_d_model": 32,
  "hp_nhead": 4,
  "hp_ff_dim": 128,
  "hp_use_cls_token": false
}