{
  "trial_id": 2484,
  "trial_name": "trial_2484_transformer",
  "model": "transformer",
  "best_epoch": 118,
  "elapsed_sec": 173.63189315795898,
  "direct_mae": 0.001469007576815784,
  "direct_rmse": 0.0018305086996406317,
  "direct_r2": 0.9999965120039178,
  "direct_valid_ratio": 1.0,
  "direct_residual_mean": 0.0018407150637358427,
  "direct_residual_median": 0.001428946852684021,
  "direct_residual_p90": 0.0038061171770095827,
  "plus_newton_mae": 2.343361736765648e-08,
  "plus_newton_rmse": 2.991572832502406e-08,
  "plus_newton_r2": 0.9999999999999991,
  "plus_newton_valid_ratio": 1.0,
  "plus_newton_residual_mean": 3.122265929991991e-14,
  "plus_newton_residual_median": 1.1102230246251565e-16,
  "plus_newton_residual_p90": 2.48800979818498e-14,
  "plus_newton_newton_iter_mean": 1.9934,
  "plus_newton_newton_iter_median": 2.0,
  "plus_newton_newton_iter_p90": 2.0,
  "plus_newton_converged_ratio": 1.0,
  "hp_use_log_ab": true,
  "hp_optimizer": "adamw",
  "hp_criterion": "mse",
  "hp_dropout": 0.0,
  "hp_lr": 0.0005,
  "hp_weight_decay": 0.0001,
  "hp_hidden_dims": "[256, 256, 128]",
  "hp_hidden_size": 128,
  "hp_num_layers": 1,
  "hp_head_hidden": 128,
  "hp_head_layers": 2,
  "hp_d_model": 32,
  "hp_nhead": 2,
  "hp_ff_dim": 128,
  "hp_use_cls_token": true
}{
  "trial_id": 2484,
  "trial_name": "trial_2484_transformer",
  "model": "transformer",
  "best_epoch": 118,
  "elapsed_sec": 173.63189315795898,
  "direct_mae": 0.001469007576815784,
  "direct_rmse": 0.0018305086996406317,
  "direct_r2": 0.9999965120039178,
  "direct_valid_ratio": 1.0,
  "direct_residual_mean": 0.0018407150637358427,
  "direct_residual_median": 0.001428946852684021,
  "direct_residual_p90": 0.0038061171770095827,
  "plus_newton_mae": 2.343361736765648e-08,
  "plus_newton_rmse": 2.991572832502406e-08,
  "plus_newton_r2": 0.9999999999999991,
  "plus_newton_valid_ratio": 1.0,
  "plus_newton_residual_mean": 3.122265929991991e-14,
  "plus_newton_residual_median": 1.1102230246251565e-16,
  "plus_newton_residual_p90": 2.48800979818498e-14,
  "plus_newton_newton_iter_mean": 1.9934,
  "plus_newton_newton_iter_median": 2.0,
  "plus_newton_newton_iter_p90": 2.0,
  "plus_newton_converged_ratio": 1.0,
  "hp_use_log_ab": true,
  "hp_optimizer": "adamw",
  "hp_criterion": "mse",
  "hp_dropout": 0.0,
  "hp_lr": 0.0005,
  "hp_weight_decay": 0.0001,
  "hp_hidden_dims": "[256, 256, 128]",
  "hp_hidden_size": 128,
  "hp_num_layers": 1,
  "hp_head_hidden": 128,
  "hp_head_layers": 2,
  "hp_d_model": 32,
  "hp_nhead": 2,
  "hp_ff_dim": 128,
  "hp_use_cls_token": true
}