{
  "trial_id": 1806,
  "trial_name": "trial_1806_transformer",
  "model": "transformer",
  "best_epoch": 15,
  "elapsed_sec": 49.514930725097656,
  "direct_mae": 0.338634729385376,
  "direct_rmse": 0.4184042811393738,
  "direct_r2": 0.8177680224180222,
  "direct_valid_ratio": 1.0,
  "direct_residual_mean": 0.38197624683380127,
  "direct_residual_median": 0.3527225852012634,
  "direct_residual_p90": 0.7600273549556732,
  "plus_newton_mae": 2.3433618354931363e-08,
  "plus_newton_rmse": 2.991573052146492e-08,
  "plus_newton_r2": 0.9999999999999991,
  "plus_newton_valid_ratio": 1.0,
  "plus_newton_residual_mean": 4.184269569208155e-14,
  "plus_newton_residual_median": 1.6653345369377348e-16,
  "plus_newton_residual_p90": 9.525713551283843e-14,
  "plus_newton_newton_iter_mean": 2.757,
  "plus_newton_newton_iter_median": 3.0,
  "plus_newton_newton_iter_p90": 3.0,
  "plus_newton_converged_ratio": 1.0,
  "hp_use_log_ab": false,
  "hp_optimizer": "adamw",
  "hp_criterion": "smoothl1",
  "hp_dropout": 0.1,
  "hp_lr": 0.0005,
  "hp_weight_decay": 1e-05,
  "hp_hidden_dims": "[256, 256, 128]",
  "hp_hidden_size": 128,
  "hp_num_layers": 1,
  "hp_head_hidden": 64,
  "hp_head_layers": 1,
  "hp_d_model": 64,
  "hp_nhead": 4,
  "hp_ff_dim": 64,
  "hp_use_cls_token": true
}{
  "trial_id": 1806,
  "trial_name": "trial_1806_transformer",
  "model": "transformer",
  "best_epoch": 15,
  "elapsed_sec": 49.514930725097656,
  "direct_mae": 0.338634729385376,
  "direct_rmse": 0.4184042811393738,
  "direct_r2": 0.8177680224180222,
  "direct_valid_ratio": 1.0,
  "direct_residual_mean": 0.38197624683380127,
  "direct_residual_median": 0.3527225852012634,
  "direct_residual_p90": 0.7600273549556732,
  "plus_newton_mae": 2.3433618354931363e-08,
  "plus_newton_rmse": 2.991573052146492e-08,
  "plus_newton_r2": 0.9999999999999991,
  "plus_newton_valid_ratio": 1.0,
  "plus_newton_residual_mean": 4.184269569208155e-14,
  "plus_newton_residual_median": 1.6653345369377348e-16,
  "plus_newton_residual_p90": 9.525713551283843e-14,
  "plus_newton_newton_iter_mean": 2.757,
  "plus_newton_newton_iter_median": 3.0,
  "plus_newton_newton_iter_p90": 3.0,
  "plus_newton_converged_ratio": 1.0,
  "hp_use_log_ab": false,
  "hp_optimizer": "adamw",
  "hp_criterion": "smoothl1",
  "hp_dropout": 0.1,
  "hp_lr": 0.0005,
  "hp_weight_decay": 1e-05,
  "hp_hidden_dims": "[256, 256, 128]",
  "hp_hidden_size": 128,
  "hp_num_layers": 1,
  "hp_head_hidden": 64,
  "hp_head_layers": 1,
  "hp_d_model": 64,
  "hp_nhead": 4,
  "hp_ff_dim": 64,
  "hp_use_cls_token": true
}