{
  "trial_id": 50,
  "trial_name": "trial_050_lstm",
  "model": "lstm",
  "best_epoch": 117,
  "elapsed_sec": 321.36648654937744,
  "direct_mae": 0.0015716130146756768,
  "direct_rmse": 0.0021297752391546965,
  "direct_r2": 0.9999952782832224,
  "direct_valid_ratio": 1.0,
  "direct_residual_mean": 0.001908196834847331,
  "direct_residual_median": 0.0013446211814880371,
  "direct_residual_p90": 0.0042693976312875755,
  "plus_newton_mae": 2.3433616142204192e-08,
  "plus_newton_rmse": 2.991572938285516e-08,
  "plus_newton_r2": 0.9999999999999991,
  "plus_newton_valid_ratio": 1.0,
  "plus_newton_residual_mean": 2.603655270145072e-14,
  "plus_newton_residual_median": 1.1102230246251565e-16,
  "plus_newton_residual_p90": 1.676991878696301e-14,
  "plus_newton_newton_iter_mean": 1.9911,
  "plus_newton_newton_iter_median": 2.0,
  "plus_newton_newton_iter_p90": 2.0,
  "plus_newton_converged_ratio": 1.0,
  "hp_use_log_ab": false,
  "hp_optimizer": "adamw",
  "hp_criterion": "mse",
  "hp_dropout": 0.0,
  "hp_lr": 0.0005,
  "hp_weight_decay": 0.0001,
  "hp_hidden_dims": "[256, 256, 128]",
  "hp_hidden_size": 64,
  "hp_num_layers": 1,
  "hp_head_hidden": 64,
  "hp_head_layers": 2,
  "hp_d_model": 64,
  "hp_nhead": 4,
  "hp_ff_dim": 128,
  "hp_use_cls_token": false
}{
  "trial_id": 50,
  "trial_name": "trial_050_lstm",
  "model": "lstm",
  "best_epoch": 117,
  "elapsed_sec": 321.36648654937744,
  "direct_mae": 0.0015716130146756768,
  "direct_rmse": 0.0021297752391546965,
  "direct_r2": 0.9999952782832224,
  "direct_valid_ratio": 1.0,
  "direct_residual_mean": 0.001908196834847331,
  "direct_residual_median": 0.0013446211814880371,
  "direct_residual_p90": 0.0042693976312875755,
  "plus_newton_mae": 2.3433616142204192e-08,
  "plus_newton_rmse": 2.991572938285516e-08,
  "plus_newton_r2": 0.9999999999999991,
  "plus_newton_valid_ratio": 1.0,
  "plus_newton_residual_mean": 2.603655270145072e-14,
  "plus_newton_residual_median": 1.1102230246251565e-16,
  "plus_newton_residual_p90": 1.676991878696301e-14,
  "plus_newton_newton_iter_mean": 1.9911,
  "plus_newton_newton_iter_median": 2.0,
  "plus_newton_newton_iter_p90": 2.0,
  "plus_newton_converged_ratio": 1.0,
  "hp_use_log_ab": false,
  "hp_optimizer": "adamw",
  "hp_criterion": "mse",
  "hp_dropout": 0.0,
  "hp_lr": 0.0005,
  "hp_weight_decay": 0.0001,
  "hp_hidden_dims": "[256, 256, 128]",
  "hp_hidden_size": 64,
  "hp_num_layers": 1,
  "hp_head_hidden": 64,
  "hp_head_layers": 2,
  "hp_d_model": 64,
  "hp_nhead": 4,
  "hp_ff_dim": 128,
  "hp_use_cls_token": false
}