{
  "trial_id": 35,
  "trial_name": "trial_035_transformer",
  "model": "transformer",
  "best_epoch": 74,
  "elapsed_sec": 328.7871205806732,
  "direct_mae": 0.340746134519577,
  "direct_rmse": 0.4169429540634155,
  "direct_r2": 0.8190387189388275,
  "direct_valid_ratio": 1.0,
  "direct_residual_mean": 0.38355422019958496,
  "direct_residual_median": 0.36155200004577637,
  "direct_residual_p90": 0.7207192540168763,
  "plus_newton_mae": 2.343361942004517e-08,
  "plus_newton_rmse": 2.991573099613167e-08,
  "plus_newton_r2": 0.9999999999999991,
  "plus_newton_valid_ratio": 1.0,
  "plus_newton_residual_mean": 4.37967306214487e-14,
  "plus_newton_residual_median": 1.97758476261356e-16,
  "plus_newton_residual_p90": 1.0185741139423517e-13,
  "plus_newton_newton_iter_mean": 2.7548,
  "plus_newton_newton_iter_median": 3.0,
  "plus_newton_newton_iter_p90": 3.0,
  "plus_newton_converged_ratio": 1.0,
  "hp_use_log_ab": false,
  "hp_optimizer": "adamw",
  "hp_criterion": "mse",
  "hp_dropout": 0.0,
  "hp_lr": 0.001,
  "hp_weight_decay": 1e-05,
  "hp_hidden_dims": "[256, 256, 128]",
  "hp_hidden_size": 128,
  "hp_num_layers": 1,
  "hp_head_hidden": 128,
  "hp_head_layers": 1,
  "hp_d_model": 32,
  "hp_nhead": 2,
  "hp_ff_dim": 128,
  "hp_use_cls_token": false
}{
  "trial_id": 35,
  "trial_name": "trial_035_transformer",
  "model": "transformer",
  "best_epoch": 74,
  "elapsed_sec": 328.7871205806732,
  "direct_mae": 0.340746134519577,
  "direct_rmse": 0.4169429540634155,
  "direct_r2": 0.8190387189388275,
  "direct_valid_ratio": 1.0,
  "direct_residual_mean": 0.38355422019958496,
  "direct_residual_median": 0.36155200004577637,
  "direct_residual_p90": 0.7207192540168763,
  "plus_newton_mae": 2.343361942004517e-08,
  "plus_newton_rmse": 2.991573099613167e-08,
  "plus_newton_r2": 0.9999999999999991,
  "plus_newton_valid_ratio": 1.0,
  "plus_newton_residual_mean": 4.37967306214487e-14,
  "plus_newton_residual_median": 1.97758476261356e-16,
  "plus_newton_residual_p90": 1.0185741139423517e-13,
  "plus_newton_newton_iter_mean": 2.7548,
  "plus_newton_newton_iter_median": 3.0,
  "plus_newton_newton_iter_p90": 3.0,
  "plus_newton_converged_ratio": 1.0,
  "hp_use_log_ab": false,
  "hp_optimizer": "adamw",
  "hp_criterion": "mse",
  "hp_dropout": 0.0,
  "hp_lr": 0.001,
  "hp_weight_decay": 1e-05,
  "hp_hidden_dims": "[256, 256, 128]",
  "hp_hidden_size": 128,
  "hp_num_layers": 1,
  "hp_head_hidden": 128,
  "hp_head_layers": 1,
  "hp_d_model": 32,
  "hp_nhead": 2,
  "hp_ff_dim": 128,
  "hp_use_cls_token": false
}