{
  "trial_id": 1561,
  "trial_name": "trial_1561_transformer",
  "model": "transformer",
  "best_epoch": 34,
  "elapsed_sec": 76.94654846191406,
  "direct_mae": 0.016052253544330597,
  "direct_rmse": 0.02190350741147995,
  "direct_r2": 0.9995005871751346,
  "direct_valid_ratio": 1.0,
  "direct_residual_mean": 0.018747631460428238,
  "direct_residual_median": 0.015063821338117123,
  "direct_residual_p90": 0.03430308103561402,
  "plus_newton_mae": 2.3433616058754778e-08,
  "plus_newton_rmse": 2.991572841848097e-08,
  "plus_newton_r2": 0.9999999999999991,
  "plus_newton_valid_ratio": 1.0,
  "plus_newton_residual_mean": 3.8823142000743525e-14,
  "plus_newton_residual_median": 1.1102230246251565e-16,
  "plus_newton_residual_p90": 8.152367669822537e-14,
  "plus_newton_newton_iter_mean": 2.204,
  "plus_newton_newton_iter_median": 2.0,
  "plus_newton_newton_iter_p90": 3.0,
  "plus_newton_converged_ratio": 1.0,
  "hp_use_log_ab": false,
  "hp_optimizer": "adamw",
  "hp_criterion": "smoothl1",
  "hp_dropout": 0.1,
  "hp_lr": 0.001,
  "hp_weight_decay": 1e-05,
  "hp_hidden_dims": "[256, 256, 128]",
  "hp_hidden_size": 128,
  "hp_num_layers": 1,
  "hp_head_hidden": 64,
  "hp_head_layers": 2,
  "hp_d_model": 64,
  "hp_nhead": 2,
  "hp_ff_dim": 64,
  "hp_use_cls_token": false
}{
  "trial_id": 1561,
  "trial_name": "trial_1561_transformer",
  "model": "transformer",
  "best_epoch": 34,
  "elapsed_sec": 76.94654846191406,
  "direct_mae": 0.016052253544330597,
  "direct_rmse": 0.02190350741147995,
  "direct_r2": 0.9995005871751346,
  "direct_valid_ratio": 1.0,
  "direct_residual_mean": 0.018747631460428238,
  "direct_residual_median": 0.015063821338117123,
  "direct_residual_p90": 0.03430308103561402,
  "plus_newton_mae": 2.3433616058754778e-08,
  "plus_newton_rmse": 2.991572841848097e-08,
  "plus_newton_r2": 0.9999999999999991,
  "plus_newton_valid_ratio": 1.0,
  "plus_newton_residual_mean": 3.8823142000743525e-14,
  "plus_newton_residual_median": 1.1102230246251565e-16,
  "plus_newton_residual_p90": 8.152367669822537e-14,
  "plus_newton_newton_iter_mean": 2.204,
  "plus_newton_newton_iter_median": 2.0,
  "plus_newton_newton_iter_p90": 3.0,
  "plus_newton_converged_ratio": 1.0,
  "hp_use_log_ab": false,
  "hp_optimizer": "adamw",
  "hp_criterion": "smoothl1",
  "hp_dropout": 0.1,
  "hp_lr": 0.001,
  "hp_weight_decay": 1e-05,
  "hp_hidden_dims": "[256, 256, 128]",
  "hp_hidden_size": 128,
  "hp_num_layers": 1,
  "hp_head_hidden": 64,
  "hp_head_layers": 2,
  "hp_d_model": 64,
  "hp_nhead": 2,
  "hp_ff_dim": 64,
  "hp_use_cls_token": false
}