{
  "trial_id": 578,
  "trial_name": "trial_578_transformer",
  "model": "transformer",
  "best_epoch": 51,
  "elapsed_sec": 138.39299654960632,
  "direct_mae": 0.34035956859588623,
  "direct_rmse": 0.41690593957901,
  "direct_r2": 0.8190708309412003,
  "direct_valid_ratio": 1.0,
  "direct_residual_mean": 0.3832201063632965,
  "direct_residual_median": 0.3595705032348633,
  "direct_residual_p90": 0.7239106416702271,
  "plus_newton_mae": 2.3433619689451088e-08,
  "plus_newton_rmse": 2.991573150486727e-08,
  "plus_newton_r2": 0.9999999999999991,
  "plus_newton_valid_ratio": 1.0,
  "plus_newton_residual_mean": 4.4537654328723916e-14,
  "plus_newton_residual_median": 1.6653345369377348e-16,
  "plus_newton_residual_p90": 1.0556226032187875e-13,
  "plus_newton_newton_iter_mean": 2.7535,
  "plus_newton_newton_iter_median": 3.0,
  "plus_newton_newton_iter_p90": 3.0,
  "plus_newton_converged_ratio": 1.0,
  "hp_use_log_ab": false,
  "hp_optimizer": "adamw",
  "hp_criterion": "mse",
  "hp_dropout": 0.1,
  "hp_lr": 0.001,
  "hp_weight_decay": 1e-05,
  "hp_hidden_dims": "[256, 256, 128]",
  "hp_hidden_size": 128,
  "hp_num_layers": 2,
  "hp_head_hidden": 64,
  "hp_head_layers": 1,
  "hp_d_model": 32,
  "hp_nhead": 2,
  "hp_ff_dim": 64,
  "hp_use_cls_token": true
}{
  "trial_id": 578,
  "trial_name": "trial_578_transformer",
  "model": "transformer",
  "best_epoch": 51,
  "elapsed_sec": 138.39299654960632,
  "direct_mae": 0.34035956859588623,
  "direct_rmse": 0.41690593957901,
  "direct_r2": 0.8190708309412003,
  "direct_valid_ratio": 1.0,
  "direct_residual_mean": 0.3832201063632965,
  "direct_residual_median": 0.3595705032348633,
  "direct_residual_p90": 0.7239106416702271,
  "plus_newton_mae": 2.3433619689451088e-08,
  "plus_newton_rmse": 2.991573150486727e-08,
  "plus_newton_r2": 0.9999999999999991,
  "plus_newton_valid_ratio": 1.0,
  "plus_newton_residual_mean": 4.4537654328723916e-14,
  "plus_newton_residual_median": 1.6653345369377348e-16,
  "plus_newton_residual_p90": 1.0556226032187875e-13,
  "plus_newton_newton_iter_mean": 2.7535,
  "plus_newton_newton_iter_median": 3.0,
  "plus_newton_newton_iter_p90": 3.0,
  "plus_newton_converged_ratio": 1.0,
  "hp_use_log_ab": false,
  "hp_optimizer": "adamw",
  "hp_criterion": "mse",
  "hp_dropout": 0.1,
  "hp_lr": 0.001,
  "hp_weight_decay": 1e-05,
  "hp_hidden_dims": "[256, 256, 128]",
  "hp_hidden_size": 128,
  "hp_num_layers": 2,
  "hp_head_hidden": 64,
  "hp_head_layers": 1,
  "hp_d_model": 32,
  "hp_nhead": 2,
  "hp_ff_dim": 64,
  "hp_use_cls_token": true
}