{
  "trial_id": 45,
  "trial_name": "trial_045_mlp",
  "model": "mlp",
  "best_epoch": 24,
  "elapsed_sec": 134.55916118621826,
  "direct_mae": 0.007639707997441292,
  "direct_rmse": 0.010072896257042885,
  "direct_r2": 0.9998943812242942,
  "direct_valid_ratio": 1.0,
  "direct_residual_mean": 0.009351294487714767,
  "direct_residual_median": 0.007076263427734375,
  "direct_residual_p90": 0.018401906639337547,
  "plus_newton_mae": 2.3433619327063443e-08,
  "plus_newton_rmse": 2.9915731490549164e-08,
  "plus_newton_r2": 0.9999999999999991,
  "plus_newton_valid_ratio": 1.0,
  "plus_newton_residual_mean": 4.1753233337744477e-14,
  "plus_newton_residual_median": 1.1102230246251565e-16,
  "plus_newton_residual_p90": 8.810174811912932e-14,
  "plus_newton_newton_iter_mean": 2.1242,
  "plus_newton_newton_iter_median": 2.0,
  "plus_newton_newton_iter_p90": 3.0,
  "plus_newton_converged_ratio": 1.0,
  "hp_use_log_ab": false,
  "hp_optimizer": "adamw",
  "hp_criterion": "smoothl1",
  "hp_dropout": 0.1,
  "hp_lr": 0.0005,
  "hp_weight_decay": 1e-05,
  "hp_hidden_dims": "[256, 128, 64]",
  "hp_hidden_size": 128,
  "hp_num_layers": 2,
  "hp_head_hidden": 128,
  "hp_head_layers": 2,
  "hp_d_model": 64,
  "hp_nhead": 4,
  "hp_ff_dim": 128,
  "hp_use_cls_token": false
}{
  "trial_id": 45,
  "trial_name": "trial_045_mlp",
  "model": "mlp",
  "best_epoch": 24,
  "elapsed_sec": 134.55916118621826,
  "direct_mae": 0.007639707997441292,
  "direct_rmse": 0.010072896257042885,
  "direct_r2": 0.9998943812242942,
  "direct_valid_ratio": 1.0,
  "direct_residual_mean": 0.009351294487714767,
  "direct_residual_median": 0.007076263427734375,
  "direct_residual_p90": 0.018401906639337547,
  "plus_newton_mae": 2.3433619327063443e-08,
  "plus_newton_rmse": 2.9915731490549164e-08,
  "plus_newton_r2": 0.9999999999999991,
  "plus_newton_valid_ratio": 1.0,
  "plus_newton_residual_mean": 4.1753233337744477e-14,
  "plus_newton_residual_median": 1.1102230246251565e-16,
  "plus_newton_residual_p90": 8.810174811912932e-14,
  "plus_newton_newton_iter_mean": 2.1242,
  "plus_newton_newton_iter_median": 2.0,
  "plus_newton_newton_iter_p90": 3.0,
  "plus_newton_converged_ratio": 1.0,
  "hp_use_log_ab": false,
  "hp_optimizer": "adamw",
  "hp_criterion": "smoothl1",
  "hp_dropout": 0.1,
  "hp_lr": 0.0005,
  "hp_weight_decay": 1e-05,
  "hp_hidden_dims": "[256, 128, 64]",
  "hp_hidden_size": 128,
  "hp_num_layers": 2,
  "hp_head_hidden": 128,
  "hp_head_layers": 2,
  "hp_d_model": 64,
  "hp_nhead": 4,
  "hp_ff_dim": 128,
  "hp_use_cls_token": false
}