{
  "trial_id": 770,
  "trial_name": "trial_770_transformer",
  "model": "transformer",
  "best_epoch": 86,
  "elapsed_sec": 166.2472128868103,
  "direct_mae": 0.340474933385849,
  "direct_rmse": 0.4169059991836548,
  "direct_r2": 0.8190708160400391,
  "direct_valid_ratio": 1.0,
  "direct_residual_mean": 0.3838413953781128,
  "direct_residual_median": 0.36056870222091675,
  "direct_residual_p90": 0.72578102350235,
  "plus_newton_mae": 2.3433618657851117e-08,
  "plus_newton_rmse": 2.991573054762968e-08,
  "plus_newton_r2": 0.9999999999999991,
  "plus_newton_valid_ratio": 1.0,
  "plus_newton_residual_mean": 4.4602893528840547e-14,
  "plus_newton_residual_median": 2.220446049250313e-16,
  "plus_newton_residual_p90": 1.0439427100550359e-13,
  "plus_newton_newton_iter_mean": 2.7561,
  "plus_newton_newton_iter_median": 3.0,
  "plus_newton_newton_iter_p90": 3.0,
  "plus_newton_converged_ratio": 1.0,
  "hp_use_log_ab": false,
  "hp_optimizer": "adamw",
  "hp_criterion": "mse",
  "hp_dropout": 0.1,
  "hp_lr": 0.0005,
  "hp_weight_decay": 1e-05,
  "hp_hidden_dims": "[256, 256, 128]",
  "hp_hidden_size": 128,
  "hp_num_layers": 1,
  "hp_head_hidden": 64,
  "hp_head_layers": 1,
  "hp_d_model": 32,
  "hp_nhead": 2,
  "hp_ff_dim": 64,
  "hp_use_cls_token": true
}{
  "trial_id": 770,
  "trial_name": "trial_770_transformer",
  "model": "transformer",
  "best_epoch": 86,
  "elapsed_sec": 166.2472128868103,
  "direct_mae": 0.340474933385849,
  "direct_rmse": 0.4169059991836548,
  "direct_r2": 0.8190708160400391,
  "direct_valid_ratio": 1.0,
  "direct_residual_mean": 0.3838413953781128,
  "direct_residual_median": 0.36056870222091675,
  "direct_residual_p90": 0.72578102350235,
  "plus_newton_mae": 2.3433618657851117e-08,
  "plus_newton_rmse": 2.991573054762968e-08,
  "plus_newton_r2": 0.9999999999999991,
  "plus_newton_valid_ratio": 1.0,
  "plus_newton_residual_mean": 4.4602893528840547e-14,
  "plus_newton_residual_median": 2.220446049250313e-16,
  "plus_newton_residual_p90": 1.0439427100550359e-13,
  "plus_newton_newton_iter_mean": 2.7561,
  "plus_newton_newton_iter_median": 3.0,
  "plus_newton_newton_iter_p90": 3.0,
  "plus_newton_converged_ratio": 1.0,
  "hp_use_log_ab": false,
  "hp_optimizer": "adamw",
  "hp_criterion": "mse",
  "hp_dropout": 0.1,
  "hp_lr": 0.0005,
  "hp_weight_decay": 1e-05,
  "hp_hidden_dims": "[256, 256, 128]",
  "hp_hidden_size": 128,
  "hp_num_layers": 1,
  "hp_head_hidden": 64,
  "hp_head_layers": 1,
  "hp_d_model": 32,
  "hp_nhead": 2,
  "hp_ff_dim": 64,
  "hp_use_cls_token": true
}