{
  "trial_id": 47,
  "trial_name": "trial_047_gru",
  "model": "gru",
  "best_epoch": 80,
  "elapsed_sec": 284.2208926677704,
  "direct_mae": 0.3390125632286072,
  "direct_rmse": 0.4162830114364624,
  "direct_r2": 0.8196111172437668,
  "direct_valid_ratio": 1.0,
  "direct_residual_mean": 0.3814220726490021,
  "direct_residual_median": 0.35406965017318726,
  "direct_residual_p90": 0.7230659484863281,
  "plus_newton_mae": 2.343361849261595e-08,
  "plus_newton_rmse": 2.991573083059453e-08,
  "plus_newton_r2": 0.9999999999999991,
  "plus_newton_valid_ratio": 1.0,
  "plus_newton_residual_mean": 4.5461424280553053e-14,
  "plus_newton_residual_median": 1.6653345369377348e-16,
  "plus_newton_residual_p90": 1.1118883591620943e-13,
  "plus_newton_newton_iter_mean": 2.7541,
  "plus_newton_newton_iter_median": 3.0,
  "plus_newton_newton_iter_p90": 3.0,
  "plus_newton_converged_ratio": 1.0,
  "hp_use_log_ab": false,
  "hp_optimizer": "adamw",
  "hp_criterion": "mse",
  "hp_dropout": 0.0,
  "hp_lr": 0.0005,
  "hp_weight_decay": 1e-05,
  "hp_hidden_dims": "[256, 256, 128]",
  "hp_hidden_size": 128,
  "hp_num_layers": 2,
  "hp_head_hidden": 128,
  "hp_head_layers": 1,
  "hp_d_model": 64,
  "hp_nhead": 4,
  "hp_ff_dim": 128,
  "hp_use_cls_token": false
}{
  "trial_id": 47,
  "trial_name": "trial_047_gru",
  "model": "gru",
  "best_epoch": 80,
  "elapsed_sec": 284.2208926677704,
  "direct_mae": 0.3390125632286072,
  "direct_rmse": 0.4162830114364624,
  "direct_r2": 0.8196111172437668,
  "direct_valid_ratio": 1.0,
  "direct_residual_mean": 0.3814220726490021,
  "direct_residual_median": 0.35406965017318726,
  "direct_residual_p90": 0.7230659484863281,
  "plus_newton_mae": 2.343361849261595e-08,
  "plus_newton_rmse": 2.991573083059453e-08,
  "plus_newton_r2": 0.9999999999999991,
  "plus_newton_valid_ratio": 1.0,
  "plus_newton_residual_mean": 4.5461424280553053e-14,
  "plus_newton_residual_median": 1.6653345369377348e-16,
  "plus_newton_residual_p90": 1.1118883591620943e-13,
  "plus_newton_newton_iter_mean": 2.7541,
  "plus_newton_newton_iter_median": 3.0,
  "plus_newton_newton_iter_p90": 3.0,
  "plus_newton_converged_ratio": 1.0,
  "hp_use_log_ab": false,
  "hp_optimizer": "adamw",
  "hp_criterion": "mse",
  "hp_dropout": 0.0,
  "hp_lr": 0.0005,
  "hp_weight_decay": 1e-05,
  "hp_hidden_dims": "[256, 256, 128]",
  "hp_hidden_size": 128,
  "hp_num_layers": 2,
  "hp_head_hidden": 128,
  "hp_head_layers": 1,
  "hp_d_model": 64,
  "hp_nhead": 4,
  "hp_ff_dim": 128,
  "hp_use_cls_token": false
}