{
  "trial_id": 1281,
  "trial_name": "trial_1281_transformer",
  "model": "transformer",
  "best_epoch": 20,
  "elapsed_sec": 53.83612251281738,
  "direct_mae": 0.3387840688228607,
  "direct_rmse": 0.4181917607784271,
  "direct_r2": 0.8179530799388885,
  "direct_valid_ratio": 1.0,
  "direct_residual_mean": 0.38228726387023926,
  "direct_residual_median": 0.35266923904418945,
  "direct_residual_p90": 0.7579380631446838,
  "plus_newton_mae": 2.3433618769872124e-08,
  "plus_newton_rmse": 2.991573041445144e-08,
  "plus_newton_r2": 0.9999999999999991,
  "plus_newton_valid_ratio": 1.0,
  "plus_newton_residual_mean": 4.177564836918771e-14,
  "plus_newton_residual_median": 1.491862189340054e-16,
  "plus_newton_residual_p90": 9.439116155363089e-14,
  "plus_newton_newton_iter_mean": 2.7571,
  "plus_newton_newton_iter_median": 3.0,
  "plus_newton_newton_iter_p90": 3.0,
  "plus_newton_converged_ratio": 1.0,
  "hp_use_log_ab": false,
  "hp_optimizer": "adamw",
  "hp_criterion": "smoothl1",
  "hp_dropout": 0.0,
  "hp_lr": 0.0005,
  "hp_weight_decay": 1e-05,
  "hp_hidden_dims": "[256, 256, 128]",
  "hp_hidden_size": 128,
  "hp_num_layers": 1,
  "hp_head_hidden": 64,
  "hp_head_layers": 1,
  "hp_d_model": 32,
  "hp_nhead": 2,
  "hp_ff_dim": 64,
  "hp_use_cls_token": false
}{
  "trial_id": 1281,
  "trial_name": "trial_1281_transformer",
  "model": "transformer",
  "best_epoch": 20,
  "elapsed_sec": 53.83612251281738,
  "direct_mae": 0.3387840688228607,
  "direct_rmse": 0.4181917607784271,
  "direct_r2": 0.8179530799388885,
  "direct_valid_ratio": 1.0,
  "direct_residual_mean": 0.38228726387023926,
  "direct_residual_median": 0.35266923904418945,
  "direct_residual_p90": 0.7579380631446838,
  "plus_newton_mae": 2.3433618769872124e-08,
  "plus_newton_rmse": 2.991573041445144e-08,
  "plus_newton_r2": 0.9999999999999991,
  "plus_newton_valid_ratio": 1.0,
  "plus_newton_residual_mean": 4.177564836918771e-14,
  "plus_newton_residual_median": 1.491862189340054e-16,
  "plus_newton_residual_p90": 9.439116155363089e-14,
  "plus_newton_newton_iter_mean": 2.7571,
  "plus_newton_newton_iter_median": 3.0,
  "plus_newton_newton_iter_p90": 3.0,
  "plus_newton_converged_ratio": 1.0,
  "hp_use_log_ab": false,
  "hp_optimizer": "adamw",
  "hp_criterion": "smoothl1",
  "hp_dropout": 0.0,
  "hp_lr": 0.0005,
  "hp_weight_decay": 1e-05,
  "hp_hidden_dims": "[256, 256, 128]",
  "hp_hidden_size": 128,
  "hp_num_layers": 1,
  "hp_head_hidden": 64,
  "hp_head_layers": 1,
  "hp_d_model": 32,
  "hp_nhead": 2,
  "hp_ff_dim": 64,
  "hp_use_cls_token": false
}