{
  "trial_id": 218,
  "trial_name": "trial_218_gru",
  "model": "gru",
  "best_epoch": 51,
  "elapsed_sec": 180.83664083480835,
  "direct_mae": 0.0099294139072299,
  "direct_rmse": 0.014750871807336807,
  "direct_r2": 0.9997735002398258,
  "direct_valid_ratio": 1.0,
  "direct_residual_mean": 0.011540841311216354,
  "direct_residual_median": 0.007725536823272705,
  "direct_residual_p90": 0.028367578983306885,
  "plus_newton_mae": 2.343361791556942e-08,
  "plus_newton_rmse": 2.9915729285966506e-08,
  "plus_newton_r2": 0.9999999999999991,
  "plus_newton_valid_ratio": 1.0,
  "plus_newton_residual_mean": 4.3191709516719915e-14,
  "plus_newton_residual_median": 1.1102230246251565e-16,
  "plus_newton_residual_p90": 1.0339507028334095e-13,
  "plus_newton_newton_iter_mean": 2.153,
  "plus_newton_newton_iter_median": 2.0,
  "plus_newton_newton_iter_p90": 3.0,
  "plus_newton_converged_ratio": 1.0,
  "hp_use_log_ab": false,
  "hp_optimizer": "adamw",
  "hp_criterion": "smoothl1",
  "hp_dropout": 0.1,
  "hp_lr": 0.001,
  "hp_weight_decay": 0.0001,
  "hp_hidden_dims": "[256, 256, 128]",
  "hp_hidden_size": 128,
  "hp_num_layers": 1,
  "hp_head_hidden": 64,
  "hp_head_layers": 2,
  "hp_d_model": 64,
  "hp_nhead": 4,
  "hp_ff_dim": 128,
  "hp_use_cls_token": false
}{
  "trial_id": 218,
  "trial_name": "trial_218_gru",
  "model": "gru",
  "best_epoch": 51,
  "elapsed_sec": 180.83664083480835,
  "direct_mae": 0.0099294139072299,
  "direct_rmse": 0.014750871807336807,
  "direct_r2": 0.9997735002398258,
  "direct_valid_ratio": 1.0,
  "direct_residual_mean": 0.011540841311216354,
  "direct_residual_median": 0.007725536823272705,
  "direct_residual_p90": 0.028367578983306885,
  "plus_newton_mae": 2.343361791556942e-08,
  "plus_newton_rmse": 2.9915729285966506e-08,
  "plus_newton_r2": 0.9999999999999991,
  "plus_newton_valid_ratio": 1.0,
  "plus_newton_residual_mean": 4.3191709516719915e-14,
  "plus_newton_residual_median": 1.1102230246251565e-16,
  "plus_newton_residual_p90": 1.0339507028334095e-13,
  "plus_newton_newton_iter_mean": 2.153,
  "plus_newton_newton_iter_median": 2.0,
  "plus_newton_newton_iter_p90": 3.0,
  "plus_newton_converged_ratio": 1.0,
  "hp_use_log_ab": false,
  "hp_optimizer": "adamw",
  "hp_criterion": "smoothl1",
  "hp_dropout": 0.1,
  "hp_lr": 0.001,
  "hp_weight_decay": 0.0001,
  "hp_hidden_dims": "[256, 256, 128]",
  "hp_hidden_size": 128,
  "hp_num_layers": 1,
  "hp_head_hidden": 64,
  "hp_head_layers": 2,
  "hp_d_model": 64,
  "hp_nhead": 4,
  "hp_ff_dim": 128,
  "hp_use_cls_token": false
}