{
  "trial_id": 1363,
  "trial_name": "trial_1363_transformer",
  "model": "transformer",
  "best_epoch": 86,
  "elapsed_sec": 182.43194341659546,
  "direct_mae": 0.0031654457561671734,
  "direct_rmse": 0.004016504157334566,
  "direct_r2": 0.9999832069788681,
  "direct_valid_ratio": 1.0,
  "direct_residual_mean": 0.0038756548892706633,
  "direct_residual_median": 0.0031455494463443756,
  "direct_residual_p90": 0.008080005645751953,
  "plus_newton_mae": 2.3433617976874668e-08,
  "plus_newton_rmse": 2.991573028724669e-08,
  "plus_newton_r2": 0.9999999999999991,
  "plus_newton_valid_ratio": 1.0,
  "plus_newton_residual_mean": 2.6596655619086352e-14,
  "plus_newton_residual_median": 1.1102230246251565e-16,
  "plus_newton_residual_p90": 3.431699369116363e-14,
  "plus_newton_newton_iter_mean": 2.0613,
  "plus_newton_newton_iter_median": 2.0,
  "plus_newton_newton_iter_p90": 2.0,
  "plus_newton_converged_ratio": 1.0,
  "hp_use_log_ab": false,
  "hp_optimizer": "adamw",
  "hp_criterion": "smoothl1",
  "hp_dropout": 0.0,
  "hp_lr": 0.0005,
  "hp_weight_decay": 1e-05,
  "hp_hidden_dims": "[256, 256, 128]",
  "hp_hidden_size": 128,
  "hp_num_layers": 2,
  "hp_head_hidden": 64,
  "hp_head_layers": 2,
  "hp_d_model": 32,
  "hp_nhead": 2,
  "hp_ff_dim": 128,
  "hp_use_cls_token": false
}{
  "trial_id": 1363,
  "trial_name": "trial_1363_transformer",
  "model": "transformer",
  "best_epoch": 86,
  "elapsed_sec": 182.43194341659546,
  "direct_mae": 0.0031654457561671734,
  "direct_rmse": 0.004016504157334566,
  "direct_r2": 0.9999832069788681,
  "direct_valid_ratio": 1.0,
  "direct_residual_mean": 0.0038756548892706633,
  "direct_residual_median": 0.0031455494463443756,
  "direct_residual_p90": 0.008080005645751953,
  "plus_newton_mae": 2.3433617976874668e-08,
  "plus_newton_rmse": 2.991573028724669e-08,
  "plus_newton_r2": 0.9999999999999991,
  "plus_newton_valid_ratio": 1.0,
  "plus_newton_residual_mean": 2.6596655619086352e-14,
  "plus_newton_residual_median": 1.1102230246251565e-16,
  "plus_newton_residual_p90": 3.431699369116363e-14,
  "plus_newton_newton_iter_mean": 2.0613,
  "plus_newton_newton_iter_median": 2.0,
  "plus_newton_newton_iter_p90": 2.0,
  "plus_newton_converged_ratio": 1.0,
  "hp_use_log_ab": false,
  "hp_optimizer": "adamw",
  "hp_criterion": "smoothl1",
  "hp_dropout": 0.0,
  "hp_lr": 0.0005,
  "hp_weight_decay": 1e-05,
  "hp_hidden_dims": "[256, 256, 128]",
  "hp_hidden_size": 128,
  "hp_num_layers": 2,
  "hp_head_hidden": 64,
  "hp_head_layers": 2,
  "hp_d_model": 32,
  "hp_nhead": 2,
  "hp_ff_dim": 128,
  "hp_use_cls_token": false
}