{
  "trial_id": 1428,
  "trial_name": "trial_1428_transformer",
  "model": "transformer",
  "best_epoch": 63,
  "elapsed_sec": 117.99268698692322,
  "direct_mae": 0.002976411720737815,
  "direct_rmse": 0.004083655308932066,
  "direct_r2": 0.9999826407656656,
  "direct_valid_ratio": 1.0,
  "direct_residual_mean": 0.0036173260305076838,
  "direct_residual_median": 0.00266912579536438,
  "direct_residual_p90": 0.007834124565124513,
  "plus_newton_mae": 2.3433617360276815e-08,
  "plus_newton_rmse": 2.991572874429917e-08,
  "plus_newton_r2": 0.9999999999999991,
  "plus_newton_valid_ratio": 1.0,
  "plus_newton_residual_mean": 2.8272448413717376e-14,
  "plus_newton_residual_median": 1.1102230246251565e-16,
  "plus_newton_residual_p90": 2.6348367931916558e-14,
  "plus_newton_newton_iter_mean": 2.055,
  "plus_newton_newton_iter_median": 2.0,
  "plus_newton_newton_iter_p90": 2.0,
  "plus_newton_converged_ratio": 1.0,
  "hp_use_log_ab": false,
  "hp_optimizer": "adamw",
  "hp_criterion": "smoothl1",
  "hp_dropout": 0.0,
  "hp_lr": 0.0005,
  "hp_weight_decay": 0.0001,
  "hp_hidden_dims": "[256, 256, 128]",
  "hp_hidden_size": 128,
  "hp_num_layers": 1,
  "hp_head_hidden": 64,
  "hp_head_layers": 2,
  "hp_d_model": 32,
  "hp_nhead": 2,
  "hp_ff_dim": 128,
  "hp_use_cls_token": true
}{
  "trial_id": 1428,
  "trial_name": "trial_1428_transformer",
  "model": "transformer",
  "best_epoch": 63,
  "elapsed_sec": 117.99268698692322,
  "direct_mae": 0.002976411720737815,
  "direct_rmse": 0.004083655308932066,
  "direct_r2": 0.9999826407656656,
  "direct_valid_ratio": 1.0,
  "direct_residual_mean": 0.0036173260305076838,
  "direct_residual_median": 0.00266912579536438,
  "direct_residual_p90": 0.007834124565124513,
  "plus_newton_mae": 2.3433617360276815e-08,
  "plus_newton_rmse": 2.991572874429917e-08,
  "plus_newton_r2": 0.9999999999999991,
  "plus_newton_valid_ratio": 1.0,
  "plus_newton_residual_mean": 2.8272448413717376e-14,
  "plus_newton_residual_median": 1.1102230246251565e-16,
  "plus_newton_residual_p90": 2.6348367931916558e-14,
  "plus_newton_newton_iter_mean": 2.055,
  "plus_newton_newton_iter_median": 2.0,
  "plus_newton_newton_iter_p90": 2.0,
  "plus_newton_converged_ratio": 1.0,
  "hp_use_log_ab": false,
  "hp_optimizer": "adamw",
  "hp_criterion": "smoothl1",
  "hp_dropout": 0.0,
  "hp_lr": 0.0005,
  "hp_weight_decay": 0.0001,
  "hp_hidden_dims": "[256, 256, 128]",
  "hp_hidden_size": 128,
  "hp_num_layers": 1,
  "hp_head_hidden": 64,
  "hp_head_layers": 2,
  "hp_d_model": 32,
  "hp_nhead": 2,
  "hp_ff_dim": 128,
  "hp_use_cls_token": true
}