{
  "trial_id": 2569,
  "trial_name": "trial_2569_transformer",
  "model": "transformer",
  "best_epoch": 31,
  "elapsed_sec": 73.48272037506104,
  "direct_mae": 0.1038997545838356,
  "direct_rmse": 0.13422738015651703,
  "direct_r2": 0.9812451060861349,
  "direct_valid_ratio": 1.0,
  "direct_residual_mean": 0.13134218752384186,
  "direct_residual_median": 0.09860233217477798,
  "direct_residual_p90": 0.25705397129058843,
  "plus_newton_mae": 2.3433620180050873e-08,
  "plus_newton_rmse": 2.991573069512074e-08,
  "plus_newton_r2": 0.9999999999999991,
  "plus_newton_valid_ratio": 1.0,
  "plus_newton_residual_mean": 3.705090579833123e-14,
  "plus_newton_residual_median": 1.1102230246251565e-16,
  "plus_newton_residual_p90": 4.815869925067779e-14,
  "plus_newton_newton_iter_mean": 2.5951,
  "plus_newton_newton_iter_median": 3.0,
  "plus_newton_newton_iter_p90": 3.0,
  "plus_newton_converged_ratio": 1.0,
  "hp_use_log_ab": true,
  "hp_optimizer": "adamw",
  "hp_criterion": "mse",
  "hp_dropout": 0.1,
  "hp_lr": 0.001,
  "hp_weight_decay": 1e-05,
  "hp_hidden_dims": "[256, 256, 128]",
  "hp_hidden_size": 128,
  "hp_num_layers": 1,
  "hp_head_hidden": 64,
  "hp_head_layers": 1,
  "hp_d_model": 64,
  "hp_nhead": 2,
  "hp_ff_dim": 64,
  "hp_use_cls_token": false
}{
  "trial_id": 2569,
  "trial_name": "trial_2569_transformer",
  "model": "transformer",
  "best_epoch": 31,
  "elapsed_sec": 73.48272037506104,
  "direct_mae": 0.1038997545838356,
  "direct_rmse": 0.13422738015651703,
  "direct_r2": 0.9812451060861349,
  "direct_valid_ratio": 1.0,
  "direct_residual_mean": 0.13134218752384186,
  "direct_residual_median": 0.09860233217477798,
  "direct_residual_p90": 0.25705397129058843,
  "plus_newton_mae": 2.3433620180050873e-08,
  "plus_newton_rmse": 2.991573069512074e-08,
  "plus_newton_r2": 0.9999999999999991,
  "plus_newton_valid_ratio": 1.0,
  "plus_newton_residual_mean": 3.705090579833123e-14,
  "plus_newton_residual_median": 1.1102230246251565e-16,
  "plus_newton_residual_p90": 4.815869925067779e-14,
  "plus_newton_newton_iter_mean": 2.5951,
  "plus_newton_newton_iter_median": 3.0,
  "plus_newton_newton_iter_p90": 3.0,
  "plus_newton_converged_ratio": 1.0,
  "hp_use_log_ab": true,
  "hp_optimizer": "adamw",
  "hp_criterion": "mse",
  "hp_dropout": 0.1,
  "hp_lr": 0.001,
  "hp_weight_decay": 1e-05,
  "hp_hidden_dims": "[256, 256, 128]",
  "hp_hidden_size": 128,
  "hp_num_layers": 1,
  "hp_head_hidden": 64,
  "hp_head_layers": 1,
  "hp_d_model": 64,
  "hp_nhead": 2,
  "hp_ff_dim": 64,
  "hp_use_cls_token": false
}