{
  "trial_id": 209,
  "trial_name": "trial_209_transformer",
  "model": "transformer",
  "best_epoch": 120,
  "elapsed_sec": 450.66749596595764,
  "direct_mae": 0.002351603703573346,
  "direct_rmse": 0.00310786091722548,
  "direct_r2": 0.9999899456142884,
  "direct_valid_ratio": 1.0,
  "direct_residual_mean": 0.0028800738509744406,
  "direct_residual_median": 0.002153724431991577,
  "direct_residual_p90": 0.006280475854873658,
  "plus_newton_mae": 2.3433618475909082e-08,
  "plus_newton_rmse": 2.991573101706122e-08,
  "plus_newton_r2": 0.9999999999999991,
  "plus_newton_valid_ratio": 1.0,
  "plus_newton_residual_mean": 2.690734925849835e-14,
  "plus_newton_residual_median": 1.1102230246251565e-16,
  "plus_newton_residual_p90": 3.4876615484513763e-14,
  "plus_newton_newton_iter_mean": 2.0299,
  "plus_newton_newton_iter_median": 2.0,
  "plus_newton_newton_iter_p90": 2.0,
  "plus_newton_converged_ratio": 1.0,
  "hp_use_log_ab": false,
  "hp_optimizer": "adamw",
  "hp_criterion": "mse",
  "hp_dropout": 0.0,
  "hp_lr": 0.001,
  "hp_weight_decay": 0.0001,
  "hp_hidden_dims": "[256, 256, 128]",
  "hp_hidden_size": 128,
  "hp_num_layers": 2,
  "hp_head_hidden": 64,
  "hp_head_layers": 2,
  "hp_d_model": 32,
  "hp_nhead": 2,
  "hp_ff_dim": 64,
  "hp_use_cls_token": false
}{
  "trial_id": 209,
  "trial_name": "trial_209_transformer",
  "model": "transformer",
  "best_epoch": 120,
  "elapsed_sec": 450.66749596595764,
  "direct_mae": 0.002351603703573346,
  "direct_rmse": 0.00310786091722548,
  "direct_r2": 0.9999899456142884,
  "direct_valid_ratio": 1.0,
  "direct_residual_mean": 0.0028800738509744406,
  "direct_residual_median": 0.002153724431991577,
  "direct_residual_p90": 0.006280475854873658,
  "plus_newton_mae": 2.3433618475909082e-08,
  "plus_newton_rmse": 2.991573101706122e-08,
  "plus_newton_r2": 0.9999999999999991,
  "plus_newton_valid_ratio": 1.0,
  "plus_newton_residual_mean": 2.690734925849835e-14,
  "plus_newton_residual_median": 1.1102230246251565e-16,
  "plus_newton_residual_p90": 3.4876615484513763e-14,
  "plus_newton_newton_iter_mean": 2.0299,
  "plus_newton_newton_iter_median": 2.0,
  "plus_newton_newton_iter_p90": 2.0,
  "plus_newton_converged_ratio": 1.0,
  "hp_use_log_ab": false,
  "hp_optimizer": "adamw",
  "hp_criterion": "mse",
  "hp_dropout": 0.0,
  "hp_lr": 0.001,
  "hp_weight_decay": 0.0001,
  "hp_hidden_dims": "[256, 256, 128]",
  "hp_hidden_size": 128,
  "hp_num_layers": 2,
  "hp_head_hidden": 64,
  "hp_head_layers": 2,
  "hp_d_model": 32,
  "hp_nhead": 2,
  "hp_ff_dim": 64,
  "hp_use_cls_token": false
}