{
  "trial_id": 899,
  "trial_name": "trial_899_transformer",
  "model": "transformer",
  "best_epoch": 85,
  "elapsed_sec": 156.58345198631287,
  "direct_mae": 0.34047991037368774,
  "direct_rmse": 0.4169173240661621,
  "direct_r2": 0.8190609812736511,
  "direct_valid_ratio": 1.0,
  "direct_residual_mean": 0.38413023948669434,
  "direct_residual_median": 0.3601078987121582,
  "direct_residual_p90": 0.7266777575016024,
  "plus_newton_mae": 2.3433617954902332e-08,
  "plus_newton_rmse": 2.99157299774983e-08,
  "plus_newton_r2": 0.9999999999999991,
  "plus_newton_valid_ratio": 1.0,
  "plus_newton_residual_mean": 4.43559401101615e-14,
  "plus_newton_residual_median": 1.6653345369377348e-16,
  "plus_newton_residual_p90": 1.0393907956540724e-13,
  "plus_newton_newton_iter_mean": 2.7596,
  "plus_newton_newton_iter_median": 3.0,
  "plus_newton_newton_iter_p90": 3.0,
  "plus_newton_converged_ratio": 1.0,
  "hp_use_log_ab": false,
  "hp_optimizer": "adamw",
  "hp_criterion": "mse",
  "hp_dropout": 0.1,
  "hp_lr": 0.0005,
  "hp_weight_decay": 0.0001,
  "hp_hidden_dims": "[256, 256, 128]",
  "hp_hidden_size": 128,
  "hp_num_layers": 1,
  "hp_head_hidden": 64,
  "hp_head_layers": 1,
  "hp_d_model": 32,
  "hp_nhead": 2,
  "hp_ff_dim": 128,
  "hp_use_cls_token": false
}{
  "trial_id": 899,
  "trial_name": "trial_899_transformer",
  "model": "transformer",
  "best_epoch": 85,
  "elapsed_sec": 156.58345198631287,
  "direct_mae": 0.34047991037368774,
  "direct_rmse": 0.4169173240661621,
  "direct_r2": 0.8190609812736511,
  "direct_valid_ratio": 1.0,
  "direct_residual_mean": 0.38413023948669434,
  "direct_residual_median": 0.3601078987121582,
  "direct_residual_p90": 0.7266777575016024,
  "plus_newton_mae": 2.3433617954902332e-08,
  "plus_newton_rmse": 2.99157299774983e-08,
  "plus_newton_r2": 0.9999999999999991,
  "plus_newton_valid_ratio": 1.0,
  "plus_newton_residual_mean": 4.43559401101615e-14,
  "plus_newton_residual_median": 1.6653345369377348e-16,
  "plus_newton_residual_p90": 1.0393907956540724e-13,
  "plus_newton_newton_iter_mean": 2.7596,
  "plus_newton_newton_iter_median": 3.0,
  "plus_newton_newton_iter_p90": 3.0,
  "plus_newton_converged_ratio": 1.0,
  "hp_use_log_ab": false,
  "hp_optimizer": "adamw",
  "hp_criterion": "mse",
  "hp_dropout": 0.1,
  "hp_lr": 0.0005,
  "hp_weight_decay": 0.0001,
  "hp_hidden_dims": "[256, 256, 128]",
  "hp_hidden_size": 128,
  "hp_num_layers": 1,
  "hp_head_hidden": 64,
  "hp_head_layers": 1,
  "hp_d_model": 32,
  "hp_nhead": 2,
  "hp_ff_dim": 128,
  "hp_use_cls_token": false
}