{
  "trial_id": 385,
  "trial_name": "trial_385_transformer",
  "model": "transformer",
  "best_epoch": 54,
  "elapsed_sec": 191.0298306941986,
  "direct_mae": 0.3403339087963104,
  "direct_rmse": 0.416869580745697,
  "direct_r2": 0.81910240650177,
  "direct_valid_ratio": 1.0,
  "direct_residual_mean": 0.38334158062934875,
  "direct_residual_median": 0.35972851514816284,
  "direct_residual_p90": 0.7219821155071265,
  "plus_newton_mae": 2.3433619107252342e-08,
  "plus_newton_rmse": 2.99157310761575e-08,
  "plus_newton_r2": 0.9999999999999991,
  "plus_newton_valid_ratio": 1.0,
  "plus_newton_residual_mean": 4.420546961597652e-14,
  "plus_newton_residual_median": 1.249000902703301e-16,
  "plus_newton_residual_p90": 1.0561551633259126e-13,
  "plus_newton_newton_iter_mean": 2.7569,
  "plus_newton_newton_iter_median": 3.0,
  "plus_newton_newton_iter_p90": 3.0,
  "plus_newton_converged_ratio": 1.0,
  "hp_use_log_ab": false,
  "hp_optimizer": "adamw",
  "hp_criterion": "mse",
  "hp_dropout": 0.0,
  "hp_lr": 0.0005,
  "hp_weight_decay": 0.0001,
  "hp_hidden_dims": "[256, 256, 128]",
  "hp_hidden_size": 128,
  "hp_num_layers": 1,
  "hp_head_hidden": 64,
  "hp_head_layers": 1,
  "hp_d_model": 32,
  "hp_nhead": 2,
  "hp_ff_dim": 64,
  "hp_use_cls_token": false
}{
  "trial_id": 385,
  "trial_name": "trial_385_transformer",
  "model": "transformer",
  "best_epoch": 54,
  "elapsed_sec": 191.0298306941986,
  "direct_mae": 0.3403339087963104,
  "direct_rmse": 0.416869580745697,
  "direct_r2": 0.81910240650177,
  "direct_valid_ratio": 1.0,
  "direct_residual_mean": 0.38334158062934875,
  "direct_residual_median": 0.35972851514816284,
  "direct_residual_p90": 0.7219821155071265,
  "plus_newton_mae": 2.3433619107252342e-08,
  "plus_newton_rmse": 2.99157310761575e-08,
  "plus_newton_r2": 0.9999999999999991,
  "plus_newton_valid_ratio": 1.0,
  "plus_newton_residual_mean": 4.420546961597652e-14,
  "plus_newton_residual_median": 1.249000902703301e-16,
  "plus_newton_residual_p90": 1.0561551633259126e-13,
  "plus_newton_newton_iter_mean": 2.7569,
  "plus_newton_newton_iter_median": 3.0,
  "plus_newton_newton_iter_p90": 3.0,
  "plus_newton_converged_ratio": 1.0,
  "hp_use_log_ab": false,
  "hp_optimizer": "adamw",
  "hp_criterion": "mse",
  "hp_dropout": 0.0,
  "hp_lr": 0.0005,
  "hp_weight_decay": 0.0001,
  "hp_hidden_dims": "[256, 256, 128]",
  "hp_hidden_size": 128,
  "hp_num_layers": 1,
  "hp_head_hidden": 64,
  "hp_head_layers": 1,
  "hp_d_model": 32,
  "hp_nhead": 2,
  "hp_ff_dim": 64,
  "hp_use_cls_token": false
}