{
  "trial_id": 61,
  "trial_name": "trial_061_transformer",
  "model": "transformer",
  "best_epoch": 50,
  "elapsed_sec": 218.0988998413086,
  "direct_mae": 0.0022279100958257914,
  "direct_rmse": 0.0034094483125954866,
  "direct_r2": 0.9999878995758991,
  "direct_valid_ratio": 1.0,
  "direct_residual_mean": 0.002780945971608162,
  "direct_residual_median": 0.0017959773540496826,
  "direct_residual_p90": 0.006040497124195099,
  "plus_newton_mae": 2.3433617441005544e-08,
  "plus_newton_rmse": 2.991573037605308e-08,
  "plus_newton_r2": 0.9999999999999991,
  "plus_newton_valid_ratio": 1.0,
  "plus_newton_residual_mean": 2.5797669109232252e-14,
  "plus_newton_residual_median": 1.1102230246251565e-16,
  "plus_newton_residual_p90": 2.214201044736799e-14,
  "plus_newton_newton_iter_mean": 2.0229,
  "plus_newton_newton_iter_median": 2.0,
  "plus_newton_newton_iter_p90": 2.0,
  "plus_newton_converged_ratio": 1.0,
  "hp_use_log_ab": false,
  "hp_optimizer": "adamw",
  "hp_criterion": "mse",
  "hp_dropout": 0.0,
  "hp_lr": 0.001,
  "hp_weight_decay": 1e-05,
  "hp_hidden_dims": "[256, 256, 128]",
  "hp_hidden_size": 128,
  "hp_num_layers": 1,
  "hp_head_hidden": 128,
  "hp_head_layers": 2,
  "hp_d_model": 64,
  "hp_nhead": 4,
  "hp_ff_dim": 64,
  "hp_use_cls_token": false
}{
  "trial_id": 61,
  "trial_name": "trial_061_transformer",
  "model": "transformer",
  "best_epoch": 50,
  "elapsed_sec": 218.0988998413086,
  "direct_mae": 0.0022279100958257914,
  "direct_rmse": 0.0034094483125954866,
  "direct_r2": 0.9999878995758991,
  "direct_valid_ratio": 1.0,
  "direct_residual_mean": 0.002780945971608162,
  "direct_residual_median": 0.0017959773540496826,
  "direct_residual_p90": 0.006040497124195099,
  "plus_newton_mae": 2.3433617441005544e-08,
  "plus_newton_rmse": 2.991573037605308e-08,
  "plus_newton_r2": 0.9999999999999991,
  "plus_newton_valid_ratio": 1.0,
  "plus_newton_residual_mean": 2.5797669109232252e-14,
  "plus_newton_residual_median": 1.1102230246251565e-16,
  "plus_newton_residual_p90": 2.214201044736799e-14,
  "plus_newton_newton_iter_mean": 2.0229,
  "plus_newton_newton_iter_median": 2.0,
  "plus_newton_newton_iter_p90": 2.0,
  "plus_newton_converged_ratio": 1.0,
  "hp_use_log_ab": false,
  "hp_optimizer": "adamw",
  "hp_criterion": "mse",
  "hp_dropout": 0.0,
  "hp_lr": 0.001,
  "hp_weight_decay": 1e-05,
  "hp_hidden_dims": "[256, 256, 128]",
  "hp_hidden_size": 128,
  "hp_num_layers": 1,
  "hp_head_hidden": 128,
  "hp_head_layers": 2,
  "hp_d_model": 64,
  "hp_nhead": 4,
  "hp_ff_dim": 64,
  "hp_use_cls_token": false
}