{
  "trial_id": 2204,
  "trial_name": "trial_2204_transformer",
  "model": "transformer",
  "best_epoch": 109,
  "elapsed_sec": 171.23703336715698,
  "direct_mae": 0.0025022614281624556,
  "direct_rmse": 0.0032404055818915367,
  "direct_r2": 0.9999890697235969,
  "direct_valid_ratio": 1.0,
  "direct_residual_mean": 0.0030876551754772663,
  "direct_residual_median": 0.00232657790184021,
  "direct_residual_p90": 0.006711360812187195,
  "plus_newton_mae": 2.343361856046356e-08,
  "plus_newton_rmse": 2.991573048121631e-08,
  "plus_newton_r2": 0.9999999999999991,
  "plus_newton_valid_ratio": 1.0,
  "plus_newton_residual_mean": 3.577119600674223e-14,
  "plus_newton_residual_median": 1.1102230246251565e-16,
  "plus_newton_residual_p90": 5.89639448378421e-14,
  "plus_newton_newton_iter_mean": 2.0283,
  "plus_newton_newton_iter_median": 2.0,
  "plus_newton_newton_iter_p90": 2.0,
  "plus_newton_converged_ratio": 1.0,
  "hp_use_log_ab": true,
  "hp_optimizer": "adamw",
  "hp_criterion": "mse",
  "hp_dropout": 0.0,
  "hp_lr": 0.001,
  "hp_weight_decay": 0.0001,
  "hp_hidden_dims": "[256, 256, 128]",
  "hp_hidden_size": 128,
  "hp_num_layers": 1,
  "hp_head_hidden": 64,
  "hp_head_layers": 2,
  "hp_d_model": 64,
  "hp_nhead": 2,
  "hp_ff_dim": 128,
  "hp_use_cls_token": true
}{
  "trial_id": 2204,
  "trial_name": "trial_2204_transformer",
  "model": "transformer",
  "best_epoch": 109,
  "elapsed_sec": 171.23703336715698,
  "direct_mae": 0.0025022614281624556,
  "direct_rmse": 0.0032404055818915367,
  "direct_r2": 0.9999890697235969,
  "direct_valid_ratio": 1.0,
  "direct_residual_mean": 0.0030876551754772663,
  "direct_residual_median": 0.00232657790184021,
  "direct_residual_p90": 0.006711360812187195,
  "plus_newton_mae": 2.343361856046356e-08,
  "plus_newton_rmse": 2.991573048121631e-08,
  "plus_newton_r2": 0.9999999999999991,
  "plus_newton_valid_ratio": 1.0,
  "plus_newton_residual_mean": 3.577119600674223e-14,
  "plus_newton_residual_median": 1.1102230246251565e-16,
  "plus_newton_residual_p90": 5.89639448378421e-14,
  "plus_newton_newton_iter_mean": 2.0283,
  "plus_newton_newton_iter_median": 2.0,
  "plus_newton_newton_iter_p90": 2.0,
  "plus_newton_converged_ratio": 1.0,
  "hp_use_log_ab": true,
  "hp_optimizer": "adamw",
  "hp_criterion": "mse",
  "hp_dropout": 0.0,
  "hp_lr": 0.001,
  "hp_weight_decay": 0.0001,
  "hp_hidden_dims": "[256, 256, 128]",
  "hp_hidden_size": 128,
  "hp_num_layers": 1,
  "hp_head_hidden": 64,
  "hp_head_layers": 2,
  "hp_d_model": 64,
  "hp_nhead": 2,
  "hp_ff_dim": 128,
  "hp_use_cls_token": true
}