{
  "trial_id": 681,
  "trial_name": "trial_681_transformer",
  "model": "transformer",
  "best_epoch": 38,
  "elapsed_sec": 89.86133098602295,
  "direct_mae": 0.3404913544654846,
  "direct_rmse": 0.4170307219028473,
  "direct_r2": 0.8189625293016434,
  "direct_valid_ratio": 1.0,
  "direct_residual_mean": 0.38429272174835205,
  "direct_residual_median": 0.35942521691322327,
  "direct_residual_p90": 0.7321173310279847,
  "plus_newton_mae": 2.3433617997355822e-08,
  "plus_newton_rmse": 2.991573023629978e-08,
  "plus_newton_r2": 0.9999999999999991,
  "plus_newton_valid_ratio": 1.0,
  "plus_newton_residual_mean": 4.488385205622569e-14,
  "plus_newton_residual_median": 1.6653345369377348e-16,
  "plus_newton_residual_p90": 1.0420553309131744e-13,
  "plus_newton_newton_iter_mean": 2.7597,
  "plus_newton_newton_iter_median": 3.0,
  "plus_newton_newton_iter_p90": 3.0,
  "plus_newton_converged_ratio": 1.0,
  "hp_use_log_ab": false,
  "hp_optimizer": "adamw",
  "hp_criterion": "mse",
  "hp_dropout": 0.1,
  "hp_lr": 0.001,
  "hp_weight_decay": 0.0001,
  "hp_hidden_dims": "[256, 256, 128]",
  "hp_hidden_size": 128,
  "hp_num_layers": 1,
  "hp_head_hidden": 128,
  "hp_head_layers": 1,
  "hp_d_model": 64,
  "hp_nhead": 2,
  "hp_ff_dim": 64,
  "hp_use_cls_token": false
}{
  "trial_id": 681,
  "trial_name": "trial_681_transformer",
  "model": "transformer",
  "best_epoch": 38,
  "elapsed_sec": 89.86133098602295,
  "direct_mae": 0.3404913544654846,
  "direct_rmse": 0.4170307219028473,
  "direct_r2": 0.8189625293016434,
  "direct_valid_ratio": 1.0,
  "direct_residual_mean": 0.38429272174835205,
  "direct_residual_median": 0.35942521691322327,
  "direct_residual_p90": 0.7321173310279847,
  "plus_newton_mae": 2.3433617997355822e-08,
  "plus_newton_rmse": 2.991573023629978e-08,
  "plus_newton_r2": 0.9999999999999991,
  "plus_newton_valid_ratio": 1.0,
  "plus_newton_residual_mean": 4.488385205622569e-14,
  "plus_newton_residual_median": 1.6653345369377348e-16,
  "plus_newton_residual_p90": 1.0420553309131744e-13,
  "plus_newton_newton_iter_mean": 2.7597,
  "plus_newton_newton_iter_median": 3.0,
  "plus_newton_newton_iter_p90": 3.0,
  "plus_newton_converged_ratio": 1.0,
  "hp_use_log_ab": false,
  "hp_optimizer": "adamw",
  "hp_criterion": "mse",
  "hp_dropout": 0.1,
  "hp_lr": 0.001,
  "hp_weight_decay": 0.0001,
  "hp_hidden_dims": "[256, 256, 128]",
  "hp_hidden_size": 128,
  "hp_num_layers": 1,
  "hp_head_hidden": 128,
  "hp_head_layers": 1,
  "hp_d_model": 64,
  "hp_nhead": 2,
  "hp_ff_dim": 64,
  "hp_use_cls_token": false
}