{
  "trial_id": 2695,
  "trial_name": "trial_2695_transformer",
  "model": "transformer",
  "best_epoch": 31,
  "elapsed_sec": 364.2479717731476,
  "direct_mae": 0.105751633644104,
  "direct_rmse": 0.13285695016384125,
  "direct_r2": 0.9816261176019907,
  "direct_valid_ratio": 1.0,
  "direct_residual_mean": 0.13393709063529968,
  "direct_residual_median": 0.10960480570793152,
  "direct_residual_p90": 0.25769585967063907,
  "plus_newton_mae": 2.343361882830483e-08,
  "plus_newton_rmse": 2.991572959109562e-08,
  "plus_newton_r2": 0.9999999999999991,
  "plus_newton_valid_ratio": 1.0,
  "plus_newton_residual_mean": 3.433154820044391e-14,
  "plus_newton_residual_median": 1.1102230246251565e-16,
  "plus_newton_residual_p90": 4.9815707114930855e-14,
  "plus_newton_newton_iter_mean": 2.6153,
  "plus_newton_newton_iter_median": 3.0,
  "plus_newton_newton_iter_p90": 3.0,
  "plus_newton_converged_ratio": 1.0,
  "hp_use_log_ab": true,
  "hp_optimizer": "adamw",
  "hp_criterion": "mse",
  "hp_dropout": 0.1,
  "hp_lr": 0.001,
  "hp_weight_decay": 0.0001,
  "hp_hidden_dims": "[256, 256, 128]",
  "hp_hidden_size": 128,
  "hp_num_layers": 1,
  "hp_head_hidden": 64,
  "hp_head_layers": 1,
  "hp_d_model": 32,
  "hp_nhead": 4,
  "hp_ff_dim": 128,
  "hp_use_cls_token": false
}{
  "trial_id": 2695,
  "trial_name": "trial_2695_transformer",
  "model": "transformer",
  "best_epoch": 31,
  "elapsed_sec": 364.2479717731476,
  "direct_mae": 0.105751633644104,
  "direct_rmse": 0.13285695016384125,
  "direct_r2": 0.9816261176019907,
  "direct_valid_ratio": 1.0,
  "direct_residual_mean": 0.13393709063529968,
  "direct_residual_median": 0.10960480570793152,
  "direct_residual_p90": 0.25769585967063907,
  "plus_newton_mae": 2.343361882830483e-08,
  "plus_newton_rmse": 2.991572959109562e-08,
  "plus_newton_r2": 0.9999999999999991,
  "plus_newton_valid_ratio": 1.0,
  "plus_newton_residual_mean": 3.433154820044391e-14,
  "plus_newton_residual_median": 1.1102230246251565e-16,
  "plus_newton_residual_p90": 4.9815707114930855e-14,
  "plus_newton_newton_iter_mean": 2.6153,
  "plus_newton_newton_iter_median": 3.0,
  "plus_newton_newton_iter_p90": 3.0,
  "plus_newton_converged_ratio": 1.0,
  "hp_use_log_ab": true,
  "hp_optimizer": "adamw",
  "hp_criterion": "mse",
  "hp_dropout": 0.1,
  "hp_lr": 0.001,
  "hp_weight_decay": 0.0001,
  "hp_hidden_dims": "[256, 256, 128]",
  "hp_hidden_size": 128,
  "hp_num_layers": 1,
  "hp_head_hidden": 64,
  "hp_head_layers": 1,
  "hp_d_model": 32,
  "hp_nhead": 4,
  "hp_ff_dim": 128,
  "hp_use_cls_token": false
}