{
  "trial_id": 706,
  "trial_name": "trial_706_transformer",
  "model": "transformer",
  "best_epoch": 45,
  "elapsed_sec": 127.62807655334473,
  "direct_mae": 0.3404606580734253,
  "direct_rmse": 0.4169549345970154,
  "direct_r2": 0.8190283179283142,
  "direct_valid_ratio": 1.0,
  "direct_residual_mean": 0.38351351022720337,
  "direct_residual_median": 0.3598962128162384,
  "direct_residual_p90": 0.7201982915401464,
  "plus_newton_mae": 2.34336195050432e-08,
  "plus_newton_rmse": 2.9915731444613263e-08,
  "plus_newton_r2": 0.9999999999999991,
  "plus_newton_valid_ratio": 1.0,
  "plus_newton_residual_mean": 4.486198776450362e-14,
  "plus_newton_residual_median": 1.6176296413483726e-16,
  "plus_newton_residual_p90": 1.0946799022804043e-13,
  "plus_newton_newton_iter_mean": 2.7563,
  "plus_newton_newton_iter_median": 3.0,
  "plus_newton_newton_iter_p90": 3.0,
  "plus_newton_converged_ratio": 1.0,
  "hp_use_log_ab": false,
  "hp_optimizer": "adamw",
  "hp_criterion": "mse",
  "hp_dropout": 0.1,
  "hp_lr": 0.001,
  "hp_weight_decay": 0.0001,
  "hp_hidden_dims": "[256, 256, 128]",
  "hp_hidden_size": 128,
  "hp_num_layers": 2,
  "hp_head_hidden": 64,
  "hp_head_layers": 1,
  "hp_d_model": 32,
  "hp_nhead": 2,
  "hp_ff_dim": 64,
  "hp_use_cls_token": true
}{
  "trial_id": 706,
  "trial_name": "trial_706_transformer",
  "model": "transformer",
  "best_epoch": 45,
  "elapsed_sec": 127.62807655334473,
  "direct_mae": 0.3404606580734253,
  "direct_rmse": 0.4169549345970154,
  "direct_r2": 0.8190283179283142,
  "direct_valid_ratio": 1.0,
  "direct_residual_mean": 0.38351351022720337,
  "direct_residual_median": 0.3598962128162384,
  "direct_residual_p90": 0.7201982915401464,
  "plus_newton_mae": 2.34336195050432e-08,
  "plus_newton_rmse": 2.9915731444613263e-08,
  "plus_newton_r2": 0.9999999999999991,
  "plus_newton_valid_ratio": 1.0,
  "plus_newton_residual_mean": 4.486198776450362e-14,
  "plus_newton_residual_median": 1.6176296413483726e-16,
  "plus_newton_residual_p90": 1.0946799022804043e-13,
  "plus_newton_newton_iter_mean": 2.7563,
  "plus_newton_newton_iter_median": 3.0,
  "plus_newton_newton_iter_p90": 3.0,
  "plus_newton_converged_ratio": 1.0,
  "hp_use_log_ab": false,
  "hp_optimizer": "adamw",
  "hp_criterion": "mse",
  "hp_dropout": 0.1,
  "hp_lr": 0.001,
  "hp_weight_decay": 0.0001,
  "hp_hidden_dims": "[256, 256, 128]",
  "hp_hidden_size": 128,
  "hp_num_layers": 2,
  "hp_head_hidden": 64,
  "hp_head_layers": 1,
  "hp_d_model": 32,
  "hp_nhead": 2,
  "hp_ff_dim": 64,
  "hp_use_cls_token": true
}