{
  "trial_id": 2778,
  "trial_name": "trial_2778_transformer",
  "model": "transformer",
  "best_epoch": 35,
  "elapsed_sec": 443.18965578079224,
  "direct_mae": 0.011692921631038189,
  "direct_rmse": 0.01437932625412941,
  "direct_r2": 0.9997847666963935,
  "direct_valid_ratio": 1.0,
  "direct_residual_mean": 0.014309010468423367,
  "direct_residual_median": 0.012814011424779892,
  "direct_residual_p90": 0.02763810157775879,
  "plus_newton_mae": 2.3433619487702646e-08,
  "plus_newton_rmse": 2.9915731578499235e-08,
  "plus_newton_r2": 0.9999999999999991,
  "plus_newton_valid_ratio": 1.0,
  "plus_newton_residual_mean": 3.211008392661966e-14,
  "plus_newton_residual_median": 1.1102230246251565e-16,
  "plus_newton_residual_p90": 3.595734821004736e-14,
  "plus_newton_newton_iter_mean": 2.2312,
  "plus_newton_newton_iter_median": 2.0,
  "plus_newton_newton_iter_p90": 3.0,
  "plus_newton_converged_ratio": 1.0,
  "hp_use_log_ab": true,
  "hp_optimizer": "adamw",
  "hp_criterion": "mse",
  "hp_dropout": 0.1,
  "hp_lr": 0.001,
  "hp_weight_decay": 0.0001,
  "hp_hidden_dims": "[256, 256, 128]",
  "hp_hidden_size": 128,
  "hp_num_layers": 2,
  "hp_head_hidden": 64,
  "hp_head_layers": 2,
  "hp_d_model": 64,
  "hp_nhead": 2,
  "hp_ff_dim": 64,
  "hp_use_cls_token": true
}{
  "trial_id": 2778,
  "trial_name": "trial_2778_transformer",
  "model": "transformer",
  "best_epoch": 35,
  "elapsed_sec": 443.18965578079224,
  "direct_mae": 0.011692921631038189,
  "direct_rmse": 0.01437932625412941,
  "direct_r2": 0.9997847666963935,
  "direct_valid_ratio": 1.0,
  "direct_residual_mean": 0.014309010468423367,
  "direct_residual_median": 0.012814011424779892,
  "direct_residual_p90": 0.02763810157775879,
  "plus_newton_mae": 2.3433619487702646e-08,
  "plus_newton_rmse": 2.9915731578499235e-08,
  "plus_newton_r2": 0.9999999999999991,
  "plus_newton_valid_ratio": 1.0,
  "plus_newton_residual_mean": 3.211008392661966e-14,
  "plus_newton_residual_median": 1.1102230246251565e-16,
  "plus_newton_residual_p90": 3.595734821004736e-14,
  "plus_newton_newton_iter_mean": 2.2312,
  "plus_newton_newton_iter_median": 2.0,
  "plus_newton_newton_iter_p90": 3.0,
  "plus_newton_converged_ratio": 1.0,
  "hp_use_log_ab": true,
  "hp_optimizer": "adamw",
  "hp_criterion": "mse",
  "hp_dropout": 0.1,
  "hp_lr": 0.001,
  "hp_weight_decay": 0.0001,
  "hp_hidden_dims": "[256, 256, 128]",
  "hp_hidden_size": 128,
  "hp_num_layers": 2,
  "hp_head_hidden": 64,
  "hp_head_layers": 2,
  "hp_d_model": 64,
  "hp_nhead": 2,
  "hp_ff_dim": 64,
  "hp_use_cls_token": true
}