{
  "trial_id": 173,
  "trial_name": "trial_173_transformer",
  "model": "transformer",
  "best_epoch": 36,
  "elapsed_sec": 168.69542527198792,
  "direct_mae": 0.3400900363922119,
  "direct_rmse": 0.4169897139072418,
  "direct_r2": 0.8189981132745743,
  "direct_valid_ratio": 1.0,
  "direct_residual_mean": 0.3836805820465088,
  "direct_residual_median": 0.35838615894317627,
  "direct_residual_p90": 0.7323585629463198,
  "plus_newton_mae": 2.3433618947278308e-08,
  "plus_newton_rmse": 2.991573040603211e-08,
  "plus_newton_r2": 0.9999999999999991,
  "plus_newton_valid_ratio": 1.0,
  "plus_newton_residual_mean": 4.381107363244662e-14,
  "plus_newton_residual_median": 1.3530843112619095e-16,
  "plus_newton_residual_p90": 1.0015321905143541e-13,
  "plus_newton_newton_iter_mean": 2.7621,
  "plus_newton_newton_iter_median": 3.0,
  "plus_newton_newton_iter_p90": 3.0,
  "plus_newton_converged_ratio": 1.0,
  "hp_use_log_ab": false,
  "hp_optimizer": "adamw",
  "hp_criterion": "mse",
  "hp_dropout": 0.0,
  "hp_lr": 0.001,
  "hp_weight_decay": 0.0001,
  "hp_hidden_dims": "[256, 256, 128]",
  "hp_hidden_size": 128,
  "hp_num_layers": 1,
  "hp_head_hidden": 128,
  "hp_head_layers": 1,
  "hp_d_model": 64,
  "hp_nhead": 4,
  "hp_ff_dim": 64,
  "hp_use_cls_token": false
}{
  "trial_id": 173,
  "trial_name": "trial_173_transformer",
  "model": "transformer",
  "best_epoch": 36,
  "elapsed_sec": 168.69542527198792,
  "direct_mae": 0.3400900363922119,
  "direct_rmse": 0.4169897139072418,
  "direct_r2": 0.8189981132745743,
  "direct_valid_ratio": 1.0,
  "direct_residual_mean": 0.3836805820465088,
  "direct_residual_median": 0.35838615894317627,
  "direct_residual_p90": 0.7323585629463198,
  "plus_newton_mae": 2.3433618947278308e-08,
  "plus_newton_rmse": 2.991573040603211e-08,
  "plus_newton_r2": 0.9999999999999991,
  "plus_newton_valid_ratio": 1.0,
  "plus_newton_residual_mean": 4.381107363244662e-14,
  "plus_newton_residual_median": 1.3530843112619095e-16,
  "plus_newton_residual_p90": 1.0015321905143541e-13,
  "plus_newton_newton_iter_mean": 2.7621,
  "plus_newton_newton_iter_median": 3.0,
  "plus_newton_newton_iter_p90": 3.0,
  "plus_newton_converged_ratio": 1.0,
  "hp_use_log_ab": false,
  "hp_optimizer": "adamw",
  "hp_criterion": "mse",
  "hp_dropout": 0.0,
  "hp_lr": 0.001,
  "hp_weight_decay": 0.0001,
  "hp_hidden_dims": "[256, 256, 128]",
  "hp_hidden_size": 128,
  "hp_num_layers": 1,
  "hp_head_hidden": 128,
  "hp_head_layers": 1,
  "hp_d_model": 64,
  "hp_nhead": 4,
  "hp_ff_dim": 64,
  "hp_use_cls_token": false
}