{
  "trial_id": 450,
  "trial_name": "trial_450_lstm",
  "model": "lstm",
  "best_epoch": 16,
  "elapsed_sec": 77.91164636611938,
  "direct_mae": 0.010046917013823986,
  "direct_rmse": 0.013288719579577446,
  "direct_r2": 0.999816177514731,
  "direct_valid_ratio": 1.0,
  "direct_residual_mean": 0.011830542236566544,
  "direct_residual_median": 0.009000986814498901,
  "direct_residual_p90": 0.026497817039489748,
  "plus_newton_mae": 2.3433619994013113e-08,
  "plus_newton_rmse": 2.991573123932285e-08,
  "plus_newton_r2": 0.9999999999999991,
  "plus_newton_valid_ratio": 1.0,
  "plus_newton_residual_mean": 5.055866641229305e-14,
  "plus_newton_residual_median": 1.1102230246251565e-16,
  "plus_newton_residual_p90": 1.6787682355356996e-13,
  "plus_newton_newton_iter_mean": 2.1564,
  "plus_newton_newton_iter_median": 2.0,
  "plus_newton_newton_iter_p90": 3.0,
  "plus_newton_converged_ratio": 1.0,
  "hp_use_log_ab": true,
  "hp_optimizer": "adamw",
  "hp_criterion": "smoothl1",
  "hp_dropout": 0.1,
  "hp_lr": 0.001,
  "hp_weight_decay": 1e-05,
  "hp_hidden_dims": "[256, 256, 128]",
  "hp_hidden_size": 64,
  "hp_num_layers": 1,
  "hp_head_hidden": 64,
  "hp_head_layers": 2,
  "hp_d_model": 64,
  "hp_nhead": 4,
  "hp_ff_dim": 128,
  "hp_use_cls_token": false
}{
  "trial_id": 450,
  "trial_name": "trial_450_lstm",
  "model": "lstm",
  "best_epoch": 16,
  "elapsed_sec": 77.91164636611938,
  "direct_mae": 0.010046917013823986,
  "direct_rmse": 0.013288719579577446,
  "direct_r2": 0.999816177514731,
  "direct_valid_ratio": 1.0,
  "direct_residual_mean": 0.011830542236566544,
  "direct_residual_median": 0.009000986814498901,
  "direct_residual_p90": 0.026497817039489748,
  "plus_newton_mae": 2.3433619994013113e-08,
  "plus_newton_rmse": 2.991573123932285e-08,
  "plus_newton_r2": 0.9999999999999991,
  "plus_newton_valid_ratio": 1.0,
  "plus_newton_residual_mean": 5.055866641229305e-14,
  "plus_newton_residual_median": 1.1102230246251565e-16,
  "plus_newton_residual_p90": 1.6787682355356996e-13,
  "plus_newton_newton_iter_mean": 2.1564,
  "plus_newton_newton_iter_median": 2.0,
  "plus_newton_newton_iter_p90": 3.0,
  "plus_newton_converged_ratio": 1.0,
  "hp_use_log_ab": true,
  "hp_optimizer": "adamw",
  "hp_criterion": "smoothl1",
  "hp_dropout": 0.1,
  "hp_lr": 0.001,
  "hp_weight_decay": 1e-05,
  "hp_hidden_dims": "[256, 256, 128]",
  "hp_hidden_size": 64,
  "hp_num_layers": 1,
  "hp_head_hidden": 64,
  "hp_head_layers": 2,
  "hp_d_model": 64,
  "hp_nhead": 4,
  "hp_ff_dim": 128,
  "hp_use_cls_token": false
}