{
  "trial_id": 276,
  "trial_name": "trial_276_transformer",
  "model": "transformer",
  "best_epoch": 70,
  "elapsed_sec": 241.17432498931885,
  "direct_mae": 0.0031788875348865986,
  "direct_rmse": 0.004208632744848728,
  "direct_r2": 0.999981561973982,
  "direct_valid_ratio": 1.0,
  "direct_residual_mean": 0.0038447584956884384,
  "direct_residual_median": 0.00298154354095459,
  "direct_residual_p90": 0.00831059217453003,
  "plus_newton_mae": 2.343361867673468e-08,
  "plus_newton_rmse": 2.991573089263772e-08,
  "plus_newton_r2": 0.9999999999999991,
  "plus_newton_valid_ratio": 1.0,
  "plus_newton_residual_mean": 2.2051355582618914e-14,
  "plus_newton_residual_median": 1.1102230246251565e-16,
  "plus_newton_residual_p90": 1.4890866317784963e-14,
  "plus_newton_newton_iter_mean": 2.0556,
  "plus_newton_newton_iter_median": 2.0,
  "plus_newton_newton_iter_p90": 2.0,
  "plus_newton_converged_ratio": 1.0,
  "hp_use_log_ab": false,
  "hp_optimizer": "adamw",
  "hp_criterion": "mse",
  "hp_dropout": 0.0,
  "hp_lr": 0.0005,
  "hp_weight_decay": 1e-05,
  "hp_hidden_dims": "[256, 256, 128]",
  "hp_hidden_size": 128,
  "hp_num_layers": 1,
  "hp_head_hidden": 64,
  "hp_head_layers": 2,
  "hp_d_model": 32,
  "hp_nhead": 2,
  "hp_ff_dim": 128,
  "hp_use_cls_token": true
}{
  "trial_id": 276,
  "trial_name": "trial_276_transformer",
  "model": "transformer",
  "best_epoch": 70,
  "elapsed_sec": 241.17432498931885,
  "direct_mae": 0.0031788875348865986,
  "direct_rmse": 0.004208632744848728,
  "direct_r2": 0.999981561973982,
  "direct_valid_ratio": 1.0,
  "direct_residual_mean": 0.0038447584956884384,
  "direct_residual_median": 0.00298154354095459,
  "direct_residual_p90": 0.00831059217453003,
  "plus_newton_mae": 2.343361867673468e-08,
  "plus_newton_rmse": 2.991573089263772e-08,
  "plus_newton_r2": 0.9999999999999991,
  "plus_newton_valid_ratio": 1.0,
  "plus_newton_residual_mean": 2.2051355582618914e-14,
  "plus_newton_residual_median": 1.1102230246251565e-16,
  "plus_newton_residual_p90": 1.4890866317784963e-14,
  "plus_newton_newton_iter_mean": 2.0556,
  "plus_newton_newton_iter_median": 2.0,
  "plus_newton_newton_iter_p90": 2.0,
  "plus_newton_converged_ratio": 1.0,
  "hp_use_log_ab": false,
  "hp_optimizer": "adamw",
  "hp_criterion": "mse",
  "hp_dropout": 0.0,
  "hp_lr": 0.0005,
  "hp_weight_decay": 1e-05,
  "hp_hidden_dims": "[256, 256, 128]",
  "hp_hidden_size": 128,
  "hp_num_layers": 1,
  "hp_head_hidden": 64,
  "hp_head_layers": 2,
  "hp_d_model": 32,
  "hp_nhead": 2,
  "hp_ff_dim": 128,
  "hp_use_cls_token": true
}