{
  "trial_id": 274,
  "trial_name": "trial_274_transformer",
  "model": "transformer",
  "best_epoch": 91,
  "elapsed_sec": 295.8985495567322,
  "direct_mae": 0.0037625774275511503,
  "direct_rmse": 0.004855394829064608,
  "direct_r2": 0.9999754596046841,
  "direct_valid_ratio": 1.0,
  "direct_residual_mean": 0.004522882401943207,
  "direct_residual_median": 0.003659859299659729,
  "direct_residual_p90": 0.009041696786880493,
  "plus_newton_mae": 2.3433617425602342e-08,
  "plus_newton_rmse": 2.991572980932466e-08,
  "plus_newton_r2": 0.9999999999999991,
  "plus_newton_valid_ratio": 1.0,
  "plus_newton_residual_mean": 2.8736240560884465e-14,
  "plus_newton_residual_median": 1.1102230246251565e-16,
  "plus_newton_residual_p90": 3.333999742949357e-14,
  "plus_newton_newton_iter_mean": 2.0682,
  "plus_newton_newton_iter_median": 2.0,
  "plus_newton_newton_iter_p90": 2.0,
  "plus_newton_converged_ratio": 1.0,
  "hp_use_log_ab": false,
  "hp_optimizer": "adamw",
  "hp_criterion": "mse",
  "hp_dropout": 0.0,
  "hp_lr": 0.0005,
  "hp_weight_decay": 1e-05,
  "hp_hidden_dims": "[256, 256, 128]",
  "hp_hidden_size": 128,
  "hp_num_layers": 1,
  "hp_head_hidden": 64,
  "hp_head_layers": 2,
  "hp_d_model": 32,
  "hp_nhead": 2,
  "hp_ff_dim": 64,
  "hp_use_cls_token": true
}{
  "trial_id": 274,
  "trial_name": "trial_274_transformer",
  "model": "transformer",
  "best_epoch": 91,
  "elapsed_sec": 295.8985495567322,
  "direct_mae": 0.0037625774275511503,
  "direct_rmse": 0.004855394829064608,
  "direct_r2": 0.9999754596046841,
  "direct_valid_ratio": 1.0,
  "direct_residual_mean": 0.004522882401943207,
  "direct_residual_median": 0.003659859299659729,
  "direct_residual_p90": 0.009041696786880493,
  "plus_newton_mae": 2.3433617425602342e-08,
  "plus_newton_rmse": 2.991572980932466e-08,
  "plus_newton_r2": 0.9999999999999991,
  "plus_newton_valid_ratio": 1.0,
  "plus_newton_residual_mean": 2.8736240560884465e-14,
  "plus_newton_residual_median": 1.1102230246251565e-16,
  "plus_newton_residual_p90": 3.333999742949357e-14,
  "plus_newton_newton_iter_mean": 2.0682,
  "plus_newton_newton_iter_median": 2.0,
  "plus_newton_newton_iter_p90": 2.0,
  "plus_newton_converged_ratio": 1.0,
  "hp_use_log_ab": false,
  "hp_optimizer": "adamw",
  "hp_criterion": "mse",
  "hp_dropout": 0.0,
  "hp_lr": 0.0005,
  "hp_weight_decay": 1e-05,
  "hp_hidden_dims": "[256, 256, 128]",
  "hp_hidden_size": 128,
  "hp_num_layers": 1,
  "hp_head_hidden": 64,
  "hp_head_layers": 2,
  "hp_d_model": 32,
  "hp_nhead": 2,
  "hp_ff_dim": 64,
  "hp_use_cls_token": true
}