{
  "trial_id": 396,
  "trial_name": "trial_396_transformer",
  "model": "transformer",
  "best_epoch": 17,
  "elapsed_sec": 103.51886749267578,
  "direct_mae": 0.3408008813858032,
  "direct_rmse": 0.41704094409942627,
  "direct_r2": 0.8189536482095718,
  "direct_valid_ratio": 1.0,
  "direct_residual_mean": 0.38453322649002075,
  "direct_residual_median": 0.36115410923957825,
  "direct_residual_p90": 0.7240218937397008,
  "plus_newton_mae": 2.3433619201528886e-08,
  "plus_newton_rmse": 2.991573088177681e-08,
  "plus_newton_r2": 0.9999999999999991,
  "plus_newton_valid_ratio": 1.0,
  "plus_newton_residual_mean": 4.461503980935649e-14,
  "plus_newton_residual_median": 1.5265566588595902e-16,
  "plus_newton_residual_p90": 1.0329515021112473e-13,
  "plus_newton_newton_iter_mean": 2.76,
  "plus_newton_newton_iter_median": 3.0,
  "plus_newton_newton_iter_p90": 3.0,
  "plus_newton_converged_ratio": 1.0,
  "hp_use_log_ab": false,
  "hp_optimizer": "adamw",
  "hp_criterion": "mse",
  "hp_dropout": 0.0,
  "hp_lr": 0.0005,
  "hp_weight_decay": 0.0001,
  "hp_hidden_dims": "[256, 256, 128]",
  "hp_hidden_size": 128,
  "hp_num_layers": 1,
  "hp_head_hidden": 64,
  "hp_head_layers": 1,
  "hp_d_model": 64,
  "hp_nhead": 2,
  "hp_ff_dim": 128,
  "hp_use_cls_token": true
}{
  "trial_id": 396,
  "trial_name": "trial_396_transformer",
  "model": "transformer",
  "best_epoch": 17,
  "elapsed_sec": 103.51886749267578,
  "direct_mae": 0.3408008813858032,
  "direct_rmse": 0.41704094409942627,
  "direct_r2": 0.8189536482095718,
  "direct_valid_ratio": 1.0,
  "direct_residual_mean": 0.38453322649002075,
  "direct_residual_median": 0.36115410923957825,
  "direct_residual_p90": 0.7240218937397008,
  "plus_newton_mae": 2.3433619201528886e-08,
  "plus_newton_rmse": 2.991573088177681e-08,
  "plus_newton_r2": 0.9999999999999991,
  "plus_newton_valid_ratio": 1.0,
  "plus_newton_residual_mean": 4.461503980935649e-14,
  "plus_newton_residual_median": 1.5265566588595902e-16,
  "plus_newton_residual_p90": 1.0329515021112473e-13,
  "plus_newton_newton_iter_mean": 2.76,
  "plus_newton_newton_iter_median": 3.0,
  "plus_newton_newton_iter_p90": 3.0,
  "plus_newton_converged_ratio": 1.0,
  "hp_use_log_ab": false,
  "hp_optimizer": "adamw",
  "hp_criterion": "mse",
  "hp_dropout": 0.0,
  "hp_lr": 0.0005,
  "hp_weight_decay": 0.0001,
  "hp_hidden_dims": "[256, 256, 128]",
  "hp_hidden_size": 128,
  "hp_num_layers": 1,
  "hp_head_hidden": 64,
  "hp_head_layers": 1,
  "hp_d_model": 64,
  "hp_nhead": 2,
  "hp_ff_dim": 128,
  "hp_use_cls_token": true
}