{
  "trial_id": 2798,
  "trial_name": "trial_2798_transformer",
  "model": "transformer",
  "best_epoch": 41,
  "elapsed_sec": 455.3465256690979,
  "direct_mae": 0.10660683363676071,
  "direct_rmse": 0.13486117124557495,
  "direct_r2": 0.9810675755143166,
  "direct_valid_ratio": 1.0,
  "direct_residual_mean": 0.13442951440811157,
  "direct_residual_median": 0.10985065996646881,
  "direct_residual_p90": 0.2584092497825624,
  "plus_newton_mae": 2.343361920109092e-08,
  "plus_newton_rmse": 2.991573037563702e-08,
  "plus_newton_r2": 0.9999999999999991,
  "plus_newton_valid_ratio": 1.0,
  "plus_newton_residual_mean": 3.3605220432439826e-14,
  "plus_newton_residual_median": 1.1102230246251565e-16,
  "plus_newton_residual_p90": 4.970052147612593e-14,
  "plus_newton_newton_iter_mean": 2.616,
  "plus_newton_newton_iter_median": 3.0,
  "plus_newton_newton_iter_p90": 3.0,
  "plus_newton_converged_ratio": 1.0,
  "hp_use_log_ab": true,
  "hp_optimizer": "adamw",
  "hp_criterion": "mse",
  "hp_dropout": 0.1,
  "hp_lr": 0.001,
  "hp_weight_decay": 0.0001,
  "hp_hidden_dims": "[256, 256, 128]",
  "hp_hidden_size": 128,
  "hp_num_layers": 2,
  "hp_head_hidden": 128,
  "hp_head_layers": 1,
  "hp_d_model": 64,
  "hp_nhead": 4,
  "hp_ff_dim": 64,
  "hp_use_cls_token": true
}{
  "trial_id": 2798,
  "trial_name": "trial_2798_transformer",
  "model": "transformer",
  "best_epoch": 41,
  "elapsed_sec": 455.3465256690979,
  "direct_mae": 0.10660683363676071,
  "direct_rmse": 0.13486117124557495,
  "direct_r2": 0.9810675755143166,
  "direct_valid_ratio": 1.0,
  "direct_residual_mean": 0.13442951440811157,
  "direct_residual_median": 0.10985065996646881,
  "direct_residual_p90": 0.2584092497825624,
  "plus_newton_mae": 2.343361920109092e-08,
  "plus_newton_rmse": 2.991573037563702e-08,
  "plus_newton_r2": 0.9999999999999991,
  "plus_newton_valid_ratio": 1.0,
  "plus_newton_residual_mean": 3.3605220432439826e-14,
  "plus_newton_residual_median": 1.1102230246251565e-16,
  "plus_newton_residual_p90": 4.970052147612593e-14,
  "plus_newton_newton_iter_mean": 2.616,
  "plus_newton_newton_iter_median": 3.0,
  "plus_newton_newton_iter_p90": 3.0,
  "plus_newton_converged_ratio": 1.0,
  "hp_use_log_ab": true,
  "hp_optimizer": "adamw",
  "hp_criterion": "mse",
  "hp_dropout": 0.1,
  "hp_lr": 0.001,
  "hp_weight_decay": 0.0001,
  "hp_hidden_dims": "[256, 256, 128]",
  "hp_hidden_size": 128,
  "hp_num_layers": 2,
  "hp_head_hidden": 128,
  "hp_head_layers": 1,
  "hp_d_model": 64,
  "hp_nhead": 4,
  "hp_ff_dim": 64,
  "hp_use_cls_token": true
}