{
  "trial_id": 250,
  "trial_name": "trial_250_gru",
  "model": "gru",
  "best_epoch": 35,
  "elapsed_sec": 131.23755741119385,
  "direct_mae": 0.013806524686515331,
  "direct_rmse": 0.02168816514313221,
  "direct_r2": 0.9995103587280028,
  "direct_valid_ratio": 1.0,
  "direct_residual_mean": 0.016191205009818077,
  "direct_residual_median": 0.009708043187856674,
  "direct_residual_p90": 0.03906511664390565,
  "plus_newton_mae": 2.3433617428387684e-08,
  "plus_newton_rmse": 2.991572947819933e-08,
  "plus_newton_r2": 0.9999999999999991,
  "plus_newton_valid_ratio": 1.0,
  "plus_newton_residual_mean": 4.4136298587852185e-14,
  "plus_newton_residual_median": 1.1102230246251565e-16,
  "plus_newton_residual_p90": 9.986456106503303e-14,
  "plus_newton_newton_iter_mean": 2.2323,
  "plus_newton_newton_iter_median": 2.0,
  "plus_newton_newton_iter_p90": 3.0,
  "plus_newton_converged_ratio": 1.0,
  "hp_use_log_ab": false,
  "hp_optimizer": "adamw",
  "hp_criterion": "smoothl1",
  "hp_dropout": 0.1,
  "hp_lr": 0.0005,
  "hp_weight_decay": 0.0001,
  "hp_hidden_dims": "[256, 256, 128]",
  "hp_hidden_size": 128,
  "hp_num_layers": 1,
  "hp_head_hidden": 64,
  "hp_head_layers": 2,
  "hp_d_model": 64,
  "hp_nhead": 4,
  "hp_ff_dim": 128,
  "hp_use_cls_token": false
}{
  "trial_id": 250,
  "trial_name": "trial_250_gru",
  "model": "gru",
  "best_epoch": 35,
  "elapsed_sec": 131.23755741119385,
  "direct_mae": 0.013806524686515331,
  "direct_rmse": 0.02168816514313221,
  "direct_r2": 0.9995103587280028,
  "direct_valid_ratio": 1.0,
  "direct_residual_mean": 0.016191205009818077,
  "direct_residual_median": 0.009708043187856674,
  "direct_residual_p90": 0.03906511664390565,
  "plus_newton_mae": 2.3433617428387684e-08,
  "plus_newton_rmse": 2.991572947819933e-08,
  "plus_newton_r2": 0.9999999999999991,
  "plus_newton_valid_ratio": 1.0,
  "plus_newton_residual_mean": 4.4136298587852185e-14,
  "plus_newton_residual_median": 1.1102230246251565e-16,
  "plus_newton_residual_p90": 9.986456106503303e-14,
  "plus_newton_newton_iter_mean": 2.2323,
  "plus_newton_newton_iter_median": 2.0,
  "plus_newton_newton_iter_p90": 3.0,
  "plus_newton_converged_ratio": 1.0,
  "hp_use_log_ab": false,
  "hp_optimizer": "adamw",
  "hp_criterion": "smoothl1",
  "hp_dropout": 0.1,
  "hp_lr": 0.0005,
  "hp_weight_decay": 0.0001,
  "hp_hidden_dims": "[256, 256, 128]",
  "hp_hidden_size": 128,
  "hp_num_layers": 1,
  "hp_head_hidden": 64,
  "hp_head_layers": 2,
  "hp_d_model": 64,
  "hp_nhead": 4,
  "hp_ff_dim": 128,
  "hp_use_cls_token": false
}