{
  "trial_id": 240,
  "trial_name": "trial_240_gru",
  "model": "gru",
  "best_epoch": 81,
  "elapsed_sec": 298.29174304008484,
  "direct_mae": 0.006217637564986944,
  "direct_rmse": 0.009567792527377605,
  "direct_r2": 0.9999047081291792,
  "direct_valid_ratio": 1.0,
  "direct_residual_mean": 0.00752452714368701,
  "direct_residual_median": 0.004508405923843384,
  "direct_residual_p90": 0.01916751861572266,
  "plus_newton_mae": 2.3433619257105536e-08,
  "plus_newton_rmse": 2.9915730553462685e-08,
  "plus_newton_r2": 0.9999999999999991,
  "plus_newton_valid_ratio": 1.0,
  "plus_newton_residual_mean": 3.504376348221005e-14,
  "plus_newton_residual_median": 1.1102230246251565e-16,
  "plus_newton_residual_p90": 5.487832410722161e-14,
  "plus_newton_newton_iter_mean": 2.1032,
  "plus_newton_newton_iter_median": 2.0,
  "plus_newton_newton_iter_p90": 3.0,
  "plus_newton_converged_ratio": 1.0,
  "hp_use_log_ab": false,
  "hp_optimizer": "adamw",
  "hp_criterion": "smoothl1",
  "hp_dropout": 0.1,
  "hp_lr": 0.0005,
  "hp_weight_decay": 1e-05,
  "hp_hidden_dims": "[256, 256, 128]",
  "hp_hidden_size": 128,
  "hp_num_layers": 2,
  "hp_head_hidden": 128,
  "hp_head_layers": 2,
  "hp_d_model": 64,
  "hp_nhead": 4,
  "hp_ff_dim": 128,
  "hp_use_cls_token": false
}{
  "trial_id": 240,
  "trial_name": "trial_240_gru",
  "model": "gru",
  "best_epoch": 81,
  "elapsed_sec": 298.29174304008484,
  "direct_mae": 0.006217637564986944,
  "direct_rmse": 0.009567792527377605,
  "direct_r2": 0.9999047081291792,
  "direct_valid_ratio": 1.0,
  "direct_residual_mean": 0.00752452714368701,
  "direct_residual_median": 0.004508405923843384,
  "direct_residual_p90": 0.01916751861572266,
  "plus_newton_mae": 2.3433619257105536e-08,
  "plus_newton_rmse": 2.9915730553462685e-08,
  "plus_newton_r2": 0.9999999999999991,
  "plus_newton_valid_ratio": 1.0,
  "plus_newton_residual_mean": 3.504376348221005e-14,
  "plus_newton_residual_median": 1.1102230246251565e-16,
  "plus_newton_residual_p90": 5.487832410722161e-14,
  "plus_newton_newton_iter_mean": 2.1032,
  "plus_newton_newton_iter_median": 2.0,
  "plus_newton_newton_iter_p90": 3.0,
  "plus_newton_converged_ratio": 1.0,
  "hp_use_log_ab": false,
  "hp_optimizer": "adamw",
  "hp_criterion": "smoothl1",
  "hp_dropout": 0.1,
  "hp_lr": 0.0005,
  "hp_weight_decay": 1e-05,
  "hp_hidden_dims": "[256, 256, 128]",
  "hp_hidden_size": 128,
  "hp_num_layers": 2,
  "hp_head_hidden": 128,
  "hp_head_layers": 2,
  "hp_d_model": 64,
  "hp_nhead": 4,
  "hp_ff_dim": 128,
  "hp_use_cls_token": false
}