{
  "trial_id": 1414,
  "trial_name": "trial_1414_transformer",
  "model": "transformer",
  "best_epoch": 8,
  "elapsed_sec": 38.96002817153931,
  "direct_mae": 0.3396058976650238,
  "direct_rmse": 0.4176265597343445,
  "direct_r2": 0.8184448480606079,
  "direct_valid_ratio": 1.0,
  "direct_residual_mean": 0.3846578598022461,
  "direct_residual_median": 0.3553999066352844,
  "direct_residual_p90": 0.7502474308013918,
  "plus_newton_mae": 2.3433618318066997e-08,
  "plus_newton_rmse": 2.991572973543838e-08,
  "plus_newton_r2": 0.9999999999999991,
  "plus_newton_valid_ratio": 1.0,
  "plus_newton_residual_mean": 4.390384470694692e-14,
  "plus_newton_residual_median": 1.6653345369377348e-16,
  "plus_newton_residual_p90": 9.749839824380059e-14,
  "plus_newton_newton_iter_mean": 2.764,
  "plus_newton_newton_iter_median": 3.0,
  "plus_newton_newton_iter_p90": 3.0,
  "plus_newton_converged_ratio": 1.0,
  "hp_use_log_ab": false,
  "hp_optimizer": "adamw",
  "hp_criterion": "smoothl1",
  "hp_dropout": 0.0,
  "hp_lr": 0.0005,
  "hp_weight_decay": 0.0001,
  "hp_hidden_dims": "[256, 256, 128]",
  "hp_hidden_size": 128,
  "hp_num_layers": 1,
  "hp_head_hidden": 64,
  "hp_head_layers": 1,
  "hp_d_model": 32,
  "hp_nhead": 4,
  "hp_ff_dim": 64,
  "hp_use_cls_token": true
}{
  "trial_id": 1414,
  "trial_name": "trial_1414_transformer",
  "model": "transformer",
  "best_epoch": 8,
  "elapsed_sec": 38.96002817153931,
  "direct_mae": 0.3396058976650238,
  "direct_rmse": 0.4176265597343445,
  "direct_r2": 0.8184448480606079,
  "direct_valid_ratio": 1.0,
  "direct_residual_mean": 0.3846578598022461,
  "direct_residual_median": 0.3553999066352844,
  "direct_residual_p90": 0.7502474308013918,
  "plus_newton_mae": 2.3433618318066997e-08,
  "plus_newton_rmse": 2.991572973543838e-08,
  "plus_newton_r2": 0.9999999999999991,
  "plus_newton_valid_ratio": 1.0,
  "plus_newton_residual_mean": 4.390384470694692e-14,
  "plus_newton_residual_median": 1.6653345369377348e-16,
  "plus_newton_residual_p90": 9.749839824380059e-14,
  "plus_newton_newton_iter_mean": 2.764,
  "plus_newton_newton_iter_median": 3.0,
  "plus_newton_newton_iter_p90": 3.0,
  "plus_newton_converged_ratio": 1.0,
  "hp_use_log_ab": false,
  "hp_optimizer": "adamw",
  "hp_criterion": "smoothl1",
  "hp_dropout": 0.0,
  "hp_lr": 0.0005,
  "hp_weight_decay": 0.0001,
  "hp_hidden_dims": "[256, 256, 128]",
  "hp_hidden_size": 128,
  "hp_num_layers": 1,
  "hp_head_hidden": 64,
  "hp_head_layers": 1,
  "hp_d_model": 32,
  "hp_nhead": 4,
  "hp_ff_dim": 64,
  "hp_use_cls_token": true
}