{
  "trial_id": 2848,
  "trial_name": "trial_2848_transformer",
  "model": "transformer",
  "best_epoch": 43,
  "elapsed_sec": 368.02010107040405,
  "direct_mae": 0.011371971108019352,
  "direct_rmse": 0.015052106231451035,
  "direct_r2": 0.999764154854347,
  "direct_valid_ratio": 1.0,
  "direct_residual_mean": 0.01414454821497202,
  "direct_residual_median": 0.01018822193145752,
  "direct_residual_p90": 0.03294731378555298,
  "plus_newton_mae": 2.3433619562059652e-08,
  "plus_newton_rmse": 2.9915731568745796e-08,
  "plus_newton_r2": 0.9999999999999991,
  "plus_newton_valid_ratio": 1.0,
  "plus_newton_residual_mean": 3.2322315909807666e-14,
  "plus_newton_residual_median": 1.1102230246251565e-16,
  "plus_newton_residual_p90": 4.2986447734705356e-14,
  "plus_newton_newton_iter_mean": 2.2151,
  "plus_newton_newton_iter_median": 2.0,
  "plus_newton_newton_iter_p90": 3.0,
  "plus_newton_converged_ratio": 1.0,
  "hp_use_log_ab": true,
  "hp_optimizer": "adamw",
  "hp_criterion": "mse",
  "hp_dropout": 0.1,
  "hp_lr": 0.0005,
  "hp_weight_decay": 1e-05,
  "hp_hidden_dims": "[256, 256, 128]",
  "hp_hidden_size": 128,
  "hp_num_layers": 1,
  "hp_head_hidden": 64,
  "hp_head_layers": 2,
  "hp_d_model": 64,
  "hp_nhead": 4,
  "hp_ff_dim": 128,
  "hp_use_cls_token": true
}{
  "trial_id": 2848,
  "trial_name": "trial_2848_transformer",
  "model": "transformer",
  "best_epoch": 43,
  "elapsed_sec": 368.02010107040405,
  "direct_mae": 0.011371971108019352,
  "direct_rmse": 0.015052106231451035,
  "direct_r2": 0.999764154854347,
  "direct_valid_ratio": 1.0,
  "direct_residual_mean": 0.01414454821497202,
  "direct_residual_median": 0.01018822193145752,
  "direct_residual_p90": 0.03294731378555298,
  "plus_newton_mae": 2.3433619562059652e-08,
  "plus_newton_rmse": 2.9915731568745796e-08,
  "plus_newton_r2": 0.9999999999999991,
  "plus_newton_valid_ratio": 1.0,
  "plus_newton_residual_mean": 3.2322315909807666e-14,
  "plus_newton_residual_median": 1.1102230246251565e-16,
  "plus_newton_residual_p90": 4.2986447734705356e-14,
  "plus_newton_newton_iter_mean": 2.2151,
  "plus_newton_newton_iter_median": 2.0,
  "plus_newton_newton_iter_p90": 3.0,
  "plus_newton_converged_ratio": 1.0,
  "hp_use_log_ab": true,
  "hp_optimizer": "adamw",
  "hp_criterion": "mse",
  "hp_dropout": 0.1,
  "hp_lr": 0.0005,
  "hp_weight_decay": 1e-05,
  "hp_hidden_dims": "[256, 256, 128]",
  "hp_hidden_size": 128,
  "hp_num_layers": 1,
  "hp_head_hidden": 64,
  "hp_head_layers": 2,
  "hp_d_model": 64,
  "hp_nhead": 4,
  "hp_ff_dim": 128,
  "hp_use_cls_token": true
}