{
  "trial_id": 1340,
  "trial_name": "trial_1340_transformer",
  "model": "transformer",
  "best_epoch": 49,
  "elapsed_sec": 97.85750317573547,
  "direct_mae": 0.0022486080415546894,
  "direct_rmse": 0.0037143395747989416,
  "direct_r2": 0.9999856386402826,
  "direct_valid_ratio": 1.0,
  "direct_residual_mean": 0.0027209785766899586,
  "direct_residual_median": 0.0020244717597961426,
  "direct_residual_p90": 0.0054188683629035955,
  "plus_newton_mae": 2.3433618066602373e-08,
  "plus_newton_rmse": 2.991573040549029e-08,
  "plus_newton_r2": 0.9999999999999991,
  "plus_newton_valid_ratio": 1.0,
  "plus_newton_residual_mean": 2.7023630045258955e-14,
  "plus_newton_residual_median": 1.1102230246251565e-16,
  "plus_newton_residual_p90": 2.254862963013697e-14,
  "plus_newton_newton_iter_mean": 2.0311,
  "plus_newton_newton_iter_median": 2.0,
  "plus_newton_newton_iter_p90": 2.0,
  "plus_newton_converged_ratio": 1.0,
  "hp_use_log_ab": false,
  "hp_optimizer": "adamw",
  "hp_criterion": "smoothl1",
  "hp_dropout": 0.0,
  "hp_lr": 0.0005,
  "hp_weight_decay": 1e-05,
  "hp_hidden_dims": "[256, 256, 128]",
  "hp_hidden_size": 128,
  "hp_num_layers": 1,
  "hp_head_hidden": 128,
  "hp_head_layers": 2,
  "hp_d_model": 64,
  "hp_nhead": 2,
  "hp_ff_dim": 128,
  "hp_use_cls_token": true
}{
  "trial_id": 1340,
  "trial_name": "trial_1340_transformer",
  "model": "transformer",
  "best_epoch": 49,
  "elapsed_sec": 97.85750317573547,
  "direct_mae": 0.0022486080415546894,
  "direct_rmse": 0.0037143395747989416,
  "direct_r2": 0.9999856386402826,
  "direct_valid_ratio": 1.0,
  "direct_residual_mean": 0.0027209785766899586,
  "direct_residual_median": 0.0020244717597961426,
  "direct_residual_p90": 0.0054188683629035955,
  "plus_newton_mae": 2.3433618066602373e-08,
  "plus_newton_rmse": 2.991573040549029e-08,
  "plus_newton_r2": 0.9999999999999991,
  "plus_newton_valid_ratio": 1.0,
  "plus_newton_residual_mean": 2.7023630045258955e-14,
  "plus_newton_residual_median": 1.1102230246251565e-16,
  "plus_newton_residual_p90": 2.254862963013697e-14,
  "plus_newton_newton_iter_mean": 2.0311,
  "plus_newton_newton_iter_median": 2.0,
  "plus_newton_newton_iter_p90": 2.0,
  "plus_newton_converged_ratio": 1.0,
  "hp_use_log_ab": false,
  "hp_optimizer": "adamw",
  "hp_criterion": "smoothl1",
  "hp_dropout": 0.0,
  "hp_lr": 0.0005,
  "hp_weight_decay": 1e-05,
  "hp_hidden_dims": "[256, 256, 128]",
  "hp_hidden_size": 128,
  "hp_num_layers": 1,
  "hp_head_hidden": 128,
  "hp_head_layers": 2,
  "hp_d_model": 64,
  "hp_nhead": 2,
  "hp_ff_dim": 128,
  "hp_use_cls_token": true
}