{
  "trial_id": 966,
  "trial_name": "trial_966_transformer",
  "model": "transformer",
  "best_epoch": 78,
  "elapsed_sec": 172.32367134094238,
  "direct_mae": 0.34063485264778137,
  "direct_rmse": 0.41695740818977356,
  "direct_r2": 0.8190261870622635,
  "direct_valid_ratio": 1.0,
  "direct_residual_mean": 0.38396576046943665,
  "direct_residual_median": 0.3606332242488861,
  "direct_residual_p90": 0.7227620124816896,
  "plus_newton_mae": 2.3433619351137218e-08,
  "plus_newton_rmse": 2.991573128346666e-08,
  "plus_newton_r2": 0.9999999999999991,
  "plus_newton_valid_ratio": 1.0,
  "plus_newton_residual_mean": 4.451156189332167e-14,
  "plus_newton_residual_median": 1.6653345369377348e-16,
  "plus_newton_residual_p90": 1.0502709812953981e-13,
  "plus_newton_newton_iter_mean": 2.757,
  "plus_newton_newton_iter_median": 3.0,
  "plus_newton_newton_iter_p90": 3.0,
  "plus_newton_converged_ratio": 1.0,
  "hp_use_log_ab": false,
  "hp_optimizer": "adamw",
  "hp_criterion": "mse",
  "hp_dropout": 0.1,
  "hp_lr": 0.0005,
  "hp_weight_decay": 0.0001,
  "hp_hidden_dims": "[256, 256, 128]",
  "hp_hidden_size": 128,
  "hp_num_layers": 2,
  "hp_head_hidden": 64,
  "hp_head_layers": 1,
  "hp_d_model": 32,
  "hp_nhead": 4,
  "hp_ff_dim": 64,
  "hp_use_cls_token": true
}{
  "trial_id": 966,
  "trial_name": "trial_966_transformer",
  "model": "transformer",
  "best_epoch": 78,
  "elapsed_sec": 172.32367134094238,
  "direct_mae": 0.34063485264778137,
  "direct_rmse": 0.41695740818977356,
  "direct_r2": 0.8190261870622635,
  "direct_valid_ratio": 1.0,
  "direct_residual_mean": 0.38396576046943665,
  "direct_residual_median": 0.3606332242488861,
  "direct_residual_p90": 0.7227620124816896,
  "plus_newton_mae": 2.3433619351137218e-08,
  "plus_newton_rmse": 2.991573128346666e-08,
  "plus_newton_r2": 0.9999999999999991,
  "plus_newton_valid_ratio": 1.0,
  "plus_newton_residual_mean": 4.451156189332167e-14,
  "plus_newton_residual_median": 1.6653345369377348e-16,
  "plus_newton_residual_p90": 1.0502709812953981e-13,
  "plus_newton_newton_iter_mean": 2.757,
  "plus_newton_newton_iter_median": 3.0,
  "plus_newton_newton_iter_p90": 3.0,
  "plus_newton_converged_ratio": 1.0,
  "hp_use_log_ab": false,
  "hp_optimizer": "adamw",
  "hp_criterion": "mse",
  "hp_dropout": 0.1,
  "hp_lr": 0.0005,
  "hp_weight_decay": 0.0001,
  "hp_hidden_dims": "[256, 256, 128]",
  "hp_hidden_size": 128,
  "hp_num_layers": 2,
  "hp_head_hidden": 64,
  "hp_head_layers": 1,
  "hp_d_model": 32,
  "hp_nhead": 4,
  "hp_ff_dim": 64,
  "hp_use_cls_token": true
}