{
  "trial_id": 1972,
  "trial_name": "trial_1972_transformer",
  "model": "transformer",
  "best_epoch": 64,
  "elapsed_sec": 122.8283793926239,
  "direct_mae": 0.006979348603636026,
  "direct_rmse": 0.01016030553728342,
  "direct_r2": 0.9998925402251189,
  "direct_valid_ratio": 1.0,
  "direct_residual_mean": 0.008083478547632694,
  "direct_residual_median": 0.006253793835639954,
  "direct_residual_p90": 0.01594573259353638,
  "plus_newton_mae": 2.3433617391883833e-08,
  "plus_newton_rmse": 2.991572991601415e-08,
  "plus_newton_r2": 0.9999999999999991,
  "plus_newton_valid_ratio": 1.0,
  "plus_newton_residual_mean": 3.303242183601317e-14,
  "plus_newton_residual_median": 1.1102230246251565e-16,
  "plus_newton_residual_p90": 5.997979890537418e-14,
  "plus_newton_newton_iter_mean": 2.1117,
  "plus_newton_newton_iter_median": 2.0,
  "plus_newton_newton_iter_p90": 3.0,
  "plus_newton_converged_ratio": 1.0,
  "hp_use_log_ab": false,
  "hp_optimizer": "adamw",
  "hp_criterion": "smoothl1",
  "hp_dropout": 0.1,
  "hp_lr": 0.0005,
  "hp_weight_decay": 0.0001,
  "hp_hidden_dims": "[256, 256, 128]",
  "hp_hidden_size": 128,
  "hp_num_layers": 1,
  "hp_head_hidden": 128,
  "hp_head_layers": 2,
  "hp_d_model": 32,
  "hp_nhead": 2,
  "hp_ff_dim": 128,
  "hp_use_cls_token": true
}{
  "trial_id": 1972,
  "trial_name": "trial_1972_transformer",
  "model": "transformer",
  "best_epoch": 64,
  "elapsed_sec": 122.8283793926239,
  "direct_mae": 0.006979348603636026,
  "direct_rmse": 0.01016030553728342,
  "direct_r2": 0.9998925402251189,
  "direct_valid_ratio": 1.0,
  "direct_residual_mean": 0.008083478547632694,
  "direct_residual_median": 0.006253793835639954,
  "direct_residual_p90": 0.01594573259353638,
  "plus_newton_mae": 2.3433617391883833e-08,
  "plus_newton_rmse": 2.991572991601415e-08,
  "plus_newton_r2": 0.9999999999999991,
  "plus_newton_valid_ratio": 1.0,
  "plus_newton_residual_mean": 3.303242183601317e-14,
  "plus_newton_residual_median": 1.1102230246251565e-16,
  "plus_newton_residual_p90": 5.997979890537418e-14,
  "plus_newton_newton_iter_mean": 2.1117,
  "plus_newton_newton_iter_median": 2.0,
  "plus_newton_newton_iter_p90": 3.0,
  "plus_newton_converged_ratio": 1.0,
  "hp_use_log_ab": false,
  "hp_optimizer": "adamw",
  "hp_criterion": "smoothl1",
  "hp_dropout": 0.1,
  "hp_lr": 0.0005,
  "hp_weight_decay": 0.0001,
  "hp_hidden_dims": "[256, 256, 128]",
  "hp_hidden_size": 128,
  "hp_num_layers": 1,
  "hp_head_hidden": 128,
  "hp_head_layers": 2,
  "hp_d_model": 32,
  "hp_nhead": 2,
  "hp_ff_dim": 128,
  "hp_use_cls_token": true
}