{
  "trial_id": 2490,
  "trial_name": "trial_2490_transformer",
  "model": "transformer",
  "best_epoch": 118,
  "elapsed_sec": 172.59705090522766,
  "direct_mae": 0.001524504041299224,
  "direct_rmse": 0.0019077445613220334,
  "direct_r2": 0.9999962114516165,
  "direct_valid_ratio": 1.0,
  "direct_residual_mean": 0.0017955413786694407,
  "direct_residual_median": 0.001501530408859253,
  "direct_residual_p90": 0.003556960821151734,
  "plus_newton_mae": 2.3433618725495377e-08,
  "plus_newton_rmse": 2.9915730499278913e-08,
  "plus_newton_r2": 0.9999999999999991,
  "plus_newton_valid_ratio": 1.0,
  "plus_newton_residual_mean": 1.6578644075845882e-14,
  "plus_newton_residual_median": 8.326672684688674e-17,
  "plus_newton_residual_p90": 7.438494264988549e-15,
  "plus_newton_newton_iter_mean": 1.9917,
  "plus_newton_newton_iter_median": 2.0,
  "plus_newton_newton_iter_p90": 2.0,
  "plus_newton_converged_ratio": 1.0,
  "hp_use_log_ab": true,
  "hp_optimizer": "adamw",
  "hp_criterion": "mse",
  "hp_dropout": 0.0,
  "hp_lr": 0.0005,
  "hp_weight_decay": 0.0001,
  "hp_hidden_dims": "[256, 256, 128]",
  "hp_hidden_size": 128,
  "hp_num_layers": 1,
  "hp_head_hidden": 128,
  "hp_head_layers": 2,
  "hp_d_model": 64,
  "hp_nhead": 2,
  "hp_ff_dim": 64,
  "hp_use_cls_token": true
}{
  "trial_id": 2490,
  "trial_name": "trial_2490_transformer",
  "model": "transformer",
  "best_epoch": 118,
  "elapsed_sec": 172.59705090522766,
  "direct_mae": 0.001524504041299224,
  "direct_rmse": 0.0019077445613220334,
  "direct_r2": 0.9999962114516165,
  "direct_valid_ratio": 1.0,
  "direct_residual_mean": 0.0017955413786694407,
  "direct_residual_median": 0.001501530408859253,
  "direct_residual_p90": 0.003556960821151734,
  "plus_newton_mae": 2.3433618725495377e-08,
  "plus_newton_rmse": 2.9915730499278913e-08,
  "plus_newton_r2": 0.9999999999999991,
  "plus_newton_valid_ratio": 1.0,
  "plus_newton_residual_mean": 1.6578644075845882e-14,
  "plus_newton_residual_median": 8.326672684688674e-17,
  "plus_newton_residual_p90": 7.438494264988549e-15,
  "plus_newton_newton_iter_mean": 1.9917,
  "plus_newton_newton_iter_median": 2.0,
  "plus_newton_newton_iter_p90": 2.0,
  "plus_newton_converged_ratio": 1.0,
  "hp_use_log_ab": true,
  "hp_optimizer": "adamw",
  "hp_criterion": "mse",
  "hp_dropout": 0.0,
  "hp_lr": 0.0005,
  "hp_weight_decay": 0.0001,
  "hp_hidden_dims": "[256, 256, 128]",
  "hp_hidden_size": 128,
  "hp_num_layers": 1,
  "hp_head_hidden": 128,
  "hp_head_layers": 2,
  "hp_d_model": 64,
  "hp_nhead": 2,
  "hp_ff_dim": 64,
  "hp_use_cls_token": true
}