{
  "trial_id": 2523,
  "trial_name": "trial_2523_transformer",
  "model": "transformer",
  "best_epoch": 110,
  "elapsed_sec": 210.8859932422638,
  "direct_mae": 0.0030227925162762403,
  "direct_rmse": 0.003865063888952136,
  "direct_r2": 0.9999844494504941,
  "direct_valid_ratio": 1.0,
  "direct_residual_mean": 0.0037726485170423985,
  "direct_residual_median": 0.002911612391471863,
  "direct_residual_p90": 0.008189122658222915,
  "plus_newton_mae": 2.3433617954530064e-08,
  "plus_newton_rmse": 2.9915729795997655e-08,
  "plus_newton_r2": 0.9999999999999991,
  "plus_newton_valid_ratio": 1.0,
  "plus_newton_residual_mean": 3.0751526283100764e-14,
  "plus_newton_residual_median": 1.1102230246251565e-16,
  "plus_newton_residual_p90": 3.4314912022992525e-14,
  "plus_newton_newton_iter_mean": 2.0727,
  "plus_newton_newton_iter_median": 2.0,
  "plus_newton_newton_iter_p90": 2.0,
  "plus_newton_converged_ratio": 1.0,
  "hp_use_log_ab": true,
  "hp_optimizer": "adamw",
  "hp_criterion": "mse",
  "hp_dropout": 0.0,
  "hp_lr": 0.0005,
  "hp_weight_decay": 0.0001,
  "hp_hidden_dims": "[256, 256, 128]",
  "hp_hidden_size": 128,
  "hp_num_layers": 2,
  "hp_head_hidden": 64,
  "hp_head_layers": 2,
  "hp_d_model": 64,
  "hp_nhead": 2,
  "hp_ff_dim": 128,
  "hp_use_cls_token": false
}{
  "trial_id": 2523,
  "trial_name": "trial_2523_transformer",
  "model": "transformer",
  "best_epoch": 110,
  "elapsed_sec": 210.8859932422638,
  "direct_mae": 0.0030227925162762403,
  "direct_rmse": 0.003865063888952136,
  "direct_r2": 0.9999844494504941,
  "direct_valid_ratio": 1.0,
  "direct_residual_mean": 0.0037726485170423985,
  "direct_residual_median": 0.002911612391471863,
  "direct_residual_p90": 0.008189122658222915,
  "plus_newton_mae": 2.3433617954530064e-08,
  "plus_newton_rmse": 2.9915729795997655e-08,
  "plus_newton_r2": 0.9999999999999991,
  "plus_newton_valid_ratio": 1.0,
  "plus_newton_residual_mean": 3.0751526283100764e-14,
  "plus_newton_residual_median": 1.1102230246251565e-16,
  "plus_newton_residual_p90": 3.4314912022992525e-14,
  "plus_newton_newton_iter_mean": 2.0727,
  "plus_newton_newton_iter_median": 2.0,
  "plus_newton_newton_iter_p90": 2.0,
  "plus_newton_converged_ratio": 1.0,
  "hp_use_log_ab": true,
  "hp_optimizer": "adamw",
  "hp_criterion": "mse",
  "hp_dropout": 0.0,
  "hp_lr": 0.0005,
  "hp_weight_decay": 0.0001,
  "hp_hidden_dims": "[256, 256, 128]",
  "hp_hidden_size": 128,
  "hp_num_layers": 2,
  "hp_head_hidden": 64,
  "hp_head_layers": 2,
  "hp_d_model": 64,
  "hp_nhead": 2,
  "hp_ff_dim": 128,
  "hp_use_cls_token": false
}