{
  "trial_id": 992,
  "trial_name": "trial_992_transformer",
  "model": "transformer",
  "best_epoch": 85,
  "elapsed_sec": 190.93160128593445,
  "direct_mae": 0.011172810569405556,
  "direct_rmse": 0.0163288451731205,
  "direct_r2": 0.9997224486724008,
  "direct_valid_ratio": 1.0,
  "direct_residual_mean": 0.013246254064142704,
  "direct_residual_median": 0.008959099650382996,
  "direct_residual_p90": 0.03159757554531099,
  "plus_newton_mae": 2.3433618599557668e-08,
  "plus_newton_rmse": 2.9915729469220285e-08,
  "plus_newton_r2": 0.9999999999999991,
  "plus_newton_valid_ratio": 1.0,
  "plus_newton_residual_mean": 3.5252903432441074e-14,
  "plus_newton_residual_median": 1.1102230246251565e-16,
  "plus_newton_residual_p90": 5.484501741648273e-14,
  "plus_newton_newton_iter_mean": 2.2227,
  "plus_newton_newton_iter_median": 2.0,
  "plus_newton_newton_iter_p90": 3.0,
  "plus_newton_converged_ratio": 1.0,
  "hp_use_log_ab": false,
  "hp_optimizer": "adamw",
  "hp_criterion": "mse",
  "hp_dropout": 0.1,
  "hp_lr": 0.0005,
  "hp_weight_decay": 0.0001,
  "hp_hidden_dims": "[256, 256, 128]",
  "hp_hidden_size": 128,
  "hp_num_layers": 2,
  "hp_head_hidden": 64,
  "hp_head_layers": 2,
  "hp_d_model": 64,
  "hp_nhead": 4,
  "hp_ff_dim": 128,
  "hp_use_cls_token": true
}{
  "trial_id": 992,
  "trial_name": "trial_992_transformer",
  "model": "transformer",
  "best_epoch": 85,
  "elapsed_sec": 190.93160128593445,
  "direct_mae": 0.011172810569405556,
  "direct_rmse": 0.0163288451731205,
  "direct_r2": 0.9997224486724008,
  "direct_valid_ratio": 1.0,
  "direct_residual_mean": 0.013246254064142704,
  "direct_residual_median": 0.008959099650382996,
  "direct_residual_p90": 0.03159757554531099,
  "plus_newton_mae": 2.3433618599557668e-08,
  "plus_newton_rmse": 2.9915729469220285e-08,
  "plus_newton_r2": 0.9999999999999991,
  "plus_newton_valid_ratio": 1.0,
  "plus_newton_residual_mean": 3.5252903432441074e-14,
  "plus_newton_residual_median": 1.1102230246251565e-16,
  "plus_newton_residual_p90": 5.484501741648273e-14,
  "plus_newton_newton_iter_mean": 2.2227,
  "plus_newton_newton_iter_median": 2.0,
  "plus_newton_newton_iter_p90": 3.0,
  "plus_newton_converged_ratio": 1.0,
  "hp_use_log_ab": false,
  "hp_optimizer": "adamw",
  "hp_criterion": "mse",
  "hp_dropout": 0.1,
  "hp_lr": 0.0005,
  "hp_weight_decay": 0.0001,
  "hp_hidden_dims": "[256, 256, 128]",
  "hp_hidden_size": 128,
  "hp_num_layers": 2,
  "hp_head_hidden": 64,
  "hp_head_layers": 2,
  "hp_d_model": 64,
  "hp_nhead": 4,
  "hp_ff_dim": 128,
  "hp_use_cls_token": true
}