{
  "trial_id": 82,
  "trial_name": "trial_082_lstm",
  "model": "lstm",
  "best_epoch": 101,
  "elapsed_sec": 310.37880778312683,
  "direct_mae": 0.010079899802803993,
  "direct_rmse": 0.014513623900711536,
  "direct_r2": 0.9997807275358355,
  "direct_valid_ratio": 1.0,
  "direct_residual_mean": 0.011735386215150356,
  "direct_residual_median": 0.00852113962173462,
  "direct_residual_p90": 0.027700221538543717,
  "plus_newton_mae": 2.3433615987283058e-08,
  "plus_newton_rmse": 2.991572835212892e-08,
  "plus_newton_r2": 0.9999999999999991,
  "plus_newton_valid_ratio": 1.0,
  "plus_newton_residual_mean": 4.5455578533743664e-14,
  "plus_newton_residual_median": 1.1102230246251565e-16,
  "plus_newton_residual_p90": 1.0647455139789487e-13,
  "plus_newton_newton_iter_mean": 2.1639,
  "plus_newton_newton_iter_median": 2.0,
  "plus_newton_newton_iter_p90": 3.0,
  "plus_newton_converged_ratio": 1.0,
  "hp_use_log_ab": false,
  "hp_optimizer": "adamw",
  "hp_criterion": "mse",
  "hp_dropout": 0.1,
  "hp_lr": 0.001,
  "hp_weight_decay": 0.0001,
  "hp_hidden_dims": "[256, 256, 128]",
  "hp_hidden_size": 64,
  "hp_num_layers": 1,
  "hp_head_hidden": 64,
  "hp_head_layers": 2,
  "hp_d_model": 64,
  "hp_nhead": 4,
  "hp_ff_dim": 128,
  "hp_use_cls_token": false
}{
  "trial_id": 82,
  "trial_name": "trial_082_lstm",
  "model": "lstm",
  "best_epoch": 101,
  "elapsed_sec": 310.37880778312683,
  "direct_mae": 0.010079899802803993,
  "direct_rmse": 0.014513623900711536,
  "direct_r2": 0.9997807275358355,
  "direct_valid_ratio": 1.0,
  "direct_residual_mean": 0.011735386215150356,
  "direct_residual_median": 0.00852113962173462,
  "direct_residual_p90": 0.027700221538543717,
  "plus_newton_mae": 2.3433615987283058e-08,
  "plus_newton_rmse": 2.991572835212892e-08,
  "plus_newton_r2": 0.9999999999999991,
  "plus_newton_valid_ratio": 1.0,
  "plus_newton_residual_mean": 4.5455578533743664e-14,
  "plus_newton_residual_median": 1.1102230246251565e-16,
  "plus_newton_residual_p90": 1.0647455139789487e-13,
  "plus_newton_newton_iter_mean": 2.1639,
  "plus_newton_newton_iter_median": 2.0,
  "plus_newton_newton_iter_p90": 3.0,
  "plus_newton_converged_ratio": 1.0,
  "hp_use_log_ab": false,
  "hp_optimizer": "adamw",
  "hp_criterion": "mse",
  "hp_dropout": 0.1,
  "hp_lr": 0.001,
  "hp_weight_decay": 0.0001,
  "hp_hidden_dims": "[256, 256, 128]",
  "hp_hidden_size": 64,
  "hp_num_layers": 1,
  "hp_head_hidden": 64,
  "hp_head_layers": 2,
  "hp_d_model": 64,
  "hp_nhead": 4,
  "hp_ff_dim": 128,
  "hp_use_cls_token": false
}