{
  "trial_id": 1665,
  "trial_name": "trial_1665_transformer",
  "model": "transformer",
  "best_epoch": 7,
  "elapsed_sec": 37.677574634552,
  "direct_mae": 0.34004878997802734,
  "direct_rmse": 0.4180448651313782,
  "direct_r2": 0.8180809617042542,
  "direct_valid_ratio": 1.0,
  "direct_residual_mean": 0.3838099241256714,
  "direct_residual_median": 0.3563808798789978,
  "direct_residual_p90": 0.7502852201461792,
  "plus_newton_mae": 2.343361899850353e-08,
  "plus_newton_rmse": 2.991573092660372e-08,
  "plus_newton_r2": 0.9999999999999991,
  "plus_newton_valid_ratio": 1.0,
  "plus_newton_residual_mean": 4.423181381515108e-14,
  "plus_newton_residual_median": 2.220446049250313e-16,
  "plus_newton_residual_p90": 1.0117462423409064e-13,
  "plus_newton_newton_iter_mean": 2.7546,
  "plus_newton_newton_iter_median": 3.0,
  "plus_newton_newton_iter_p90": 3.0,
  "plus_newton_converged_ratio": 1.0,
  "hp_use_log_ab": false,
  "hp_optimizer": "adamw",
  "hp_criterion": "smoothl1",
  "hp_dropout": 0.1,
  "hp_lr": 0.001,
  "hp_weight_decay": 0.0001,
  "hp_hidden_dims": "[256, 256, 128]",
  "hp_hidden_size": 128,
  "hp_num_layers": 1,
  "hp_head_hidden": 64,
  "hp_head_layers": 1,
  "hp_d_model": 32,
  "hp_nhead": 2,
  "hp_ff_dim": 64,
  "hp_use_cls_token": false
}{
  "trial_id": 1665,
  "trial_name": "trial_1665_transformer",
  "model": "transformer",
  "best_epoch": 7,
  "elapsed_sec": 37.677574634552,
  "direct_mae": 0.34004878997802734,
  "direct_rmse": 0.4180448651313782,
  "direct_r2": 0.8180809617042542,
  "direct_valid_ratio": 1.0,
  "direct_residual_mean": 0.3838099241256714,
  "direct_residual_median": 0.3563808798789978,
  "direct_residual_p90": 0.7502852201461792,
  "plus_newton_mae": 2.343361899850353e-08,
  "plus_newton_rmse": 2.991573092660372e-08,
  "plus_newton_r2": 0.9999999999999991,
  "plus_newton_valid_ratio": 1.0,
  "plus_newton_residual_mean": 4.423181381515108e-14,
  "plus_newton_residual_median": 2.220446049250313e-16,
  "plus_newton_residual_p90": 1.0117462423409064e-13,
  "plus_newton_newton_iter_mean": 2.7546,
  "plus_newton_newton_iter_median": 3.0,
  "plus_newton_newton_iter_p90": 3.0,
  "plus_newton_converged_ratio": 1.0,
  "hp_use_log_ab": false,
  "hp_optimizer": "adamw",
  "hp_criterion": "smoothl1",
  "hp_dropout": 0.1,
  "hp_lr": 0.001,
  "hp_weight_decay": 0.0001,
  "hp_hidden_dims": "[256, 256, 128]",
  "hp_hidden_size": 128,
  "hp_num_layers": 1,
  "hp_head_hidden": 64,
  "hp_head_layers": 1,
  "hp_d_model": 32,
  "hp_nhead": 2,
  "hp_ff_dim": 64,
  "hp_use_cls_token": false
}