{
  "trial_id": 3249,
  "trial_name": "trial_3249_transformer",
  "model": "transformer",
  "best_epoch": 38,
  "elapsed_sec": 82.44816327095032,
  "direct_mae": 0.0014337333850562572,
  "direct_rmse": 0.0019104152452200651,
  "direct_r2": 0.9999962008371313,
  "direct_valid_ratio": 1.0,
  "direct_residual_mean": 0.0017667346401140094,
  "direct_residual_median": 0.0012792572379112244,
  "direct_residual_p90": 0.0038235843181610115,
  "plus_newton_mae": 2.3433620020094124e-08,
  "plus_newton_rmse": 2.991573313336449e-08,
  "plus_newton_r2": 0.9999999999999991,
  "plus_newton_valid_ratio": 1.0,
  "plus_newton_residual_mean": 2.5109999607472908e-14,
  "plus_newton_residual_median": 6.787105599759258e-17,
  "plus_newton_residual_p90": 1.3553047573111629e-14,
  "plus_newton_newton_iter_mean": 2.0001,
  "plus_newton_newton_iter_median": 2.0,
  "plus_newton_newton_iter_p90": 2.0,
  "plus_newton_converged_ratio": 1.0,
  "hp_use_log_ab": true,
  "hp_optimizer": "adamw",
  "hp_criterion": "smoothl1",
  "hp_dropout": 0.0,
  "hp_lr": 0.001,
  "hp_weight_decay": 0.0001,
  "hp_hidden_dims": "[256, 256, 128]",
  "hp_hidden_size": 128,
  "hp_num_layers": 1,
  "hp_head_hidden": 128,
  "hp_head_layers": 2,
  "hp_d_model": 32,
  "hp_nhead": 2,
  "hp_ff_dim": 64,
  "hp_use_cls_token": false
}{
  "trial_id": 3249,
  "trial_name": "trial_3249_transformer",
  "model": "transformer",
  "best_epoch": 38,
  "elapsed_sec": 82.44816327095032,
  "direct_mae": 0.0014337333850562572,
  "direct_rmse": 0.0019104152452200651,
  "direct_r2": 0.9999962008371313,
  "direct_valid_ratio": 1.0,
  "direct_residual_mean": 0.0017667346401140094,
  "direct_residual_median": 0.0012792572379112244,
  "direct_residual_p90": 0.0038235843181610115,
  "plus_newton_mae": 2.3433620020094124e-08,
  "plus_newton_rmse": 2.991573313336449e-08,
  "plus_newton_r2": 0.9999999999999991,
  "plus_newton_valid_ratio": 1.0,
  "plus_newton_residual_mean": 2.5109999607472908e-14,
  "plus_newton_residual_median": 6.787105599759258e-17,
  "plus_newton_residual_p90": 1.3553047573111629e-14,
  "plus_newton_newton_iter_mean": 2.0001,
  "plus_newton_newton_iter_median": 2.0,
  "plus_newton_newton_iter_p90": 2.0,
  "plus_newton_converged_ratio": 1.0,
  "hp_use_log_ab": true,
  "hp_optimizer": "adamw",
  "hp_criterion": "smoothl1",
  "hp_dropout": 0.0,
  "hp_lr": 0.001,
  "hp_weight_decay": 0.0001,
  "hp_hidden_dims": "[256, 256, 128]",
  "hp_hidden_size": 128,
  "hp_num_layers": 1,
  "hp_head_hidden": 128,
  "hp_head_layers": 2,
  "hp_d_model": 32,
  "hp_nhead": 2,
  "hp_ff_dim": 64,
  "hp_use_cls_token": false
}