{
  "trial_id": 612,
  "trial_name": "trial_612_transformer",
  "model": "transformer",
  "best_epoch": 72,
  "elapsed_sec": 181.90599751472473,
  "direct_mae": 0.34044960141181946,
  "direct_rmse": 0.41691428422927856,
  "direct_r2": 0.81906358897686,
  "direct_valid_ratio": 1.0,
  "direct_residual_mean": 0.3834923803806305,
  "direct_residual_median": 0.36014580726623535,
  "direct_residual_p90": 0.7225380063056946,
  "plus_newton_mae": 2.3433619427805925e-08,
  "plus_newton_rmse": 2.991573148932806e-08,
  "plus_newton_r2": 0.9999999999999991,
  "plus_newton_valid_ratio": 1.0,
  "plus_newton_residual_mean": 4.4547533723931644e-14,
  "plus_newton_residual_median": 1.457167719820518e-16,
  "plus_newton_residual_p90": 1.0326184352038585e-13,
  "plus_newton_newton_iter_mean": 2.7551,
  "plus_newton_newton_iter_median": 3.0,
  "plus_newton_newton_iter_p90": 3.0,
  "plus_newton_converged_ratio": 1.0,
  "hp_use_log_ab": false,
  "hp_optimizer": "adamw",
  "hp_criterion": "mse",
  "hp_dropout": 0.1,
  "hp_lr": 0.001,
  "hp_weight_decay": 1e-05,
  "hp_hidden_dims": "[256, 256, 128]",
  "hp_hidden_size": 128,
  "hp_num_layers": 2,
  "hp_head_hidden": 128,
  "hp_head_layers": 1,
  "hp_d_model": 32,
  "hp_nhead": 2,
  "hp_ff_dim": 128,
  "hp_use_cls_token": true
}{
  "trial_id": 612,
  "trial_name": "trial_612_transformer",
  "model": "transformer",
  "best_epoch": 72,
  "elapsed_sec": 181.90599751472473,
  "direct_mae": 0.34044960141181946,
  "direct_rmse": 0.41691428422927856,
  "direct_r2": 0.81906358897686,
  "direct_valid_ratio": 1.0,
  "direct_residual_mean": 0.3834923803806305,
  "direct_residual_median": 0.36014580726623535,
  "direct_residual_p90": 0.7225380063056946,
  "plus_newton_mae": 2.3433619427805925e-08,
  "plus_newton_rmse": 2.991573148932806e-08,
  "plus_newton_r2": 0.9999999999999991,
  "plus_newton_valid_ratio": 1.0,
  "plus_newton_residual_mean": 4.4547533723931644e-14,
  "plus_newton_residual_median": 1.457167719820518e-16,
  "plus_newton_residual_p90": 1.0326184352038585e-13,
  "plus_newton_newton_iter_mean": 2.7551,
  "plus_newton_newton_iter_median": 3.0,
  "plus_newton_newton_iter_p90": 3.0,
  "plus_newton_converged_ratio": 1.0,
  "hp_use_log_ab": false,
  "hp_optimizer": "adamw",
  "hp_criterion": "mse",
  "hp_dropout": 0.1,
  "hp_lr": 0.001,
  "hp_weight_decay": 1e-05,
  "hp_hidden_dims": "[256, 256, 128]",
  "hp_hidden_size": 128,
  "hp_num_layers": 2,
  "hp_head_hidden": 128,
  "hp_head_layers": 1,
  "hp_d_model": 32,
  "hp_nhead": 2,
  "hp_ff_dim": 128,
  "hp_use_cls_token": true
}