{
  "trial_id": 2977,
  "trial_name": "trial_2977_transformer",
  "model": "transformer",
  "best_epoch": 30,
  "elapsed_sec": 189.28794956207275,
  "direct_mae": 0.10413630306720734,
  "direct_rmse": 0.13278761506080627,
  "direct_r2": 0.9816452898085117,
  "direct_valid_ratio": 1.0,
  "direct_residual_mean": 0.1314868927001953,
  "direct_residual_median": 0.10473200678825378,
  "direct_residual_p90": 0.2561076998710633,
  "plus_newton_mae": 2.3433618567837958e-08,
  "plus_newton_rmse": 2.991572988046274e-08,
  "plus_newton_r2": 0.9999999999999991,
  "plus_newton_valid_ratio": 1.0,
  "plus_newton_residual_mean": 3.3881000767897526e-14,
  "plus_newton_residual_median": 1.1102230246251565e-16,
  "plus_newton_residual_p90": 4.5641268542340226e-14,
  "plus_newton_newton_iter_mean": 2.6092,
  "plus_newton_newton_iter_median": 3.0,
  "plus_newton_newton_iter_p90": 3.0,
  "plus_newton_converged_ratio": 1.0,
  "hp_use_log_ab": true,
  "hp_optimizer": "adamw",
  "hp_criterion": "mse",
  "hp_dropout": 0.1,
  "hp_lr": 0.0005,
  "hp_weight_decay": 0.0001,
  "hp_hidden_dims": "[256, 256, 128]",
  "hp_hidden_size": 128,
  "hp_num_layers": 1,
  "hp_head_hidden": 128,
  "hp_head_layers": 1,
  "hp_d_model": 32,
  "hp_nhead": 2,
  "hp_ff_dim": 64,
  "hp_use_cls_token": false
}{
  "trial_id": 2977,
  "trial_name": "trial_2977_transformer",
  "model": "transformer",
  "best_epoch": 30,
  "elapsed_sec": 189.28794956207275,
  "direct_mae": 0.10413630306720734,
  "direct_rmse": 0.13278761506080627,
  "direct_r2": 0.9816452898085117,
  "direct_valid_ratio": 1.0,
  "direct_residual_mean": 0.1314868927001953,
  "direct_residual_median": 0.10473200678825378,
  "direct_residual_p90": 0.2561076998710633,
  "plus_newton_mae": 2.3433618567837958e-08,
  "plus_newton_rmse": 2.991572988046274e-08,
  "plus_newton_r2": 0.9999999999999991,
  "plus_newton_valid_ratio": 1.0,
  "plus_newton_residual_mean": 3.3881000767897526e-14,
  "plus_newton_residual_median": 1.1102230246251565e-16,
  "plus_newton_residual_p90": 4.5641268542340226e-14,
  "plus_newton_newton_iter_mean": 2.6092,
  "plus_newton_newton_iter_median": 3.0,
  "plus_newton_newton_iter_p90": 3.0,
  "plus_newton_converged_ratio": 1.0,
  "hp_use_log_ab": true,
  "hp_optimizer": "adamw",
  "hp_criterion": "mse",
  "hp_dropout": 0.1,
  "hp_lr": 0.0005,
  "hp_weight_decay": 0.0001,
  "hp_hidden_dims": "[256, 256, 128]",
  "hp_hidden_size": 128,
  "hp_num_layers": 1,
  "hp_head_hidden": 128,
  "hp_head_layers": 1,
  "hp_d_model": 32,
  "hp_nhead": 2,
  "hp_ff_dim": 64,
  "hp_use_cls_token": false
}