{
  "trial_id": 382,
  "trial_name": "trial_382_gru",
  "model": "gru",
  "best_epoch": 89,
  "elapsed_sec": 249.75539541244507,
  "direct_mae": 0.01019550021737814,
  "direct_rmse": 0.013167872093617916,
  "direct_r2": 0.9998195056687109,
  "direct_valid_ratio": 1.0,
  "direct_residual_mean": 0.01178019493818283,
  "direct_residual_median": 0.009405404329299927,
  "direct_residual_p90": 0.02572153210639954,
  "plus_newton_mae": 2.3433617927951845e-08,
  "plus_newton_rmse": 2.99157302292036e-08,
  "plus_newton_r2": 0.9999999999999991,
  "plus_newton_valid_ratio": 1.0,
  "plus_newton_residual_mean": 4.1034734279039877e-14,
  "plus_newton_residual_median": 1.1102230246251565e-16,
  "plus_newton_residual_p90": 8.728573419602989e-14,
  "plus_newton_newton_iter_mean": 2.1707,
  "plus_newton_newton_iter_median": 2.0,
  "plus_newton_newton_iter_p90": 3.0,
  "plus_newton_converged_ratio": 1.0,
  "hp_use_log_ab": true,
  "hp_optimizer": "adamw",
  "hp_criterion": "mse",
  "hp_dropout": 0.1,
  "hp_lr": 0.0005,
  "hp_weight_decay": 0.0001,
  "hp_hidden_dims": "[256, 256, 128]",
  "hp_hidden_size": 128,
  "hp_num_layers": 2,
  "hp_head_hidden": 64,
  "hp_head_layers": 2,
  "hp_d_model": 64,
  "hp_nhead": 4,
  "hp_ff_dim": 128,
  "hp_use_cls_token": false
}{
  "trial_id": 382,
  "trial_name": "trial_382_gru",
  "model": "gru",
  "best_epoch": 89,
  "elapsed_sec": 249.75539541244507,
  "direct_mae": 0.01019550021737814,
  "direct_rmse": 0.013167872093617916,
  "direct_r2": 0.9998195056687109,
  "direct_valid_ratio": 1.0,
  "direct_residual_mean": 0.01178019493818283,
  "direct_residual_median": 0.009405404329299927,
  "direct_residual_p90": 0.02572153210639954,
  "plus_newton_mae": 2.3433617927951845e-08,
  "plus_newton_rmse": 2.99157302292036e-08,
  "plus_newton_r2": 0.9999999999999991,
  "plus_newton_valid_ratio": 1.0,
  "plus_newton_residual_mean": 4.1034734279039877e-14,
  "plus_newton_residual_median": 1.1102230246251565e-16,
  "plus_newton_residual_p90": 8.728573419602989e-14,
  "plus_newton_newton_iter_mean": 2.1707,
  "plus_newton_newton_iter_median": 2.0,
  "plus_newton_newton_iter_p90": 3.0,
  "plus_newton_converged_ratio": 1.0,
  "hp_use_log_ab": true,
  "hp_optimizer": "adamw",
  "hp_criterion": "mse",
  "hp_dropout": 0.1,
  "hp_lr": 0.0005,
  "hp_weight_decay": 0.0001,
  "hp_hidden_dims": "[256, 256, 128]",
  "hp_hidden_size": 128,
  "hp_num_layers": 2,
  "hp_head_hidden": 64,
  "hp_head_layers": 2,
  "hp_d_model": 64,
  "hp_nhead": 4,
  "hp_ff_dim": 128,
  "hp_use_cls_token": false
}