{
  "trial_id": 2668,
  "trial_name": "trial_2668_transformer",
  "model": "transformer",
  "best_epoch": 10,
  "elapsed_sec": 266.8055148124695,
  "direct_mae": 0.10844669491052628,
  "direct_rmse": 0.13719135522842407,
  "direct_r2": 0.980407677590847,
  "direct_valid_ratio": 1.0,
  "direct_residual_mean": 0.13720861077308655,
  "direct_residual_median": 0.11053481698036194,
  "direct_residual_p90": 0.26254392564296725,
  "plus_newton_mae": 2.3433619043131785e-08,
  "plus_newton_rmse": 2.991572940088747e-08,
  "plus_newton_r2": 0.9999999999999991,
  "plus_newton_valid_ratio": 1.0,
  "plus_newton_residual_mean": 3.207858433442587e-14,
  "plus_newton_residual_median": 1.1102230246251565e-16,
  "plus_newton_residual_p90": 4.2693626411960415e-14,
  "plus_newton_newton_iter_mean": 2.6144,
  "plus_newton_newton_iter_median": 3.0,
  "plus_newton_newton_iter_p90": 3.0,
  "plus_newton_converged_ratio": 1.0,
  "hp_use_log_ab": true,
  "hp_optimizer": "adamw",
  "hp_criterion": "mse",
  "hp_dropout": 0.1,
  "hp_lr": 0.001,
  "hp_weight_decay": 1e-05,
  "hp_hidden_dims": "[256, 256, 128]",
  "hp_hidden_size": 128,
  "hp_num_layers": 2,
  "hp_head_hidden": 128,
  "hp_head_layers": 1,
  "hp_d_model": 64,
  "hp_nhead": 2,
  "hp_ff_dim": 128,
  "hp_use_cls_token": true
}{
  "trial_id": 2668,
  "trial_name": "trial_2668_transformer",
  "model": "transformer",
  "best_epoch": 10,
  "elapsed_sec": 266.8055148124695,
  "direct_mae": 0.10844669491052628,
  "direct_rmse": 0.13719135522842407,
  "direct_r2": 0.980407677590847,
  "direct_valid_ratio": 1.0,
  "direct_residual_mean": 0.13720861077308655,
  "direct_residual_median": 0.11053481698036194,
  "direct_residual_p90": 0.26254392564296725,
  "plus_newton_mae": 2.3433619043131785e-08,
  "plus_newton_rmse": 2.991572940088747e-08,
  "plus_newton_r2": 0.9999999999999991,
  "plus_newton_valid_ratio": 1.0,
  "plus_newton_residual_mean": 3.207858433442587e-14,
  "plus_newton_residual_median": 1.1102230246251565e-16,
  "plus_newton_residual_p90": 4.2693626411960415e-14,
  "plus_newton_newton_iter_mean": 2.6144,
  "plus_newton_newton_iter_median": 3.0,
  "plus_newton_newton_iter_p90": 3.0,
  "plus_newton_converged_ratio": 1.0,
  "hp_use_log_ab": true,
  "hp_optimizer": "adamw",
  "hp_criterion": "mse",
  "hp_dropout": 0.1,
  "hp_lr": 0.001,
  "hp_weight_decay": 1e-05,
  "hp_hidden_dims": "[256, 256, 128]",
  "hp_hidden_size": 128,
  "hp_num_layers": 2,
  "hp_head_hidden": 128,
  "hp_head_layers": 1,
  "hp_d_model": 64,
  "hp_nhead": 2,
  "hp_ff_dim": 128,
  "hp_use_cls_token": true
}