{
  "trial_id": 3027,
  "trial_name": "trial_3027_transformer",
  "model": "transformer",
  "best_epoch": 64,
  "elapsed_sec": 150.14093208312988,
  "direct_mae": 0.011712254025042057,
  "direct_rmse": 0.014261330477893353,
  "direct_r2": 0.9997882845927961,
  "direct_valid_ratio": 1.0,
  "direct_residual_mean": 0.014114635065197945,
  "direct_residual_median": 0.012345969676971436,
  "direct_residual_p90": 0.02840412855148316,
  "plus_newton_mae": 2.3433619787276382e-08,
  "plus_newton_rmse": 2.991573190060595e-08,
  "plus_newton_r2": 0.9999999999999991,
  "plus_newton_valid_ratio": 1.0,
  "plus_newton_residual_mean": 3.4721167395623766e-14,
  "plus_newton_residual_median": 1.1102230246251565e-16,
  "plus_newton_residual_p90": 5.418998583195393e-14,
  "plus_newton_newton_iter_mean": 2.2237,
  "plus_newton_newton_iter_median": 2.0,
  "plus_newton_newton_iter_p90": 3.0,
  "plus_newton_converged_ratio": 1.0,
  "hp_use_log_ab": true,
  "hp_optimizer": "adamw",
  "hp_criterion": "mse",
  "hp_dropout": 0.1,
  "hp_lr": 0.0005,
  "hp_weight_decay": 0.0001,
  "hp_hidden_dims": "[256, 256, 128]",
  "hp_hidden_size": 128,
  "hp_num_layers": 2,
  "hp_head_hidden": 64,
  "hp_head_layers": 2,
  "hp_d_model": 32,
  "hp_nhead": 2,
  "hp_ff_dim": 128,
  "hp_use_cls_token": false
}{
  "trial_id": 3027,
  "trial_name": "trial_3027_transformer",
  "model": "transformer",
  "best_epoch": 64,
  "elapsed_sec": 150.14093208312988,
  "direct_mae": 0.011712254025042057,
  "direct_rmse": 0.014261330477893353,
  "direct_r2": 0.9997882845927961,
  "direct_valid_ratio": 1.0,
  "direct_residual_mean": 0.014114635065197945,
  "direct_residual_median": 0.012345969676971436,
  "direct_residual_p90": 0.02840412855148316,
  "plus_newton_mae": 2.3433619787276382e-08,
  "plus_newton_rmse": 2.991573190060595e-08,
  "plus_newton_r2": 0.9999999999999991,
  "plus_newton_valid_ratio": 1.0,
  "plus_newton_residual_mean": 3.4721167395623766e-14,
  "plus_newton_residual_median": 1.1102230246251565e-16,
  "plus_newton_residual_p90": 5.418998583195393e-14,
  "plus_newton_newton_iter_mean": 2.2237,
  "plus_newton_newton_iter_median": 2.0,
  "plus_newton_newton_iter_p90": 3.0,
  "plus_newton_converged_ratio": 1.0,
  "hp_use_log_ab": true,
  "hp_optimizer": "adamw",
  "hp_criterion": "mse",
  "hp_dropout": 0.1,
  "hp_lr": 0.0005,
  "hp_weight_decay": 0.0001,
  "hp_hidden_dims": "[256, 256, 128]",
  "hp_hidden_size": 128,
  "hp_num_layers": 2,
  "hp_head_hidden": 64,
  "hp_head_layers": 2,
  "hp_d_model": 32,
  "hp_nhead": 2,
  "hp_ff_dim": 128,
  "hp_use_cls_token": false
}