{
  "trial_id": 2071,
  "trial_name": "trial_2071_transformer",
  "model": "transformer",
  "best_epoch": 113,
  "elapsed_sec": 167.09596610069275,
  "direct_mae": 0.0017231418751180172,
  "direct_rmse": 0.0021857500541955233,
  "direct_r2": 0.9999950268293105,
  "direct_valid_ratio": 1.0,
  "direct_residual_mean": 0.002136921975761652,
  "direct_residual_median": 0.0016828328371047974,
  "direct_residual_p90": 0.004415226727724076,
  "plus_newton_mae": 2.343361886469973e-08,
  "plus_newton_rmse": 2.9915731462325914e-08,
  "plus_newton_r2": 0.9999999999999991,
  "plus_newton_valid_ratio": 1.0,
  "plus_newton_residual_mean": 3.354758402734773e-14,
  "plus_newton_residual_median": 1.1102230246251565e-16,
  "plus_newton_residual_p90": 3.355093980417231e-14,
  "plus_newton_newton_iter_mean": 2.0006,
  "plus_newton_newton_iter_median": 2.0,
  "plus_newton_newton_iter_p90": 2.0,
  "plus_newton_converged_ratio": 1.0,
  "hp_use_log_ab": true,
  "hp_optimizer": "adamw",
  "hp_criterion": "mse",
  "hp_dropout": 0.0,
  "hp_lr": 0.001,
  "hp_weight_decay": 1e-05,
  "hp_hidden_dims": "[256, 256, 128]",
  "hp_hidden_size": 128,
  "hp_num_layers": 1,
  "hp_head_hidden": 64,
  "hp_head_layers": 2,
  "hp_d_model": 32,
  "hp_nhead": 4,
  "hp_ff_dim": 128,
  "hp_use_cls_token": false
}{
  "trial_id": 2071,
  "trial_name": "trial_2071_transformer",
  "model": "transformer",
  "best_epoch": 113,
  "elapsed_sec": 167.09596610069275,
  "direct_mae": 0.0017231418751180172,
  "direct_rmse": 0.0021857500541955233,
  "direct_r2": 0.9999950268293105,
  "direct_valid_ratio": 1.0,
  "direct_residual_mean": 0.002136921975761652,
  "direct_residual_median": 0.0016828328371047974,
  "direct_residual_p90": 0.004415226727724076,
  "plus_newton_mae": 2.343361886469973e-08,
  "plus_newton_rmse": 2.9915731462325914e-08,
  "plus_newton_r2": 0.9999999999999991,
  "plus_newton_valid_ratio": 1.0,
  "plus_newton_residual_mean": 3.354758402734773e-14,
  "plus_newton_residual_median": 1.1102230246251565e-16,
  "plus_newton_residual_p90": 3.355093980417231e-14,
  "plus_newton_newton_iter_mean": 2.0006,
  "plus_newton_newton_iter_median": 2.0,
  "plus_newton_newton_iter_p90": 2.0,
  "plus_newton_converged_ratio": 1.0,
  "hp_use_log_ab": true,
  "hp_optimizer": "adamw",
  "hp_criterion": "mse",
  "hp_dropout": 0.0,
  "hp_lr": 0.001,
  "hp_weight_decay": 1e-05,
  "hp_hidden_dims": "[256, 256, 128]",
  "hp_hidden_size": 128,
  "hp_num_layers": 1,
  "hp_head_hidden": 64,
  "hp_head_layers": 2,
  "hp_d_model": 32,
  "hp_nhead": 4,
  "hp_ff_dim": 128,
  "hp_use_cls_token": false
}