{
  "trial_id": 2478,
  "trial_name": "trial_2478_transformer",
  "model": "transformer",
  "best_epoch": 29,
  "elapsed_sec": 69.5259964466095,
  "direct_mae": 0.10478352010250092,
  "direct_rmse": 0.13243180513381958,
  "direct_r2": 0.9817435201257467,
  "direct_valid_ratio": 1.0,
  "direct_residual_mean": 0.13137216866016388,
  "direct_residual_median": 0.10680253803730011,
  "direct_residual_p90": 0.252318748831749,
  "plus_newton_mae": 2.343361834839701e-08,
  "plus_newton_rmse": 2.9915729963177567e-08,
  "plus_newton_r2": 0.9999999999999991,
  "plus_newton_valid_ratio": 1.0,
  "plus_newton_residual_mean": 3.371774846691738e-14,
  "plus_newton_residual_median": 1.1102230246251565e-16,
  "plus_newton_residual_p90": 4.642952688982413e-14,
  "plus_newton_newton_iter_mean": 2.6094,
  "plus_newton_newton_iter_median": 3.0,
  "plus_newton_newton_iter_p90": 3.0,
  "plus_newton_converged_ratio": 1.0,
  "hp_use_log_ab": true,
  "hp_optimizer": "adamw",
  "hp_criterion": "mse",
  "hp_dropout": 0.0,
  "hp_lr": 0.0005,
  "hp_weight_decay": 0.0001,
  "hp_hidden_dims": "[256, 256, 128]",
  "hp_hidden_size": 128,
  "hp_num_layers": 1,
  "hp_head_hidden": 128,
  "hp_head_layers": 1,
  "hp_d_model": 64,
  "hp_nhead": 4,
  "hp_ff_dim": 64,
  "hp_use_cls_token": true
}{
  "trial_id": 2478,
  "trial_name": "trial_2478_transformer",
  "model": "transformer",
  "best_epoch": 29,
  "elapsed_sec": 69.5259964466095,
  "direct_mae": 0.10478352010250092,
  "direct_rmse": 0.13243180513381958,
  "direct_r2": 0.9817435201257467,
  "direct_valid_ratio": 1.0,
  "direct_residual_mean": 0.13137216866016388,
  "direct_residual_median": 0.10680253803730011,
  "direct_residual_p90": 0.252318748831749,
  "plus_newton_mae": 2.343361834839701e-08,
  "plus_newton_rmse": 2.9915729963177567e-08,
  "plus_newton_r2": 0.9999999999999991,
  "plus_newton_valid_ratio": 1.0,
  "plus_newton_residual_mean": 3.371774846691738e-14,
  "plus_newton_residual_median": 1.1102230246251565e-16,
  "plus_newton_residual_p90": 4.642952688982413e-14,
  "plus_newton_newton_iter_mean": 2.6094,
  "plus_newton_newton_iter_median": 3.0,
  "plus_newton_newton_iter_p90": 3.0,
  "plus_newton_converged_ratio": 1.0,
  "hp_use_log_ab": true,
  "hp_optimizer": "adamw",
  "hp_criterion": "mse",
  "hp_dropout": 0.0,
  "hp_lr": 0.0005,
  "hp_weight_decay": 0.0001,
  "hp_hidden_dims": "[256, 256, 128]",
  "hp_hidden_size": 128,
  "hp_num_layers": 1,
  "hp_head_hidden": 128,
  "hp_head_layers": 1,
  "hp_d_model": 64,
  "hp_nhead": 4,
  "hp_ff_dim": 64,
  "hp_use_cls_token": true
}