{
  "trial_id": 2922,
  "trial_name": "trial_2922_transformer",
  "model": "transformer",
  "best_epoch": 106,
  "elapsed_sec": 1057.3775737285614,
  "direct_mae": 0.10233917832374573,
  "direct_rmse": 0.13031816482543945,
  "direct_r2": 0.9823216255754232,
  "direct_valid_ratio": 1.0,
  "direct_residual_mean": 0.12945197522640228,
  "direct_residual_median": 0.10356338322162628,
  "direct_residual_p90": 0.25384746491909027,
  "plus_newton_mae": 2.3433618421205322e-08,
  "plus_newton_rmse": 2.991572926167734e-08,
  "plus_newton_r2": 0.9999999999999991,
  "plus_newton_valid_ratio": 1.0,
  "plus_newton_residual_mean": 3.4211920699687824e-14,
  "plus_newton_residual_median": 1.1102230246251565e-16,
  "plus_newton_residual_p90": 5.275779813018752e-14,
  "plus_newton_newton_iter_mean": 2.6076,
  "plus_newton_newton_iter_median": 3.0,
  "plus_newton_newton_iter_p90": 3.0,
  "plus_newton_converged_ratio": 1.0,
  "hp_use_log_ab": true,
  "hp_optimizer": "adamw",
  "hp_criterion": "mse",
  "hp_dropout": 0.1,
  "hp_lr": 0.0005,
  "hp_weight_decay": 1e-05,
  "hp_hidden_dims": "[256, 256, 128]",
  "hp_hidden_size": 128,
  "hp_num_layers": 2,
  "hp_head_hidden": 128,
  "hp_head_layers": 1,
  "hp_d_model": 64,
  "hp_nhead": 2,
  "hp_ff_dim": 64,
  "hp_use_cls_token": true
}{
  "trial_id": 2922,
  "trial_name": "trial_2922_transformer",
  "model": "transformer",
  "best_epoch": 106,
  "elapsed_sec": 1057.3775737285614,
  "direct_mae": 0.10233917832374573,
  "direct_rmse": 0.13031816482543945,
  "direct_r2": 0.9823216255754232,
  "direct_valid_ratio": 1.0,
  "direct_residual_mean": 0.12945197522640228,
  "direct_residual_median": 0.10356338322162628,
  "direct_residual_p90": 0.25384746491909027,
  "plus_newton_mae": 2.3433618421205322e-08,
  "plus_newton_rmse": 2.991572926167734e-08,
  "plus_newton_r2": 0.9999999999999991,
  "plus_newton_valid_ratio": 1.0,
  "plus_newton_residual_mean": 3.4211920699687824e-14,
  "plus_newton_residual_median": 1.1102230246251565e-16,
  "plus_newton_residual_p90": 5.275779813018752e-14,
  "plus_newton_newton_iter_mean": 2.6076,
  "plus_newton_newton_iter_median": 3.0,
  "plus_newton_newton_iter_p90": 3.0,
  "plus_newton_converged_ratio": 1.0,
  "hp_use_log_ab": true,
  "hp_optimizer": "adamw",
  "hp_criterion": "mse",
  "hp_dropout": 0.1,
  "hp_lr": 0.0005,
  "hp_weight_decay": 1e-05,
  "hp_hidden_dims": "[256, 256, 128]",
  "hp_hidden_size": 128,
  "hp_num_layers": 2,
  "hp_head_hidden": 128,
  "hp_head_layers": 1,
  "hp_d_model": 64,
  "hp_nhead": 2,
  "hp_ff_dim": 64,
  "hp_use_cls_token": true
}