{
  "trial_id": 1423,
  "trial_name": "trial_1423_transformer",
  "model": "transformer",
  "best_epoch": 10,
  "elapsed_sec": 40.73382639884949,
  "direct_mae": 0.3400147259235382,
  "direct_rmse": 0.417513906955719,
  "direct_r2": 0.8185427635908127,
  "direct_valid_ratio": 1.0,
  "direct_residual_mean": 0.38381966948509216,
  "direct_residual_median": 0.35594186186790466,
  "direct_residual_p90": 0.7449495851993562,
  "plus_newton_mae": 2.3433618960649322e-08,
  "plus_newton_rmse": 2.9915730548355096e-08,
  "plus_newton_r2": 0.9999999999999991,
  "plus_newton_valid_ratio": 1.0,
  "plus_newton_residual_mean": 4.190283172943277e-14,
  "plus_newton_residual_median": 1.6653345369377348e-16,
  "plus_newton_residual_p90": 8.69054828100957e-14,
  "plus_newton_newton_iter_mean": 2.7598,
  "plus_newton_newton_iter_median": 3.0,
  "plus_newton_newton_iter_p90": 3.0,
  "plus_newton_converged_ratio": 1.0,
  "hp_use_log_ab": false,
  "hp_optimizer": "adamw",
  "hp_criterion": "smoothl1",
  "hp_dropout": 0.0,
  "hp_lr": 0.0005,
  "hp_weight_decay": 0.0001,
  "hp_hidden_dims": "[256, 256, 128]",
  "hp_hidden_size": 128,
  "hp_num_layers": 1,
  "hp_head_hidden": 64,
  "hp_head_layers": 1,
  "hp_d_model": 64,
  "hp_nhead": 4,
  "hp_ff_dim": 128,
  "hp_use_cls_token": false
}{
  "trial_id": 1423,
  "trial_name": "trial_1423_transformer",
  "model": "transformer",
  "best_epoch": 10,
  "elapsed_sec": 40.73382639884949,
  "direct_mae": 0.3400147259235382,
  "direct_rmse": 0.417513906955719,
  "direct_r2": 0.8185427635908127,
  "direct_valid_ratio": 1.0,
  "direct_residual_mean": 0.38381966948509216,
  "direct_residual_median": 0.35594186186790466,
  "direct_residual_p90": 0.7449495851993562,
  "plus_newton_mae": 2.3433618960649322e-08,
  "plus_newton_rmse": 2.9915730548355096e-08,
  "plus_newton_r2": 0.9999999999999991,
  "plus_newton_valid_ratio": 1.0,
  "plus_newton_residual_mean": 4.190283172943277e-14,
  "plus_newton_residual_median": 1.6653345369377348e-16,
  "plus_newton_residual_p90": 8.69054828100957e-14,
  "plus_newton_newton_iter_mean": 2.7598,
  "plus_newton_newton_iter_median": 3.0,
  "plus_newton_newton_iter_p90": 3.0,
  "plus_newton_converged_ratio": 1.0,
  "hp_use_log_ab": false,
  "hp_optimizer": "adamw",
  "hp_criterion": "smoothl1",
  "hp_dropout": 0.0,
  "hp_lr": 0.0005,
  "hp_weight_decay": 0.0001,
  "hp_hidden_dims": "[256, 256, 128]",
  "hp_hidden_size": 128,
  "hp_num_layers": 1,
  "hp_head_hidden": 64,
  "hp_head_layers": 1,
  "hp_d_model": 64,
  "hp_nhead": 4,
  "hp_ff_dim": 128,
  "hp_use_cls_token": false
}