{
  "trial_id": 2260,
  "trial_name": "trial_2260_transformer",
  "model": "transformer",
  "best_epoch": 78,
  "elapsed_sec": 172.73009395599365,
  "direct_mae": 0.0020303174387663603,
  "direct_rmse": 0.0025604483671486378,
  "direct_r2": 0.9999931756001388,
  "direct_valid_ratio": 1.0,
  "direct_residual_mean": 0.0024421552661806345,
  "direct_residual_median": 0.001957714557647705,
  "direct_residual_p90": 0.004986774921417236,
  "plus_newton_mae": 2.3433618908142345e-08,
  "plus_newton_rmse": 2.991573058787325e-08,
  "plus_newton_r2": 0.9999999999999991,
  "plus_newton_valid_ratio": 1.0,
  "plus_newton_residual_mean": 2.6530525143035236e-14,
  "plus_newton_residual_median": 1.1102230246251565e-16,
  "plus_newton_residual_p90": 1.9989565558375964e-14,
  "plus_newton_newton_iter_mean": 2.0129,
  "plus_newton_newton_iter_median": 2.0,
  "plus_newton_newton_iter_p90": 2.0,
  "plus_newton_converged_ratio": 1.0,
  "hp_use_log_ab": true,
  "hp_optimizer": "adamw",
  "hp_criterion": "mse",
  "hp_dropout": 0.0,
  "hp_lr": 0.001,
  "hp_weight_decay": 0.0001,
  "hp_hidden_dims": "[256, 256, 128]",
  "hp_hidden_size": 128,
  "hp_num_layers": 2,
  "hp_head_hidden": 64,
  "hp_head_layers": 2,
  "hp_d_model": 32,
  "hp_nhead": 2,
  "hp_ff_dim": 128,
  "hp_use_cls_token": true
}{
  "trial_id": 2260,
  "trial_name": "trial_2260_transformer",
  "model": "transformer",
  "best_epoch": 78,
  "elapsed_sec": 172.73009395599365,
  "direct_mae": 0.0020303174387663603,
  "direct_rmse": 0.0025604483671486378,
  "direct_r2": 0.9999931756001388,
  "direct_valid_ratio": 1.0,
  "direct_residual_mean": 0.0024421552661806345,
  "direct_residual_median": 0.001957714557647705,
  "direct_residual_p90": 0.004986774921417236,
  "plus_newton_mae": 2.3433618908142345e-08,
  "plus_newton_rmse": 2.991573058787325e-08,
  "plus_newton_r2": 0.9999999999999991,
  "plus_newton_valid_ratio": 1.0,
  "plus_newton_residual_mean": 2.6530525143035236e-14,
  "plus_newton_residual_median": 1.1102230246251565e-16,
  "plus_newton_residual_p90": 1.9989565558375964e-14,
  "plus_newton_newton_iter_mean": 2.0129,
  "plus_newton_newton_iter_median": 2.0,
  "plus_newton_newton_iter_p90": 2.0,
  "plus_newton_converged_ratio": 1.0,
  "hp_use_log_ab": true,
  "hp_optimizer": "adamw",
  "hp_criterion": "mse",
  "hp_dropout": 0.0,
  "hp_lr": 0.001,
  "hp_weight_decay": 0.0001,
  "hp_hidden_dims": "[256, 256, 128]",
  "hp_hidden_size": 128,
  "hp_num_layers": 2,
  "hp_head_hidden": 64,
  "hp_head_layers": 2,
  "hp_d_model": 32,
  "hp_nhead": 2,
  "hp_ff_dim": 128,
  "hp_use_cls_token": true
}