{
  "trial_id": 2298,
  "trial_name": "trial_2298_transformer",
  "model": "transformer",
  "best_epoch": 114,
  "elapsed_sec": 210.1549587249756,
  "direct_mae": 0.00094018125673756,
  "direct_rmse": 0.001189005677588284,
  "direct_r2": 0.9999985283643582,
  "direct_valid_ratio": 1.0,
  "direct_residual_mean": 0.0011333157308399677,
  "direct_residual_median": 0.0009232759475708008,
  "direct_residual_p90": 0.0024088740348815925,
  "plus_newton_mae": 2.3433619167734226e-08,
  "plus_newton_rmse": 2.991573120869998e-08,
  "plus_newton_r2": 0.9999999999999991,
  "plus_newton_valid_ratio": 1.0,
  "plus_newton_residual_mean": 2.4261755120195027e-14,
  "plus_newton_residual_median": 8.326672684688674e-17,
  "plus_newton_residual_p90": 1.078026556911031e-14,
  "plus_newton_newton_iter_mean": 1.9575,
  "plus_newton_newton_iter_median": 2.0,
  "plus_newton_newton_iter_p90": 2.0,
  "plus_newton_converged_ratio": 1.0,
  "hp_use_log_ab": true,
  "hp_optimizer": "adamw",
  "hp_criterion": "mse",
  "hp_dropout": 0.0,
  "hp_lr": 0.001,
  "hp_weight_decay": 0.0001,
  "hp_hidden_dims": "[256, 256, 128]",
  "hp_hidden_size": 128,
  "hp_num_layers": 2,
  "hp_head_hidden": 128,
  "hp_head_layers": 2,
  "hp_d_model": 64,
  "hp_nhead": 2,
  "hp_ff_dim": 64,
  "hp_use_cls_token": true
}{
  "trial_id": 2298,
  "trial_name": "trial_2298_transformer",
  "model": "transformer",
  "best_epoch": 114,
  "elapsed_sec": 210.1549587249756,
  "direct_mae": 0.00094018125673756,
  "direct_rmse": 0.001189005677588284,
  "direct_r2": 0.9999985283643582,
  "direct_valid_ratio": 1.0,
  "direct_residual_mean": 0.0011333157308399677,
  "direct_residual_median": 0.0009232759475708008,
  "direct_residual_p90": 0.0024088740348815925,
  "plus_newton_mae": 2.3433619167734226e-08,
  "plus_newton_rmse": 2.991573120869998e-08,
  "plus_newton_r2": 0.9999999999999991,
  "plus_newton_valid_ratio": 1.0,
  "plus_newton_residual_mean": 2.4261755120195027e-14,
  "plus_newton_residual_median": 8.326672684688674e-17,
  "plus_newton_residual_p90": 1.078026556911031e-14,
  "plus_newton_newton_iter_mean": 1.9575,
  "plus_newton_newton_iter_median": 2.0,
  "plus_newton_newton_iter_p90": 2.0,
  "plus_newton_converged_ratio": 1.0,
  "hp_use_log_ab": true,
  "hp_optimizer": "adamw",
  "hp_criterion": "mse",
  "hp_dropout": 0.0,
  "hp_lr": 0.001,
  "hp_weight_decay": 0.0001,
  "hp_hidden_dims": "[256, 256, 128]",
  "hp_hidden_size": 128,
  "hp_num_layers": 2,
  "hp_head_hidden": 128,
  "hp_head_layers": 2,
  "hp_d_model": 64,
  "hp_nhead": 2,
  "hp_ff_dim": 64,
  "hp_use_cls_token": true
}