{
  "trial_id": 462,
  "trial_name": "trial_462_lstm",
  "model": "lstm",
  "best_epoch": 18,
  "elapsed_sec": 92.12881898880005,
  "direct_mae": 0.011980662122368813,
  "direct_rmse": 0.015207174234092236,
  "direct_r2": 0.999759270431241,
  "direct_valid_ratio": 1.0,
  "direct_residual_mean": 0.014704183675348759,
  "direct_residual_median": 0.012199386954307556,
  "direct_residual_p90": 0.031437073647975926,
  "plus_newton_mae": 2.3433619816320347e-08,
  "plus_newton_rmse": 2.991573175052943e-08,
  "plus_newton_r2": 0.9999999999999991,
  "plus_newton_valid_ratio": 1.0,
  "plus_newton_residual_mean": 3.611933704830768e-14,
  "plus_newton_residual_median": 1.1102230246251565e-16,
  "plus_newton_residual_p90": 7.930323064897505e-14,
  "plus_newton_newton_iter_mean": 2.2151,
  "plus_newton_newton_iter_median": 2.0,
  "plus_newton_newton_iter_p90": 3.0,
  "plus_newton_converged_ratio": 1.0,
  "hp_use_log_ab": true,
  "hp_optimizer": "adamw",
  "hp_criterion": "smoothl1",
  "hp_dropout": 0.1,
  "hp_lr": 0.001,
  "hp_weight_decay": 1e-05,
  "hp_hidden_dims": "[256, 256, 128]",
  "hp_hidden_size": 128,
  "hp_num_layers": 2,
  "hp_head_hidden": 64,
  "hp_head_layers": 2,
  "hp_d_model": 64,
  "hp_nhead": 4,
  "hp_ff_dim": 128,
  "hp_use_cls_token": false
}{
  "trial_id": 462,
  "trial_name": "trial_462_lstm",
  "model": "lstm",
  "best_epoch": 18,
  "elapsed_sec": 92.12881898880005,
  "direct_mae": 0.011980662122368813,
  "direct_rmse": 0.015207174234092236,
  "direct_r2": 0.999759270431241,
  "direct_valid_ratio": 1.0,
  "direct_residual_mean": 0.014704183675348759,
  "direct_residual_median": 0.012199386954307556,
  "direct_residual_p90": 0.031437073647975926,
  "plus_newton_mae": 2.3433619816320347e-08,
  "plus_newton_rmse": 2.991573175052943e-08,
  "plus_newton_r2": 0.9999999999999991,
  "plus_newton_valid_ratio": 1.0,
  "plus_newton_residual_mean": 3.611933704830768e-14,
  "plus_newton_residual_median": 1.1102230246251565e-16,
  "plus_newton_residual_p90": 7.930323064897505e-14,
  "plus_newton_newton_iter_mean": 2.2151,
  "plus_newton_newton_iter_median": 2.0,
  "plus_newton_newton_iter_p90": 3.0,
  "plus_newton_converged_ratio": 1.0,
  "hp_use_log_ab": true,
  "hp_optimizer": "adamw",
  "hp_criterion": "smoothl1",
  "hp_dropout": 0.1,
  "hp_lr": 0.001,
  "hp_weight_decay": 1e-05,
  "hp_hidden_dims": "[256, 256, 128]",
  "hp_hidden_size": 128,
  "hp_num_layers": 2,
  "hp_head_hidden": 64,
  "hp_head_layers": 2,
  "hp_d_model": 64,
  "hp_nhead": 4,
  "hp_ff_dim": 128,
  "hp_use_cls_token": false
}