{
  "trial_id": 2067,
  "trial_name": "trial_2067_transformer",
  "model": "transformer",
  "best_epoch": 83,
  "elapsed_sec": 144.03211283683777,
  "direct_mae": 0.0026810162235051394,
  "direct_rmse": 0.003584928112104535,
  "direct_r2": 0.9999866219341129,
  "direct_valid_ratio": 1.0,
  "direct_residual_mean": 0.0033412540797144175,
  "direct_residual_median": 0.002371758222579956,
  "direct_residual_p90": 0.007294869422912603,
  "plus_newton_mae": 2.343361862652665e-08,
  "plus_newton_rmse": 2.99157301928617e-08,
  "plus_newton_r2": 0.9999999999999991,
  "plus_newton_valid_ratio": 1.0,
  "plus_newton_residual_mean": 2.590683479534959e-14,
  "plus_newton_residual_median": 1.1102230246251565e-16,
  "plus_newton_residual_p90": 1.687538997430238e-14,
  "plus_newton_newton_iter_mean": 2.0553,
  "plus_newton_newton_iter_median": 2.0,
  "plus_newton_newton_iter_p90": 2.0,
  "plus_newton_converged_ratio": 1.0,
  "hp_use_log_ab": true,
  "hp_optimizer": "adamw",
  "hp_criterion": "mse",
  "hp_dropout": 0.0,
  "hp_lr": 0.001,
  "hp_weight_decay": 1e-05,
  "hp_hidden_dims": "[256, 256, 128]",
  "hp_hidden_size": 128,
  "hp_num_layers": 1,
  "hp_head_hidden": 64,
  "hp_head_layers": 2,
  "hp_d_model": 32,
  "hp_nhead": 2,
  "hp_ff_dim": 128,
  "hp_use_cls_token": false
}{
  "trial_id": 2067,
  "trial_name": "trial_2067_transformer",
  "model": "transformer",
  "best_epoch": 83,
  "elapsed_sec": 144.03211283683777,
  "direct_mae": 0.0026810162235051394,
  "direct_rmse": 0.003584928112104535,
  "direct_r2": 0.9999866219341129,
  "direct_valid_ratio": 1.0,
  "direct_residual_mean": 0.0033412540797144175,
  "direct_residual_median": 0.002371758222579956,
  "direct_residual_p90": 0.007294869422912603,
  "plus_newton_mae": 2.343361862652665e-08,
  "plus_newton_rmse": 2.99157301928617e-08,
  "plus_newton_r2": 0.9999999999999991,
  "plus_newton_valid_ratio": 1.0,
  "plus_newton_residual_mean": 2.590683479534959e-14,
  "plus_newton_residual_median": 1.1102230246251565e-16,
  "plus_newton_residual_p90": 1.687538997430238e-14,
  "plus_newton_newton_iter_mean": 2.0553,
  "plus_newton_newton_iter_median": 2.0,
  "plus_newton_newton_iter_p90": 2.0,
  "plus_newton_converged_ratio": 1.0,
  "hp_use_log_ab": true,
  "hp_optimizer": "adamw",
  "hp_criterion": "mse",
  "hp_dropout": 0.0,
  "hp_lr": 0.001,
  "hp_weight_decay": 1e-05,
  "hp_hidden_dims": "[256, 256, 128]",
  "hp_hidden_size": 128,
  "hp_num_layers": 1,
  "hp_head_hidden": 64,
  "hp_head_layers": 2,
  "hp_d_model": 32,
  "hp_nhead": 2,
  "hp_ff_dim": 128,
  "hp_use_cls_token": false
}