{
  "trial_id": 2037,
  "trial_name": "trial_2037_transformer",
  "model": "transformer",
  "best_epoch": 60,
  "elapsed_sec": 141.83706712722778,
  "direct_mae": 0.00844254344701767,
  "direct_rmse": 0.012867814861238003,
  "direct_r2": 0.9998276378173614,
  "direct_valid_ratio": 1.0,
  "direct_residual_mean": 0.009840717539191246,
  "direct_residual_median": 0.007447957992553711,
  "direct_residual_p90": 0.020293629169464113,
  "plus_newton_mae": 2.3433619097616958e-08,
  "plus_newton_rmse": 2.991573114841804e-08,
  "plus_newton_r2": 0.9999999999999991,
  "plus_newton_valid_ratio": 1.0,
  "plus_newton_residual_mean": 3.232174962804836e-14,
  "plus_newton_residual_median": 1.1102230246251565e-16,
  "plus_newton_residual_p90": 6.280670428182592e-14,
  "plus_newton_newton_iter_mean": 2.1145,
  "plus_newton_newton_iter_median": 2.0,
  "plus_newton_newton_iter_p90": 3.0,
  "plus_newton_converged_ratio": 1.0,
  "hp_use_log_ab": false,
  "hp_optimizer": "adamw",
  "hp_criterion": "smoothl1",
  "hp_dropout": 0.1,
  "hp_lr": 0.0005,
  "hp_weight_decay": 0.0001,
  "hp_hidden_dims": "[256, 256, 128]",
  "hp_hidden_size": 128,
  "hp_num_layers": 2,
  "hp_head_hidden": 128,
  "hp_head_layers": 2,
  "hp_d_model": 32,
  "hp_nhead": 4,
  "hp_ff_dim": 64,
  "hp_use_cls_token": false
}{
  "trial_id": 2037,
  "trial_name": "trial_2037_transformer",
  "model": "transformer",
  "best_epoch": 60,
  "elapsed_sec": 141.83706712722778,
  "direct_mae": 0.00844254344701767,
  "direct_rmse": 0.012867814861238003,
  "direct_r2": 0.9998276378173614,
  "direct_valid_ratio": 1.0,
  "direct_residual_mean": 0.009840717539191246,
  "direct_residual_median": 0.007447957992553711,
  "direct_residual_p90": 0.020293629169464113,
  "plus_newton_mae": 2.3433619097616958e-08,
  "plus_newton_rmse": 2.991573114841804e-08,
  "plus_newton_r2": 0.9999999999999991,
  "plus_newton_valid_ratio": 1.0,
  "plus_newton_residual_mean": 3.232174962804836e-14,
  "plus_newton_residual_median": 1.1102230246251565e-16,
  "plus_newton_residual_p90": 6.280670428182592e-14,
  "plus_newton_newton_iter_mean": 2.1145,
  "plus_newton_newton_iter_median": 2.0,
  "plus_newton_newton_iter_p90": 3.0,
  "plus_newton_converged_ratio": 1.0,
  "hp_use_log_ab": false,
  "hp_optimizer": "adamw",
  "hp_criterion": "smoothl1",
  "hp_dropout": 0.1,
  "hp_lr": 0.0005,
  "hp_weight_decay": 0.0001,
  "hp_hidden_dims": "[256, 256, 128]",
  "hp_hidden_size": 128,
  "hp_num_layers": 2,
  "hp_head_hidden": 128,
  "hp_head_layers": 2,
  "hp_d_model": 32,
  "hp_nhead": 4,
  "hp_ff_dim": 64,
  "hp_use_cls_token": false
}