{
  "trial_id": 56,
  "trial_name": "trial_056_gru",
  "model": "gru",
  "best_epoch": 80,
  "elapsed_sec": 281.6776294708252,
  "direct_mae": 0.0018095214618369937,
  "direct_rmse": 0.0026814138982445,
  "direct_r2": 0.9999925155466372,
  "direct_valid_ratio": 1.0,
  "direct_residual_mean": 0.002173805143684149,
  "direct_residual_median": 0.0014601945877075195,
  "direct_residual_p90": 0.004917529225349426,
  "plus_newton_mae": 2.343361818486104e-08,
  "plus_newton_rmse": 2.991573050019911e-08,
  "plus_newton_r2": 0.9999999999999991,
  "plus_newton_valid_ratio": 1.0,
  "plus_newton_residual_mean": 2.5659570603416222e-14,
  "plus_newton_residual_median": 1.1102230246251565e-16,
  "plus_newton_residual_p90": 2.0777823905859865e-14,
  "plus_newton_newton_iter_mean": 1.9995,
  "plus_newton_newton_iter_median": 2.0,
  "plus_newton_newton_iter_p90": 2.0,
  "plus_newton_converged_ratio": 1.0,
  "hp_use_log_ab": false,
  "hp_optimizer": "adamw",
  "hp_criterion": "mse",
  "hp_dropout": 0.0,
  "hp_lr": 0.0005,
  "hp_weight_decay": 0.0001,
  "hp_hidden_dims": "[256, 256, 128]",
  "hp_hidden_size": 64,
  "hp_num_layers": 2,
  "hp_head_hidden": 128,
  "hp_head_layers": 2,
  "hp_d_model": 64,
  "hp_nhead": 4,
  "hp_ff_dim": 128,
  "hp_use_cls_token": false
}{
  "trial_id": 56,
  "trial_name": "trial_056_gru",
  "model": "gru",
  "best_epoch": 80,
  "elapsed_sec": 281.6776294708252,
  "direct_mae": 0.0018095214618369937,
  "direct_rmse": 0.0026814138982445,
  "direct_r2": 0.9999925155466372,
  "direct_valid_ratio": 1.0,
  "direct_residual_mean": 0.002173805143684149,
  "direct_residual_median": 0.0014601945877075195,
  "direct_residual_p90": 0.004917529225349426,
  "plus_newton_mae": 2.343361818486104e-08,
  "plus_newton_rmse": 2.991573050019911e-08,
  "plus_newton_r2": 0.9999999999999991,
  "plus_newton_valid_ratio": 1.0,
  "plus_newton_residual_mean": 2.5659570603416222e-14,
  "plus_newton_residual_median": 1.1102230246251565e-16,
  "plus_newton_residual_p90": 2.0777823905859865e-14,
  "plus_newton_newton_iter_mean": 1.9995,
  "plus_newton_newton_iter_median": 2.0,
  "plus_newton_newton_iter_p90": 2.0,
  "plus_newton_converged_ratio": 1.0,
  "hp_use_log_ab": false,
  "hp_optimizer": "adamw",
  "hp_criterion": "mse",
  "hp_dropout": 0.0,
  "hp_lr": 0.0005,
  "hp_weight_decay": 0.0001,
  "hp_hidden_dims": "[256, 256, 128]",
  "hp_hidden_size": 64,
  "hp_num_layers": 2,
  "hp_head_hidden": 128,
  "hp_head_layers": 2,
  "hp_d_model": 64,
  "hp_nhead": 4,
  "hp_ff_dim": 128,
  "hp_use_cls_token": false
}