{
  "trial_id": 1002,
  "trial_name": "trial_1002_transformer",
  "model": "transformer",
  "best_epoch": 50,
  "elapsed_sec": 123.92022466659546,
  "direct_mae": 0.3412199020385742,
  "direct_rmse": 0.41702327132225037,
  "direct_r2": 0.8189690113067627,
  "direct_valid_ratio": 1.0,
  "direct_residual_mean": 0.38399186730384827,
  "direct_residual_median": 0.36306560039520264,
  "direct_residual_p90": 0.7154683113098145,
  "plus_newton_mae": 2.3433619115086563e-08,
  "plus_newton_rmse": 2.9915731292232116e-08,
  "plus_newton_r2": 0.9999999999999991,
  "plus_newton_valid_ratio": 1.0,
  "plus_newton_residual_mean": 4.421660524862823e-14,
  "plus_newton_residual_median": 1.942890293094024e-16,
  "plus_newton_residual_p90": 1.0106360193162812e-13,
  "plus_newton_newton_iter_mean": 2.755,
  "plus_newton_newton_iter_median": 3.0,
  "plus_newton_newton_iter_p90": 3.0,
  "plus_newton_converged_ratio": 1.0,
  "hp_use_log_ab": false,
  "hp_optimizer": "adamw",
  "hp_criterion": "mse",
  "hp_dropout": 0.1,
  "hp_lr": 0.0005,
  "hp_weight_decay": 0.0001,
  "hp_hidden_dims": "[256, 256, 128]",
  "hp_hidden_size": 128,
  "hp_num_layers": 2,
  "hp_head_hidden": 128,
  "hp_head_layers": 1,
  "hp_d_model": 64,
  "hp_nhead": 2,
  "hp_ff_dim": 64,
  "hp_use_cls_token": true
}{
  "trial_id": 1002,
  "trial_name": "trial_1002_transformer",
  "model": "transformer",
  "best_epoch": 50,
  "elapsed_sec": 123.92022466659546,
  "direct_mae": 0.3412199020385742,
  "direct_rmse": 0.41702327132225037,
  "direct_r2": 0.8189690113067627,
  "direct_valid_ratio": 1.0,
  "direct_residual_mean": 0.38399186730384827,
  "direct_residual_median": 0.36306560039520264,
  "direct_residual_p90": 0.7154683113098145,
  "plus_newton_mae": 2.3433619115086563e-08,
  "plus_newton_rmse": 2.9915731292232116e-08,
  "plus_newton_r2": 0.9999999999999991,
  "plus_newton_valid_ratio": 1.0,
  "plus_newton_residual_mean": 4.421660524862823e-14,
  "plus_newton_residual_median": 1.942890293094024e-16,
  "plus_newton_residual_p90": 1.0106360193162812e-13,
  "plus_newton_newton_iter_mean": 2.755,
  "plus_newton_newton_iter_median": 3.0,
  "plus_newton_newton_iter_p90": 3.0,
  "plus_newton_converged_ratio": 1.0,
  "hp_use_log_ab": false,
  "hp_optimizer": "adamw",
  "hp_criterion": "mse",
  "hp_dropout": 0.1,
  "hp_lr": 0.0005,
  "hp_weight_decay": 0.0001,
  "hp_hidden_dims": "[256, 256, 128]",
  "hp_hidden_size": 128,
  "hp_num_layers": 2,
  "hp_head_hidden": 128,
  "hp_head_layers": 1,
  "hp_d_model": 64,
  "hp_nhead": 2,
  "hp_ff_dim": 64,
  "hp_use_cls_token": true
}