{
  "trial_id": 371,
  "trial_name": "trial_371_gru",
  "model": "gru",
  "best_epoch": 52,
  "elapsed_sec": 164.3494472503662,
  "direct_mae": 0.09623874723911285,
  "direct_rmse": 0.12268387526273727,
  "direct_r2": 0.9843322243541479,
  "direct_valid_ratio": 1.0,
  "direct_residual_mean": 0.12121047079563141,
  "direct_residual_median": 0.09528852999210358,
  "direct_residual_p90": 0.24390277862548834,
  "plus_newton_mae": 2.343361939244946e-08,
  "plus_newton_rmse": 2.991573010775404e-08,
  "plus_newton_r2": 0.9999999999999991,
  "plus_newton_valid_ratio": 1.0,
  "plus_newton_residual_mean": 3.783485723577883e-14,
  "plus_newton_residual_median": 1.1102230246251565e-16,
  "plus_newton_residual_p90": 6.219469383950135e-14,
  "plus_newton_newton_iter_mean": 2.5915,
  "plus_newton_newton_iter_median": 3.0,
  "plus_newton_newton_iter_p90": 3.0,
  "plus_newton_converged_ratio": 1.0,
  "hp_use_log_ab": true,
  "hp_optimizer": "adamw",
  "hp_criterion": "mse",
  "hp_dropout": 0.1,
  "hp_lr": 0.0005,
  "hp_weight_decay": 0.0001,
  "hp_hidden_dims": "[256, 256, 128]",
  "hp_hidden_size": 64,
  "hp_num_layers": 1,
  "hp_head_hidden": 128,
  "hp_head_layers": 1,
  "hp_d_model": 64,
  "hp_nhead": 4,
  "hp_ff_dim": 128,
  "hp_use_cls_token": false
}{
  "trial_id": 371,
  "trial_name": "trial_371_gru",
  "model": "gru",
  "best_epoch": 52,
  "elapsed_sec": 164.3494472503662,
  "direct_mae": 0.09623874723911285,
  "direct_rmse": 0.12268387526273727,
  "direct_r2": 0.9843322243541479,
  "direct_valid_ratio": 1.0,
  "direct_residual_mean": 0.12121047079563141,
  "direct_residual_median": 0.09528852999210358,
  "direct_residual_p90": 0.24390277862548834,
  "plus_newton_mae": 2.343361939244946e-08,
  "plus_newton_rmse": 2.991573010775404e-08,
  "plus_newton_r2": 0.9999999999999991,
  "plus_newton_valid_ratio": 1.0,
  "plus_newton_residual_mean": 3.783485723577883e-14,
  "plus_newton_residual_median": 1.1102230246251565e-16,
  "plus_newton_residual_p90": 6.219469383950135e-14,
  "plus_newton_newton_iter_mean": 2.5915,
  "plus_newton_newton_iter_median": 3.0,
  "plus_newton_newton_iter_p90": 3.0,
  "plus_newton_converged_ratio": 1.0,
  "hp_use_log_ab": true,
  "hp_optimizer": "adamw",
  "hp_criterion": "mse",
  "hp_dropout": 0.1,
  "hp_lr": 0.0005,
  "hp_weight_decay": 0.0001,
  "hp_hidden_dims": "[256, 256, 128]",
  "hp_hidden_size": 64,
  "hp_num_layers": 1,
  "hp_head_hidden": 128,
  "hp_head_layers": 1,
  "hp_d_model": 64,
  "hp_nhead": 4,
  "hp_ff_dim": 128,
  "hp_use_cls_token": false
}