{
  "trial_id": 1193,
  "trial_name": "trial_1193_transformer",
  "model": "transformer",
  "best_epoch": 12,
  "elapsed_sec": 43.68374419212341,
  "direct_mae": 0.33966246247291565,
  "direct_rmse": 0.4183153808116913,
  "direct_r2": 0.8178454488515854,
  "direct_valid_ratio": 1.0,
  "direct_residual_mean": 0.38354790210723877,
  "direct_residual_median": 0.35279273986816406,
  "direct_residual_p90": 0.7529685616493226,
  "plus_newton_mae": 2.3433619231188373e-08,
  "plus_newton_rmse": 2.991573049745642e-08,
  "plus_newton_r2": 0.9999999999999991,
  "plus_newton_valid_ratio": 1.0,
  "plus_newton_residual_mean": 4.345047905466933e-14,
  "plus_newton_residual_median": 1.6653345369377348e-16,
  "plus_newton_residual_p90": 1.0347278589506459e-13,
  "plus_newton_newton_iter_mean": 2.7632,
  "plus_newton_newton_iter_median": 3.0,
  "plus_newton_newton_iter_p90": 3.0,
  "plus_newton_converged_ratio": 1.0,
  "hp_use_log_ab": false,
  "hp_optimizer": "adamw",
  "hp_criterion": "smoothl1",
  "hp_dropout": 0.0,
  "hp_lr": 0.001,
  "hp_weight_decay": 0.0001,
  "hp_hidden_dims": "[256, 256, 128]",
  "hp_hidden_size": 128,
  "hp_num_layers": 1,
  "hp_head_hidden": 128,
  "hp_head_layers": 1,
  "hp_d_model": 64,
  "hp_nhead": 2,
  "hp_ff_dim": 64,
  "hp_use_cls_token": false
}{
  "trial_id": 1193,
  "trial_name": "trial_1193_transformer",
  "model": "transformer",
  "best_epoch": 12,
  "elapsed_sec": 43.68374419212341,
  "direct_mae": 0.33966246247291565,
  "direct_rmse": 0.4183153808116913,
  "direct_r2": 0.8178454488515854,
  "direct_valid_ratio": 1.0,
  "direct_residual_mean": 0.38354790210723877,
  "direct_residual_median": 0.35279273986816406,
  "direct_residual_p90": 0.7529685616493226,
  "plus_newton_mae": 2.3433619231188373e-08,
  "plus_newton_rmse": 2.991573049745642e-08,
  "plus_newton_r2": 0.9999999999999991,
  "plus_newton_valid_ratio": 1.0,
  "plus_newton_residual_mean": 4.345047905466933e-14,
  "plus_newton_residual_median": 1.6653345369377348e-16,
  "plus_newton_residual_p90": 1.0347278589506459e-13,
  "plus_newton_newton_iter_mean": 2.7632,
  "plus_newton_newton_iter_median": 3.0,
  "plus_newton_newton_iter_p90": 3.0,
  "plus_newton_converged_ratio": 1.0,
  "hp_use_log_ab": false,
  "hp_optimizer": "adamw",
  "hp_criterion": "smoothl1",
  "hp_dropout": 0.0,
  "hp_lr": 0.001,
  "hp_weight_decay": 0.0001,
  "hp_hidden_dims": "[256, 256, 128]",
  "hp_hidden_size": 128,
  "hp_num_layers": 1,
  "hp_head_hidden": 128,
  "hp_head_layers": 1,
  "hp_d_model": 64,
  "hp_nhead": 2,
  "hp_ff_dim": 64,
  "hp_use_cls_token": false
}