{
  "trial_id": 683,
  "trial_name": "trial_683_transformer",
  "model": "transformer",
  "best_epoch": 10,
  "elapsed_sec": 47.35761380195618,
  "direct_mae": 0.3413248658180237,
  "direct_rmse": 0.41707414388656616,
  "direct_r2": 0.8189248144626617,
  "direct_valid_ratio": 1.0,
  "direct_residual_mean": 0.38477006554603577,
  "direct_residual_median": 0.3631651997566223,
  "direct_residual_p90": 0.7196666538715363,
  "plus_newton_mae": 2.3433619053220447e-08,
  "plus_newton_rmse": 2.9915731189147405e-08,
  "plus_newton_r2": 0.9999999999999991,
  "plus_newton_valid_ratio": 1.0,
  "plus_newton_residual_mean": 4.3949099438610636e-14,
  "plus_newton_residual_median": 1.942890293094024e-16,
  "plus_newton_residual_p90": 1.0317302567841592e-13,
  "plus_newton_newton_iter_mean": 2.7583,
  "plus_newton_newton_iter_median": 3.0,
  "plus_newton_newton_iter_p90": 3.0,
  "plus_newton_converged_ratio": 1.0,
  "hp_use_log_ab": false,
  "hp_optimizer": "adamw",
  "hp_criterion": "mse",
  "hp_dropout": 0.1,
  "hp_lr": 0.001,
  "hp_weight_decay": 0.0001,
  "hp_hidden_dims": "[256, 256, 128]",
  "hp_hidden_size": 128,
  "hp_num_layers": 1,
  "hp_head_hidden": 128,
  "hp_head_layers": 1,
  "hp_d_model": 64,
  "hp_nhead": 2,
  "hp_ff_dim": 128,
  "hp_use_cls_token": false
}{
  "trial_id": 683,
  "trial_name": "trial_683_transformer",
  "model": "transformer",
  "best_epoch": 10,
  "elapsed_sec": 47.35761380195618,
  "direct_mae": 0.3413248658180237,
  "direct_rmse": 0.41707414388656616,
  "direct_r2": 0.8189248144626617,
  "direct_valid_ratio": 1.0,
  "direct_residual_mean": 0.38477006554603577,
  "direct_residual_median": 0.3631651997566223,
  "direct_residual_p90": 0.7196666538715363,
  "plus_newton_mae": 2.3433619053220447e-08,
  "plus_newton_rmse": 2.9915731189147405e-08,
  "plus_newton_r2": 0.9999999999999991,
  "plus_newton_valid_ratio": 1.0,
  "plus_newton_residual_mean": 4.3949099438610636e-14,
  "plus_newton_residual_median": 1.942890293094024e-16,
  "plus_newton_residual_p90": 1.0317302567841592e-13,
  "plus_newton_newton_iter_mean": 2.7583,
  "plus_newton_newton_iter_median": 3.0,
  "plus_newton_newton_iter_p90": 3.0,
  "plus_newton_converged_ratio": 1.0,
  "hp_use_log_ab": false,
  "hp_optimizer": "adamw",
  "hp_criterion": "mse",
  "hp_dropout": 0.1,
  "hp_lr": 0.001,
  "hp_weight_decay": 0.0001,
  "hp_hidden_dims": "[256, 256, 128]",
  "hp_hidden_size": 128,
  "hp_num_layers": 1,
  "hp_head_hidden": 128,
  "hp_head_layers": 1,
  "hp_d_model": 64,
  "hp_nhead": 2,
  "hp_ff_dim": 128,
  "hp_use_cls_token": false
}