{
  "trial_id": 298,
  "trial_name": "trial_298_transformer",
  "model": "transformer",
  "best_epoch": 27,
  "elapsed_sec": 127.4887125492096,
  "direct_mae": 0.3409111499786377,
  "direct_rmse": 0.4170069098472595,
  "direct_r2": 0.8189831972122192,
  "direct_valid_ratio": 1.0,
  "direct_residual_mean": 0.3841426968574524,
  "direct_residual_median": 0.36139801144599915,
  "direct_residual_p90": 0.7215270996093751,
  "plus_newton_mae": 2.3433619691004672e-08,
  "plus_newton_rmse": 2.991573187547206e-08,
  "plus_newton_r2": 0.9999999999999991,
  "plus_newton_valid_ratio": 1.0,
  "plus_newton_residual_mean": 4.417725549585617e-14,
  "plus_newton_residual_median": 1.6653345369377348e-16,
  "plus_newton_residual_p90": 1.0194067812108195e-13,
  "plus_newton_newton_iter_mean": 2.7564,
  "plus_newton_newton_iter_median": 3.0,
  "plus_newton_newton_iter_p90": 3.0,
  "plus_newton_converged_ratio": 1.0,
  "hp_use_log_ab": false,
  "hp_optimizer": "adamw",
  "hp_criterion": "mse",
  "hp_dropout": 0.0,
  "hp_lr": 0.0005,
  "hp_weight_decay": 1e-05,
  "hp_hidden_dims": "[256, 256, 128]",
  "hp_hidden_size": 128,
  "hp_num_layers": 1,
  "hp_head_hidden": 128,
  "hp_head_layers": 1,
  "hp_d_model": 64,
  "hp_nhead": 2,
  "hp_ff_dim": 64,
  "hp_use_cls_token": true
}{
  "trial_id": 298,
  "trial_name": "trial_298_transformer",
  "model": "transformer",
  "best_epoch": 27,
  "elapsed_sec": 127.4887125492096,
  "direct_mae": 0.3409111499786377,
  "direct_rmse": 0.4170069098472595,
  "direct_r2": 0.8189831972122192,
  "direct_valid_ratio": 1.0,
  "direct_residual_mean": 0.3841426968574524,
  "direct_residual_median": 0.36139801144599915,
  "direct_residual_p90": 0.7215270996093751,
  "plus_newton_mae": 2.3433619691004672e-08,
  "plus_newton_rmse": 2.991573187547206e-08,
  "plus_newton_r2": 0.9999999999999991,
  "plus_newton_valid_ratio": 1.0,
  "plus_newton_residual_mean": 4.417725549585617e-14,
  "plus_newton_residual_median": 1.6653345369377348e-16,
  "plus_newton_residual_p90": 1.0194067812108195e-13,
  "plus_newton_newton_iter_mean": 2.7564,
  "plus_newton_newton_iter_median": 3.0,
  "plus_newton_newton_iter_p90": 3.0,
  "plus_newton_converged_ratio": 1.0,
  "hp_use_log_ab": false,
  "hp_optimizer": "adamw",
  "hp_criterion": "mse",
  "hp_dropout": 0.0,
  "hp_lr": 0.0005,
  "hp_weight_decay": 1e-05,
  "hp_hidden_dims": "[256, 256, 128]",
  "hp_hidden_size": 128,
  "hp_num_layers": 1,
  "hp_head_hidden": 128,
  "hp_head_layers": 1,
  "hp_d_model": 64,
  "hp_nhead": 2,
  "hp_ff_dim": 64,
  "hp_use_cls_token": true
}