{
  "trial_id": 1173,
  "trial_name": "trial_1173_transformer",
  "model": "transformer",
  "best_epoch": 84,
  "elapsed_sec": 145.07219696044922,
  "direct_mae": 0.0019339389400556684,
  "direct_rmse": 0.0027588638477027416,
  "direct_r2": 0.9999920769405435,
  "direct_valid_ratio": 1.0,
  "direct_residual_mean": 0.002432033885270357,
  "direct_residual_median": 0.0017134621739387512,
  "direct_residual_p90": 0.0052881747484207165,
  "plus_newton_mae": 2.343361682429061e-08,
  "plus_newton_rmse": 2.991572910903952e-08,
  "plus_newton_r2": 0.9999999999999991,
  "plus_newton_valid_ratio": 1.0,
  "plus_newton_residual_mean": 3.2433621339046736e-14,
  "plus_newton_residual_median": 1.1102230246251565e-16,
  "plus_newton_residual_p90": 4.352629368042928e-14,
  "plus_newton_newton_iter_mean": 2.0157,
  "plus_newton_newton_iter_median": 2.0,
  "plus_newton_newton_iter_p90": 2.0,
  "plus_newton_converged_ratio": 1.0,
  "hp_use_log_ab": false,
  "hp_optimizer": "adamw",
  "hp_criterion": "smoothl1",
  "hp_dropout": 0.0,
  "hp_lr": 0.001,
  "hp_weight_decay": 0.0001,
  "hp_hidden_dims": "[256, 256, 128]",
  "hp_hidden_size": 128,
  "hp_num_layers": 1,
  "hp_head_hidden": 64,
  "hp_head_layers": 2,
  "hp_d_model": 32,
  "hp_nhead": 4,
  "hp_ff_dim": 64,
  "hp_use_cls_token": false
}{
  "trial_id": 1173,
  "trial_name": "trial_1173_transformer",
  "model": "transformer",
  "best_epoch": 84,
  "elapsed_sec": 145.07219696044922,
  "direct_mae": 0.0019339389400556684,
  "direct_rmse": 0.0027588638477027416,
  "direct_r2": 0.9999920769405435,
  "direct_valid_ratio": 1.0,
  "direct_residual_mean": 0.002432033885270357,
  "direct_residual_median": 0.0017134621739387512,
  "direct_residual_p90": 0.0052881747484207165,
  "plus_newton_mae": 2.343361682429061e-08,
  "plus_newton_rmse": 2.991572910903952e-08,
  "plus_newton_r2": 0.9999999999999991,
  "plus_newton_valid_ratio": 1.0,
  "plus_newton_residual_mean": 3.2433621339046736e-14,
  "plus_newton_residual_median": 1.1102230246251565e-16,
  "plus_newton_residual_p90": 4.352629368042928e-14,
  "plus_newton_newton_iter_mean": 2.0157,
  "plus_newton_newton_iter_median": 2.0,
  "plus_newton_newton_iter_p90": 2.0,
  "plus_newton_converged_ratio": 1.0,
  "hp_use_log_ab": false,
  "hp_optimizer": "adamw",
  "hp_criterion": "smoothl1",
  "hp_dropout": 0.0,
  "hp_lr": 0.001,
  "hp_weight_decay": 0.0001,
  "hp_hidden_dims": "[256, 256, 128]",
  "hp_hidden_size": 128,
  "hp_num_layers": 1,
  "hp_head_hidden": 64,
  "hp_head_layers": 2,
  "hp_d_model": 32,
  "hp_nhead": 4,
  "hp_ff_dim": 64,
  "hp_use_cls_token": false
}