{
  "trial_id": 728,
  "trial_name": "trial_728_transformer",
  "model": "transformer",
  "best_epoch": 64,
  "elapsed_sec": 170.01614952087402,
  "direct_mae": 0.009351879358291626,
  "direct_rmse": 0.013568253256380558,
  "direct_r2": 0.9998083625978325,
  "direct_valid_ratio": 1.0,
  "direct_residual_mean": 0.010824830271303654,
  "direct_residual_median": 0.006837308406829834,
  "direct_residual_p90": 0.027486652135849002,
  "plus_newton_mae": 2.3433616490665967e-08,
  "plus_newton_rmse": 2.991572876800177e-08,
  "plus_newton_r2": 0.9999999999999991,
  "plus_newton_valid_ratio": 1.0,
  "plus_newton_residual_mean": 4.339732017805299e-14,
  "plus_newton_residual_median": 1.1102230246251565e-16,
  "plus_newton_residual_p90": 8.80018280469133e-14,
  "plus_newton_newton_iter_mean": 2.1588,
  "plus_newton_newton_iter_median": 2.0,
  "plus_newton_newton_iter_p90": 3.0,
  "plus_newton_converged_ratio": 1.0,
  "hp_use_log_ab": false,
  "hp_optimizer": "adamw",
  "hp_criterion": "mse",
  "hp_dropout": 0.1,
  "hp_lr": 0.001,
  "hp_weight_decay": 0.0001,
  "hp_hidden_dims": "[256, 256, 128]",
  "hp_hidden_size": 128,
  "hp_num_layers": 2,
  "hp_head_hidden": 64,
  "hp_head_layers": 2,
  "hp_d_model": 32,
  "hp_nhead": 4,
  "hp_ff_dim": 128,
  "hp_use_cls_token": true
}{
  "trial_id": 728,
  "trial_name": "trial_728_transformer",
  "model": "transformer",
  "best_epoch": 64,
  "elapsed_sec": 170.01614952087402,
  "direct_mae": 0.009351879358291626,
  "direct_rmse": 0.013568253256380558,
  "direct_r2": 0.9998083625978325,
  "direct_valid_ratio": 1.0,
  "direct_residual_mean": 0.010824830271303654,
  "direct_residual_median": 0.006837308406829834,
  "direct_residual_p90": 0.027486652135849002,
  "plus_newton_mae": 2.3433616490665967e-08,
  "plus_newton_rmse": 2.991572876800177e-08,
  "plus_newton_r2": 0.9999999999999991,
  "plus_newton_valid_ratio": 1.0,
  "plus_newton_residual_mean": 4.339732017805299e-14,
  "plus_newton_residual_median": 1.1102230246251565e-16,
  "plus_newton_residual_p90": 8.80018280469133e-14,
  "plus_newton_newton_iter_mean": 2.1588,
  "plus_newton_newton_iter_median": 2.0,
  "plus_newton_newton_iter_p90": 3.0,
  "plus_newton_converged_ratio": 1.0,
  "hp_use_log_ab": false,
  "hp_optimizer": "adamw",
  "hp_criterion": "mse",
  "hp_dropout": 0.1,
  "hp_lr": 0.001,
  "hp_weight_decay": 0.0001,
  "hp_hidden_dims": "[256, 256, 128]",
  "hp_hidden_size": 128,
  "hp_num_layers": 2,
  "hp_head_hidden": 64,
  "hp_head_layers": 2,
  "hp_d_model": 32,
  "hp_nhead": 4,
  "hp_ff_dim": 128,
  "hp_use_cls_token": true
}