{
  "trial_id": 2758,
  "trial_name": "trial_2758_transformer",
  "model": "transformer",
  "best_epoch": 39,
  "elapsed_sec": 462.87406516075134,
  "direct_mae": 0.10458894073963165,
  "direct_rmse": 0.13256220519542694,
  "direct_r2": 0.9817075524479151,
  "direct_valid_ratio": 1.0,
  "direct_residual_mean": 0.1319916844367981,
  "direct_residual_median": 0.10693075507879257,
  "direct_residual_p90": 0.2590643137693405,
  "plus_newton_mae": 2.3433618657621095e-08,
  "plus_newton_rmse": 2.9915730585293296e-08,
  "plus_newton_r2": 0.9999999999999991,
  "plus_newton_valid_ratio": 1.0,
  "plus_newton_residual_mean": 3.6024266418438396e-14,
  "plus_newton_residual_median": 1.1102230246251565e-16,
  "plus_newton_residual_p90": 5.274669589994123e-14,
  "plus_newton_newton_iter_mean": 2.6111,
  "plus_newton_newton_iter_median": 3.0,
  "plus_newton_newton_iter_p90": 3.0,
  "plus_newton_converged_ratio": 1.0,
  "hp_use_log_ab": true,
  "hp_optimizer": "adamw",
  "hp_criterion": "mse",
  "hp_dropout": 0.1,
  "hp_lr": 0.001,
  "hp_weight_decay": 0.0001,
  "hp_hidden_dims": "[256, 256, 128]",
  "hp_hidden_size": 128,
  "hp_num_layers": 2,
  "hp_head_hidden": 64,
  "hp_head_layers": 1,
  "hp_d_model": 32,
  "hp_nhead": 4,
  "hp_ff_dim": 64,
  "hp_use_cls_token": true
}{
  "trial_id": 2758,
  "trial_name": "trial_2758_transformer",
  "model": "transformer",
  "best_epoch": 39,
  "elapsed_sec": 462.87406516075134,
  "direct_mae": 0.10458894073963165,
  "direct_rmse": 0.13256220519542694,
  "direct_r2": 0.9817075524479151,
  "direct_valid_ratio": 1.0,
  "direct_residual_mean": 0.1319916844367981,
  "direct_residual_median": 0.10693075507879257,
  "direct_residual_p90": 0.2590643137693405,
  "plus_newton_mae": 2.3433618657621095e-08,
  "plus_newton_rmse": 2.9915730585293296e-08,
  "plus_newton_r2": 0.9999999999999991,
  "plus_newton_valid_ratio": 1.0,
  "plus_newton_residual_mean": 3.6024266418438396e-14,
  "plus_newton_residual_median": 1.1102230246251565e-16,
  "plus_newton_residual_p90": 5.274669589994123e-14,
  "plus_newton_newton_iter_mean": 2.6111,
  "plus_newton_newton_iter_median": 3.0,
  "plus_newton_newton_iter_p90": 3.0,
  "plus_newton_converged_ratio": 1.0,
  "hp_use_log_ab": true,
  "hp_optimizer": "adamw",
  "hp_criterion": "mse",
  "hp_dropout": 0.1,
  "hp_lr": 0.001,
  "hp_weight_decay": 0.0001,
  "hp_hidden_dims": "[256, 256, 128]",
  "hp_hidden_size": 128,
  "hp_num_layers": 2,
  "hp_head_hidden": 64,
  "hp_head_layers": 1,
  "hp_d_model": 32,
  "hp_nhead": 4,
  "hp_ff_dim": 64,
  "hp_use_cls_token": true
}