{
  "trial_id": 45,
  "trial_name": "trial_045_lstm",
  "model": "lstm",
  "best_epoch": 116,
  "elapsed_sec": 339.94445610046387,
  "direct_mae": 0.33834752440452576,
  "direct_rmse": 0.4162754416465759,
  "direct_r2": 0.8196176886558533,
  "direct_valid_ratio": 1.0,
  "direct_residual_mean": 0.3802889883518219,
  "direct_residual_median": 0.35502874851226807,
  "direct_residual_p90": 0.7230562031269077,
  "plus_newton_mae": 2.3433619072113355e-08,
  "plus_newton_rmse": 2.9915730829649596e-08,
  "plus_newton_r2": 0.9999999999999991,
  "plus_newton_valid_ratio": 1.0,
  "plus_newton_residual_mean": 4.446113770924706e-14,
  "plus_newton_residual_median": 1.6653345369377348e-16,
  "plus_newton_residual_p90": 1.0380030168732919e-13,
  "plus_newton_newton_iter_mean": 2.7506,
  "plus_newton_newton_iter_median": 3.0,
  "plus_newton_newton_iter_p90": 3.0,
  "plus_newton_converged_ratio": 1.0,
  "hp_use_log_ab": false,
  "hp_optimizer": "adamw",
  "hp_criterion": "mse",
  "hp_dropout": 0.0,
  "hp_lr": 0.0005,
  "hp_weight_decay": 1e-05,
  "hp_hidden_dims": "[256, 256, 128]",
  "hp_hidden_size": 128,
  "hp_num_layers": 2,
  "hp_head_hidden": 64,
  "hp_head_layers": 1,
  "hp_d_model": 64,
  "hp_nhead": 4,
  "hp_ff_dim": 128,
  "hp_use_cls_token": false
}{
  "trial_id": 45,
  "trial_name": "trial_045_lstm",
  "model": "lstm",
  "best_epoch": 116,
  "elapsed_sec": 339.94445610046387,
  "direct_mae": 0.33834752440452576,
  "direct_rmse": 0.4162754416465759,
  "direct_r2": 0.8196176886558533,
  "direct_valid_ratio": 1.0,
  "direct_residual_mean": 0.3802889883518219,
  "direct_residual_median": 0.35502874851226807,
  "direct_residual_p90": 0.7230562031269077,
  "plus_newton_mae": 2.3433619072113355e-08,
  "plus_newton_rmse": 2.9915730829649596e-08,
  "plus_newton_r2": 0.9999999999999991,
  "plus_newton_valid_ratio": 1.0,
  "plus_newton_residual_mean": 4.446113770924706e-14,
  "plus_newton_residual_median": 1.6653345369377348e-16,
  "plus_newton_residual_p90": 1.0380030168732919e-13,
  "plus_newton_newton_iter_mean": 2.7506,
  "plus_newton_newton_iter_median": 3.0,
  "plus_newton_newton_iter_p90": 3.0,
  "plus_newton_converged_ratio": 1.0,
  "hp_use_log_ab": false,
  "hp_optimizer": "adamw",
  "hp_criterion": "mse",
  "hp_dropout": 0.0,
  "hp_lr": 0.0005,
  "hp_weight_decay": 1e-05,
  "hp_hidden_dims": "[256, 256, 128]",
  "hp_hidden_size": 128,
  "hp_num_layers": 2,
  "hp_head_hidden": 64,
  "hp_head_layers": 1,
  "hp_d_model": 64,
  "hp_nhead": 4,
  "hp_ff_dim": 128,
  "hp_use_cls_token": false
}