{
  "trial_id": 293,
  "trial_name": "trial_293_gru",
  "model": "gru",
  "best_epoch": 86,
  "elapsed_sec": 232.39027428627014,
  "direct_mae": 0.0935140922665596,
  "direct_rmse": 0.1181606724858284,
  "direct_r2": 0.9854662297293544,
  "direct_valid_ratio": 1.0,
  "direct_residual_mean": 0.11779454350471497,
  "direct_residual_median": 0.0934625118970871,
  "direct_residual_p90": 0.24163422584533698,
  "plus_newton_mae": 2.3433618297321373e-08,
  "plus_newton_rmse": 2.9915729626138095e-08,
  "plus_newton_r2": 0.9999999999999991,
  "plus_newton_valid_ratio": 1.0,
  "plus_newton_residual_mean": 3.7778809146211845e-14,
  "plus_newton_residual_median": 1.1102230246251565e-16,
  "plus_newton_residual_p90": 5.83547099530792e-14,
  "plus_newton_newton_iter_mean": 2.5896,
  "plus_newton_newton_iter_median": 3.0,
  "plus_newton_newton_iter_p90": 3.0,
  "plus_newton_converged_ratio": 1.0,
  "hp_use_log_ab": true,
  "hp_optimizer": "adamw",
  "hp_criterion": "mse",
  "hp_dropout": 0.0,
  "hp_lr": 0.0005,
  "hp_weight_decay": 1e-05,
  "hp_hidden_dims": "[256, 256, 128]",
  "hp_hidden_size": 64,
  "hp_num_layers": 2,
  "hp_head_hidden": 64,
  "hp_head_layers": 1,
  "hp_d_model": 64,
  "hp_nhead": 4,
  "hp_ff_dim": 128,
  "hp_use_cls_token": false
}{
  "trial_id": 293,
  "trial_name": "trial_293_gru",
  "model": "gru",
  "best_epoch": 86,
  "elapsed_sec": 232.39027428627014,
  "direct_mae": 0.0935140922665596,
  "direct_rmse": 0.1181606724858284,
  "direct_r2": 0.9854662297293544,
  "direct_valid_ratio": 1.0,
  "direct_residual_mean": 0.11779454350471497,
  "direct_residual_median": 0.0934625118970871,
  "direct_residual_p90": 0.24163422584533698,
  "plus_newton_mae": 2.3433618297321373e-08,
  "plus_newton_rmse": 2.9915729626138095e-08,
  "plus_newton_r2": 0.9999999999999991,
  "plus_newton_valid_ratio": 1.0,
  "plus_newton_residual_mean": 3.7778809146211845e-14,
  "plus_newton_residual_median": 1.1102230246251565e-16,
  "plus_newton_residual_p90": 5.83547099530792e-14,
  "plus_newton_newton_iter_mean": 2.5896,
  "plus_newton_newton_iter_median": 3.0,
  "plus_newton_newton_iter_p90": 3.0,
  "plus_newton_converged_ratio": 1.0,
  "hp_use_log_ab": true,
  "hp_optimizer": "adamw",
  "hp_criterion": "mse",
  "hp_dropout": 0.0,
  "hp_lr": 0.0005,
  "hp_weight_decay": 1e-05,
  "hp_hidden_dims": "[256, 256, 128]",
  "hp_hidden_size": 64,
  "hp_num_layers": 2,
  "hp_head_hidden": 64,
  "hp_head_layers": 1,
  "hp_d_model": 64,
  "hp_nhead": 4,
  "hp_ff_dim": 128,
  "hp_use_cls_token": false
}