{
  "trial_id": 2355,
  "trial_name": "trial_2355_transformer",
  "model": "transformer",
  "best_epoch": 117,
  "elapsed_sec": 168.74292492866516,
  "direct_mae": 0.0014868570724502206,
  "direct_rmse": 0.0018997377483174205,
  "direct_r2": 0.9999962431861604,
  "direct_valid_ratio": 1.0,
  "direct_residual_mean": 0.0018513289978727698,
  "direct_residual_median": 0.0013785362243652344,
  "direct_residual_p90": 0.003917503356933595,
  "plus_newton_mae": 2.3433618603001012e-08,
  "plus_newton_rmse": 2.9915731123163446e-08,
  "plus_newton_r2": 0.9999999999999991,
  "plus_newton_valid_ratio": 1.0,
  "plus_newton_residual_mean": 2.400999244427549e-14,
  "plus_newton_residual_median": 6.938893903907228e-17,
  "plus_newton_residual_p90": 9.641940024174328e-15,
  "plus_newton_newton_iter_mean": 2.0146,
  "plus_newton_newton_iter_median": 2.0,
  "plus_newton_newton_iter_p90": 2.0,
  "plus_newton_converged_ratio": 1.0,
  "hp_use_log_ab": true,
  "hp_optimizer": "adamw",
  "hp_criterion": "mse",
  "hp_dropout": 0.0,
  "hp_lr": 0.0005,
  "hp_weight_decay": 1e-05,
  "hp_hidden_dims": "[256, 256, 128]",
  "hp_hidden_size": 128,
  "hp_num_layers": 1,
  "hp_head_hidden": 128,
  "hp_head_layers": 2,
  "hp_d_model": 32,
  "hp_nhead": 2,
  "hp_ff_dim": 128,
  "hp_use_cls_token": false
}{
  "trial_id": 2355,
  "trial_name": "trial_2355_transformer",
  "model": "transformer",
  "best_epoch": 117,
  "elapsed_sec": 168.74292492866516,
  "direct_mae": 0.0014868570724502206,
  "direct_rmse": 0.0018997377483174205,
  "direct_r2": 0.9999962431861604,
  "direct_valid_ratio": 1.0,
  "direct_residual_mean": 0.0018513289978727698,
  "direct_residual_median": 0.0013785362243652344,
  "direct_residual_p90": 0.003917503356933595,
  "plus_newton_mae": 2.3433618603001012e-08,
  "plus_newton_rmse": 2.9915731123163446e-08,
  "plus_newton_r2": 0.9999999999999991,
  "plus_newton_valid_ratio": 1.0,
  "plus_newton_residual_mean": 2.400999244427549e-14,
  "plus_newton_residual_median": 6.938893903907228e-17,
  "plus_newton_residual_p90": 9.641940024174328e-15,
  "plus_newton_newton_iter_mean": 2.0146,
  "plus_newton_newton_iter_median": 2.0,
  "plus_newton_newton_iter_p90": 2.0,
  "plus_newton_converged_ratio": 1.0,
  "hp_use_log_ab": true,
  "hp_optimizer": "adamw",
  "hp_criterion": "mse",
  "hp_dropout": 0.0,
  "hp_lr": 0.0005,
  "hp_weight_decay": 1e-05,
  "hp_hidden_dims": "[256, 256, 128]",
  "hp_hidden_size": 128,
  "hp_num_layers": 1,
  "hp_head_hidden": 128,
  "hp_head_layers": 2,
  "hp_d_model": 32,
  "hp_nhead": 2,
  "hp_ff_dim": 128,
  "hp_use_cls_token": false
}