{
  "trial_id": 625,
  "trial_name": "trial_625_transformer",
  "model": "transformer",
  "best_epoch": 84,
  "elapsed_sec": 205.13864088058472,
  "direct_mae": 0.007642591837793589,
  "direct_rmse": 0.012311157770454884,
  "direct_r2": 0.9998422279168153,
  "direct_valid_ratio": 1.0,
  "direct_residual_mean": 0.008829246275126934,
  "direct_residual_median": 0.004882093518972397,
  "direct_residual_p90": 0.02342112064361573,
  "plus_newton_mae": 2.3433618863375575e-08,
  "plus_newton_rmse": 2.991573083342723e-08,
  "plus_newton_r2": 0.9999999999999991,
  "plus_newton_valid_ratio": 1.0,
  "plus_newton_residual_mean": 3.5481683927203414e-14,
  "plus_newton_residual_median": 1.1102230246251565e-16,
  "plus_newton_residual_p90": 5.81756864903582e-14,
  "plus_newton_newton_iter_mean": 2.1316,
  "plus_newton_newton_iter_median": 2.0,
  "plus_newton_newton_iter_p90": 3.0,
  "plus_newton_converged_ratio": 1.0,
  "hp_use_log_ab": false,
  "hp_optimizer": "adamw",
  "hp_criterion": "mse",
  "hp_dropout": 0.1,
  "hp_lr": 0.001,
  "hp_weight_decay": 1e-05,
  "hp_hidden_dims": "[256, 256, 128]",
  "hp_hidden_size": 128,
  "hp_num_layers": 2,
  "hp_head_hidden": 128,
  "hp_head_layers": 2,
  "hp_d_model": 32,
  "hp_nhead": 2,
  "hp_ff_dim": 64,
  "hp_use_cls_token": false
}{
  "trial_id": 625,
  "trial_name": "trial_625_transformer",
  "model": "transformer",
  "best_epoch": 84,
  "elapsed_sec": 205.13864088058472,
  "direct_mae": 0.007642591837793589,
  "direct_rmse": 0.012311157770454884,
  "direct_r2": 0.9998422279168153,
  "direct_valid_ratio": 1.0,
  "direct_residual_mean": 0.008829246275126934,
  "direct_residual_median": 0.004882093518972397,
  "direct_residual_p90": 0.02342112064361573,
  "plus_newton_mae": 2.3433618863375575e-08,
  "plus_newton_rmse": 2.991573083342723e-08,
  "plus_newton_r2": 0.9999999999999991,
  "plus_newton_valid_ratio": 1.0,
  "plus_newton_residual_mean": 3.5481683927203414e-14,
  "plus_newton_residual_median": 1.1102230246251565e-16,
  "plus_newton_residual_p90": 5.81756864903582e-14,
  "plus_newton_newton_iter_mean": 2.1316,
  "plus_newton_newton_iter_median": 2.0,
  "plus_newton_newton_iter_p90": 3.0,
  "plus_newton_converged_ratio": 1.0,
  "hp_use_log_ab": false,
  "hp_optimizer": "adamw",
  "hp_criterion": "mse",
  "hp_dropout": 0.1,
  "hp_lr": 0.001,
  "hp_weight_decay": 1e-05,
  "hp_hidden_dims": "[256, 256, 128]",
  "hp_hidden_size": 128,
  "hp_num_layers": 2,
  "hp_head_hidden": 128,
  "hp_head_layers": 2,
  "hp_d_model": 32,
  "hp_nhead": 2,
  "hp_ff_dim": 64,
  "hp_use_cls_token": false
}