{
  "trial_id": 36,
  "trial_name": "trial_036_transformer",
  "model": "transformer",
  "best_epoch": 25,
  "elapsed_sec": 155.50258111953735,
  "direct_mae": 0.3411480486392975,
  "direct_rmse": 0.4170735776424408,
  "direct_r2": 0.8189253360033035,
  "direct_valid_ratio": 1.0,
  "direct_residual_mean": 0.38457515835762024,
  "direct_residual_median": 0.36202967166900635,
  "direct_residual_p90": 0.719918954372406,
  "plus_newton_mae": 2.343361967220387e-08,
  "plus_newton_rmse": 2.991573171587958e-08,
  "plus_newton_r2": 0.9999999999999991,
  "plus_newton_valid_ratio": 1.0,
  "plus_newton_residual_mean": 4.3296587061695844e-14,
  "plus_newton_residual_median": 1.249000902703301e-16,
  "plus_newton_residual_p90": 9.838796444228145e-14,
  "plus_newton_newton_iter_mean": 2.7593,
  "plus_newton_newton_iter_median": 3.0,
  "plus_newton_newton_iter_p90": 3.0,
  "plus_newton_converged_ratio": 1.0,
  "hp_use_log_ab": false,
  "hp_optimizer": "adamw",
  "hp_criterion": "mse",
  "hp_dropout": 0.0,
  "hp_lr": 0.001,
  "hp_weight_decay": 1e-05,
  "hp_hidden_dims": "[256, 256, 128]",
  "hp_hidden_size": 128,
  "hp_num_layers": 1,
  "hp_head_hidden": 128,
  "hp_head_layers": 1,
  "hp_d_model": 32,
  "hp_nhead": 2,
  "hp_ff_dim": 128,
  "hp_use_cls_token": true
}{
  "trial_id": 36,
  "trial_name": "trial_036_transformer",
  "model": "transformer",
  "best_epoch": 25,
  "elapsed_sec": 155.50258111953735,
  "direct_mae": 0.3411480486392975,
  "direct_rmse": 0.4170735776424408,
  "direct_r2": 0.8189253360033035,
  "direct_valid_ratio": 1.0,
  "direct_residual_mean": 0.38457515835762024,
  "direct_residual_median": 0.36202967166900635,
  "direct_residual_p90": 0.719918954372406,
  "plus_newton_mae": 2.343361967220387e-08,
  "plus_newton_rmse": 2.991573171587958e-08,
  "plus_newton_r2": 0.9999999999999991,
  "plus_newton_valid_ratio": 1.0,
  "plus_newton_residual_mean": 4.3296587061695844e-14,
  "plus_newton_residual_median": 1.249000902703301e-16,
  "plus_newton_residual_p90": 9.838796444228145e-14,
  "plus_newton_newton_iter_mean": 2.7593,
  "plus_newton_newton_iter_median": 3.0,
  "plus_newton_newton_iter_p90": 3.0,
  "plus_newton_converged_ratio": 1.0,
  "hp_use_log_ab": false,
  "hp_optimizer": "adamw",
  "hp_criterion": "mse",
  "hp_dropout": 0.0,
  "hp_lr": 0.001,
  "hp_weight_decay": 1e-05,
  "hp_hidden_dims": "[256, 256, 128]",
  "hp_hidden_size": 128,
  "hp_num_layers": 1,
  "hp_head_hidden": 128,
  "hp_head_layers": 1,
  "hp_d_model": 32,
  "hp_nhead": 2,
  "hp_ff_dim": 128,
  "hp_use_cls_token": true
}