{
  "trial_id": 1615,
  "trial_name": "trial_1615_transformer",
  "model": "transformer",
  "best_epoch": 20,
  "elapsed_sec": 68.91095042228699,
  "direct_mae": 0.3409348726272583,
  "direct_rmse": 0.4174065589904785,
  "direct_r2": 0.8186360746622086,
  "direct_valid_ratio": 1.0,
  "direct_residual_mean": 0.3832720220088959,
  "direct_residual_median": 0.3595326244831085,
  "direct_residual_p90": 0.7255597412586212,
  "plus_newton_mae": 2.343361982949664e-08,
  "plus_newton_rmse": 2.9915731805304304e-08,
  "plus_newton_r2": 0.9999999999999991,
  "plus_newton_valid_ratio": 1.0,
  "plus_newton_residual_mean": 4.3356377455563885e-14,
  "plus_newton_residual_median": 2.220446049250313e-16,
  "plus_newton_residual_p90": 9.548473123288661e-14,
  "plus_newton_newton_iter_mean": 2.7502,
  "plus_newton_newton_iter_median": 3.0,
  "plus_newton_newton_iter_p90": 3.0,
  "plus_newton_converged_ratio": 1.0,
  "hp_use_log_ab": false,
  "hp_optimizer": "adamw",
  "hp_criterion": "smoothl1",
  "hp_dropout": 0.1,
  "hp_lr": 0.001,
  "hp_weight_decay": 1e-05,
  "hp_hidden_dims": "[256, 256, 128]",
  "hp_hidden_size": 128,
  "hp_num_layers": 2,
  "hp_head_hidden": 64,
  "hp_head_layers": 1,
  "hp_d_model": 64,
  "hp_nhead": 4,
  "hp_ff_dim": 128,
  "hp_use_cls_token": false
}{
  "trial_id": 1615,
  "trial_name": "trial_1615_transformer",
  "model": "transformer",
  "best_epoch": 20,
  "elapsed_sec": 68.91095042228699,
  "direct_mae": 0.3409348726272583,
  "direct_rmse": 0.4174065589904785,
  "direct_r2": 0.8186360746622086,
  "direct_valid_ratio": 1.0,
  "direct_residual_mean": 0.3832720220088959,
  "direct_residual_median": 0.3595326244831085,
  "direct_residual_p90": 0.7255597412586212,
  "plus_newton_mae": 2.343361982949664e-08,
  "plus_newton_rmse": 2.9915731805304304e-08,
  "plus_newton_r2": 0.9999999999999991,
  "plus_newton_valid_ratio": 1.0,
  "plus_newton_residual_mean": 4.3356377455563885e-14,
  "plus_newton_residual_median": 2.220446049250313e-16,
  "plus_newton_residual_p90": 9.548473123288661e-14,
  "plus_newton_newton_iter_mean": 2.7502,
  "plus_newton_newton_iter_median": 3.0,
  "plus_newton_newton_iter_p90": 3.0,
  "plus_newton_converged_ratio": 1.0,
  "hp_use_log_ab": false,
  "hp_optimizer": "adamw",
  "hp_criterion": "smoothl1",
  "hp_dropout": 0.1,
  "hp_lr": 0.001,
  "hp_weight_decay": 1e-05,
  "hp_hidden_dims": "[256, 256, 128]",
  "hp_hidden_size": 128,
  "hp_num_layers": 2,
  "hp_head_hidden": 64,
  "hp_head_layers": 1,
  "hp_d_model": 64,
  "hp_nhead": 4,
  "hp_ff_dim": 128,
  "hp_use_cls_token": false
}