{
  "trial_id": 1338,
  "trial_name": "trial_1338_transformer",
  "model": "transformer",
  "best_epoch": 67,
  "elapsed_sec": 123.58434557914734,
  "direct_mae": 0.0020727228838950396,
  "direct_rmse": 0.0029244606848806143,
  "direct_r2": 0.9999910972546786,
  "direct_valid_ratio": 1.0,
  "direct_residual_mean": 0.002514582360163331,
  "direct_residual_median": 0.0018804706633090973,
  "direct_residual_p90": 0.005355149507522584,
  "plus_newton_mae": 2.3433619095894977e-08,
  "plus_newton_rmse": 2.9915730974301985e-08,
  "plus_newton_r2": 0.9999999999999991,
  "plus_newton_valid_ratio": 1.0,
  "plus_newton_residual_mean": 2.951629365133447e-14,
  "plus_newton_residual_median": 1.1102230246251565e-16,
  "plus_newton_residual_p90": 4.2243986086987206e-14,
  "plus_newton_newton_iter_mean": 2.0041,
  "plus_newton_newton_iter_median": 2.0,
  "plus_newton_newton_iter_p90": 2.0,
  "plus_newton_converged_ratio": 1.0,
  "hp_use_log_ab": false,
  "hp_optimizer": "adamw",
  "hp_criterion": "smoothl1",
  "hp_dropout": 0.0,
  "hp_lr": 0.0005,
  "hp_weight_decay": 1e-05,
  "hp_hidden_dims": "[256, 256, 128]",
  "hp_hidden_size": 128,
  "hp_num_layers": 1,
  "hp_head_hidden": 128,
  "hp_head_layers": 2,
  "hp_d_model": 64,
  "hp_nhead": 2,
  "hp_ff_dim": 64,
  "hp_use_cls_token": true
}{
  "trial_id": 1338,
  "trial_name": "trial_1338_transformer",
  "model": "transformer",
  "best_epoch": 67,
  "elapsed_sec": 123.58434557914734,
  "direct_mae": 0.0020727228838950396,
  "direct_rmse": 0.0029244606848806143,
  "direct_r2": 0.9999910972546786,
  "direct_valid_ratio": 1.0,
  "direct_residual_mean": 0.002514582360163331,
  "direct_residual_median": 0.0018804706633090973,
  "direct_residual_p90": 0.005355149507522584,
  "plus_newton_mae": 2.3433619095894977e-08,
  "plus_newton_rmse": 2.9915730974301985e-08,
  "plus_newton_r2": 0.9999999999999991,
  "plus_newton_valid_ratio": 1.0,
  "plus_newton_residual_mean": 2.951629365133447e-14,
  "plus_newton_residual_median": 1.1102230246251565e-16,
  "plus_newton_residual_p90": 4.2243986086987206e-14,
  "plus_newton_newton_iter_mean": 2.0041,
  "plus_newton_newton_iter_median": 2.0,
  "plus_newton_newton_iter_p90": 2.0,
  "plus_newton_converged_ratio": 1.0,
  "hp_use_log_ab": false,
  "hp_optimizer": "adamw",
  "hp_criterion": "smoothl1",
  "hp_dropout": 0.0,
  "hp_lr": 0.0005,
  "hp_weight_decay": 1e-05,
  "hp_hidden_dims": "[256, 256, 128]",
  "hp_hidden_size": 128,
  "hp_num_layers": 1,
  "hp_head_hidden": 128,
  "hp_head_layers": 2,
  "hp_d_model": 64,
  "hp_nhead": 2,
  "hp_ff_dim": 64,
  "hp_use_cls_token": true
}