{
  "trial_id": 1031,
  "trial_name": "trial_1031_transformer",
  "model": "transformer",
  "best_epoch": 33,
  "elapsed_sec": 71.86407947540283,
  "direct_mae": 0.34001412987709045,
  "direct_rmse": 0.41770386695861816,
  "direct_r2": 0.8183776140213013,
  "direct_valid_ratio": 1.0,
  "direct_residual_mean": 0.38331907987594604,
  "direct_residual_median": 0.35741233825683594,
  "direct_residual_p90": 0.7421412289142613,
  "plus_newton_mae": 2.343361948842421e-08,
  "plus_newton_rmse": 2.9915731148825216e-08,
  "plus_newton_r2": 0.9999999999999991,
  "plus_newton_valid_ratio": 1.0,
  "plus_newton_residual_mean": 4.344554652906284e-14,
  "plus_newton_residual_median": 1.6653345369377348e-16,
  "plus_newton_residual_p90": 9.796607969292397e-14,
  "plus_newton_newton_iter_mean": 2.754,
  "plus_newton_newton_iter_median": 3.0,
  "plus_newton_newton_iter_p90": 3.0,
  "plus_newton_converged_ratio": 1.0,
  "hp_use_log_ab": false,
  "hp_optimizer": "adamw",
  "hp_criterion": "smoothl1",
  "hp_dropout": 0.0,
  "hp_lr": 0.001,
  "hp_weight_decay": 1e-05,
  "hp_hidden_dims": "[256, 256, 128]",
  "hp_hidden_size": 128,
  "hp_num_layers": 1,
  "hp_head_hidden": 64,
  "hp_head_layers": 1,
  "hp_d_model": 32,
  "hp_nhead": 4,
  "hp_ff_dim": 128,
  "hp_use_cls_token": false
}{
  "trial_id": 1031,
  "trial_name": "trial_1031_transformer",
  "model": "transformer",
  "best_epoch": 33,
  "elapsed_sec": 71.86407947540283,
  "direct_mae": 0.34001412987709045,
  "direct_rmse": 0.41770386695861816,
  "direct_r2": 0.8183776140213013,
  "direct_valid_ratio": 1.0,
  "direct_residual_mean": 0.38331907987594604,
  "direct_residual_median": 0.35741233825683594,
  "direct_residual_p90": 0.7421412289142613,
  "plus_newton_mae": 2.343361948842421e-08,
  "plus_newton_rmse": 2.9915731148825216e-08,
  "plus_newton_r2": 0.9999999999999991,
  "plus_newton_valid_ratio": 1.0,
  "plus_newton_residual_mean": 4.344554652906284e-14,
  "plus_newton_residual_median": 1.6653345369377348e-16,
  "plus_newton_residual_p90": 9.796607969292397e-14,
  "plus_newton_newton_iter_mean": 2.754,
  "plus_newton_newton_iter_median": 3.0,
  "plus_newton_newton_iter_p90": 3.0,
  "plus_newton_converged_ratio": 1.0,
  "hp_use_log_ab": false,
  "hp_optimizer": "adamw",
  "hp_criterion": "smoothl1",
  "hp_dropout": 0.0,
  "hp_lr": 0.001,
  "hp_weight_decay": 1e-05,
  "hp_hidden_dims": "[256, 256, 128]",
  "hp_hidden_size": 128,
  "hp_num_layers": 1,
  "hp_head_hidden": 64,
  "hp_head_layers": 1,
  "hp_d_model": 32,
  "hp_nhead": 4,
  "hp_ff_dim": 128,
  "hp_use_cls_token": false
}