{
  "trial_id": 942,
  "trial_name": "trial_942_transformer",
  "model": "transformer",
  "best_epoch": 67,
  "elapsed_sec": 122.08588671684265,
  "direct_mae": 0.3411785364151001,
  "direct_rmse": 0.4169115722179413,
  "direct_r2": 0.8190659433603287,
  "direct_valid_ratio": 1.0,
  "direct_residual_mean": 0.3842070698738098,
  "direct_residual_median": 0.36180394887924194,
  "direct_residual_p90": 0.7162006437778473,
  "plus_newton_mae": 2.34336195017641e-08,
  "plus_newton_rmse": 2.99157317052004e-08,
  "plus_newton_r2": 0.9999999999999991,
  "plus_newton_valid_ratio": 1.0,
  "plus_newton_residual_mean": 4.432553577578364e-14,
  "plus_newton_residual_median": 2.220446049250313e-16,
  "plus_newton_residual_p90": 1.055711074116063e-13,
  "plus_newton_newton_iter_mean": 2.7541,
  "plus_newton_newton_iter_median": 3.0,
  "plus_newton_newton_iter_p90": 3.0,
  "plus_newton_converged_ratio": 1.0,
  "hp_use_log_ab": false,
  "hp_optimizer": "adamw",
  "hp_criterion": "mse",
  "hp_dropout": 0.1,
  "hp_lr": 0.0005,
  "hp_weight_decay": 0.0001,
  "hp_hidden_dims": "[256, 256, 128]",
  "hp_hidden_size": 128,
  "hp_num_layers": 1,
  "hp_head_hidden": 128,
  "hp_head_layers": 1,
  "hp_d_model": 64,
  "hp_nhead": 4,
  "hp_ff_dim": 64,
  "hp_use_cls_token": true
}{
  "trial_id": 942,
  "trial_name": "trial_942_transformer",
  "model": "transformer",
  "best_epoch": 67,
  "elapsed_sec": 122.08588671684265,
  "direct_mae": 0.3411785364151001,
  "direct_rmse": 0.4169115722179413,
  "direct_r2": 0.8190659433603287,
  "direct_valid_ratio": 1.0,
  "direct_residual_mean": 0.3842070698738098,
  "direct_residual_median": 0.36180394887924194,
  "direct_residual_p90": 0.7162006437778473,
  "plus_newton_mae": 2.34336195017641e-08,
  "plus_newton_rmse": 2.99157317052004e-08,
  "plus_newton_r2": 0.9999999999999991,
  "plus_newton_valid_ratio": 1.0,
  "plus_newton_residual_mean": 4.432553577578364e-14,
  "plus_newton_residual_median": 2.220446049250313e-16,
  "plus_newton_residual_p90": 1.055711074116063e-13,
  "plus_newton_newton_iter_mean": 2.7541,
  "plus_newton_newton_iter_median": 3.0,
  "plus_newton_newton_iter_p90": 3.0,
  "plus_newton_converged_ratio": 1.0,
  "hp_use_log_ab": false,
  "hp_optimizer": "adamw",
  "hp_criterion": "mse",
  "hp_dropout": 0.1,
  "hp_lr": 0.0005,
  "hp_weight_decay": 0.0001,
  "hp_hidden_dims": "[256, 256, 128]",
  "hp_hidden_size": 128,
  "hp_num_layers": 1,
  "hp_head_hidden": 128,
  "hp_head_layers": 1,
  "hp_d_model": 64,
  "hp_nhead": 4,
  "hp_ff_dim": 64,
  "hp_use_cls_token": true
}