{
  "trial_id": 2473,
  "trial_name": "trial_2473_transformer",
  "model": "transformer",
  "best_epoch": 48,
  "elapsed_sec": 93.56551790237427,
  "direct_mae": 0.10380066186189651,
  "direct_rmse": 0.13040725886821747,
  "direct_r2": 0.9822974465787411,
  "direct_valid_ratio": 1.0,
  "direct_residual_mean": 0.1306007355451584,
  "direct_residual_median": 0.10787685960531235,
  "direct_residual_p90": 0.25398107171058665,
  "plus_newton_mae": 2.3433619012590173e-08,
  "plus_newton_rmse": 2.9915730212801035e-08,
  "plus_newton_r2": 0.9999999999999991,
  "plus_newton_valid_ratio": 1.0,
  "plus_newton_residual_mean": 3.626904177507221e-14,
  "plus_newton_residual_median": 1.1102230246251565e-16,
  "plus_newton_residual_p90": 5.467102465184243e-14,
  "plus_newton_newton_iter_mean": 2.6125,
  "plus_newton_newton_iter_median": 3.0,
  "plus_newton_newton_iter_p90": 3.0,
  "plus_newton_converged_ratio": 1.0,
  "hp_use_log_ab": true,
  "hp_optimizer": "adamw",
  "hp_criterion": "mse",
  "hp_dropout": 0.0,
  "hp_lr": 0.0005,
  "hp_weight_decay": 0.0001,
  "hp_hidden_dims": "[256, 256, 128]",
  "hp_hidden_size": 128,
  "hp_num_layers": 1,
  "hp_head_hidden": 128,
  "hp_head_layers": 1,
  "hp_d_model": 64,
  "hp_nhead": 2,
  "hp_ff_dim": 64,
  "hp_use_cls_token": false
}{
  "trial_id": 2473,
  "trial_name": "trial_2473_transformer",
  "model": "transformer",
  "best_epoch": 48,
  "elapsed_sec": 93.56551790237427,
  "direct_mae": 0.10380066186189651,
  "direct_rmse": 0.13040725886821747,
  "direct_r2": 0.9822974465787411,
  "direct_valid_ratio": 1.0,
  "direct_residual_mean": 0.1306007355451584,
  "direct_residual_median": 0.10787685960531235,
  "direct_residual_p90": 0.25398107171058665,
  "plus_newton_mae": 2.3433619012590173e-08,
  "plus_newton_rmse": 2.9915730212801035e-08,
  "plus_newton_r2": 0.9999999999999991,
  "plus_newton_valid_ratio": 1.0,
  "plus_newton_residual_mean": 3.626904177507221e-14,
  "plus_newton_residual_median": 1.1102230246251565e-16,
  "plus_newton_residual_p90": 5.467102465184243e-14,
  "plus_newton_newton_iter_mean": 2.6125,
  "plus_newton_newton_iter_median": 3.0,
  "plus_newton_newton_iter_p90": 3.0,
  "plus_newton_converged_ratio": 1.0,
  "hp_use_log_ab": true,
  "hp_optimizer": "adamw",
  "hp_criterion": "mse",
  "hp_dropout": 0.0,
  "hp_lr": 0.0005,
  "hp_weight_decay": 0.0001,
  "hp_hidden_dims": "[256, 256, 128]",
  "hp_hidden_size": 128,
  "hp_num_layers": 1,
  "hp_head_hidden": 128,
  "hp_head_layers": 1,
  "hp_d_model": 64,
  "hp_nhead": 2,
  "hp_ff_dim": 64,
  "hp_use_cls_token": false
}