{
  "trial_id": 2863,
  "trial_name": "trial_2863_transformer",
  "model": "transformer",
  "best_epoch": 61,
  "elapsed_sec": 456.81373262405396,
  "direct_mae": 0.10546611249446869,
  "direct_rmse": 0.13143761456012726,
  "direct_r2": 0.9820166043937206,
  "direct_valid_ratio": 1.0,
  "direct_residual_mean": 0.13257791101932526,
  "direct_residual_median": 0.11119590699672699,
  "direct_residual_p90": 0.25161464810371403,
  "plus_newton_mae": 2.343361973921254e-08,
  "plus_newton_rmse": 2.991573090155968e-08,
  "plus_newton_r2": 0.9999999999999991,
  "plus_newton_valid_ratio": 1.0,
  "plus_newton_residual_mean": 3.4857141795393304e-14,
  "plus_newton_residual_median": 1.1102230246251565e-16,
  "plus_newton_residual_p90": 5.151157278504579e-14,
  "plus_newton_newton_iter_mean": 2.617,
  "plus_newton_newton_iter_median": 3.0,
  "plus_newton_newton_iter_p90": 3.0,
  "plus_newton_converged_ratio": 1.0,
  "hp_use_log_ab": true,
  "hp_optimizer": "adamw",
  "hp_criterion": "mse",
  "hp_dropout": 0.1,
  "hp_lr": 0.0005,
  "hp_weight_decay": 1e-05,
  "hp_hidden_dims": "[256, 256, 128]",
  "hp_hidden_size": 128,
  "hp_num_layers": 1,
  "hp_head_hidden": 128,
  "hp_head_layers": 1,
  "hp_d_model": 64,
  "hp_nhead": 4,
  "hp_ff_dim": 128,
  "hp_use_cls_token": false
}{
  "trial_id": 2863,
  "trial_name": "trial_2863_transformer",
  "model": "transformer",
  "best_epoch": 61,
  "elapsed_sec": 456.81373262405396,
  "direct_mae": 0.10546611249446869,
  "direct_rmse": 0.13143761456012726,
  "direct_r2": 0.9820166043937206,
  "direct_valid_ratio": 1.0,
  "direct_residual_mean": 0.13257791101932526,
  "direct_residual_median": 0.11119590699672699,
  "direct_residual_p90": 0.25161464810371403,
  "plus_newton_mae": 2.343361973921254e-08,
  "plus_newton_rmse": 2.991573090155968e-08,
  "plus_newton_r2": 0.9999999999999991,
  "plus_newton_valid_ratio": 1.0,
  "plus_newton_residual_mean": 3.4857141795393304e-14,
  "plus_newton_residual_median": 1.1102230246251565e-16,
  "plus_newton_residual_p90": 5.151157278504579e-14,
  "plus_newton_newton_iter_mean": 2.617,
  "plus_newton_newton_iter_median": 3.0,
  "plus_newton_newton_iter_p90": 3.0,
  "plus_newton_converged_ratio": 1.0,
  "hp_use_log_ab": true,
  "hp_optimizer": "adamw",
  "hp_criterion": "mse",
  "hp_dropout": 0.1,
  "hp_lr": 0.0005,
  "hp_weight_decay": 1e-05,
  "hp_hidden_dims": "[256, 256, 128]",
  "hp_hidden_size": 128,
  "hp_num_layers": 1,
  "hp_head_hidden": 128,
  "hp_head_layers": 1,
  "hp_d_model": 64,
  "hp_nhead": 4,
  "hp_ff_dim": 128,
  "hp_use_cls_token": false
}