{
  "trial_id": 1246,
  "trial_name": "trial_1246_transformer",
  "model": "transformer",
  "best_epoch": 61,
  "elapsed_sec": 140.57174277305603,
  "direct_mae": 0.0025687655434012413,
  "direct_rmse": 0.003486429341137409,
  "direct_r2": 0.9999873469823797,
  "direct_valid_ratio": 1.0,
  "direct_residual_mean": 0.00314884539693594,
  "direct_residual_median": 0.002219974994659424,
  "direct_residual_p90": 0.007270711660385132,
  "plus_newton_mae": 2.3433618542322344e-08,
  "plus_newton_rmse": 2.991573105222618e-08,
  "plus_newton_r2": 0.9999999999999991,
  "plus_newton_valid_ratio": 1.0,
  "plus_newton_residual_mean": 2.7244480471286508e-14,
  "plus_newton_residual_median": 1.1102230246251565e-16,
  "plus_newton_residual_p90": 2.531308496145357e-14,
  "plus_newton_newton_iter_mean": 2.0428,
  "plus_newton_newton_iter_median": 2.0,
  "plus_newton_newton_iter_p90": 2.0,
  "plus_newton_converged_ratio": 1.0,
  "hp_use_log_ab": false,
  "hp_optimizer": "adamw",
  "hp_criterion": "smoothl1",
  "hp_dropout": 0.0,
  "hp_lr": 0.001,
  "hp_weight_decay": 0.0001,
  "hp_hidden_dims": "[256, 256, 128]",
  "hp_hidden_size": 128,
  "hp_num_layers": 2,
  "hp_head_hidden": 64,
  "hp_head_layers": 2,
  "hp_d_model": 64,
  "hp_nhead": 4,
  "hp_ff_dim": 64,
  "hp_use_cls_token": true
}{
  "trial_id": 1246,
  "trial_name": "trial_1246_transformer",
  "model": "transformer",
  "best_epoch": 61,
  "elapsed_sec": 140.57174277305603,
  "direct_mae": 0.0025687655434012413,
  "direct_rmse": 0.003486429341137409,
  "direct_r2": 0.9999873469823797,
  "direct_valid_ratio": 1.0,
  "direct_residual_mean": 0.00314884539693594,
  "direct_residual_median": 0.002219974994659424,
  "direct_residual_p90": 0.007270711660385132,
  "plus_newton_mae": 2.3433618542322344e-08,
  "plus_newton_rmse": 2.991573105222618e-08,
  "plus_newton_r2": 0.9999999999999991,
  "plus_newton_valid_ratio": 1.0,
  "plus_newton_residual_mean": 2.7244480471286508e-14,
  "plus_newton_residual_median": 1.1102230246251565e-16,
  "plus_newton_residual_p90": 2.531308496145357e-14,
  "plus_newton_newton_iter_mean": 2.0428,
  "plus_newton_newton_iter_median": 2.0,
  "plus_newton_newton_iter_p90": 2.0,
  "plus_newton_converged_ratio": 1.0,
  "hp_use_log_ab": false,
  "hp_optimizer": "adamw",
  "hp_criterion": "smoothl1",
  "hp_dropout": 0.0,
  "hp_lr": 0.001,
  "hp_weight_decay": 0.0001,
  "hp_hidden_dims": "[256, 256, 128]",
  "hp_hidden_size": 128,
  "hp_num_layers": 2,
  "hp_head_hidden": 64,
  "hp_head_layers": 2,
  "hp_d_model": 64,
  "hp_nhead": 4,
  "hp_ff_dim": 64,
  "hp_use_cls_token": true
}