{
  "trial_id": 1294,
  "trial_name": "trial_1294_transformer",
  "model": "transformer",
  "best_epoch": 16,
  "elapsed_sec": 49.83489370346069,
  "direct_mae": 0.33987993001937866,
  "direct_rmse": 0.4177491068840027,
  "direct_r2": 0.8183382749557495,
  "direct_valid_ratio": 1.0,
  "direct_residual_mean": 0.38248735666275024,
  "direct_residual_median": 0.3561354875564575,
  "direct_residual_p90": 0.7407767772674562,
  "plus_newton_mae": 2.3433619852275066e-08,
  "plus_newton_rmse": 2.9915731517730994e-08,
  "plus_newton_r2": 0.9999999999999991,
  "plus_newton_valid_ratio": 1.0,
  "plus_newton_residual_mean": 4.3281724611639376e-14,
  "plus_newton_residual_median": 2.220446049250313e-16,
  "plus_newton_residual_p90": 9.705569681273127e-14,
  "plus_newton_newton_iter_mean": 2.7505,
  "plus_newton_newton_iter_median": 3.0,
  "plus_newton_newton_iter_p90": 3.0,
  "plus_newton_converged_ratio": 1.0,
  "hp_use_log_ab": false,
  "hp_optimizer": "adamw",
  "hp_criterion": "smoothl1",
  "hp_dropout": 0.0,
  "hp_lr": 0.0005,
  "hp_weight_decay": 1e-05,
  "hp_hidden_dims": "[256, 256, 128]",
  "hp_hidden_size": 128,
  "hp_num_layers": 1,
  "hp_head_hidden": 64,
  "hp_head_layers": 1,
  "hp_d_model": 64,
  "hp_nhead": 4,
  "hp_ff_dim": 64,
  "hp_use_cls_token": true
}{
  "trial_id": 1294,
  "trial_name": "trial_1294_transformer",
  "model": "transformer",
  "best_epoch": 16,
  "elapsed_sec": 49.83489370346069,
  "direct_mae": 0.33987993001937866,
  "direct_rmse": 0.4177491068840027,
  "direct_r2": 0.8183382749557495,
  "direct_valid_ratio": 1.0,
  "direct_residual_mean": 0.38248735666275024,
  "direct_residual_median": 0.3561354875564575,
  "direct_residual_p90": 0.7407767772674562,
  "plus_newton_mae": 2.3433619852275066e-08,
  "plus_newton_rmse": 2.9915731517730994e-08,
  "plus_newton_r2": 0.9999999999999991,
  "plus_newton_valid_ratio": 1.0,
  "plus_newton_residual_mean": 4.3281724611639376e-14,
  "plus_newton_residual_median": 2.220446049250313e-16,
  "plus_newton_residual_p90": 9.705569681273127e-14,
  "plus_newton_newton_iter_mean": 2.7505,
  "plus_newton_newton_iter_median": 3.0,
  "plus_newton_newton_iter_p90": 3.0,
  "plus_newton_converged_ratio": 1.0,
  "hp_use_log_ab": false,
  "hp_optimizer": "adamw",
  "hp_criterion": "smoothl1",
  "hp_dropout": 0.0,
  "hp_lr": 0.0005,
  "hp_weight_decay": 1e-05,
  "hp_hidden_dims": "[256, 256, 128]",
  "hp_hidden_size": 128,
  "hp_num_layers": 1,
  "hp_head_hidden": 64,
  "hp_head_layers": 1,
  "hp_d_model": 64,
  "hp_nhead": 4,
  "hp_ff_dim": 64,
  "hp_use_cls_token": true
}