{
  "trial_id": 409,
  "trial_name": "trial_409_gru",
  "model": "gru",
  "best_epoch": 4,
  "elapsed_sec": 53.411256551742554,
  "direct_mae": 0.11305278539657593,
  "direct_rmse": 0.1474381387233734,
  "direct_r2": 0.9773716945201159,
  "direct_valid_ratio": 1.0,
  "direct_residual_mean": 0.14226293563842773,
  "direct_residual_median": 0.10466186702251434,
  "direct_residual_p90": 0.2581621885299683,
  "plus_newton_mae": 2.3433619608806103e-08,
  "plus_newton_rmse": 2.9915730504709314e-08,
  "plus_newton_r2": 0.9999999999999991,
  "plus_newton_valid_ratio": 1.0,
  "plus_newton_residual_mean": 3.683715829667892e-14,
  "plus_newton_residual_median": 1.1102230246251565e-16,
  "plus_newton_residual_p90": 6.885603198725229e-14,
  "plus_newton_newton_iter_mean": 2.5915,
  "plus_newton_newton_iter_median": 3.0,
  "plus_newton_newton_iter_p90": 3.0,
  "plus_newton_converged_ratio": 1.0,
  "hp_use_log_ab": true,
  "hp_optimizer": "adamw",
  "hp_criterion": "smoothl1",
  "hp_dropout": 0.0,
  "hp_lr": 0.001,
  "hp_weight_decay": 0.0001,
  "hp_hidden_dims": "[256, 256, 128]",
  "hp_hidden_size": 128,
  "hp_num_layers": 1,
  "hp_head_hidden": 64,
  "hp_head_layers": 1,
  "hp_d_model": 64,
  "hp_nhead": 4,
  "hp_ff_dim": 128,
  "hp_use_cls_token": false
}{
  "trial_id": 409,
  "trial_name": "trial_409_gru",
  "model": "gru",
  "best_epoch": 4,
  "elapsed_sec": 53.411256551742554,
  "direct_mae": 0.11305278539657593,
  "direct_rmse": 0.1474381387233734,
  "direct_r2": 0.9773716945201159,
  "direct_valid_ratio": 1.0,
  "direct_residual_mean": 0.14226293563842773,
  "direct_residual_median": 0.10466186702251434,
  "direct_residual_p90": 0.2581621885299683,
  "plus_newton_mae": 2.3433619608806103e-08,
  "plus_newton_rmse": 2.9915730504709314e-08,
  "plus_newton_r2": 0.9999999999999991,
  "plus_newton_valid_ratio": 1.0,
  "plus_newton_residual_mean": 3.683715829667892e-14,
  "plus_newton_residual_median": 1.1102230246251565e-16,
  "plus_newton_residual_p90": 6.885603198725229e-14,
  "plus_newton_newton_iter_mean": 2.5915,
  "plus_newton_newton_iter_median": 3.0,
  "plus_newton_newton_iter_p90": 3.0,
  "plus_newton_converged_ratio": 1.0,
  "hp_use_log_ab": true,
  "hp_optimizer": "adamw",
  "hp_criterion": "smoothl1",
  "hp_dropout": 0.0,
  "hp_lr": 0.001,
  "hp_weight_decay": 0.0001,
  "hp_hidden_dims": "[256, 256, 128]",
  "hp_hidden_size": 128,
  "hp_num_layers": 1,
  "hp_head_hidden": 64,
  "hp_head_layers": 1,
  "hp_d_model": 64,
  "hp_nhead": 4,
  "hp_ff_dim": 128,
  "hp_use_cls_token": false
}