{
  "trial_id": 131,
  "trial_name": "trial_131_lstm",
  "model": "lstm",
  "best_epoch": 13,
  "elapsed_sec": 81.03364586830139,
  "direct_mae": 0.3380809426307678,
  "direct_rmse": 0.41991984844207764,
  "direct_r2": 0.8164454400539398,
  "direct_valid_ratio": 1.0,
  "direct_residual_mean": 0.38279253244400024,
  "direct_residual_median": 0.3473280072212219,
  "direct_residual_p90": 0.7805124878883365,
  "plus_newton_mae": 2.3433618753730078e-08,
  "plus_newton_rmse": 2.9915730489103665e-08,
  "plus_newton_r2": 0.9999999999999991,
  "plus_newton_valid_ratio": 1.0,
  "plus_newton_residual_mean": 4.3545284280994746e-14,
  "plus_newton_residual_median": 1.1102230246251565e-16,
  "plus_newton_residual_p90": 1.0082264884081488e-13,
  "plus_newton_newton_iter_mean": 2.7658,
  "plus_newton_newton_iter_median": 3.0,
  "plus_newton_newton_iter_p90": 3.0,
  "plus_newton_converged_ratio": 1.0,
  "hp_use_log_ab": false,
  "hp_optimizer": "adamw",
  "hp_criterion": "smoothl1",
  "hp_dropout": 0.0,
  "hp_lr": 0.001,
  "hp_weight_decay": 1e-05,
  "hp_hidden_dims": "[256, 256, 128]",
  "hp_hidden_size": 64,
  "hp_num_layers": 1,
  "hp_head_hidden": 128,
  "hp_head_layers": 1,
  "hp_d_model": 64,
  "hp_nhead": 4,
  "hp_ff_dim": 128,
  "hp_use_cls_token": false
}{
  "trial_id": 131,
  "trial_name": "trial_131_lstm",
  "model": "lstm",
  "best_epoch": 13,
  "elapsed_sec": 81.03364586830139,
  "direct_mae": 0.3380809426307678,
  "direct_rmse": 0.41991984844207764,
  "direct_r2": 0.8164454400539398,
  "direct_valid_ratio": 1.0,
  "direct_residual_mean": 0.38279253244400024,
  "direct_residual_median": 0.3473280072212219,
  "direct_residual_p90": 0.7805124878883365,
  "plus_newton_mae": 2.3433618753730078e-08,
  "plus_newton_rmse": 2.9915730489103665e-08,
  "plus_newton_r2": 0.9999999999999991,
  "plus_newton_valid_ratio": 1.0,
  "plus_newton_residual_mean": 4.3545284280994746e-14,
  "plus_newton_residual_median": 1.1102230246251565e-16,
  "plus_newton_residual_p90": 1.0082264884081488e-13,
  "plus_newton_newton_iter_mean": 2.7658,
  "plus_newton_newton_iter_median": 3.0,
  "plus_newton_newton_iter_p90": 3.0,
  "plus_newton_converged_ratio": 1.0,
  "hp_use_log_ab": false,
  "hp_optimizer": "adamw",
  "hp_criterion": "smoothl1",
  "hp_dropout": 0.0,
  "hp_lr": 0.001,
  "hp_weight_decay": 1e-05,
  "hp_hidden_dims": "[256, 256, 128]",
  "hp_hidden_size": 64,
  "hp_num_layers": 1,
  "hp_head_hidden": 128,
  "hp_head_layers": 1,
  "hp_d_model": 64,
  "hp_nhead": 4,
  "hp_ff_dim": 128,
  "hp_use_cls_token": false
}