{
  "trial_id": 73,
  "trial_name": "trial_073_mlp",
  "model": "mlp",
  "best_epoch": 38,
  "elapsed_sec": 150.05361199378967,
  "direct_mae": 0.0010695360833778977,
  "direct_rmse": 0.0016557442722842097,
  "direct_r2": 0.9999971462304984,
  "direct_valid_ratio": 1.0,
  "direct_residual_mean": 0.0013925719540566206,
  "direct_residual_median": 0.0009519029408693314,
  "direct_residual_p90": 0.0022845745086669924,
  "plus_newton_mae": 2.343361915237924e-08,
  "plus_newton_rmse": 2.9915730788493476e-08,
  "plus_newton_r2": 0.9999999999999991,
  "plus_newton_valid_ratio": 1.0,
  "plus_newton_residual_mean": 1.016396930753096e-14,
  "plus_newton_residual_median": 5.551115123125783e-17,
  "plus_newton_residual_p90": 6.966649479522958e-16,
  "plus_newton_newton_iter_mean": 2.0132,
  "plus_newton_newton_iter_median": 2.0,
  "plus_newton_newton_iter_p90": 2.0,
  "plus_newton_converged_ratio": 1.0,
  "hp_use_log_ab": true,
  "hp_optimizer": "adamw",
  "hp_criterion": "smoothl1",
  "hp_dropout": 0.0,
  "hp_lr": 0.001,
  "hp_weight_decay": 1e-05,
  "hp_hidden_dims": "[256, 256, 128]",
  "hp_hidden_size": 128,
  "hp_num_layers": 2,
  "hp_head_hidden": 128,
  "hp_head_layers": 2,
  "hp_d_model": 64,
  "hp_nhead": 4,
  "hp_ff_dim": 128,
  "hp_use_cls_token": false
}{
  "trial_id": 73,
  "trial_name": "trial_073_mlp",
  "model": "mlp",
  "best_epoch": 38,
  "elapsed_sec": 150.05361199378967,
  "direct_mae": 0.0010695360833778977,
  "direct_rmse": 0.0016557442722842097,
  "direct_r2": 0.9999971462304984,
  "direct_valid_ratio": 1.0,
  "direct_residual_mean": 0.0013925719540566206,
  "direct_residual_median": 0.0009519029408693314,
  "direct_residual_p90": 0.0022845745086669924,
  "plus_newton_mae": 2.343361915237924e-08,
  "plus_newton_rmse": 2.9915730788493476e-08,
  "plus_newton_r2": 0.9999999999999991,
  "plus_newton_valid_ratio": 1.0,
  "plus_newton_residual_mean": 1.016396930753096e-14,
  "plus_newton_residual_median": 5.551115123125783e-17,
  "plus_newton_residual_p90": 6.966649479522958e-16,
  "plus_newton_newton_iter_mean": 2.0132,
  "plus_newton_newton_iter_median": 2.0,
  "plus_newton_newton_iter_p90": 2.0,
  "plus_newton_converged_ratio": 1.0,
  "hp_use_log_ab": true,
  "hp_optimizer": "adamw",
  "hp_criterion": "smoothl1",
  "hp_dropout": 0.0,
  "hp_lr": 0.001,
  "hp_weight_decay": 1e-05,
  "hp_hidden_dims": "[256, 256, 128]",
  "hp_hidden_size": 128,
  "hp_num_layers": 2,
  "hp_head_hidden": 128,
  "hp_head_layers": 2,
  "hp_d_model": 64,
  "hp_nhead": 4,
  "hp_ff_dim": 128,
  "hp_use_cls_token": false
}