{
  "trial_id": 277,
  "trial_name": "trial_277_lstm",
  "model": "lstm",
  "best_epoch": 73,
  "elapsed_sec": 208.81389212608337,
  "direct_mae": 0.09403320401906967,
  "direct_rmse": 0.12085794657468796,
  "direct_r2": 0.9847951261326671,
  "direct_valid_ratio": 1.0,
  "direct_residual_mean": 0.1185019314289093,
  "direct_residual_median": 0.09149478375911713,
  "direct_residual_p90": 0.24241797924041758,
  "plus_newton_mae": 2.3433618685533312e-08,
  "plus_newton_rmse": 2.991572953557176e-08,
  "plus_newton_r2": 0.9999999999999991,
  "plus_newton_valid_ratio": 1.0,
  "plus_newton_residual_mean": 3.8738326457466036e-14,
  "plus_newton_residual_median": 1.1102230246251565e-16,
  "plus_newton_residual_p90": 6.115663531147689e-14,
  "plus_newton_newton_iter_mean": 2.587,
  "plus_newton_newton_iter_median": 3.0,
  "plus_newton_newton_iter_p90": 3.0,
  "plus_newton_converged_ratio": 1.0,
  "hp_use_log_ab": true,
  "hp_optimizer": "adamw",
  "hp_criterion": "mse",
  "hp_dropout": 0.0,
  "hp_lr": 0.001,
  "hp_weight_decay": 0.0001,
  "hp_hidden_dims": "[256, 256, 128]",
  "hp_hidden_size": 64,
  "hp_num_layers": 2,
  "hp_head_hidden": 64,
  "hp_head_layers": 1,
  "hp_d_model": 64,
  "hp_nhead": 4,
  "hp_ff_dim": 128,
  "hp_use_cls_token": false
}{
  "trial_id": 277,
  "trial_name": "trial_277_lstm",
  "model": "lstm",
  "best_epoch": 73,
  "elapsed_sec": 208.81389212608337,
  "direct_mae": 0.09403320401906967,
  "direct_rmse": 0.12085794657468796,
  "direct_r2": 0.9847951261326671,
  "direct_valid_ratio": 1.0,
  "direct_residual_mean": 0.1185019314289093,
  "direct_residual_median": 0.09149478375911713,
  "direct_residual_p90": 0.24241797924041758,
  "plus_newton_mae": 2.3433618685533312e-08,
  "plus_newton_rmse": 2.991572953557176e-08,
  "plus_newton_r2": 0.9999999999999991,
  "plus_newton_valid_ratio": 1.0,
  "plus_newton_residual_mean": 3.8738326457466036e-14,
  "plus_newton_residual_median": 1.1102230246251565e-16,
  "plus_newton_residual_p90": 6.115663531147689e-14,
  "plus_newton_newton_iter_mean": 2.587,
  "plus_newton_newton_iter_median": 3.0,
  "plus_newton_newton_iter_p90": 3.0,
  "plus_newton_converged_ratio": 1.0,
  "hp_use_log_ab": true,
  "hp_optimizer": "adamw",
  "hp_criterion": "mse",
  "hp_dropout": 0.0,
  "hp_lr": 0.001,
  "hp_weight_decay": 0.0001,
  "hp_hidden_dims": "[256, 256, 128]",
  "hp_hidden_size": 64,
  "hp_num_layers": 2,
  "hp_head_hidden": 64,
  "hp_head_layers": 1,
  "hp_d_model": 64,
  "hp_nhead": 4,
  "hp_ff_dim": 128,
  "hp_use_cls_token": false
}