{
  "trial_id": 3171,
  "trial_name": "trial_3171_transformer",
  "model": "transformer",
  "best_epoch": 4,
  "elapsed_sec": 41.3159499168396,
  "direct_mae": 0.10493061691522598,
  "direct_rmse": 0.1425444483757019,
  "direct_r2": 0.9788488950580359,
  "direct_valid_ratio": 1.0,
  "direct_residual_mean": 0.13457606732845306,
  "direct_residual_median": 0.09235727787017822,
  "direct_residual_p90": 0.27316836416721346,
  "plus_newton_mae": 2.343361881144322e-08,
  "plus_newton_rmse": 2.9915729936448026e-08,
  "plus_newton_r2": 0.9999999999999991,
  "plus_newton_valid_ratio": 1.0,
  "plus_newton_residual_mean": 3.9296649718052496e-14,
  "plus_newton_residual_median": 1.1102230246251565e-16,
  "plus_newton_residual_p90": 5.6027404937708585e-14,
  "plus_newton_newton_iter_mean": 2.5917,
  "plus_newton_newton_iter_median": 3.0,
  "plus_newton_newton_iter_p90": 3.0,
  "plus_newton_converged_ratio": 1.0,
  "hp_use_log_ab": true,
  "hp_optimizer": "adamw",
  "hp_criterion": "smoothl1",
  "hp_dropout": 0.0,
  "hp_lr": 0.001,
  "hp_weight_decay": 1e-05,
  "hp_hidden_dims": "[256, 256, 128]",
  "hp_hidden_size": 128,
  "hp_num_layers": 2,
  "hp_head_hidden": 128,
  "hp_head_layers": 1,
  "hp_d_model": 32,
  "hp_nhead": 2,
  "hp_ff_dim": 128,
  "hp_use_cls_token": false
}{
  "trial_id": 3171,
  "trial_name": "trial_3171_transformer",
  "model": "transformer",
  "best_epoch": 4,
  "elapsed_sec": 41.3159499168396,
  "direct_mae": 0.10493061691522598,
  "direct_rmse": 0.1425444483757019,
  "direct_r2": 0.9788488950580359,
  "direct_valid_ratio": 1.0,
  "direct_residual_mean": 0.13457606732845306,
  "direct_residual_median": 0.09235727787017822,
  "direct_residual_p90": 0.27316836416721346,
  "plus_newton_mae": 2.343361881144322e-08,
  "plus_newton_rmse": 2.9915729936448026e-08,
  "plus_newton_r2": 0.9999999999999991,
  "plus_newton_valid_ratio": 1.0,
  "plus_newton_residual_mean": 3.9296649718052496e-14,
  "plus_newton_residual_median": 1.1102230246251565e-16,
  "plus_newton_residual_p90": 5.6027404937708585e-14,
  "plus_newton_newton_iter_mean": 2.5917,
  "plus_newton_newton_iter_median": 3.0,
  "plus_newton_newton_iter_p90": 3.0,
  "plus_newton_converged_ratio": 1.0,
  "hp_use_log_ab": true,
  "hp_optimizer": "adamw",
  "hp_criterion": "smoothl1",
  "hp_dropout": 0.0,
  "hp_lr": 0.001,
  "hp_weight_decay": 1e-05,
  "hp_hidden_dims": "[256, 256, 128]",
  "hp_hidden_size": 128,
  "hp_num_layers": 2,
  "hp_head_hidden": 128,
  "hp_head_layers": 1,
  "hp_d_model": 32,
  "hp_nhead": 2,
  "hp_ff_dim": 128,
  "hp_use_cls_token": false
}