{
  "trial_id": 1458,
  "trial_name": "trial_1458_transformer",
  "model": "transformer",
  "best_epoch": 57,
  "elapsed_sec": 109.39077162742615,
  "direct_mae": 0.002159398514777422,
  "direct_rmse": 0.002872367389500141,
  "direct_r2": 0.9999914115978754,
  "direct_valid_ratio": 1.0,
  "direct_residual_mean": 0.0026307697407901287,
  "direct_residual_median": 0.002053558826446533,
  "direct_residual_p90": 0.005531191825866701,
  "plus_newton_mae": 2.3433618545956463e-08,
  "plus_newton_rmse": 2.991573129185981e-08,
  "plus_newton_r2": 0.9999999999999991,
  "plus_newton_valid_ratio": 1.0,
  "plus_newton_residual_mean": 3.4625026588584134e-14,
  "plus_newton_residual_median": 1.1102230246251565e-16,
  "plus_newton_residual_p90": 5.484501741648273e-14,
  "plus_newton_newton_iter_mean": 1.9992,
  "plus_newton_newton_iter_median": 2.0,
  "plus_newton_newton_iter_p90": 2.0,
  "plus_newton_converged_ratio": 1.0,
  "hp_use_log_ab": false,
  "hp_optimizer": "adamw",
  "hp_criterion": "smoothl1",
  "hp_dropout": 0.0,
  "hp_lr": 0.0005,
  "hp_weight_decay": 0.0001,
  "hp_hidden_dims": "[256, 256, 128]",
  "hp_hidden_size": 128,
  "hp_num_layers": 1,
  "hp_head_hidden": 128,
  "hp_head_layers": 2,
  "hp_d_model": 32,
  "hp_nhead": 2,
  "hp_ff_dim": 64,
  "hp_use_cls_token": true
}{
  "trial_id": 1458,
  "trial_name": "trial_1458_transformer",
  "model": "transformer",
  "best_epoch": 57,
  "elapsed_sec": 109.39077162742615,
  "direct_mae": 0.002159398514777422,
  "direct_rmse": 0.002872367389500141,
  "direct_r2": 0.9999914115978754,
  "direct_valid_ratio": 1.0,
  "direct_residual_mean": 0.0026307697407901287,
  "direct_residual_median": 0.002053558826446533,
  "direct_residual_p90": 0.005531191825866701,
  "plus_newton_mae": 2.3433618545956463e-08,
  "plus_newton_rmse": 2.991573129185981e-08,
  "plus_newton_r2": 0.9999999999999991,
  "plus_newton_valid_ratio": 1.0,
  "plus_newton_residual_mean": 3.4625026588584134e-14,
  "plus_newton_residual_median": 1.1102230246251565e-16,
  "plus_newton_residual_p90": 5.484501741648273e-14,
  "plus_newton_newton_iter_mean": 1.9992,
  "plus_newton_newton_iter_median": 2.0,
  "plus_newton_newton_iter_p90": 2.0,
  "plus_newton_converged_ratio": 1.0,
  "hp_use_log_ab": false,
  "hp_optimizer": "adamw",
  "hp_criterion": "smoothl1",
  "hp_dropout": 0.0,
  "hp_lr": 0.0005,
  "hp_weight_decay": 0.0001,
  "hp_hidden_dims": "[256, 256, 128]",
  "hp_hidden_size": 128,
  "hp_num_layers": 1,
  "hp_head_hidden": 128,
  "hp_head_layers": 2,
  "hp_d_model": 32,
  "hp_nhead": 2,
  "hp_ff_dim": 64,
  "hp_use_cls_token": true
}