{
  "trial_id": 4,
  "trial_name": "trial_004_transformer",
  "model": "transformer",
  "best_epoch": 38,
  "elapsed_sec": 169.61843538284302,
  "direct_mae": 0.34081974625587463,
  "direct_rmse": 0.4170176684856415,
  "direct_r2": 0.8189738541841507,
  "direct_valid_ratio": 1.0,
  "direct_residual_mean": 0.38425081968307495,
  "direct_residual_median": 0.362003892660141,
  "direct_residual_p90": 0.7229520201683045,
  "plus_newton_mae": 2.3433618918491896e-08,
  "plus_newton_rmse": 2.9915731150314465e-08,
  "plus_newton_r2": 0.9999999999999991,
  "plus_newton_valid_ratio": 1.0,
  "plus_newton_residual_mean": 4.316266754352755e-14,
  "plus_newton_residual_median": 1.717376241217039e-16,
  "plus_newton_residual_p90": 1.0312861675743115e-13,
  "plus_newton_newton_iter_mean": 2.7566,
  "plus_newton_newton_iter_median": 3.0,
  "plus_newton_newton_iter_p90": 3.0,
  "plus_newton_converged_ratio": 1.0,
  "hp_use_log_ab": false,
  "hp_optimizer": "adamw",
  "hp_criterion": "mse",
  "hp_dropout": 0.0,
  "hp_lr": 0.001,
  "hp_weight_decay": 1e-05,
  "hp_hidden_dims": "[256, 256, 128]",
  "hp_hidden_size": 128,
  "hp_num_layers": 1,
  "hp_head_hidden": 64,
  "hp_head_layers": 1,
  "hp_d_model": 32,
  "hp_nhead": 2,
  "hp_ff_dim": 128,
  "hp_use_cls_token": true
}{
  "trial_id": 4,
  "trial_name": "trial_004_transformer",
  "model": "transformer",
  "best_epoch": 38,
  "elapsed_sec": 169.61843538284302,
  "direct_mae": 0.34081974625587463,
  "direct_rmse": 0.4170176684856415,
  "direct_r2": 0.8189738541841507,
  "direct_valid_ratio": 1.0,
  "direct_residual_mean": 0.38425081968307495,
  "direct_residual_median": 0.362003892660141,
  "direct_residual_p90": 0.7229520201683045,
  "plus_newton_mae": 2.3433618918491896e-08,
  "plus_newton_rmse": 2.9915731150314465e-08,
  "plus_newton_r2": 0.9999999999999991,
  "plus_newton_valid_ratio": 1.0,
  "plus_newton_residual_mean": 4.316266754352755e-14,
  "plus_newton_residual_median": 1.717376241217039e-16,
  "plus_newton_residual_p90": 1.0312861675743115e-13,
  "plus_newton_newton_iter_mean": 2.7566,
  "plus_newton_newton_iter_median": 3.0,
  "plus_newton_newton_iter_p90": 3.0,
  "plus_newton_converged_ratio": 1.0,
  "hp_use_log_ab": false,
  "hp_optimizer": "adamw",
  "hp_criterion": "mse",
  "hp_dropout": 0.0,
  "hp_lr": 0.001,
  "hp_weight_decay": 1e-05,
  "hp_hidden_dims": "[256, 256, 128]",
  "hp_hidden_size": 128,
  "hp_num_layers": 1,
  "hp_head_hidden": 64,
  "hp_head_layers": 1,
  "hp_d_model": 32,
  "hp_nhead": 2,
  "hp_ff_dim": 128,
  "hp_use_cls_token": true
}