{
  "trial_id": 2369,
  "trial_name": "trial_2369_transformer",
  "model": "transformer",
  "best_epoch": 50,
  "elapsed_sec": 118.31273293495178,
  "direct_mae": 0.10347256809473038,
  "direct_rmse": 0.12961512804031372,
  "direct_r2": 0.982511855661869,
  "direct_valid_ratio": 1.0,
  "direct_residual_mean": 0.129649356007576,
  "direct_residual_median": 0.10771709680557251,
  "direct_residual_p90": 0.25184943079948424,
  "plus_newton_mae": 2.3433619564548062e-08,
  "plus_newton_rmse": 2.991573047234202e-08,
  "plus_newton_r2": 0.9999999999999991,
  "plus_newton_valid_ratio": 1.0,
  "plus_newton_residual_mean": 3.463236264649613e-14,
  "plus_newton_residual_median": 1.1102230246251565e-16,
  "plus_newton_residual_p90": 5.0939807927363876e-14,
  "plus_newton_newton_iter_mean": 2.6148,
  "plus_newton_newton_iter_median": 3.0,
  "plus_newton_newton_iter_p90": 3.0,
  "plus_newton_converged_ratio": 1.0,
  "hp_use_log_ab": true,
  "hp_optimizer": "adamw",
  "hp_criterion": "mse",
  "hp_dropout": 0.0,
  "hp_lr": 0.0005,
  "hp_weight_decay": 1e-05,
  "hp_hidden_dims": "[256, 256, 128]",
  "hp_hidden_size": 128,
  "hp_num_layers": 2,
  "hp_head_hidden": 64,
  "hp_head_layers": 1,
  "hp_d_model": 32,
  "hp_nhead": 2,
  "hp_ff_dim": 64,
  "hp_use_cls_token": false
}{
  "trial_id": 2369,
  "trial_name": "trial_2369_transformer",
  "model": "transformer",
  "best_epoch": 50,
  "elapsed_sec": 118.31273293495178,
  "direct_mae": 0.10347256809473038,
  "direct_rmse": 0.12961512804031372,
  "direct_r2": 0.982511855661869,
  "direct_valid_ratio": 1.0,
  "direct_residual_mean": 0.129649356007576,
  "direct_residual_median": 0.10771709680557251,
  "direct_residual_p90": 0.25184943079948424,
  "plus_newton_mae": 2.3433619564548062e-08,
  "plus_newton_rmse": 2.991573047234202e-08,
  "plus_newton_r2": 0.9999999999999991,
  "plus_newton_valid_ratio": 1.0,
  "plus_newton_residual_mean": 3.463236264649613e-14,
  "plus_newton_residual_median": 1.1102230246251565e-16,
  "plus_newton_residual_p90": 5.0939807927363876e-14,
  "plus_newton_newton_iter_mean": 2.6148,
  "plus_newton_newton_iter_median": 3.0,
  "plus_newton_newton_iter_p90": 3.0,
  "plus_newton_converged_ratio": 1.0,
  "hp_use_log_ab": true,
  "hp_optimizer": "adamw",
  "hp_criterion": "mse",
  "hp_dropout": 0.0,
  "hp_lr": 0.0005,
  "hp_weight_decay": 1e-05,
  "hp_hidden_dims": "[256, 256, 128]",
  "hp_hidden_size": 128,
  "hp_num_layers": 2,
  "hp_head_hidden": 64,
  "hp_head_layers": 1,
  "hp_d_model": 32,
  "hp_nhead": 2,
  "hp_ff_dim": 64,
  "hp_use_cls_token": false
}