{
  "trial_id": 172,
  "trial_name": "trial_172_transformer",
  "model": "transformer",
  "best_epoch": 31,
  "elapsed_sec": 155.9800581932068,
  "direct_mae": 0.3406592309474945,
  "direct_rmse": 0.4170476198196411,
  "direct_r2": 0.8189478665590286,
  "direct_valid_ratio": 1.0,
  "direct_residual_mean": 0.3841909170150757,
  "direct_residual_median": 0.36051496863365173,
  "direct_residual_p90": 0.7279736936092378,
  "plus_newton_mae": 2.343361932389667e-08,
  "plus_newton_rmse": 2.991573108301974e-08,
  "plus_newton_r2": 0.9999999999999991,
  "plus_newton_valid_ratio": 1.0,
  "plus_newton_residual_mean": 4.373247759739801e-14,
  "plus_newton_residual_median": 1.3877787807814457e-16,
  "plus_newton_residual_p90": 1.0202394484792884e-13,
  "plus_newton_newton_iter_mean": 2.759,
  "plus_newton_newton_iter_median": 3.0,
  "plus_newton_newton_iter_p90": 3.0,
  "plus_newton_converged_ratio": 1.0,
  "hp_use_log_ab": false,
  "hp_optimizer": "adamw",
  "hp_criterion": "mse",
  "hp_dropout": 0.0,
  "hp_lr": 0.001,
  "hp_weight_decay": 0.0001,
  "hp_hidden_dims": "[256, 256, 128]",
  "hp_hidden_size": 128,
  "hp_num_layers": 1,
  "hp_head_hidden": 128,
  "hp_head_layers": 1,
  "hp_d_model": 64,
  "hp_nhead": 2,
  "hp_ff_dim": 128,
  "hp_use_cls_token": true
}{
  "trial_id": 172,
  "trial_name": "trial_172_transformer",
  "model": "transformer",
  "best_epoch": 31,
  "elapsed_sec": 155.9800581932068,
  "direct_mae": 0.3406592309474945,
  "direct_rmse": 0.4170476198196411,
  "direct_r2": 0.8189478665590286,
  "direct_valid_ratio": 1.0,
  "direct_residual_mean": 0.3841909170150757,
  "direct_residual_median": 0.36051496863365173,
  "direct_residual_p90": 0.7279736936092378,
  "plus_newton_mae": 2.343361932389667e-08,
  "plus_newton_rmse": 2.991573108301974e-08,
  "plus_newton_r2": 0.9999999999999991,
  "plus_newton_valid_ratio": 1.0,
  "plus_newton_residual_mean": 4.373247759739801e-14,
  "plus_newton_residual_median": 1.3877787807814457e-16,
  "plus_newton_residual_p90": 1.0202394484792884e-13,
  "plus_newton_newton_iter_mean": 2.759,
  "plus_newton_newton_iter_median": 3.0,
  "plus_newton_newton_iter_p90": 3.0,
  "plus_newton_converged_ratio": 1.0,
  "hp_use_log_ab": false,
  "hp_optimizer": "adamw",
  "hp_criterion": "mse",
  "hp_dropout": 0.0,
  "hp_lr": 0.001,
  "hp_weight_decay": 0.0001,
  "hp_hidden_dims": "[256, 256, 128]",
  "hp_hidden_size": 128,
  "hp_num_layers": 1,
  "hp_head_hidden": 128,
  "hp_head_layers": 1,
  "hp_d_model": 64,
  "hp_nhead": 2,
  "hp_ff_dim": 128,
  "hp_use_cls_token": true
}