{
  "trial_id": 2839,
  "trial_name": "trial_2839_transformer",
  "model": "transformer",
  "best_epoch": 35,
  "elapsed_sec": 334.7439196109772,
  "direct_mae": 0.010852512903511524,
  "direct_rmse": 0.01392950490117073,
  "direct_r2": 0.9997980221378384,
  "direct_valid_ratio": 1.0,
  "direct_residual_mean": 0.012910735793411732,
  "direct_residual_median": 0.010680988430976868,
  "direct_residual_p90": 0.028460198640823366,
  "plus_newton_mae": 2.34336177797727e-08,
  "plus_newton_rmse": 2.9915730135562774e-08,
  "plus_newton_r2": 0.9999999999999991,
  "plus_newton_valid_ratio": 1.0,
  "plus_newton_residual_mean": 4.511622767196426e-14,
  "plus_newton_residual_median": 1.1102230246251565e-16,
  "plus_newton_residual_p90": 1.1111112030448599e-13,
  "plus_newton_newton_iter_mean": 2.2221,
  "plus_newton_newton_iter_median": 2.0,
  "plus_newton_newton_iter_p90": 3.0,
  "plus_newton_converged_ratio": 1.0,
  "hp_use_log_ab": true,
  "hp_optimizer": "adamw",
  "hp_criterion": "mse",
  "hp_dropout": 0.1,
  "hp_lr": 0.0005,
  "hp_weight_decay": 1e-05,
  "hp_hidden_dims": "[256, 256, 128]",
  "hp_hidden_size": 128,
  "hp_num_layers": 1,
  "hp_head_hidden": 64,
  "hp_head_layers": 2,
  "hp_d_model": 32,
  "hp_nhead": 4,
  "hp_ff_dim": 128,
  "hp_use_cls_token": false
}{
  "trial_id": 2839,
  "trial_name": "trial_2839_transformer",
  "model": "transformer",
  "best_epoch": 35,
  "elapsed_sec": 334.7439196109772,
  "direct_mae": 0.010852512903511524,
  "direct_rmse": 0.01392950490117073,
  "direct_r2": 0.9997980221378384,
  "direct_valid_ratio": 1.0,
  "direct_residual_mean": 0.012910735793411732,
  "direct_residual_median": 0.010680988430976868,
  "direct_residual_p90": 0.028460198640823366,
  "plus_newton_mae": 2.34336177797727e-08,
  "plus_newton_rmse": 2.9915730135562774e-08,
  "plus_newton_r2": 0.9999999999999991,
  "plus_newton_valid_ratio": 1.0,
  "plus_newton_residual_mean": 4.511622767196426e-14,
  "plus_newton_residual_median": 1.1102230246251565e-16,
  "plus_newton_residual_p90": 1.1111112030448599e-13,
  "plus_newton_newton_iter_mean": 2.2221,
  "plus_newton_newton_iter_median": 2.0,
  "plus_newton_newton_iter_p90": 3.0,
  "plus_newton_converged_ratio": 1.0,
  "hp_use_log_ab": true,
  "hp_optimizer": "adamw",
  "hp_criterion": "mse",
  "hp_dropout": 0.1,
  "hp_lr": 0.0005,
  "hp_weight_decay": 1e-05,
  "hp_hidden_dims": "[256, 256, 128]",
  "hp_hidden_size": 128,
  "hp_num_layers": 1,
  "hp_head_hidden": 64,
  "hp_head_layers": 2,
  "hp_d_model": 32,
  "hp_nhead": 4,
  "hp_ff_dim": 128,
  "hp_use_cls_token": false
}