{
  "trial_id": 1933,
  "trial_name": "trial_1933_transformer",
  "model": "transformer",
  "best_epoch": 9,
  "elapsed_sec": 39.7916738986969,
  "direct_mae": 0.3384198546409607,
  "direct_rmse": 0.42011314630508423,
  "direct_r2": 0.816276416182518,
  "direct_valid_ratio": 1.0,
  "direct_residual_mean": 0.3857884407043457,
  "direct_residual_median": 0.3470347821712494,
  "direct_residual_p90": 0.7922686159610749,
  "plus_newton_mae": 2.3433620923359885e-08,
  "plus_newton_rmse": 2.991573158978672e-08,
  "plus_newton_r2": 0.9999999999999991,
  "plus_newton_valid_ratio": 1.0,
  "plus_newton_residual_mean": 4.358519633650414e-14,
  "plus_newton_residual_median": 1.1102230246251565e-16,
  "plus_newton_residual_p90": 9.882095142188522e-14,
  "plus_newton_newton_iter_mean": 2.7752,
  "plus_newton_newton_iter_median": 3.0,
  "plus_newton_newton_iter_p90": 4.0,
  "plus_newton_converged_ratio": 1.0,
  "hp_use_log_ab": false,
  "hp_optimizer": "adamw",
  "hp_criterion": "smoothl1",
  "hp_dropout": 0.1,
  "hp_lr": 0.0005,
  "hp_weight_decay": 0.0001,
  "hp_hidden_dims": "[256, 256, 128]",
  "hp_hidden_size": 128,
  "hp_num_layers": 1,
  "hp_head_hidden": 64,
  "hp_head_layers": 1,
  "hp_d_model": 64,
  "hp_nhead": 4,
  "hp_ff_dim": 64,
  "hp_use_cls_token": false
}{
  "trial_id": 1933,
  "trial_name": "trial_1933_transformer",
  "model": "transformer",
  "best_epoch": 9,
  "elapsed_sec": 39.7916738986969,
  "direct_mae": 0.3384198546409607,
  "direct_rmse": 0.42011314630508423,
  "direct_r2": 0.816276416182518,
  "direct_valid_ratio": 1.0,
  "direct_residual_mean": 0.3857884407043457,
  "direct_residual_median": 0.3470347821712494,
  "direct_residual_p90": 0.7922686159610749,
  "plus_newton_mae": 2.3433620923359885e-08,
  "plus_newton_rmse": 2.991573158978672e-08,
  "plus_newton_r2": 0.9999999999999991,
  "plus_newton_valid_ratio": 1.0,
  "plus_newton_residual_mean": 4.358519633650414e-14,
  "plus_newton_residual_median": 1.1102230246251565e-16,
  "plus_newton_residual_p90": 9.882095142188522e-14,
  "plus_newton_newton_iter_mean": 2.7752,
  "plus_newton_newton_iter_median": 3.0,
  "plus_newton_newton_iter_p90": 4.0,
  "plus_newton_converged_ratio": 1.0,
  "hp_use_log_ab": false,
  "hp_optimizer": "adamw",
  "hp_criterion": "smoothl1",
  "hp_dropout": 0.1,
  "hp_lr": 0.0005,
  "hp_weight_decay": 0.0001,
  "hp_hidden_dims": "[256, 256, 128]",
  "hp_hidden_size": 128,
  "hp_num_layers": 1,
  "hp_head_hidden": 64,
  "hp_head_layers": 1,
  "hp_d_model": 64,
  "hp_nhead": 4,
  "hp_ff_dim": 64,
  "hp_use_cls_token": false
}