{
  "trial_id": 1787,
  "trial_name": "trial_1787_transformer",
  "model": "transformer",
  "best_epoch": 49,
  "elapsed_sec": 123.05504536628723,
  "direct_mae": 0.00903274118900299,
  "direct_rmse": 0.014110950753092766,
  "direct_r2": 0.9997927259537391,
  "direct_valid_ratio": 1.0,
  "direct_residual_mean": 0.010509164072573185,
  "direct_residual_median": 0.007084697484970093,
  "direct_residual_p90": 0.02414885759353638,
  "plus_newton_mae": 2.3433618394746798e-08,
  "plus_newton_rmse": 2.9915730523436664e-08,
  "plus_newton_r2": 0.9999999999999991,
  "plus_newton_valid_ratio": 1.0,
  "plus_newton_residual_mean": 3.242715181752382e-14,
  "plus_newton_residual_median": 1.1102230246251565e-16,
  "plus_newton_residual_p90": 4.984901380566953e-14,
  "plus_newton_newton_iter_mean": 2.1583,
  "plus_newton_newton_iter_median": 2.0,
  "plus_newton_newton_iter_p90": 3.0,
  "plus_newton_converged_ratio": 1.0,
  "hp_use_log_ab": false,
  "hp_optimizer": "adamw",
  "hp_criterion": "smoothl1",
  "hp_dropout": 0.1,
  "hp_lr": 0.001,
  "hp_weight_decay": 0.0001,
  "hp_hidden_dims": "[256, 256, 128]",
  "hp_hidden_size": 128,
  "hp_num_layers": 2,
  "hp_head_hidden": 128,
  "hp_head_layers": 2,
  "hp_d_model": 64,
  "hp_nhead": 2,
  "hp_ff_dim": 128,
  "hp_use_cls_token": false
}{
  "trial_id": 1787,
  "trial_name": "trial_1787_transformer",
  "model": "transformer",
  "best_epoch": 49,
  "elapsed_sec": 123.05504536628723,
  "direct_mae": 0.00903274118900299,
  "direct_rmse": 0.014110950753092766,
  "direct_r2": 0.9997927259537391,
  "direct_valid_ratio": 1.0,
  "direct_residual_mean": 0.010509164072573185,
  "direct_residual_median": 0.007084697484970093,
  "direct_residual_p90": 0.02414885759353638,
  "plus_newton_mae": 2.3433618394746798e-08,
  "plus_newton_rmse": 2.9915730523436664e-08,
  "plus_newton_r2": 0.9999999999999991,
  "plus_newton_valid_ratio": 1.0,
  "plus_newton_residual_mean": 3.242715181752382e-14,
  "plus_newton_residual_median": 1.1102230246251565e-16,
  "plus_newton_residual_p90": 4.984901380566953e-14,
  "plus_newton_newton_iter_mean": 2.1583,
  "plus_newton_newton_iter_median": 2.0,
  "plus_newton_newton_iter_p90": 3.0,
  "plus_newton_converged_ratio": 1.0,
  "hp_use_log_ab": false,
  "hp_optimizer": "adamw",
  "hp_criterion": "smoothl1",
  "hp_dropout": 0.1,
  "hp_lr": 0.001,
  "hp_weight_decay": 0.0001,
  "hp_hidden_dims": "[256, 256, 128]",
  "hp_hidden_size": 128,
  "hp_num_layers": 2,
  "hp_head_hidden": 128,
  "hp_head_layers": 2,
  "hp_d_model": 64,
  "hp_nhead": 2,
  "hp_ff_dim": 128,
  "hp_use_cls_token": false
}