{
  "trial_id": 3185,
  "trial_name": "trial_3185_transformer",
  "model": "transformer",
  "best_epoch": 118,
  "elapsed_sec": 207.7954339981079,
  "direct_mae": 0.0012633746955543756,
  "direct_rmse": 0.00161159283015877,
  "direct_r2": 0.9999972963964865,
  "direct_valid_ratio": 1.0,
  "direct_residual_mean": 0.0015402064891532063,
  "direct_residual_median": 0.0012123584747314453,
  "direct_residual_p90": 0.0033052206039428716,
  "plus_newton_mae": 2.3433619451591633e-08,
  "plus_newton_rmse": 2.991573140006067e-08,
  "plus_newton_r2": 0.9999999999999991,
  "plus_newton_valid_ratio": 1.0,
  "plus_newton_residual_mean": 2.5605401813652035e-14,
  "plus_newton_residual_median": 1.1102230246251565e-16,
  "plus_newton_residual_p90": 2.220862382884549e-14,
  "plus_newton_newton_iter_mean": 1.9735,
  "plus_newton_newton_iter_median": 2.0,
  "plus_newton_newton_iter_p90": 2.0,
  "plus_newton_converged_ratio": 1.0,
  "hp_use_log_ab": true,
  "hp_optimizer": "adamw",
  "hp_criterion": "smoothl1",
  "hp_dropout": 0.0,
  "hp_lr": 0.001,
  "hp_weight_decay": 1e-05,
  "hp_hidden_dims": "[256, 256, 128]",
  "hp_hidden_size": 128,
  "hp_num_layers": 2,
  "hp_head_hidden": 128,
  "hp_head_layers": 2,
  "hp_d_model": 32,
  "hp_nhead": 2,
  "hp_ff_dim": 64,
  "hp_use_cls_token": false
}{
  "trial_id": 3185,
  "trial_name": "trial_3185_transformer",
  "model": "transformer",
  "best_epoch": 118,
  "elapsed_sec": 207.7954339981079,
  "direct_mae": 0.0012633746955543756,
  "direct_rmse": 0.00161159283015877,
  "direct_r2": 0.9999972963964865,
  "direct_valid_ratio": 1.0,
  "direct_residual_mean": 0.0015402064891532063,
  "direct_residual_median": 0.0012123584747314453,
  "direct_residual_p90": 0.0033052206039428716,
  "plus_newton_mae": 2.3433619451591633e-08,
  "plus_newton_rmse": 2.991573140006067e-08,
  "plus_newton_r2": 0.9999999999999991,
  "plus_newton_valid_ratio": 1.0,
  "plus_newton_residual_mean": 2.5605401813652035e-14,
  "plus_newton_residual_median": 1.1102230246251565e-16,
  "plus_newton_residual_p90": 2.220862382884549e-14,
  "plus_newton_newton_iter_mean": 1.9735,
  "plus_newton_newton_iter_median": 2.0,
  "plus_newton_newton_iter_p90": 2.0,
  "plus_newton_converged_ratio": 1.0,
  "hp_use_log_ab": true,
  "hp_optimizer": "adamw",
  "hp_criterion": "smoothl1",
  "hp_dropout": 0.0,
  "hp_lr": 0.001,
  "hp_weight_decay": 1e-05,
  "hp_hidden_dims": "[256, 256, 128]",
  "hp_hidden_size": 128,
  "hp_num_layers": 2,
  "hp_head_hidden": 128,
  "hp_head_layers": 2,
  "hp_d_model": 32,
  "hp_nhead": 2,
  "hp_ff_dim": 64,
  "hp_use_cls_token": false
}