{
  "trial_id": 1127,
  "trial_name": "trial_1127_transformer",
  "model": "transformer",
  "best_epoch": 18,
  "elapsed_sec": 64.88413596153259,
  "direct_mae": 0.33756282925605774,
  "direct_rmse": 0.41952747106552124,
  "direct_r2": 0.8167883008718491,
  "direct_valid_ratio": 1.0,
  "direct_residual_mean": 0.38192108273506165,
  "direct_residual_median": 0.34756001830101013,
  "direct_residual_p90": 0.7784166395664215,
  "plus_newton_mae": 2.3433619319771866e-08,
  "plus_newton_rmse": 2.99157311411017e-08,
  "plus_newton_r2": 0.9999999999999991,
  "plus_newton_valid_ratio": 1.0,
  "plus_newton_residual_mean": 4.446209116781838e-14,
  "plus_newton_residual_median": 1.1102230246251565e-16,
  "plus_newton_residual_p90": 1.0316192344816963e-13,
  "plus_newton_newton_iter_mean": 2.7633,
  "plus_newton_newton_iter_median": 3.0,
  "plus_newton_newton_iter_p90": 3.0,
  "plus_newton_converged_ratio": 1.0,
  "hp_use_log_ab": false,
  "hp_optimizer": "adamw",
  "hp_criterion": "smoothl1",
  "hp_dropout": 0.0,
  "hp_lr": 0.001,
  "hp_weight_decay": 1e-05,
  "hp_hidden_dims": "[256, 256, 128]",
  "hp_hidden_size": 128,
  "hp_num_layers": 2,
  "hp_head_hidden": 128,
  "hp_head_layers": 1,
  "hp_d_model": 32,
  "hp_nhead": 4,
  "hp_ff_dim": 128,
  "hp_use_cls_token": false
}{
  "trial_id": 1127,
  "trial_name": "trial_1127_transformer",
  "model": "transformer",
  "best_epoch": 18,
  "elapsed_sec": 64.88413596153259,
  "direct_mae": 0.33756282925605774,
  "direct_rmse": 0.41952747106552124,
  "direct_r2": 0.8167883008718491,
  "direct_valid_ratio": 1.0,
  "direct_residual_mean": 0.38192108273506165,
  "direct_residual_median": 0.34756001830101013,
  "direct_residual_p90": 0.7784166395664215,
  "plus_newton_mae": 2.3433619319771866e-08,
  "plus_newton_rmse": 2.99157311411017e-08,
  "plus_newton_r2": 0.9999999999999991,
  "plus_newton_valid_ratio": 1.0,
  "plus_newton_residual_mean": 4.446209116781838e-14,
  "plus_newton_residual_median": 1.1102230246251565e-16,
  "plus_newton_residual_p90": 1.0316192344816963e-13,
  "plus_newton_newton_iter_mean": 2.7633,
  "plus_newton_newton_iter_median": 3.0,
  "plus_newton_newton_iter_p90": 3.0,
  "plus_newton_converged_ratio": 1.0,
  "hp_use_log_ab": false,
  "hp_optimizer": "adamw",
  "hp_criterion": "smoothl1",
  "hp_dropout": 0.0,
  "hp_lr": 0.001,
  "hp_weight_decay": 1e-05,
  "hp_hidden_dims": "[256, 256, 128]",
  "hp_hidden_size": 128,
  "hp_num_layers": 2,
  "hp_head_hidden": 128,
  "hp_head_layers": 1,
  "hp_d_model": 32,
  "hp_nhead": 4,
  "hp_ff_dim": 128,
  "hp_use_cls_token": false
}