{
  "trial_id": 802,
  "trial_name": "trial_802_transformer",
  "model": "transformer",
  "best_epoch": 79,
  "elapsed_sec": 157.38416457176208,
  "direct_mae": 0.34009605646133423,
  "direct_rmse": 0.41688072681427,
  "direct_r2": 0.8190927505493164,
  "direct_valid_ratio": 1.0,
  "direct_residual_mean": 0.38352206349372864,
  "direct_residual_median": 0.35979127883911133,
  "direct_residual_p90": 0.728953927755356,
  "plus_newton_mae": 2.3433618194173698e-08,
  "plus_newton_rmse": 2.991573001680088e-08,
  "plus_newton_r2": 0.9999999999999991,
  "plus_newton_valid_ratio": 1.0,
  "plus_newton_residual_mean": 4.451844089250944e-14,
  "plus_newton_residual_median": 1.5439038936193583e-16,
  "plus_newton_residual_p90": 1.0413614415227821e-13,
  "plus_newton_newton_iter_mean": 2.7575,
  "plus_newton_newton_iter_median": 3.0,
  "plus_newton_newton_iter_p90": 3.0,
  "plus_newton_converged_ratio": 1.0,
  "hp_use_log_ab": false,
  "hp_optimizer": "adamw",
  "hp_criterion": "mse",
  "hp_dropout": 0.1,
  "hp_lr": 0.0005,
  "hp_weight_decay": 1e-05,
  "hp_hidden_dims": "[256, 256, 128]",
  "hp_hidden_size": 128,
  "hp_num_layers": 1,
  "hp_head_hidden": 128,
  "hp_head_layers": 1,
  "hp_d_model": 32,
  "hp_nhead": 2,
  "hp_ff_dim": 64,
  "hp_use_cls_token": true
}{
  "trial_id": 802,
  "trial_name": "trial_802_transformer",
  "model": "transformer",
  "best_epoch": 79,
  "elapsed_sec": 157.38416457176208,
  "direct_mae": 0.34009605646133423,
  "direct_rmse": 0.41688072681427,
  "direct_r2": 0.8190927505493164,
  "direct_valid_ratio": 1.0,
  "direct_residual_mean": 0.38352206349372864,
  "direct_residual_median": 0.35979127883911133,
  "direct_residual_p90": 0.728953927755356,
  "plus_newton_mae": 2.3433618194173698e-08,
  "plus_newton_rmse": 2.991573001680088e-08,
  "plus_newton_r2": 0.9999999999999991,
  "plus_newton_valid_ratio": 1.0,
  "plus_newton_residual_mean": 4.451844089250944e-14,
  "plus_newton_residual_median": 1.5439038936193583e-16,
  "plus_newton_residual_p90": 1.0413614415227821e-13,
  "plus_newton_newton_iter_mean": 2.7575,
  "plus_newton_newton_iter_median": 3.0,
  "plus_newton_newton_iter_p90": 3.0,
  "plus_newton_converged_ratio": 1.0,
  "hp_use_log_ab": false,
  "hp_optimizer": "adamw",
  "hp_criterion": "mse",
  "hp_dropout": 0.1,
  "hp_lr": 0.0005,
  "hp_weight_decay": 1e-05,
  "hp_hidden_dims": "[256, 256, 128]",
  "hp_hidden_size": 128,
  "hp_num_layers": 1,
  "hp_head_hidden": 128,
  "hp_head_layers": 1,
  "hp_d_model": 32,
  "hp_nhead": 2,
  "hp_ff_dim": 64,
  "hp_use_cls_token": true
}