{
  "trial_id": 1379,
  "trial_name": "trial_1379_transformer",
  "model": "transformer",
  "best_epoch": 9,
  "elapsed_sec": 49.84903573989868,
  "direct_mae": 0.33907660841941833,
  "direct_rmse": 0.41806140542030334,
  "direct_r2": 0.8180665671825409,
  "direct_valid_ratio": 1.0,
  "direct_residual_mean": 0.38368770480155945,
  "direct_residual_median": 0.35361072421073914,
  "direct_residual_p90": 0.7616304337978366,
  "plus_newton_mae": 2.3433619338125286e-08,
  "plus_newton_rmse": 2.991573130683365e-08,
  "plus_newton_r2": 0.9999999999999991,
  "plus_newton_valid_ratio": 1.0,
  "plus_newton_residual_mean": 4.4368807606028334e-14,
  "plus_newton_residual_median": 1.6653345369377348e-16,
  "plus_newton_residual_p90": 1.0336731470772542e-13,
  "plus_newton_newton_iter_mean": 2.7607,
  "plus_newton_newton_iter_median": 3.0,
  "plus_newton_newton_iter_p90": 3.0,
  "plus_newton_converged_ratio": 1.0,
  "hp_use_log_ab": false,
  "hp_optimizer": "adamw",
  "hp_criterion": "smoothl1",
  "hp_dropout": 0.0,
  "hp_lr": 0.0005,
  "hp_weight_decay": 1e-05,
  "hp_hidden_dims": "[256, 256, 128]",
  "hp_hidden_size": 128,
  "hp_num_layers": 2,
  "hp_head_hidden": 128,
  "hp_head_layers": 1,
  "hp_d_model": 32,
  "hp_nhead": 2,
  "hp_ff_dim": 128,
  "hp_use_cls_token": false
}{
  "trial_id": 1379,
  "trial_name": "trial_1379_transformer",
  "model": "transformer",
  "best_epoch": 9,
  "elapsed_sec": 49.84903573989868,
  "direct_mae": 0.33907660841941833,
  "direct_rmse": 0.41806140542030334,
  "direct_r2": 0.8180665671825409,
  "direct_valid_ratio": 1.0,
  "direct_residual_mean": 0.38368770480155945,
  "direct_residual_median": 0.35361072421073914,
  "direct_residual_p90": 0.7616304337978366,
  "plus_newton_mae": 2.3433619338125286e-08,
  "plus_newton_rmse": 2.991573130683365e-08,
  "plus_newton_r2": 0.9999999999999991,
  "plus_newton_valid_ratio": 1.0,
  "plus_newton_residual_mean": 4.4368807606028334e-14,
  "plus_newton_residual_median": 1.6653345369377348e-16,
  "plus_newton_residual_p90": 1.0336731470772542e-13,
  "plus_newton_newton_iter_mean": 2.7607,
  "plus_newton_newton_iter_median": 3.0,
  "plus_newton_newton_iter_p90": 3.0,
  "plus_newton_converged_ratio": 1.0,
  "hp_use_log_ab": false,
  "hp_optimizer": "adamw",
  "hp_criterion": "smoothl1",
  "hp_dropout": 0.0,
  "hp_lr": 0.0005,
  "hp_weight_decay": 1e-05,
  "hp_hidden_dims": "[256, 256, 128]",
  "hp_hidden_size": 128,
  "hp_num_layers": 2,
  "hp_head_hidden": 128,
  "hp_head_layers": 1,
  "hp_d_model": 32,
  "hp_nhead": 2,
  "hp_ff_dim": 128,
  "hp_use_cls_token": false
}