{
  "trial_id": 599,
  "trial_name": "trial_599_transformer",
  "model": "transformer",
  "best_epoch": 42,
  "elapsed_sec": 122.87991094589233,
  "direct_mae": 0.012844671495258808,
  "direct_rmse": 0.01876089721918106,
  "direct_r2": 0.9996336133917794,
  "direct_valid_ratio": 1.0,
  "direct_residual_mean": 0.015024879015982151,
  "direct_residual_median": 0.010143816471099854,
  "direct_residual_p90": 0.035610663890838626,
  "plus_newton_mae": 2.3433617533741536e-08,
  "plus_newton_rmse": 2.9915729069257025e-08,
  "plus_newton_r2": 0.9999999999999991,
  "plus_newton_valid_ratio": 1.0,
  "plus_newton_residual_mean": 3.225141347112261e-14,
  "plus_newton_residual_median": 1.1102230246251565e-16,
  "plus_newton_residual_p90": 6.088463067044375e-14,
  "plus_newton_newton_iter_mean": 2.1967,
  "plus_newton_newton_iter_median": 2.0,
  "plus_newton_newton_iter_p90": 3.0,
  "plus_newton_converged_ratio": 1.0,
  "hp_use_log_ab": false,
  "hp_optimizer": "adamw",
  "hp_criterion": "mse",
  "hp_dropout": 0.1,
  "hp_lr": 0.001,
  "hp_weight_decay": 1e-05,
  "hp_hidden_dims": "[256, 256, 128]",
  "hp_hidden_size": 128,
  "hp_num_layers": 2,
  "hp_head_hidden": 64,
  "hp_head_layers": 2,
  "hp_d_model": 32,
  "hp_nhead": 4,
  "hp_ff_dim": 128,
  "hp_use_cls_token": false
}{
  "trial_id": 599,
  "trial_name": "trial_599_transformer",
  "model": "transformer",
  "best_epoch": 42,
  "elapsed_sec": 122.87991094589233,
  "direct_mae": 0.012844671495258808,
  "direct_rmse": 0.01876089721918106,
  "direct_r2": 0.9996336133917794,
  "direct_valid_ratio": 1.0,
  "direct_residual_mean": 0.015024879015982151,
  "direct_residual_median": 0.010143816471099854,
  "direct_residual_p90": 0.035610663890838626,
  "plus_newton_mae": 2.3433617533741536e-08,
  "plus_newton_rmse": 2.9915729069257025e-08,
  "plus_newton_r2": 0.9999999999999991,
  "plus_newton_valid_ratio": 1.0,
  "plus_newton_residual_mean": 3.225141347112261e-14,
  "plus_newton_residual_median": 1.1102230246251565e-16,
  "plus_newton_residual_p90": 6.088463067044375e-14,
  "plus_newton_newton_iter_mean": 2.1967,
  "plus_newton_newton_iter_median": 2.0,
  "plus_newton_newton_iter_p90": 3.0,
  "plus_newton_converged_ratio": 1.0,
  "hp_use_log_ab": false,
  "hp_optimizer": "adamw",
  "hp_criterion": "mse",
  "hp_dropout": 0.1,
  "hp_lr": 0.001,
  "hp_weight_decay": 1e-05,
  "hp_hidden_dims": "[256, 256, 128]",
  "hp_hidden_size": 128,
  "hp_num_layers": 2,
  "hp_head_hidden": 64,
  "hp_head_layers": 2,
  "hp_d_model": 32,
  "hp_nhead": 4,
  "hp_ff_dim": 128,
  "hp_use_cls_token": false
}