{
  "trial_id": 662,
  "trial_name": "trial_662_transformer",
  "model": "transformer",
  "best_epoch": 103,
  "elapsed_sec": 194.48693656921387,
  "direct_mae": 0.009771564044058323,
  "direct_rmse": 0.013911211863160133,
  "direct_r2": 0.999798552293214,
  "direct_valid_ratio": 1.0,
  "direct_residual_mean": 0.011691059917211533,
  "direct_residual_median": 0.008587837219238281,
  "direct_residual_p90": 0.028396266698837287,
  "plus_newton_mae": 2.3433618374972728e-08,
  "plus_newton_rmse": 2.991572973447529e-08,
  "plus_newton_r2": 0.9999999999999991,
  "plus_newton_valid_ratio": 1.0,
  "plus_newton_residual_mean": 3.730076276125017e-14,
  "plus_newton_residual_median": 1.1102230246251565e-16,
  "plus_newton_residual_p90": 8.504308368628699e-14,
  "plus_newton_newton_iter_mean": 2.1769,
  "plus_newton_newton_iter_median": 2.0,
  "plus_newton_newton_iter_p90": 3.0,
  "plus_newton_converged_ratio": 1.0,
  "hp_use_log_ab": false,
  "hp_optimizer": "adamw",
  "hp_criterion": "mse",
  "hp_dropout": 0.1,
  "hp_lr": 0.001,
  "hp_weight_decay": 0.0001,
  "hp_hidden_dims": "[256, 256, 128]",
  "hp_hidden_size": 128,
  "hp_num_layers": 1,
  "hp_head_hidden": 64,
  "hp_head_layers": 2,
  "hp_d_model": 32,
  "hp_nhead": 4,
  "hp_ff_dim": 64,
  "hp_use_cls_token": true
}{
  "trial_id": 662,
  "trial_name": "trial_662_transformer",
  "model": "transformer",
  "best_epoch": 103,
  "elapsed_sec": 194.48693656921387,
  "direct_mae": 0.009771564044058323,
  "direct_rmse": 0.013911211863160133,
  "direct_r2": 0.999798552293214,
  "direct_valid_ratio": 1.0,
  "direct_residual_mean": 0.011691059917211533,
  "direct_residual_median": 0.008587837219238281,
  "direct_residual_p90": 0.028396266698837287,
  "plus_newton_mae": 2.3433618374972728e-08,
  "plus_newton_rmse": 2.991572973447529e-08,
  "plus_newton_r2": 0.9999999999999991,
  "plus_newton_valid_ratio": 1.0,
  "plus_newton_residual_mean": 3.730076276125017e-14,
  "plus_newton_residual_median": 1.1102230246251565e-16,
  "plus_newton_residual_p90": 8.504308368628699e-14,
  "plus_newton_newton_iter_mean": 2.1769,
  "plus_newton_newton_iter_median": 2.0,
  "plus_newton_newton_iter_p90": 3.0,
  "plus_newton_converged_ratio": 1.0,
  "hp_use_log_ab": false,
  "hp_optimizer": "adamw",
  "hp_criterion": "mse",
  "hp_dropout": 0.1,
  "hp_lr": 0.001,
  "hp_weight_decay": 0.0001,
  "hp_hidden_dims": "[256, 256, 128]",
  "hp_hidden_size": 128,
  "hp_num_layers": 1,
  "hp_head_hidden": 64,
  "hp_head_layers": 2,
  "hp_d_model": 32,
  "hp_nhead": 4,
  "hp_ff_dim": 64,
  "hp_use_cls_token": true
}