{
  "trial_id": 2664,
  "trial_name": "trial_2664_transformer",
  "model": "transformer",
  "best_epoch": 23,
  "elapsed_sec": 387.8506259918213,
  "direct_mae": 0.10578163713216782,
  "direct_rmse": 0.13401252031326294,
  "direct_r2": 0.9813051000237465,
  "direct_valid_ratio": 1.0,
  "direct_residual_mean": 0.13373346626758575,
  "direct_residual_median": 0.10806846618652344,
  "direct_residual_p90": 0.2562803775072098,
  "plus_newton_mae": 2.343361882478988e-08,
  "plus_newton_rmse": 2.991572976075976e-08,
  "plus_newton_r2": 0.9999999999999991,
  "plus_newton_valid_ratio": 1.0,
  "plus_newton_residual_mean": 3.366868849216946e-14,
  "plus_newton_residual_median": 1.1102230246251565e-16,
  "plus_newton_residual_p90": 4.5899395395565605e-14,
  "plus_newton_newton_iter_mean": 2.6102,
  "plus_newton_newton_iter_median": 3.0,
  "plus_newton_newton_iter_p90": 3.0,
  "plus_newton_converged_ratio": 1.0,
  "hp_use_log_ab": true,
  "hp_optimizer": "adamw",
  "hp_criterion": "mse",
  "hp_dropout": 0.1,
  "hp_lr": 0.001,
  "hp_weight_decay": 1e-05,
  "hp_hidden_dims": "[256, 256, 128]",
  "hp_hidden_size": 128,
  "hp_num_layers": 2,
  "hp_head_hidden": 128,
  "hp_head_layers": 1,
  "hp_d_model": 32,
  "hp_nhead": 4,
  "hp_ff_dim": 128,
  "hp_use_cls_token": true
}{
  "trial_id": 2664,
  "trial_name": "trial_2664_transformer",
  "model": "transformer",
  "best_epoch": 23,
  "elapsed_sec": 387.8506259918213,
  "direct_mae": 0.10578163713216782,
  "direct_rmse": 0.13401252031326294,
  "direct_r2": 0.9813051000237465,
  "direct_valid_ratio": 1.0,
  "direct_residual_mean": 0.13373346626758575,
  "direct_residual_median": 0.10806846618652344,
  "direct_residual_p90": 0.2562803775072098,
  "plus_newton_mae": 2.343361882478988e-08,
  "plus_newton_rmse": 2.991572976075976e-08,
  "plus_newton_r2": 0.9999999999999991,
  "plus_newton_valid_ratio": 1.0,
  "plus_newton_residual_mean": 3.366868849216946e-14,
  "plus_newton_residual_median": 1.1102230246251565e-16,
  "plus_newton_residual_p90": 4.5899395395565605e-14,
  "plus_newton_newton_iter_mean": 2.6102,
  "plus_newton_newton_iter_median": 3.0,
  "plus_newton_newton_iter_p90": 3.0,
  "plus_newton_converged_ratio": 1.0,
  "hp_use_log_ab": true,
  "hp_optimizer": "adamw",
  "hp_criterion": "mse",
  "hp_dropout": 0.1,
  "hp_lr": 0.001,
  "hp_weight_decay": 1e-05,
  "hp_hidden_dims": "[256, 256, 128]",
  "hp_hidden_size": 128,
  "hp_num_layers": 2,
  "hp_head_hidden": 128,
  "hp_head_layers": 1,
  "hp_d_model": 32,
  "hp_nhead": 4,
  "hp_ff_dim": 128,
  "hp_use_cls_token": true
}