{
  "trial_id": 2769,
  "trial_name": "trial_2769_transformer",
  "model": "transformer",
  "best_epoch": 53,
  "elapsed_sec": 572.1086521148682,
  "direct_mae": 0.012477299198508263,
  "direct_rmse": 0.015164402313530445,
  "direct_r2": 0.9997606226825155,
  "direct_valid_ratio": 1.0,
  "direct_residual_mean": 0.014639959670603275,
  "direct_residual_median": 0.013713359832763672,
  "direct_residual_p90": 0.026887936890125277,
  "plus_newton_mae": 2.3433618521389034e-08,
  "plus_newton_rmse": 2.9915731250354635e-08,
  "plus_newton_r2": 0.9999999999999991,
  "plus_newton_valid_ratio": 1.0,
  "plus_newton_residual_mean": 3.571667744175285e-14,
  "plus_newton_residual_median": 1.1102230246251565e-16,
  "plus_newton_residual_p90": 7.406297797274423e-14,
  "plus_newton_newton_iter_mean": 2.202,
  "plus_newton_newton_iter_median": 2.0,
  "plus_newton_newton_iter_p90": 3.0,
  "plus_newton_converged_ratio": 1.0,
  "hp_use_log_ab": true,
  "hp_optimizer": "adamw",
  "hp_criterion": "mse",
  "hp_dropout": 0.1,
  "hp_lr": 0.001,
  "hp_weight_decay": 0.0001,
  "hp_hidden_dims": "[256, 256, 128]",
  "hp_hidden_size": 128,
  "hp_num_layers": 2,
  "hp_head_hidden": 64,
  "hp_head_layers": 2,
  "hp_d_model": 32,
  "hp_nhead": 2,
  "hp_ff_dim": 64,
  "hp_use_cls_token": false
}{
  "trial_id": 2769,
  "trial_name": "trial_2769_transformer",
  "model": "transformer",
  "best_epoch": 53,
  "elapsed_sec": 572.1086521148682,
  "direct_mae": 0.012477299198508263,
  "direct_rmse": 0.015164402313530445,
  "direct_r2": 0.9997606226825155,
  "direct_valid_ratio": 1.0,
  "direct_residual_mean": 0.014639959670603275,
  "direct_residual_median": 0.013713359832763672,
  "direct_residual_p90": 0.026887936890125277,
  "plus_newton_mae": 2.3433618521389034e-08,
  "plus_newton_rmse": 2.9915731250354635e-08,
  "plus_newton_r2": 0.9999999999999991,
  "plus_newton_valid_ratio": 1.0,
  "plus_newton_residual_mean": 3.571667744175285e-14,
  "plus_newton_residual_median": 1.1102230246251565e-16,
  "plus_newton_residual_p90": 7.406297797274423e-14,
  "plus_newton_newton_iter_mean": 2.202,
  "plus_newton_newton_iter_median": 2.0,
  "plus_newton_newton_iter_p90": 3.0,
  "plus_newton_converged_ratio": 1.0,
  "hp_use_log_ab": true,
  "hp_optimizer": "adamw",
  "hp_criterion": "mse",
  "hp_dropout": 0.1,
  "hp_lr": 0.001,
  "hp_weight_decay": 0.0001,
  "hp_hidden_dims": "[256, 256, 128]",
  "hp_hidden_size": 128,
  "hp_num_layers": 2,
  "hp_head_hidden": 64,
  "hp_head_layers": 2,
  "hp_d_model": 32,
  "hp_nhead": 2,
  "hp_ff_dim": 64,
  "hp_use_cls_token": false
}