{
  "trial_id": 2144,
  "trial_name": "trial_2144_transformer",
  "model": "transformer",
  "best_epoch": 101,
  "elapsed_sec": 210.86691427230835,
  "direct_mae": 0.002721029333770275,
  "direct_rmse": 0.0034603807143867016,
  "direct_r2": 0.9999875353478274,
  "direct_valid_ratio": 1.0,
  "direct_residual_mean": 0.0033003047574311495,
  "direct_residual_median": 0.0025420188903808594,
  "direct_residual_p90": 0.007035186886787415,
  "plus_newton_mae": 2.3433617476126008e-08,
  "plus_newton_rmse": 2.991572981509629e-08,
  "plus_newton_r2": 0.9999999999999991,
  "plus_newton_valid_ratio": 1.0,
  "plus_newton_residual_mean": 2.94680883627306e-14,
  "plus_newton_residual_median": 1.1102230246251565e-16,
  "plus_newton_residual_p90": 2.86479173716714e-14,
  "plus_newton_newton_iter_mean": 2.0429,
  "plus_newton_newton_iter_median": 2.0,
  "plus_newton_newton_iter_p90": 2.0,
  "plus_newton_converged_ratio": 1.0,
  "hp_use_log_ab": true,
  "hp_optimizer": "adamw",
  "hp_criterion": "mse",
  "hp_dropout": 0.0,
  "hp_lr": 0.001,
  "hp_weight_decay": 1e-05,
  "hp_hidden_dims": "[256, 256, 128]",
  "hp_hidden_size": 128,
  "hp_num_layers": 2,
  "hp_head_hidden": 64,
  "hp_head_layers": 2,
  "hp_d_model": 64,
  "hp_nhead": 4,
  "hp_ff_dim": 128,
  "hp_use_cls_token": true
}{
  "trial_id": 2144,
  "trial_name": "trial_2144_transformer",
  "model": "transformer",
  "best_epoch": 101,
  "elapsed_sec": 210.86691427230835,
  "direct_mae": 0.002721029333770275,
  "direct_rmse": 0.0034603807143867016,
  "direct_r2": 0.9999875353478274,
  "direct_valid_ratio": 1.0,
  "direct_residual_mean": 0.0033003047574311495,
  "direct_residual_median": 0.0025420188903808594,
  "direct_residual_p90": 0.007035186886787415,
  "plus_newton_mae": 2.3433617476126008e-08,
  "plus_newton_rmse": 2.991572981509629e-08,
  "plus_newton_r2": 0.9999999999999991,
  "plus_newton_valid_ratio": 1.0,
  "plus_newton_residual_mean": 2.94680883627306e-14,
  "plus_newton_residual_median": 1.1102230246251565e-16,
  "plus_newton_residual_p90": 2.86479173716714e-14,
  "plus_newton_newton_iter_mean": 2.0429,
  "plus_newton_newton_iter_median": 2.0,
  "plus_newton_newton_iter_p90": 2.0,
  "plus_newton_converged_ratio": 1.0,
  "hp_use_log_ab": true,
  "hp_optimizer": "adamw",
  "hp_criterion": "mse",
  "hp_dropout": 0.0,
  "hp_lr": 0.001,
  "hp_weight_decay": 1e-05,
  "hp_hidden_dims": "[256, 256, 128]",
  "hp_hidden_size": 128,
  "hp_num_layers": 2,
  "hp_head_hidden": 64,
  "hp_head_layers": 2,
  "hp_d_model": 64,
  "hp_nhead": 4,
  "hp_ff_dim": 128,
  "hp_use_cls_token": true
}