{
  "trial_id": 2427,
  "trial_name": "trial_2427_transformer",
  "model": "transformer",
  "best_epoch": 92,
  "elapsed_sec": 194.45847606658936,
  "direct_mae": 0.0016778095159679651,
  "direct_rmse": 0.002135069342330098,
  "direct_r2": 0.9999952547805151,
  "direct_valid_ratio": 1.0,
  "direct_residual_mean": 0.0021064041648060083,
  "direct_residual_median": 0.0015808343887329102,
  "direct_residual_p90": 0.004573562741279602,
  "plus_newton_mae": 2.3433617814269392e-08,
  "plus_newton_rmse": 2.991572994568007e-08,
  "plus_newton_r2": 0.9999999999999991,
  "plus_newton_valid_ratio": 1.0,
  "plus_newton_residual_mean": 2.7875493823937022e-14,
  "plus_newton_residual_median": 1.1102230246251565e-16,
  "plus_newton_residual_p90": 1.9884094371036594e-14,
  "plus_newton_newton_iter_mean": 2.0138,
  "plus_newton_newton_iter_median": 2.0,
  "plus_newton_newton_iter_p90": 2.0,
  "plus_newton_converged_ratio": 1.0,
  "hp_use_log_ab": true,
  "hp_optimizer": "adamw",
  "hp_criterion": "mse",
  "hp_dropout": 0.0,
  "hp_lr": 0.0005,
  "hp_weight_decay": 1e-05,
  "hp_hidden_dims": "[256, 256, 128]",
  "hp_hidden_size": 128,
  "hp_num_layers": 2,
  "hp_head_hidden": 128,
  "hp_head_layers": 2,
  "hp_d_model": 64,
  "hp_nhead": 2,
  "hp_ff_dim": 128,
  "hp_use_cls_token": false
}{
  "trial_id": 2427,
  "trial_name": "trial_2427_transformer",
  "model": "transformer",
  "best_epoch": 92,
  "elapsed_sec": 194.45847606658936,
  "direct_mae": 0.0016778095159679651,
  "direct_rmse": 0.002135069342330098,
  "direct_r2": 0.9999952547805151,
  "direct_valid_ratio": 1.0,
  "direct_residual_mean": 0.0021064041648060083,
  "direct_residual_median": 0.0015808343887329102,
  "direct_residual_p90": 0.004573562741279602,
  "plus_newton_mae": 2.3433617814269392e-08,
  "plus_newton_rmse": 2.991572994568007e-08,
  "plus_newton_r2": 0.9999999999999991,
  "plus_newton_valid_ratio": 1.0,
  "plus_newton_residual_mean": 2.7875493823937022e-14,
  "plus_newton_residual_median": 1.1102230246251565e-16,
  "plus_newton_residual_p90": 1.9884094371036594e-14,
  "plus_newton_newton_iter_mean": 2.0138,
  "plus_newton_newton_iter_median": 2.0,
  "plus_newton_newton_iter_p90": 2.0,
  "plus_newton_converged_ratio": 1.0,
  "hp_use_log_ab": true,
  "hp_optimizer": "adamw",
  "hp_criterion": "mse",
  "hp_dropout": 0.0,
  "hp_lr": 0.0005,
  "hp_weight_decay": 1e-05,
  "hp_hidden_dims": "[256, 256, 128]",
  "hp_hidden_size": 128,
  "hp_num_layers": 2,
  "hp_head_hidden": 128,
  "hp_head_layers": 2,
  "hp_d_model": 64,
  "hp_nhead": 2,
  "hp_ff_dim": 128,
  "hp_use_cls_token": false
}