{
  "trial_id": 336,
  "trial_name": "trial_336_transformer",
  "model": "transformer",
  "best_epoch": 36,
  "elapsed_sec": 189.34741520881653,
  "direct_mae": 0.34065380692481995,
  "direct_rmse": 0.4170362651348114,
  "direct_r2": 0.8189577162265778,
  "direct_valid_ratio": 1.0,
  "direct_residual_mean": 0.3842026889324188,
  "direct_residual_median": 0.3612164556980133,
  "direct_residual_p90": 0.7255224764347077,
  "plus_newton_mae": 2.3433619546159354e-08,
  "plus_newton_rmse": 2.9915730906560704e-08,
  "plus_newton_r2": 0.9999999999999991,
  "plus_newton_valid_ratio": 1.0,
  "plus_newton_residual_mean": 4.425483577204375e-14,
  "plus_newton_residual_median": 1.6653345369377348e-16,
  "plus_newton_residual_p90": 9.971277276088491e-14,
  "plus_newton_newton_iter_mean": 2.7594,
  "plus_newton_newton_iter_median": 3.0,
  "plus_newton_newton_iter_p90": 3.0,
  "plus_newton_converged_ratio": 1.0,
  "hp_use_log_ab": false,
  "hp_optimizer": "adamw",
  "hp_criterion": "mse",
  "hp_dropout": 0.0,
  "hp_lr": 0.0005,
  "hp_weight_decay": 1e-05,
  "hp_hidden_dims": "[256, 256, 128]",
  "hp_hidden_size": 128,
  "hp_num_layers": 2,
  "hp_head_hidden": 64,
  "hp_head_layers": 1,
  "hp_d_model": 64,
  "hp_nhead": 4,
  "hp_ff_dim": 128,
  "hp_use_cls_token": true
}{
  "trial_id": 336,
  "trial_name": "trial_336_transformer",
  "model": "transformer",
  "best_epoch": 36,
  "elapsed_sec": 189.34741520881653,
  "direct_mae": 0.34065380692481995,
  "direct_rmse": 0.4170362651348114,
  "direct_r2": 0.8189577162265778,
  "direct_valid_ratio": 1.0,
  "direct_residual_mean": 0.3842026889324188,
  "direct_residual_median": 0.3612164556980133,
  "direct_residual_p90": 0.7255224764347077,
  "plus_newton_mae": 2.3433619546159354e-08,
  "plus_newton_rmse": 2.9915730906560704e-08,
  "plus_newton_r2": 0.9999999999999991,
  "plus_newton_valid_ratio": 1.0,
  "plus_newton_residual_mean": 4.425483577204375e-14,
  "plus_newton_residual_median": 1.6653345369377348e-16,
  "plus_newton_residual_p90": 9.971277276088491e-14,
  "plus_newton_newton_iter_mean": 2.7594,
  "plus_newton_newton_iter_median": 3.0,
  "plus_newton_newton_iter_p90": 3.0,
  "plus_newton_converged_ratio": 1.0,
  "hp_use_log_ab": false,
  "hp_optimizer": "adamw",
  "hp_criterion": "mse",
  "hp_dropout": 0.0,
  "hp_lr": 0.0005,
  "hp_weight_decay": 1e-05,
  "hp_hidden_dims": "[256, 256, 128]",
  "hp_hidden_size": 128,
  "hp_num_layers": 2,
  "hp_head_hidden": 64,
  "hp_head_layers": 1,
  "hp_d_model": 64,
  "hp_nhead": 4,
  "hp_ff_dim": 128,
  "hp_use_cls_token": true
}