{
  "trial_id": 1370,
  "trial_name": "trial_1370_transformer",
  "model": "transformer",
  "best_epoch": 99,
  "elapsed_sec": 206.95481324195862,
  "direct_mae": 0.00256339181214571,
  "direct_rmse": 0.003190393093973398,
  "direct_r2": 0.9999894045167821,
  "direct_valid_ratio": 1.0,
  "direct_residual_mean": 0.0030813897028565407,
  "direct_residual_median": 0.0025943517684936523,
  "direct_residual_p90": 0.006122887134552003,
  "plus_newton_mae": 2.343361868682867e-08,
  "plus_newton_rmse": 2.991573130866619e-08,
  "plus_newton_r2": 0.9999999999999991,
  "plus_newton_valid_ratio": 1.0,
  "plus_newton_residual_mean": 3.789967693215571e-14,
  "plus_newton_residual_median": 1.1102230246251565e-16,
  "plus_newton_residual_p90": 7.693845560652335e-14,
  "plus_newton_newton_iter_mean": 2.0206,
  "plus_newton_newton_iter_median": 2.0,
  "plus_newton_newton_iter_p90": 2.0,
  "plus_newton_converged_ratio": 1.0,
  "hp_use_log_ab": false,
  "hp_optimizer": "adamw",
  "hp_criterion": "smoothl1",
  "hp_dropout": 0.0,
  "hp_lr": 0.0005,
  "hp_weight_decay": 1e-05,
  "hp_hidden_dims": "[256, 256, 128]",
  "hp_hidden_size": 128,
  "hp_num_layers": 2,
  "hp_head_hidden": 64,
  "hp_head_layers": 2,
  "hp_d_model": 64,
  "hp_nhead": 2,
  "hp_ff_dim": 64,
  "hp_use_cls_token": true
}{
  "trial_id": 1370,
  "trial_name": "trial_1370_transformer",
  "model": "transformer",
  "best_epoch": 99,
  "elapsed_sec": 206.95481324195862,
  "direct_mae": 0.00256339181214571,
  "direct_rmse": 0.003190393093973398,
  "direct_r2": 0.9999894045167821,
  "direct_valid_ratio": 1.0,
  "direct_residual_mean": 0.0030813897028565407,
  "direct_residual_median": 0.0025943517684936523,
  "direct_residual_p90": 0.006122887134552003,
  "plus_newton_mae": 2.343361868682867e-08,
  "plus_newton_rmse": 2.991573130866619e-08,
  "plus_newton_r2": 0.9999999999999991,
  "plus_newton_valid_ratio": 1.0,
  "plus_newton_residual_mean": 3.789967693215571e-14,
  "plus_newton_residual_median": 1.1102230246251565e-16,
  "plus_newton_residual_p90": 7.693845560652335e-14,
  "plus_newton_newton_iter_mean": 2.0206,
  "plus_newton_newton_iter_median": 2.0,
  "plus_newton_newton_iter_p90": 2.0,
  "plus_newton_converged_ratio": 1.0,
  "hp_use_log_ab": false,
  "hp_optimizer": "adamw",
  "hp_criterion": "smoothl1",
  "hp_dropout": 0.0,
  "hp_lr": 0.0005,
  "hp_weight_decay": 1e-05,
  "hp_hidden_dims": "[256, 256, 128]",
  "hp_hidden_size": 128,
  "hp_num_layers": 2,
  "hp_head_hidden": 64,
  "hp_head_layers": 2,
  "hp_d_model": 64,
  "hp_nhead": 2,
  "hp_ff_dim": 64,
  "hp_use_cls_token": true
}