{
  "trial_id": 95,
  "trial_name": "trial_095_gru",
  "model": "gru",
  "best_epoch": 44,
  "elapsed_sec": 167.68639540672302,
  "direct_mae": 0.3407275676727295,
  "direct_rmse": 0.41690298914909363,
  "direct_r2": 0.8190734088420868,
  "direct_valid_ratio": 1.0,
  "direct_residual_mean": 0.38373464345932007,
  "direct_residual_median": 0.36015814542770386,
  "direct_residual_p90": 0.7205031633377076,
  "plus_newton_mae": 2.3433619788525937e-08,
  "plus_newton_rmse": 2.991573162765027e-08,
  "plus_newton_r2": 0.9999999999999991,
  "plus_newton_valid_ratio": 1.0,
  "plus_newton_residual_mean": 4.392271987852103e-14,
  "plus_newton_residual_median": 2.220446049250313e-16,
  "plus_newton_residual_p90": 1.0625389457175063e-13,
  "plus_newton_newton_iter_mean": 2.756,
  "plus_newton_newton_iter_median": 3.0,
  "plus_newton_newton_iter_p90": 3.0,
  "plus_newton_converged_ratio": 1.0,
  "hp_use_log_ab": false,
  "hp_optimizer": "adamw",
  "hp_criterion": "mse",
  "hp_dropout": 0.1,
  "hp_lr": 0.001,
  "hp_weight_decay": 0.0001,
  "hp_hidden_dims": "[256, 256, 128]",
  "hp_hidden_size": 128,
  "hp_num_layers": 2,
  "hp_head_hidden": 128,
  "hp_head_layers": 1,
  "hp_d_model": 64,
  "hp_nhead": 4,
  "hp_ff_dim": 128,
  "hp_use_cls_token": false
}{
  "trial_id": 95,
  "trial_name": "trial_095_gru",
  "model": "gru",
  "best_epoch": 44,
  "elapsed_sec": 167.68639540672302,
  "direct_mae": 0.3407275676727295,
  "direct_rmse": 0.41690298914909363,
  "direct_r2": 0.8190734088420868,
  "direct_valid_ratio": 1.0,
  "direct_residual_mean": 0.38373464345932007,
  "direct_residual_median": 0.36015814542770386,
  "direct_residual_p90": 0.7205031633377076,
  "plus_newton_mae": 2.3433619788525937e-08,
  "plus_newton_rmse": 2.991573162765027e-08,
  "plus_newton_r2": 0.9999999999999991,
  "plus_newton_valid_ratio": 1.0,
  "plus_newton_residual_mean": 4.392271987852103e-14,
  "plus_newton_residual_median": 2.220446049250313e-16,
  "plus_newton_residual_p90": 1.0625389457175063e-13,
  "plus_newton_newton_iter_mean": 2.756,
  "plus_newton_newton_iter_median": 3.0,
  "plus_newton_newton_iter_p90": 3.0,
  "plus_newton_converged_ratio": 1.0,
  "hp_use_log_ab": false,
  "hp_optimizer": "adamw",
  "hp_criterion": "mse",
  "hp_dropout": 0.1,
  "hp_lr": 0.001,
  "hp_weight_decay": 0.0001,
  "hp_hidden_dims": "[256, 256, 128]",
  "hp_hidden_size": 128,
  "hp_num_layers": 2,
  "hp_head_hidden": 128,
  "hp_head_layers": 1,
  "hp_d_model": 64,
  "hp_nhead": 4,
  "hp_ff_dim": 128,
  "hp_use_cls_token": false
}