{
  "trial_id": 30,
  "trial_name": "trial_030_transformer",
  "model": "transformer",
  "best_epoch": 50,
  "elapsed_sec": 239.36484932899475,
  "direct_mae": 0.004589139949530363,
  "direct_rmse": 0.006351876072585583,
  "direct_r2": 0.9999580012445222,
  "direct_valid_ratio": 1.0,
  "direct_residual_mean": 0.00541362538933754,
  "direct_residual_median": 0.004156947135925293,
  "direct_residual_p90": 0.011654534935951234,
  "plus_newton_mae": 2.3433617254423263e-08,
  "plus_newton_rmse": 2.991572959158415e-08,
  "plus_newton_r2": 0.9999999999999991,
  "plus_newton_valid_ratio": 1.0,
  "plus_newton_residual_mean": 3.974338000619355e-14,
  "plus_newton_residual_median": 1.1102230246251565e-16,
  "plus_newton_residual_p90": 8.94964657938147e-14,
  "plus_newton_newton_iter_mean": 2.071,
  "plus_newton_newton_iter_median": 2.0,
  "plus_newton_newton_iter_p90": 2.0,
  "plus_newton_converged_ratio": 1.0,
  "hp_use_log_ab": false,
  "hp_optimizer": "adamw",
  "hp_criterion": "mse",
  "hp_dropout": 0.0,
  "hp_lr": 0.001,
  "hp_weight_decay": 1e-05,
  "hp_hidden_dims": "[256, 256, 128]",
  "hp_hidden_size": 128,
  "hp_num_layers": 1,
  "hp_head_hidden": 64,
  "hp_head_layers": 2,
  "hp_d_model": 64,
  "hp_nhead": 4,
  "hp_ff_dim": 64,
  "hp_use_cls_token": true
}{
  "trial_id": 30,
  "trial_name": "trial_030_transformer",
  "model": "transformer",
  "best_epoch": 50,
  "elapsed_sec": 239.36484932899475,
  "direct_mae": 0.004589139949530363,
  "direct_rmse": 0.006351876072585583,
  "direct_r2": 0.9999580012445222,
  "direct_valid_ratio": 1.0,
  "direct_residual_mean": 0.00541362538933754,
  "direct_residual_median": 0.004156947135925293,
  "direct_residual_p90": 0.011654534935951234,
  "plus_newton_mae": 2.3433617254423263e-08,
  "plus_newton_rmse": 2.991572959158415e-08,
  "plus_newton_r2": 0.9999999999999991,
  "plus_newton_valid_ratio": 1.0,
  "plus_newton_residual_mean": 3.974338000619355e-14,
  "plus_newton_residual_median": 1.1102230246251565e-16,
  "plus_newton_residual_p90": 8.94964657938147e-14,
  "plus_newton_newton_iter_mean": 2.071,
  "plus_newton_newton_iter_median": 2.0,
  "plus_newton_newton_iter_p90": 2.0,
  "plus_newton_converged_ratio": 1.0,
  "hp_use_log_ab": false,
  "hp_optimizer": "adamw",
  "hp_criterion": "mse",
  "hp_dropout": 0.0,
  "hp_lr": 0.001,
  "hp_weight_decay": 1e-05,
  "hp_hidden_dims": "[256, 256, 128]",
  "hp_hidden_size": 128,
  "hp_num_layers": 1,
  "hp_head_hidden": 64,
  "hp_head_layers": 2,
  "hp_d_model": 64,
  "hp_nhead": 4,
  "hp_ff_dim": 64,
  "hp_use_cls_token": true
}