{
  "trial_id": 2933,
  "trial_name": "trial_2933_transformer",
  "model": "transformer",
  "best_epoch": 57,
  "elapsed_sec": 747.467319726944,
  "direct_mae": 0.0075025176629424095,
  "direct_rmse": 0.009758801199495792,
  "direct_r2": 0.9999008653976489,
  "direct_valid_ratio": 1.0,
  "direct_residual_mean": 0.009371398948132992,
  "direct_residual_median": 0.007134914398193359,
  "direct_residual_p90": 0.02149503231048584,
  "plus_newton_mae": 2.343361799539046e-08,
  "plus_newton_rmse": 2.991573062293682e-08,
  "plus_newton_r2": 0.9999999999999991,
  "plus_newton_valid_ratio": 1.0,
  "plus_newton_residual_mean": 4.098118842136084e-14,
  "plus_newton_residual_median": 1.1102230246251565e-16,
  "plus_newton_residual_p90": 8.264500195309681e-14,
  "plus_newton_newton_iter_mean": 2.1401,
  "plus_newton_newton_iter_median": 2.0,
  "plus_newton_newton_iter_p90": 3.0,
  "plus_newton_converged_ratio": 1.0,
  "hp_use_log_ab": true,
  "hp_optimizer": "adamw",
  "hp_criterion": "mse",
  "hp_dropout": 0.1,
  "hp_lr": 0.0005,
  "hp_weight_decay": 1e-05,
  "hp_hidden_dims": "[256, 256, 128]",
  "hp_hidden_size": 128,
  "hp_num_layers": 2,
  "hp_head_hidden": 128,
  "hp_head_layers": 2,
  "hp_d_model": 32,
  "hp_nhead": 4,
  "hp_ff_dim": 64,
  "hp_use_cls_token": false
}{
  "trial_id": 2933,
  "trial_name": "trial_2933_transformer",
  "model": "transformer",
  "best_epoch": 57,
  "elapsed_sec": 747.467319726944,
  "direct_mae": 0.0075025176629424095,
  "direct_rmse": 0.009758801199495792,
  "direct_r2": 0.9999008653976489,
  "direct_valid_ratio": 1.0,
  "direct_residual_mean": 0.009371398948132992,
  "direct_residual_median": 0.007134914398193359,
  "direct_residual_p90": 0.02149503231048584,
  "plus_newton_mae": 2.343361799539046e-08,
  "plus_newton_rmse": 2.991573062293682e-08,
  "plus_newton_r2": 0.9999999999999991,
  "plus_newton_valid_ratio": 1.0,
  "plus_newton_residual_mean": 4.098118842136084e-14,
  "plus_newton_residual_median": 1.1102230246251565e-16,
  "plus_newton_residual_p90": 8.264500195309681e-14,
  "plus_newton_newton_iter_mean": 2.1401,
  "plus_newton_newton_iter_median": 2.0,
  "plus_newton_newton_iter_p90": 3.0,
  "plus_newton_converged_ratio": 1.0,
  "hp_use_log_ab": true,
  "hp_optimizer": "adamw",
  "hp_criterion": "mse",
  "hp_dropout": 0.1,
  "hp_lr": 0.0005,
  "hp_weight_decay": 1e-05,
  "hp_hidden_dims": "[256, 256, 128]",
  "hp_hidden_size": 128,
  "hp_num_layers": 2,
  "hp_head_hidden": 128,
  "hp_head_layers": 2,
  "hp_d_model": 32,
  "hp_nhead": 4,
  "hp_ff_dim": 64,
  "hp_use_cls_token": false
}