{
  "trial_id": 52,
  "trial_name": "trial_052_mlp",
  "model": "mlp",
  "best_epoch": 67,
  "elapsed_sec": 236.39342427253723,
  "direct_mae": 0.000660817779134959,
  "direct_rmse": 0.001161082531325519,
  "direct_r2": 0.9999985966740041,
  "direct_valid_ratio": 1.0,
  "direct_residual_mean": 0.0009152332204394042,
  "direct_residual_median": 0.000540412962436676,
  "direct_residual_p90": 0.0015312515199184418,
  "plus_newton_mae": 2.343361681163351e-08,
  "plus_newton_rmse": 2.99157301155209e-08,
  "plus_newton_r2": 0.9999999999999991,
  "plus_newton_valid_ratio": 1.0,
  "plus_newton_residual_mean": 3.18479649968648e-14,
  "plus_newton_residual_median": 5.551115123125783e-17,
  "plus_newton_residual_p90": 1.5554224574998484e-14,
  "plus_newton_newton_iter_mean": 1.9381,
  "plus_newton_newton_iter_median": 2.0,
  "plus_newton_newton_iter_p90": 2.0,
  "plus_newton_converged_ratio": 1.0,
  "hp_use_log_ab": true,
  "hp_optimizer": "adamw",
  "hp_criterion": "mse",
  "hp_dropout": 0.0,
  "hp_lr": 0.001,
  "hp_weight_decay": 0.0001,
  "hp_hidden_dims": "[256, 256, 128]",
  "hp_hidden_size": 128,
  "hp_num_layers": 2,
  "hp_head_hidden": 128,
  "hp_head_layers": 2,
  "hp_d_model": 64,
  "hp_nhead": 4,
  "hp_ff_dim": 128,
  "hp_use_cls_token": false
}{
  "trial_id": 52,
  "trial_name": "trial_052_mlp",
  "model": "mlp",
  "best_epoch": 67,
  "elapsed_sec": 236.39342427253723,
  "direct_mae": 0.000660817779134959,
  "direct_rmse": 0.001161082531325519,
  "direct_r2": 0.9999985966740041,
  "direct_valid_ratio": 1.0,
  "direct_residual_mean": 0.0009152332204394042,
  "direct_residual_median": 0.000540412962436676,
  "direct_residual_p90": 0.0015312515199184418,
  "plus_newton_mae": 2.343361681163351e-08,
  "plus_newton_rmse": 2.99157301155209e-08,
  "plus_newton_r2": 0.9999999999999991,
  "plus_newton_valid_ratio": 1.0,
  "plus_newton_residual_mean": 3.18479649968648e-14,
  "plus_newton_residual_median": 5.551115123125783e-17,
  "plus_newton_residual_p90": 1.5554224574998484e-14,
  "plus_newton_newton_iter_mean": 1.9381,
  "plus_newton_newton_iter_median": 2.0,
  "plus_newton_newton_iter_p90": 2.0,
  "plus_newton_converged_ratio": 1.0,
  "hp_use_log_ab": true,
  "hp_optimizer": "adamw",
  "hp_criterion": "mse",
  "hp_dropout": 0.0,
  "hp_lr": 0.001,
  "hp_weight_decay": 0.0001,
  "hp_hidden_dims": "[256, 256, 128]",
  "hp_hidden_size": 128,
  "hp_num_layers": 2,
  "hp_head_hidden": 128,
  "hp_head_layers": 2,
  "hp_d_model": 64,
  "hp_nhead": 4,
  "hp_ff_dim": 128,
  "hp_use_cls_token": false
}