{
  "trial_id": 486,
  "trial_name": "trial_486_transformer",
  "model": "transformer",
  "best_epoch": 48,
  "elapsed_sec": 152.77321076393127,
  "direct_mae": 0.341574490070343,
  "direct_rmse": 0.4170173108577728,
  "direct_r2": 0.8189741671085358,
  "direct_valid_ratio": 1.0,
  "direct_residual_mean": 0.38443127274513245,
  "direct_residual_median": 0.36351919174194336,
  "direct_residual_p90": 0.7100161075592044,
  "plus_newton_mae": 2.3433619669790616e-08,
  "plus_newton_rmse": 2.991573213881785e-08,
  "plus_newton_r2": 0.9999999999999991,
  "plus_newton_valid_ratio": 1.0,
  "plus_newton_residual_mean": 4.33848440397834e-14,
  "plus_newton_residual_median": 2.220446049250313e-16,
  "plus_newton_residual_p90": 1.0315082121792333e-13,
  "plus_newton_newton_iter_mean": 2.7551,
  "plus_newton_newton_iter_median": 3.0,
  "plus_newton_newton_iter_p90": 3.0,
  "plus_newton_converged_ratio": 1.0,
  "hp_use_log_ab": false,
  "hp_optimizer": "adamw",
  "hp_criterion": "mse",
  "hp_dropout": 0.0,
  "hp_lr": 0.0005,
  "hp_weight_decay": 0.0001,
  "hp_hidden_dims": "[256, 256, 128]",
  "hp_hidden_size": 128,
  "hp_num_layers": 2,
  "hp_head_hidden": 128,
  "hp_head_layers": 1,
  "hp_d_model": 32,
  "hp_nhead": 4,
  "hp_ff_dim": 64,
  "hp_use_cls_token": true
}{
  "trial_id": 486,
  "trial_name": "trial_486_transformer",
  "model": "transformer",
  "best_epoch": 48,
  "elapsed_sec": 152.77321076393127,
  "direct_mae": 0.341574490070343,
  "direct_rmse": 0.4170173108577728,
  "direct_r2": 0.8189741671085358,
  "direct_valid_ratio": 1.0,
  "direct_residual_mean": 0.38443127274513245,
  "direct_residual_median": 0.36351919174194336,
  "direct_residual_p90": 0.7100161075592044,
  "plus_newton_mae": 2.3433619669790616e-08,
  "plus_newton_rmse": 2.991573213881785e-08,
  "plus_newton_r2": 0.9999999999999991,
  "plus_newton_valid_ratio": 1.0,
  "plus_newton_residual_mean": 4.33848440397834e-14,
  "plus_newton_residual_median": 2.220446049250313e-16,
  "plus_newton_residual_p90": 1.0315082121792333e-13,
  "plus_newton_newton_iter_mean": 2.7551,
  "plus_newton_newton_iter_median": 3.0,
  "plus_newton_newton_iter_p90": 3.0,
  "plus_newton_converged_ratio": 1.0,
  "hp_use_log_ab": false,
  "hp_optimizer": "adamw",
  "hp_criterion": "mse",
  "hp_dropout": 0.0,
  "hp_lr": 0.0005,
  "hp_weight_decay": 0.0001,
  "hp_hidden_dims": "[256, 256, 128]",
  "hp_hidden_size": 128,
  "hp_num_layers": 2,
  "hp_head_hidden": 128,
  "hp_head_layers": 1,
  "hp_d_model": 32,
  "hp_nhead": 4,
  "hp_ff_dim": 64,
  "hp_use_cls_token": true
}