{
  "trial_id": 596,
  "trial_name": "trial_596_transformer",
  "model": "transformer",
  "best_epoch": 75,
  "elapsed_sec": 191.99991083145142,
  "direct_mae": 0.010987748391926289,
  "direct_rmse": 0.015868844464421272,
  "direct_r2": 0.9997378662228584,
  "direct_valid_ratio": 1.0,
  "direct_residual_mean": 0.01308518648147583,
  "direct_residual_median": 0.009131930768489838,
  "direct_residual_p90": 0.033285076916217814,
  "plus_newton_mae": 2.3433619766539066e-08,
  "plus_newton_rmse": 2.991573076105011e-08,
  "plus_newton_r2": 0.9999999999999991,
  "plus_newton_valid_ratio": 1.0,
  "plus_newton_residual_mean": 3.3842508693752206e-14,
  "plus_newton_residual_median": 1.1102230246251565e-16,
  "plus_newton_residual_p90": 5.10702591327572e-14,
  "plus_newton_newton_iter_mean": 2.1884,
  "plus_newton_newton_iter_median": 2.0,
  "plus_newton_newton_iter_p90": 3.0,
  "plus_newton_converged_ratio": 1.0,
  "hp_use_log_ab": false,
  "hp_optimizer": "adamw",
  "hp_criterion": "mse",
  "hp_dropout": 0.1,
  "hp_lr": 0.001,
  "hp_weight_decay": 1e-05,
  "hp_hidden_dims": "[256, 256, 128]",
  "hp_hidden_size": 128,
  "hp_num_layers": 2,
  "hp_head_hidden": 64,
  "hp_head_layers": 2,
  "hp_d_model": 32,
  "hp_nhead": 2,
  "hp_ff_dim": 128,
  "hp_use_cls_token": true
}{
  "trial_id": 596,
  "trial_name": "trial_596_transformer",
  "model": "transformer",
  "best_epoch": 75,
  "elapsed_sec": 191.99991083145142,
  "direct_mae": 0.010987748391926289,
  "direct_rmse": 0.015868844464421272,
  "direct_r2": 0.9997378662228584,
  "direct_valid_ratio": 1.0,
  "direct_residual_mean": 0.01308518648147583,
  "direct_residual_median": 0.009131930768489838,
  "direct_residual_p90": 0.033285076916217814,
  "plus_newton_mae": 2.3433619766539066e-08,
  "plus_newton_rmse": 2.991573076105011e-08,
  "plus_newton_r2": 0.9999999999999991,
  "plus_newton_valid_ratio": 1.0,
  "plus_newton_residual_mean": 3.3842508693752206e-14,
  "plus_newton_residual_median": 1.1102230246251565e-16,
  "plus_newton_residual_p90": 5.10702591327572e-14,
  "plus_newton_newton_iter_mean": 2.1884,
  "plus_newton_newton_iter_median": 2.0,
  "plus_newton_newton_iter_p90": 3.0,
  "plus_newton_converged_ratio": 1.0,
  "hp_use_log_ab": false,
  "hp_optimizer": "adamw",
  "hp_criterion": "mse",
  "hp_dropout": 0.1,
  "hp_lr": 0.001,
  "hp_weight_decay": 1e-05,
  "hp_hidden_dims": "[256, 256, 128]",
  "hp_hidden_size": 128,
  "hp_num_layers": 2,
  "hp_head_hidden": 64,
  "hp_head_layers": 2,
  "hp_d_model": 32,
  "hp_nhead": 2,
  "hp_ff_dim": 128,
  "hp_use_cls_token": true
}