{
  "trial_id": 2530,
  "trial_name": "trial_2530_transformer",
  "model": "transformer",
  "best_epoch": 50,
  "elapsed_sec": 124.17105793952942,
  "direct_mae": 0.1034511849284172,
  "direct_rmse": 0.13000698387622833,
  "direct_r2": 0.9824059531092644,
  "direct_valid_ratio": 1.0,
  "direct_residual_mean": 0.1295005828142166,
  "direct_residual_median": 0.10705214738845825,
  "direct_residual_p90": 0.24570420384407043,
  "plus_newton_mae": 2.343361915685496e-08,
  "plus_newton_rmse": 2.9915729662637327e-08,
  "plus_newton_r2": 0.9999999999999991,
  "plus_newton_valid_ratio": 1.0,
  "plus_newton_residual_mean": 3.409033478582815e-14,
  "plus_newton_residual_median": 1.1102230246251565e-16,
  "plus_newton_residual_p90": 4.5380366131553375e-14,
  "plus_newton_newton_iter_mean": 2.608,
  "plus_newton_newton_iter_median": 3.0,
  "plus_newton_newton_iter_p90": 3.0,
  "plus_newton_converged_ratio": 1.0,
  "hp_use_log_ab": true,
  "hp_optimizer": "adamw",
  "hp_criterion": "mse",
  "hp_dropout": 0.0,
  "hp_lr": 0.0005,
  "hp_weight_decay": 0.0001,
  "hp_hidden_dims": "[256, 256, 128]",
  "hp_hidden_size": 128,
  "hp_num_layers": 2,
  "hp_head_hidden": 128,
  "hp_head_layers": 1,
  "hp_d_model": 32,
  "hp_nhead": 2,
  "hp_ff_dim": 64,
  "hp_use_cls_token": true
}{
  "trial_id": 2530,
  "trial_name": "trial_2530_transformer",
  "model": "transformer",
  "best_epoch": 50,
  "elapsed_sec": 124.17105793952942,
  "direct_mae": 0.1034511849284172,
  "direct_rmse": 0.13000698387622833,
  "direct_r2": 0.9824059531092644,
  "direct_valid_ratio": 1.0,
  "direct_residual_mean": 0.1295005828142166,
  "direct_residual_median": 0.10705214738845825,
  "direct_residual_p90": 0.24570420384407043,
  "plus_newton_mae": 2.343361915685496e-08,
  "plus_newton_rmse": 2.9915729662637327e-08,
  "plus_newton_r2": 0.9999999999999991,
  "plus_newton_valid_ratio": 1.0,
  "plus_newton_residual_mean": 3.409033478582815e-14,
  "plus_newton_residual_median": 1.1102230246251565e-16,
  "plus_newton_residual_p90": 4.5380366131553375e-14,
  "plus_newton_newton_iter_mean": 2.608,
  "plus_newton_newton_iter_median": 3.0,
  "plus_newton_newton_iter_p90": 3.0,
  "plus_newton_converged_ratio": 1.0,
  "hp_use_log_ab": true,
  "hp_optimizer": "adamw",
  "hp_criterion": "mse",
  "hp_dropout": 0.0,
  "hp_lr": 0.0005,
  "hp_weight_decay": 0.0001,
  "hp_hidden_dims": "[256, 256, 128]",
  "hp_hidden_size": 128,
  "hp_num_layers": 2,
  "hp_head_hidden": 128,
  "hp_head_layers": 1,
  "hp_d_model": 32,
  "hp_nhead": 2,
  "hp_ff_dim": 64,
  "hp_use_cls_token": true
}