{
  "trial_id": 2219,
  "trial_name": "trial_2219_transformer",
  "model": "transformer",
  "best_epoch": 38,
  "elapsed_sec": 78.82547044754028,
  "direct_mae": 0.10437174141407013,
  "direct_rmse": 0.13301290571689606,
  "direct_r2": 0.9815829545259476,
  "direct_valid_ratio": 1.0,
  "direct_residual_mean": 0.1311989575624466,
  "direct_residual_median": 0.10416236519813538,
  "direct_residual_p90": 0.25421056449413304,
  "plus_newton_mae": 2.343361838734124e-08,
  "plus_newton_rmse": 2.991573013442734e-08,
  "plus_newton_r2": 0.9999999999999991,
  "plus_newton_valid_ratio": 1.0,
  "plus_newton_residual_mean": 3.386570201769208e-14,
  "plus_newton_residual_median": 1.1102230246251565e-16,
  "plus_newton_residual_p90": 4.707345624410664e-14,
  "plus_newton_newton_iter_mean": 2.6047,
  "plus_newton_newton_iter_median": 3.0,
  "plus_newton_newton_iter_p90": 3.0,
  "plus_newton_converged_ratio": 1.0,
  "hp_use_log_ab": true,
  "hp_optimizer": "adamw",
  "hp_criterion": "mse",
  "hp_dropout": 0.0,
  "hp_lr": 0.001,
  "hp_weight_decay": 0.0001,
  "hp_hidden_dims": "[256, 256, 128]",
  "hp_hidden_size": 128,
  "hp_num_layers": 1,
  "hp_head_hidden": 128,
  "hp_head_layers": 1,
  "hp_d_model": 64,
  "hp_nhead": 2,
  "hp_ff_dim": 128,
  "hp_use_cls_token": false
}{
  "trial_id": 2219,
  "trial_name": "trial_2219_transformer",
  "model": "transformer",
  "best_epoch": 38,
  "elapsed_sec": 78.82547044754028,
  "direct_mae": 0.10437174141407013,
  "direct_rmse": 0.13301290571689606,
  "direct_r2": 0.9815829545259476,
  "direct_valid_ratio": 1.0,
  "direct_residual_mean": 0.1311989575624466,
  "direct_residual_median": 0.10416236519813538,
  "direct_residual_p90": 0.25421056449413304,
  "plus_newton_mae": 2.343361838734124e-08,
  "plus_newton_rmse": 2.991573013442734e-08,
  "plus_newton_r2": 0.9999999999999991,
  "plus_newton_valid_ratio": 1.0,
  "plus_newton_residual_mean": 3.386570201769208e-14,
  "plus_newton_residual_median": 1.1102230246251565e-16,
  "plus_newton_residual_p90": 4.707345624410664e-14,
  "plus_newton_newton_iter_mean": 2.6047,
  "plus_newton_newton_iter_median": 3.0,
  "plus_newton_newton_iter_p90": 3.0,
  "plus_newton_converged_ratio": 1.0,
  "hp_use_log_ab": true,
  "hp_optimizer": "adamw",
  "hp_criterion": "mse",
  "hp_dropout": 0.0,
  "hp_lr": 0.001,
  "hp_weight_decay": 0.0001,
  "hp_hidden_dims": "[256, 256, 128]",
  "hp_hidden_size": 128,
  "hp_num_layers": 1,
  "hp_head_hidden": 128,
  "hp_head_layers": 1,
  "hp_d_model": 64,
  "hp_nhead": 2,
  "hp_ff_dim": 128,
  "hp_use_cls_token": false
}