{
  "trial_id": 1013,
  "trial_name": "trial_1013_transformer",
  "model": "transformer",
  "best_epoch": 93,
  "elapsed_sec": 201.4147219657898,
  "direct_mae": 0.007657100446522236,
  "direct_rmse": 0.011587535962462425,
  "direct_r2": 0.999860229800106,
  "direct_valid_ratio": 1.0,
  "direct_residual_mean": 0.009300229139626026,
  "direct_residual_median": 0.006000161170959473,
  "direct_residual_p90": 0.022398422658443454,
  "plus_newton_mae": 2.3433618672765038e-08,
  "plus_newton_rmse": 2.9915731605297e-08,
  "plus_newton_r2": 0.9999999999999991,
  "plus_newton_valid_ratio": 1.0,
  "plus_newton_residual_mean": 2.6727762002008114e-14,
  "plus_newton_residual_median": 1.1102230246251565e-16,
  "plus_newton_residual_p90": 2.19824158875781e-14,
  "plus_newton_newton_iter_mean": 2.1748,
  "plus_newton_newton_iter_median": 2.0,
  "plus_newton_newton_iter_p90": 3.0,
  "plus_newton_converged_ratio": 1.0,
  "hp_use_log_ab": false,
  "hp_optimizer": "adamw",
  "hp_criterion": "mse",
  "hp_dropout": 0.1,
  "hp_lr": 0.0005,
  "hp_weight_decay": 0.0001,
  "hp_hidden_dims": "[256, 256, 128]",
  "hp_hidden_size": 128,
  "hp_num_layers": 2,
  "hp_head_hidden": 128,
  "hp_head_layers": 2,
  "hp_d_model": 32,
  "hp_nhead": 4,
  "hp_ff_dim": 64,
  "hp_use_cls_token": false
}{
  "trial_id": 1013,
  "trial_name": "trial_1013_transformer",
  "model": "transformer",
  "best_epoch": 93,
  "elapsed_sec": 201.4147219657898,
  "direct_mae": 0.007657100446522236,
  "direct_rmse": 0.011587535962462425,
  "direct_r2": 0.999860229800106,
  "direct_valid_ratio": 1.0,
  "direct_residual_mean": 0.009300229139626026,
  "direct_residual_median": 0.006000161170959473,
  "direct_residual_p90": 0.022398422658443454,
  "plus_newton_mae": 2.3433618672765038e-08,
  "plus_newton_rmse": 2.9915731605297e-08,
  "plus_newton_r2": 0.9999999999999991,
  "plus_newton_valid_ratio": 1.0,
  "plus_newton_residual_mean": 2.6727762002008114e-14,
  "plus_newton_residual_median": 1.1102230246251565e-16,
  "plus_newton_residual_p90": 2.19824158875781e-14,
  "plus_newton_newton_iter_mean": 2.1748,
  "plus_newton_newton_iter_median": 2.0,
  "plus_newton_newton_iter_p90": 3.0,
  "plus_newton_converged_ratio": 1.0,
  "hp_use_log_ab": false,
  "hp_optimizer": "adamw",
  "hp_criterion": "mse",
  "hp_dropout": 0.1,
  "hp_lr": 0.0005,
  "hp_weight_decay": 0.0001,
  "hp_hidden_dims": "[256, 256, 128]",
  "hp_hidden_size": 128,
  "hp_num_layers": 2,
  "hp_head_hidden": 128,
  "hp_head_layers": 2,
  "hp_d_model": 32,
  "hp_nhead": 4,
  "hp_ff_dim": 64,
  "hp_use_cls_token": false
}