{
  "trial_id": 2040,
  "trial_name": "trial_2040_transformer",
  "model": "transformer",
  "best_epoch": 72,
  "elapsed_sec": 167.56824374198914,
  "direct_mae": 0.007268906570971012,
  "direct_rmse": 0.011193284764885902,
  "direct_r2": 0.9998695790127385,
  "direct_valid_ratio": 1.0,
  "direct_residual_mean": 0.008435330353677273,
  "direct_residual_median": 0.005390070378780365,
  "direct_residual_p90": 0.020944166183471682,
  "plus_newton_mae": 2.3433617779161256e-08,
  "plus_newton_rmse": 2.991572899230614e-08,
  "plus_newton_r2": 0.9999999999999991,
  "plus_newton_valid_ratio": 1.0,
  "plus_newton_residual_mean": 4.7710636176014746e-14,
  "plus_newton_residual_median": 1.1102230246251565e-16,
  "plus_newton_residual_p90": 1.0960121699099553e-13,
  "plus_newton_newton_iter_mean": 2.1164,
  "plus_newton_newton_iter_median": 2.0,
  "plus_newton_newton_iter_p90": 3.0,
  "plus_newton_converged_ratio": 1.0,
  "hp_use_log_ab": false,
  "hp_optimizer": "adamw",
  "hp_criterion": "smoothl1",
  "hp_dropout": 0.1,
  "hp_lr": 0.0005,
  "hp_weight_decay": 0.0001,
  "hp_hidden_dims": "[256, 256, 128]",
  "hp_hidden_size": 128,
  "hp_num_layers": 2,
  "hp_head_hidden": 128,
  "hp_head_layers": 2,
  "hp_d_model": 32,
  "hp_nhead": 4,
  "hp_ff_dim": 128,
  "hp_use_cls_token": true
}{
  "trial_id": 2040,
  "trial_name": "trial_2040_transformer",
  "model": "transformer",
  "best_epoch": 72,
  "elapsed_sec": 167.56824374198914,
  "direct_mae": 0.007268906570971012,
  "direct_rmse": 0.011193284764885902,
  "direct_r2": 0.9998695790127385,
  "direct_valid_ratio": 1.0,
  "direct_residual_mean": 0.008435330353677273,
  "direct_residual_median": 0.005390070378780365,
  "direct_residual_p90": 0.020944166183471682,
  "plus_newton_mae": 2.3433617779161256e-08,
  "plus_newton_rmse": 2.991572899230614e-08,
  "plus_newton_r2": 0.9999999999999991,
  "plus_newton_valid_ratio": 1.0,
  "plus_newton_residual_mean": 4.7710636176014746e-14,
  "plus_newton_residual_median": 1.1102230246251565e-16,
  "plus_newton_residual_p90": 1.0960121699099553e-13,
  "plus_newton_newton_iter_mean": 2.1164,
  "plus_newton_newton_iter_median": 2.0,
  "plus_newton_newton_iter_p90": 3.0,
  "plus_newton_converged_ratio": 1.0,
  "hp_use_log_ab": false,
  "hp_optimizer": "adamw",
  "hp_criterion": "smoothl1",
  "hp_dropout": 0.1,
  "hp_lr": 0.0005,
  "hp_weight_decay": 0.0001,
  "hp_hidden_dims": "[256, 256, 128]",
  "hp_hidden_size": 128,
  "hp_num_layers": 2,
  "hp_head_hidden": 128,
  "hp_head_layers": 2,
  "hp_d_model": 32,
  "hp_nhead": 4,
  "hp_ff_dim": 128,
  "hp_use_cls_token": true
}