{
  "trial_id": 1687,
  "trial_name": "trial_1687_transformer",
  "model": "transformer",
  "best_epoch": 37,
  "elapsed_sec": 81.9480140209198,
  "direct_mae": 0.01536316704005003,
  "direct_rmse": 0.02195936068892479,
  "direct_r2": 0.999498036922887,
  "direct_valid_ratio": 1.0,
  "direct_residual_mean": 0.018065210431814194,
  "direct_residual_median": 0.012338640168309212,
  "direct_residual_p90": 0.041464227437973025,
  "plus_newton_mae": 2.3433617599554838e-08,
  "plus_newton_rmse": 2.991572966896976e-08,
  "plus_newton_r2": 0.9999999999999991,
  "plus_newton_valid_ratio": 1.0,
  "plus_newton_residual_mean": 2.9323814545594323e-14,
  "plus_newton_residual_median": 1.1102230246251565e-16,
  "plus_newton_residual_p90": 4.080624727009765e-14,
  "plus_newton_newton_iter_mean": 2.2169,
  "plus_newton_newton_iter_median": 2.0,
  "plus_newton_newton_iter_p90": 3.0,
  "plus_newton_converged_ratio": 1.0,
  "hp_use_log_ab": false,
  "hp_optimizer": "adamw",
  "hp_criterion": "smoothl1",
  "hp_dropout": 0.1,
  "hp_lr": 0.001,
  "hp_weight_decay": 0.0001,
  "hp_hidden_dims": "[256, 256, 128]",
  "hp_hidden_size": 128,
  "hp_num_layers": 1,
  "hp_head_hidden": 64,
  "hp_head_layers": 2,
  "hp_d_model": 32,
  "hp_nhead": 4,
  "hp_ff_dim": 128,
  "hp_use_cls_token": false
}{
  "trial_id": 1687,
  "trial_name": "trial_1687_transformer",
  "model": "transformer",
  "best_epoch": 37,
  "elapsed_sec": 81.9480140209198,
  "direct_mae": 0.01536316704005003,
  "direct_rmse": 0.02195936068892479,
  "direct_r2": 0.999498036922887,
  "direct_valid_ratio": 1.0,
  "direct_residual_mean": 0.018065210431814194,
  "direct_residual_median": 0.012338640168309212,
  "direct_residual_p90": 0.041464227437973025,
  "plus_newton_mae": 2.3433617599554838e-08,
  "plus_newton_rmse": 2.991572966896976e-08,
  "plus_newton_r2": 0.9999999999999991,
  "plus_newton_valid_ratio": 1.0,
  "plus_newton_residual_mean": 2.9323814545594323e-14,
  "plus_newton_residual_median": 1.1102230246251565e-16,
  "plus_newton_residual_p90": 4.080624727009765e-14,
  "plus_newton_newton_iter_mean": 2.2169,
  "plus_newton_newton_iter_median": 2.0,
  "plus_newton_newton_iter_p90": 3.0,
  "plus_newton_converged_ratio": 1.0,
  "hp_use_log_ab": false,
  "hp_optimizer": "adamw",
  "hp_criterion": "smoothl1",
  "hp_dropout": 0.1,
  "hp_lr": 0.001,
  "hp_weight_decay": 0.0001,
  "hp_hidden_dims": "[256, 256, 128]",
  "hp_hidden_size": 128,
  "hp_num_layers": 1,
  "hp_head_hidden": 64,
  "hp_head_layers": 2,
  "hp_d_model": 32,
  "hp_nhead": 4,
  "hp_ff_dim": 128,
  "hp_use_cls_token": false
}