{
  "trial_id": 3159,
  "trial_name": "trial_3159_transformer",
  "model": "transformer",
  "best_epoch": 91,
  "elapsed_sec": 193.45182251930237,
  "direct_mae": 0.002068185480311513,
  "direct_rmse": 0.0026837808545678854,
  "direct_r2": 0.9999925023271317,
  "direct_valid_ratio": 1.0,
  "direct_residual_mean": 0.0025280353147536516,
  "direct_residual_median": 0.0018939971923828125,
  "direct_residual_p90": 0.005515462160110474,
  "plus_newton_mae": 2.3433619569168597e-08,
  "plus_newton_rmse": 2.991573182380765e-08,
  "plus_newton_r2": 0.9999999999999991,
  "plus_newton_valid_ratio": 1.0,
  "plus_newton_residual_mean": 3.062644635519964e-14,
  "plus_newton_residual_median": 1.1102230246251565e-16,
  "plus_newton_residual_p90": 3.397282455352979e-14,
  "plus_newton_newton_iter_mean": 2.0131,
  "plus_newton_newton_iter_median": 2.0,
  "plus_newton_newton_iter_p90": 2.0,
  "plus_newton_converged_ratio": 1.0,
  "hp_use_log_ab": true,
  "hp_optimizer": "adamw",
  "hp_criterion": "smoothl1",
  "hp_dropout": 0.0,
  "hp_lr": 0.001,
  "hp_weight_decay": 1e-05,
  "hp_hidden_dims": "[256, 256, 128]",
  "hp_hidden_size": 128,
  "hp_num_layers": 2,
  "hp_head_hidden": 64,
  "hp_head_layers": 2,
  "hp_d_model": 32,
  "hp_nhead": 4,
  "hp_ff_dim": 128,
  "hp_use_cls_token": false
}{
  "trial_id": 3159,
  "trial_name": "trial_3159_transformer",
  "model": "transformer",
  "best_epoch": 91,
  "elapsed_sec": 193.45182251930237,
  "direct_mae": 0.002068185480311513,
  "direct_rmse": 0.0026837808545678854,
  "direct_r2": 0.9999925023271317,
  "direct_valid_ratio": 1.0,
  "direct_residual_mean": 0.0025280353147536516,
  "direct_residual_median": 0.0018939971923828125,
  "direct_residual_p90": 0.005515462160110474,
  "plus_newton_mae": 2.3433619569168597e-08,
  "plus_newton_rmse": 2.991573182380765e-08,
  "plus_newton_r2": 0.9999999999999991,
  "plus_newton_valid_ratio": 1.0,
  "plus_newton_residual_mean": 3.062644635519964e-14,
  "plus_newton_residual_median": 1.1102230246251565e-16,
  "plus_newton_residual_p90": 3.397282455352979e-14,
  "plus_newton_newton_iter_mean": 2.0131,
  "plus_newton_newton_iter_median": 2.0,
  "plus_newton_newton_iter_p90": 2.0,
  "plus_newton_converged_ratio": 1.0,
  "hp_use_log_ab": true,
  "hp_optimizer": "adamw",
  "hp_criterion": "smoothl1",
  "hp_dropout": 0.0,
  "hp_lr": 0.001,
  "hp_weight_decay": 1e-05,
  "hp_hidden_dims": "[256, 256, 128]",
  "hp_hidden_size": 128,
  "hp_num_layers": 2,
  "hp_head_hidden": 64,
  "hp_head_layers": 2,
  "hp_d_model": 32,
  "hp_nhead": 4,
  "hp_ff_dim": 128,
  "hp_use_cls_token": false
}