{
  "trial_id": 292,
  "trial_name": "trial_292_lstm",
  "model": "lstm",
  "best_epoch": 74,
  "elapsed_sec": 203.8360936641693,
  "direct_mae": 0.0012224529637023807,
  "direct_rmse": 0.001598475268110633,
  "direct_r2": 0.9999973402293563,
  "direct_valid_ratio": 1.0,
  "direct_residual_mean": 0.0014946183655411005,
  "direct_residual_median": 0.001145973801612854,
  "direct_residual_p90": 0.0031288444995880133,
  "plus_newton_mae": 2.343361824103315e-08,
  "plus_newton_rmse": 2.9915729203796654e-08,
  "plus_newton_r2": 0.9999999999999991,
  "plus_newton_valid_ratio": 1.0,
  "plus_newton_residual_mean": 2.467795599488988e-14,
  "plus_newton_residual_median": 5.919743861770854e-17,
  "plus_newton_residual_p90": 1.199040866595169e-14,
  "plus_newton_newton_iter_mean": 1.9838,
  "plus_newton_newton_iter_median": 2.0,
  "plus_newton_newton_iter_p90": 2.0,
  "plus_newton_converged_ratio": 1.0,
  "hp_use_log_ab": true,
  "hp_optimizer": "adamw",
  "hp_criterion": "mse",
  "hp_dropout": 0.0,
  "hp_lr": 0.0005,
  "hp_weight_decay": 1e-05,
  "hp_hidden_dims": "[256, 256, 128]",
  "hp_hidden_size": 64,
  "hp_num_layers": 1,
  "hp_head_hidden": 128,
  "hp_head_layers": 2,
  "hp_d_model": 64,
  "hp_nhead": 4,
  "hp_ff_dim": 128,
  "hp_use_cls_token": false
}{
  "trial_id": 292,
  "trial_name": "trial_292_lstm",
  "model": "lstm",
  "best_epoch": 74,
  "elapsed_sec": 203.8360936641693,
  "direct_mae": 0.0012224529637023807,
  "direct_rmse": 0.001598475268110633,
  "direct_r2": 0.9999973402293563,
  "direct_valid_ratio": 1.0,
  "direct_residual_mean": 0.0014946183655411005,
  "direct_residual_median": 0.001145973801612854,
  "direct_residual_p90": 0.0031288444995880133,
  "plus_newton_mae": 2.343361824103315e-08,
  "plus_newton_rmse": 2.9915729203796654e-08,
  "plus_newton_r2": 0.9999999999999991,
  "plus_newton_valid_ratio": 1.0,
  "plus_newton_residual_mean": 2.467795599488988e-14,
  "plus_newton_residual_median": 5.919743861770854e-17,
  "plus_newton_residual_p90": 1.199040866595169e-14,
  "plus_newton_newton_iter_mean": 1.9838,
  "plus_newton_newton_iter_median": 2.0,
  "plus_newton_newton_iter_p90": 2.0,
  "plus_newton_converged_ratio": 1.0,
  "hp_use_log_ab": true,
  "hp_optimizer": "adamw",
  "hp_criterion": "mse",
  "hp_dropout": 0.0,
  "hp_lr": 0.0005,
  "hp_weight_decay": 1e-05,
  "hp_hidden_dims": "[256, 256, 128]",
  "hp_hidden_size": 64,
  "hp_num_layers": 1,
  "hp_head_hidden": 128,
  "hp_head_layers": 2,
  "hp_d_model": 64,
  "hp_nhead": 4,
  "hp_ff_dim": 128,
  "hp_use_cls_token": false
}