{
  "trial_id": 3022,
  "trial_name": "trial_3022_transformer",
  "model": "transformer",
  "best_epoch": 30,
  "elapsed_sec": 89.07236933708191,
  "direct_mae": 0.10508909821510315,
  "direct_rmse": 0.13222280144691467,
  "direct_r2": 0.98180110193789,
  "direct_valid_ratio": 1.0,
  "direct_residual_mean": 0.13199776411056519,
  "direct_residual_median": 0.10931624472141266,
  "direct_residual_p90": 0.2525151431560517,
  "plus_newton_mae": 2.3433619206880724e-08,
  "plus_newton_rmse": 2.99157301965254e-08,
  "plus_newton_r2": 0.9999999999999991,
  "plus_newton_valid_ratio": 1.0,
  "plus_newton_residual_mean": 3.4197280981095295e-14,
  "plus_newton_residual_median": 1.1102230246251565e-16,
  "plus_newton_residual_p90": 5.0690007746823115e-14,
  "plus_newton_newton_iter_mean": 2.6172,
  "plus_newton_newton_iter_median": 3.0,
  "plus_newton_newton_iter_p90": 3.0,
  "plus_newton_converged_ratio": 1.0,
  "hp_use_log_ab": true,
  "hp_optimizer": "adamw",
  "hp_criterion": "mse",
  "hp_dropout": 0.1,
  "hp_lr": 0.0005,
  "hp_weight_decay": 0.0001,
  "hp_hidden_dims": "[256, 256, 128]",
  "hp_hidden_size": 128,
  "hp_num_layers": 2,
  "hp_head_hidden": 64,
  "hp_head_layers": 1,
  "hp_d_model": 64,
  "hp_nhead": 4,
  "hp_ff_dim": 64,
  "hp_use_cls_token": true
}{
  "trial_id": 3022,
  "trial_name": "trial_3022_transformer",
  "model": "transformer",
  "best_epoch": 30,
  "elapsed_sec": 89.07236933708191,
  "direct_mae": 0.10508909821510315,
  "direct_rmse": 0.13222280144691467,
  "direct_r2": 0.98180110193789,
  "direct_valid_ratio": 1.0,
  "direct_residual_mean": 0.13199776411056519,
  "direct_residual_median": 0.10931624472141266,
  "direct_residual_p90": 0.2525151431560517,
  "plus_newton_mae": 2.3433619206880724e-08,
  "plus_newton_rmse": 2.99157301965254e-08,
  "plus_newton_r2": 0.9999999999999991,
  "plus_newton_valid_ratio": 1.0,
  "plus_newton_residual_mean": 3.4197280981095295e-14,
  "plus_newton_residual_median": 1.1102230246251565e-16,
  "plus_newton_residual_p90": 5.0690007746823115e-14,
  "plus_newton_newton_iter_mean": 2.6172,
  "plus_newton_newton_iter_median": 3.0,
  "plus_newton_newton_iter_p90": 3.0,
  "plus_newton_converged_ratio": 1.0,
  "hp_use_log_ab": true,
  "hp_optimizer": "adamw",
  "hp_criterion": "mse",
  "hp_dropout": 0.1,
  "hp_lr": 0.0005,
  "hp_weight_decay": 0.0001,
  "hp_hidden_dims": "[256, 256, 128]",
  "hp_hidden_size": 128,
  "hp_num_layers": 2,
  "hp_head_hidden": 64,
  "hp_head_layers": 1,
  "hp_d_model": 64,
  "hp_nhead": 4,
  "hp_ff_dim": 64,
  "hp_use_cls_token": true
}