{
  "trial_id": 1590,
  "trial_name": "trial_1590_transformer",
  "model": "transformer",
  "best_epoch": 62,
  "elapsed_sec": 119.84828448295593,
  "direct_mae": 0.008073024451732635,
  "direct_rmse": 0.011282961815595627,
  "direct_r2": 0.9998674808593933,
  "direct_valid_ratio": 1.0,
  "direct_residual_mean": 0.009493239223957062,
  "direct_residual_median": 0.007026344537734985,
  "direct_residual_p90": 0.021754705905914308,
  "plus_newton_mae": 2.3433615746723745e-08,
  "plus_newton_rmse": 2.9915728070125183e-08,
  "plus_newton_r2": 0.9999999999999991,
  "plus_newton_valid_ratio": 1.0,
  "plus_newton_residual_mean": 3.6097973938696014e-14,
  "plus_newton_residual_median": 1.1102230246251565e-16,
  "plus_newton_residual_p90": 5.6621374255882984e-14,
  "plus_newton_newton_iter_mean": 2.1628,
  "plus_newton_newton_iter_median": 2.0,
  "plus_newton_newton_iter_p90": 3.0,
  "plus_newton_converged_ratio": 1.0,
  "hp_use_log_ab": false,
  "hp_optimizer": "adamw",
  "hp_criterion": "smoothl1",
  "hp_dropout": 0.1,
  "hp_lr": 0.001,
  "hp_weight_decay": 1e-05,
  "hp_hidden_dims": "[256, 256, 128]",
  "hp_hidden_size": 128,
  "hp_num_layers": 1,
  "hp_head_hidden": 128,
  "hp_head_layers": 2,
  "hp_d_model": 32,
  "hp_nhead": 4,
  "hp_ff_dim": 64,
  "hp_use_cls_token": true
}{
  "trial_id": 1590,
  "trial_name": "trial_1590_transformer",
  "model": "transformer",
  "best_epoch": 62,
  "elapsed_sec": 119.84828448295593,
  "direct_mae": 0.008073024451732635,
  "direct_rmse": 0.011282961815595627,
  "direct_r2": 0.9998674808593933,
  "direct_valid_ratio": 1.0,
  "direct_residual_mean": 0.009493239223957062,
  "direct_residual_median": 0.007026344537734985,
  "direct_residual_p90": 0.021754705905914308,
  "plus_newton_mae": 2.3433615746723745e-08,
  "plus_newton_rmse": 2.9915728070125183e-08,
  "plus_newton_r2": 0.9999999999999991,
  "plus_newton_valid_ratio": 1.0,
  "plus_newton_residual_mean": 3.6097973938696014e-14,
  "plus_newton_residual_median": 1.1102230246251565e-16,
  "plus_newton_residual_p90": 5.6621374255882984e-14,
  "plus_newton_newton_iter_mean": 2.1628,
  "plus_newton_newton_iter_median": 2.0,
  "plus_newton_newton_iter_p90": 3.0,
  "plus_newton_converged_ratio": 1.0,
  "hp_use_log_ab": false,
  "hp_optimizer": "adamw",
  "hp_criterion": "smoothl1",
  "hp_dropout": 0.1,
  "hp_lr": 0.001,
  "hp_weight_decay": 1e-05,
  "hp_hidden_dims": "[256, 256, 128]",
  "hp_hidden_size": 128,
  "hp_num_layers": 1,
  "hp_head_hidden": 128,
  "hp_head_layers": 2,
  "hp_d_model": 32,
  "hp_nhead": 4,
  "hp_ff_dim": 64,
  "hp_use_cls_token": true
}