{
  "trial_id": 148,
  "trial_name": "trial_148_gru",
  "model": "gru",
  "best_epoch": 51,
  "elapsed_sec": 176.31172704696655,
  "direct_mae": 0.0013992392923682928,
  "direct_rmse": 0.0020425913389772177,
  "direct_r2": 0.999995656944975,
  "direct_valid_ratio": 1.0,
  "direct_residual_mean": 0.0016853426350280643,
  "direct_residual_median": 0.0011563152074813843,
  "direct_residual_p90": 0.0037965267896652223,
  "plus_newton_mae": 2.343361838462394e-08,
  "plus_newton_rmse": 2.991573029612627e-08,
  "plus_newton_r2": 0.9999999999999991,
  "plus_newton_valid_ratio": 1.0,
  "plus_newton_residual_mean": 2.456931683393932e-14,
  "plus_newton_residual_median": 6.245004513516506e-17,
  "plus_newton_residual_p90": 1.1213252548714081e-14,
  "plus_newton_newton_iter_mean": 1.9916,
  "plus_newton_newton_iter_median": 2.0,
  "plus_newton_newton_iter_p90": 2.0,
  "plus_newton_converged_ratio": 1.0,
  "hp_use_log_ab": false,
  "hp_optimizer": "adamw",
  "hp_criterion": "smoothl1",
  "hp_dropout": 0.0,
  "hp_lr": 0.001,
  "hp_weight_decay": 0.0001,
  "hp_hidden_dims": "[256, 256, 128]",
  "hp_hidden_size": 64,
  "hp_num_layers": 1,
  "hp_head_hidden": 128,
  "hp_head_layers": 2,
  "hp_d_model": 64,
  "hp_nhead": 4,
  "hp_ff_dim": 128,
  "hp_use_cls_token": false
}{
  "trial_id": 148,
  "trial_name": "trial_148_gru",
  "model": "gru",
  "best_epoch": 51,
  "elapsed_sec": 176.31172704696655,
  "direct_mae": 0.0013992392923682928,
  "direct_rmse": 0.0020425913389772177,
  "direct_r2": 0.999995656944975,
  "direct_valid_ratio": 1.0,
  "direct_residual_mean": 0.0016853426350280643,
  "direct_residual_median": 0.0011563152074813843,
  "direct_residual_p90": 0.0037965267896652223,
  "plus_newton_mae": 2.343361838462394e-08,
  "plus_newton_rmse": 2.991573029612627e-08,
  "plus_newton_r2": 0.9999999999999991,
  "plus_newton_valid_ratio": 1.0,
  "plus_newton_residual_mean": 2.456931683393932e-14,
  "plus_newton_residual_median": 6.245004513516506e-17,
  "plus_newton_residual_p90": 1.1213252548714081e-14,
  "plus_newton_newton_iter_mean": 1.9916,
  "plus_newton_newton_iter_median": 2.0,
  "plus_newton_newton_iter_p90": 2.0,
  "plus_newton_converged_ratio": 1.0,
  "hp_use_log_ab": false,
  "hp_optimizer": "adamw",
  "hp_criterion": "smoothl1",
  "hp_dropout": 0.0,
  "hp_lr": 0.001,
  "hp_weight_decay": 0.0001,
  "hp_hidden_dims": "[256, 256, 128]",
  "hp_hidden_size": 64,
  "hp_num_layers": 1,
  "hp_head_hidden": 128,
  "hp_head_layers": 2,
  "hp_d_model": 64,
  "hp_nhead": 4,
  "hp_ff_dim": 128,
  "hp_use_cls_token": false
}