{
  "trial_id": 1440,
  "trial_name": "trial_1440_transformer",
  "model": "transformer",
  "best_epoch": 50,
  "elapsed_sec": 98.85791659355164,
  "direct_mae": 0.0025680181570351124,
  "direct_rmse": 0.003509172471240163,
  "direct_r2": 0.9999871813652135,
  "direct_valid_ratio": 1.0,
  "direct_residual_mean": 0.0031411387026309967,
  "direct_residual_median": 0.0022940412163734436,
  "direct_residual_p90": 0.006765207648277285,
  "plus_newton_mae": 2.3433618789225626e-08,
  "plus_newton_rmse": 2.991573102249772e-08,
  "plus_newton_r2": 0.9999999999999991,
  "plus_newton_valid_ratio": 1.0,
  "plus_newton_residual_mean": 2.5342259886800804e-14,
  "plus_newton_residual_median": 1.1102230246251565e-16,
  "plus_newton_residual_p90": 2.1538326677728037e-14,
  "plus_newton_newton_iter_mean": 2.0386,
  "plus_newton_newton_iter_median": 2.0,
  "plus_newton_newton_iter_p90": 2.0,
  "plus_newton_converged_ratio": 1.0,
  "hp_use_log_ab": false,
  "hp_optimizer": "adamw",
  "hp_criterion": "smoothl1",
  "hp_dropout": 0.0,
  "hp_lr": 0.0005,
  "hp_weight_decay": 0.0001,
  "hp_hidden_dims": "[256, 256, 128]",
  "hp_hidden_size": 128,
  "hp_num_layers": 1,
  "hp_head_hidden": 64,
  "hp_head_layers": 2,
  "hp_d_model": 64,
  "hp_nhead": 4,
  "hp_ff_dim": 128,
  "hp_use_cls_token": true
}{
  "trial_id": 1440,
  "trial_name": "trial_1440_transformer",
  "model": "transformer",
  "best_epoch": 50,
  "elapsed_sec": 98.85791659355164,
  "direct_mae": 0.0025680181570351124,
  "direct_rmse": 0.003509172471240163,
  "direct_r2": 0.9999871813652135,
  "direct_valid_ratio": 1.0,
  "direct_residual_mean": 0.0031411387026309967,
  "direct_residual_median": 0.0022940412163734436,
  "direct_residual_p90": 0.006765207648277285,
  "plus_newton_mae": 2.3433618789225626e-08,
  "plus_newton_rmse": 2.991573102249772e-08,
  "plus_newton_r2": 0.9999999999999991,
  "plus_newton_valid_ratio": 1.0,
  "plus_newton_residual_mean": 2.5342259886800804e-14,
  "plus_newton_residual_median": 1.1102230246251565e-16,
  "plus_newton_residual_p90": 2.1538326677728037e-14,
  "plus_newton_newton_iter_mean": 2.0386,
  "plus_newton_newton_iter_median": 2.0,
  "plus_newton_newton_iter_p90": 2.0,
  "plus_newton_converged_ratio": 1.0,
  "hp_use_log_ab": false,
  "hp_optimizer": "adamw",
  "hp_criterion": "smoothl1",
  "hp_dropout": 0.0,
  "hp_lr": 0.0005,
  "hp_weight_decay": 0.0001,
  "hp_hidden_dims": "[256, 256, 128]",
  "hp_hidden_size": 128,
  "hp_num_layers": 1,
  "hp_head_hidden": 64,
  "hp_head_layers": 2,
  "hp_d_model": 64,
  "hp_nhead": 4,
  "hp_ff_dim": 128,
  "hp_use_cls_token": true
}