{
  "trial_id": 313,
  "trial_name": "trial_313_transformer",
  "model": "transformer",
  "best_epoch": 50,
  "elapsed_sec": 182.43911051750183,
  "direct_mae": 0.0028445683419704437,
  "direct_rmse": 0.004130498506128788,
  "direct_r2": 0.9999822402314749,
  "direct_valid_ratio": 1.0,
  "direct_residual_mean": 0.003464402863755822,
  "direct_residual_median": 0.0024677664041519165,
  "direct_residual_p90": 0.007524324953556062,
  "plus_newton_mae": 2.3433618013397517e-08,
  "plus_newton_rmse": 2.9915730235984174e-08,
  "plus_newton_r2": 0.9999999999999991,
  "plus_newton_valid_ratio": 1.0,
  "plus_newton_residual_mean": 2.981064646368869e-14,
  "plus_newton_residual_median": 1.1102230246251565e-16,
  "plus_newton_residual_p90": 4.3470782529198025e-14,
  "plus_newton_newton_iter_mean": 2.039,
  "plus_newton_newton_iter_median": 2.0,
  "plus_newton_newton_iter_p90": 2.0,
  "plus_newton_converged_ratio": 1.0,
  "hp_use_log_ab": false,
  "hp_optimizer": "adamw",
  "hp_criterion": "mse",
  "hp_dropout": 0.0,
  "hp_lr": 0.0005,
  "hp_weight_decay": 1e-05,
  "hp_hidden_dims": "[256, 256, 128]",
  "hp_hidden_size": 128,
  "hp_num_layers": 1,
  "hp_head_hidden": 128,
  "hp_head_layers": 2,
  "hp_d_model": 64,
  "hp_nhead": 2,
  "hp_ff_dim": 64,
  "hp_use_cls_token": false
}{
  "trial_id": 313,
  "trial_name": "trial_313_transformer",
  "model": "transformer",
  "best_epoch": 50,
  "elapsed_sec": 182.43911051750183,
  "direct_mae": 0.0028445683419704437,
  "direct_rmse": 0.004130498506128788,
  "direct_r2": 0.9999822402314749,
  "direct_valid_ratio": 1.0,
  "direct_residual_mean": 0.003464402863755822,
  "direct_residual_median": 0.0024677664041519165,
  "direct_residual_p90": 0.007524324953556062,
  "plus_newton_mae": 2.3433618013397517e-08,
  "plus_newton_rmse": 2.9915730235984174e-08,
  "plus_newton_r2": 0.9999999999999991,
  "plus_newton_valid_ratio": 1.0,
  "plus_newton_residual_mean": 2.981064646368869e-14,
  "plus_newton_residual_median": 1.1102230246251565e-16,
  "plus_newton_residual_p90": 4.3470782529198025e-14,
  "plus_newton_newton_iter_mean": 2.039,
  "plus_newton_newton_iter_median": 2.0,
  "plus_newton_newton_iter_p90": 2.0,
  "plus_newton_converged_ratio": 1.0,
  "hp_use_log_ab": false,
  "hp_optimizer": "adamw",
  "hp_criterion": "mse",
  "hp_dropout": 0.0,
  "hp_lr": 0.0005,
  "hp_weight_decay": 1e-05,
  "hp_hidden_dims": "[256, 256, 128]",
  "hp_hidden_size": 128,
  "hp_num_layers": 1,
  "hp_head_hidden": 128,
  "hp_head_layers": 2,
  "hp_d_model": 64,
  "hp_nhead": 2,
  "hp_ff_dim": 64,
  "hp_use_cls_token": false
}