{
  "trial_id": 58,
  "trial_name": "trial_058_lstm",
  "model": "lstm",
  "best_epoch": 111,
  "elapsed_sec": 307.77416038513184,
  "direct_mae": 0.0022102566435933113,
  "direct_rmse": 0.0027750590816140175,
  "direct_r2": 0.999991983646396,
  "direct_valid_ratio": 1.0,
  "direct_residual_mean": 0.0026896954514086246,
  "direct_residual_median": 0.0022769570350646973,
  "direct_residual_p90": 0.005308897048234942,
  "plus_newton_mae": 2.3433619262571635e-08,
  "plus_newton_rmse": 2.9915730852002226e-08,
  "plus_newton_r2": 0.9999999999999991,
  "plus_newton_valid_ratio": 1.0,
  "plus_newton_residual_mean": 3.113511089885876e-14,
  "plus_newton_residual_median": 1.1102230246251565e-16,
  "plus_newton_residual_p90": 3.008704396734174e-14,
  "plus_newton_newton_iter_mean": 2.0276,
  "plus_newton_newton_iter_median": 2.0,
  "plus_newton_newton_iter_p90": 2.0,
  "plus_newton_converged_ratio": 1.0,
  "hp_use_log_ab": false,
  "hp_optimizer": "adamw",
  "hp_criterion": "mse",
  "hp_dropout": 0.0,
  "hp_lr": 0.0005,
  "hp_weight_decay": 0.0001,
  "hp_hidden_dims": "[256, 256, 128]",
  "hp_hidden_size": 128,
  "hp_num_layers": 1,
  "hp_head_hidden": 64,
  "hp_head_layers": 2,
  "hp_d_model": 64,
  "hp_nhead": 4,
  "hp_ff_dim": 128,
  "hp_use_cls_token": false
}{
  "trial_id": 58,
  "trial_name": "trial_058_lstm",
  "model": "lstm",
  "best_epoch": 111,
  "elapsed_sec": 307.77416038513184,
  "direct_mae": 0.0022102566435933113,
  "direct_rmse": 0.0027750590816140175,
  "direct_r2": 0.999991983646396,
  "direct_valid_ratio": 1.0,
  "direct_residual_mean": 0.0026896954514086246,
  "direct_residual_median": 0.0022769570350646973,
  "direct_residual_p90": 0.005308897048234942,
  "plus_newton_mae": 2.3433619262571635e-08,
  "plus_newton_rmse": 2.9915730852002226e-08,
  "plus_newton_r2": 0.9999999999999991,
  "plus_newton_valid_ratio": 1.0,
  "plus_newton_residual_mean": 3.113511089885876e-14,
  "plus_newton_residual_median": 1.1102230246251565e-16,
  "plus_newton_residual_p90": 3.008704396734174e-14,
  "plus_newton_newton_iter_mean": 2.0276,
  "plus_newton_newton_iter_median": 2.0,
  "plus_newton_newton_iter_p90": 2.0,
  "plus_newton_converged_ratio": 1.0,
  "hp_use_log_ab": false,
  "hp_optimizer": "adamw",
  "hp_criterion": "mse",
  "hp_dropout": 0.0,
  "hp_lr": 0.0005,
  "hp_weight_decay": 0.0001,
  "hp_hidden_dims": "[256, 256, 128]",
  "hp_hidden_size": 128,
  "hp_num_layers": 1,
  "hp_head_hidden": 64,
  "hp_head_layers": 2,
  "hp_d_model": 64,
  "hp_nhead": 4,
  "hp_ff_dim": 128,
  "hp_use_cls_token": false
}