{
  "trial_id": 300,
  "trial_name": "trial_300_transformer",
  "model": "transformer",
  "best_epoch": 20,
  "elapsed_sec": 107.8764865398407,
  "direct_mae": 0.34091728925704956,
  "direct_rmse": 0.41701969504356384,
  "direct_r2": 0.818972110748291,
  "direct_valid_ratio": 1.0,
  "direct_residual_mean": 0.3844006359577179,
  "direct_residual_median": 0.3620271384716034,
  "direct_residual_p90": 0.7227339684963228,
  "plus_newton_mae": 2.34336194746213e-08,
  "plus_newton_rmse": 2.991573167833148e-08,
  "plus_newton_r2": 0.9999999999999991,
  "plus_newton_valid_ratio": 1.0,
  "plus_newton_residual_mean": 4.390728729550055e-14,
  "plus_newton_residual_median": 2.0469737016526324e-16,
  "plus_newton_residual_p90": 1.0529355165545001e-13,
  "plus_newton_newton_iter_mean": 2.7569,
  "plus_newton_newton_iter_median": 3.0,
  "plus_newton_newton_iter_p90": 3.0,
  "plus_newton_converged_ratio": 1.0,
  "hp_use_log_ab": false,
  "hp_optimizer": "adamw",
  "hp_criterion": "mse",
  "hp_dropout": 0.0,
  "hp_lr": 0.0005,
  "hp_weight_decay": 1e-05,
  "hp_hidden_dims": "[256, 256, 128]",
  "hp_hidden_size": 128,
  "hp_num_layers": 1,
  "hp_head_hidden": 128,
  "hp_head_layers": 1,
  "hp_d_model": 64,
  "hp_nhead": 2,
  "hp_ff_dim": 128,
  "hp_use_cls_token": true
}{
  "trial_id": 300,
  "trial_name": "trial_300_transformer",
  "model": "transformer",
  "best_epoch": 20,
  "elapsed_sec": 107.8764865398407,
  "direct_mae": 0.34091728925704956,
  "direct_rmse": 0.41701969504356384,
  "direct_r2": 0.818972110748291,
  "direct_valid_ratio": 1.0,
  "direct_residual_mean": 0.3844006359577179,
  "direct_residual_median": 0.3620271384716034,
  "direct_residual_p90": 0.7227339684963228,
  "plus_newton_mae": 2.34336194746213e-08,
  "plus_newton_rmse": 2.991573167833148e-08,
  "plus_newton_r2": 0.9999999999999991,
  "plus_newton_valid_ratio": 1.0,
  "plus_newton_residual_mean": 4.390728729550055e-14,
  "plus_newton_residual_median": 2.0469737016526324e-16,
  "plus_newton_residual_p90": 1.0529355165545001e-13,
  "plus_newton_newton_iter_mean": 2.7569,
  "plus_newton_newton_iter_median": 3.0,
  "plus_newton_newton_iter_p90": 3.0,
  "plus_newton_converged_ratio": 1.0,
  "hp_use_log_ab": false,
  "hp_optimizer": "adamw",
  "hp_criterion": "mse",
  "hp_dropout": 0.0,
  "hp_lr": 0.0005,
  "hp_weight_decay": 1e-05,
  "hp_hidden_dims": "[256, 256, 128]",
  "hp_hidden_size": 128,
  "hp_num_layers": 1,
  "hp_head_hidden": 128,
  "hp_head_layers": 1,
  "hp_d_model": 64,
  "hp_nhead": 2,
  "hp_ff_dim": 128,
  "hp_use_cls_token": true
}