{
  "trial_id": 3032,
  "trial_name": "trial_3032_transformer",
  "model": "transformer",
  "best_epoch": 77,
  "elapsed_sec": 176.33408641815186,
  "direct_mae": 0.010960823856294155,
  "direct_rmse": 0.014006176963448524,
  "direct_r2": 0.9997957925515948,
  "direct_valid_ratio": 1.0,
  "direct_residual_mean": 0.013456279411911964,
  "direct_residual_median": 0.010587573051452637,
  "direct_residual_p90": 0.028832954168319706,
  "plus_newton_mae": 2.3433619190815523e-08,
  "plus_newton_rmse": 2.9915731480814505e-08,
  "plus_newton_r2": 0.9999999999999991,
  "plus_newton_valid_ratio": 1.0,
  "plus_newton_residual_mean": 3.112541461633471e-14,
  "plus_newton_residual_median": 1.1102230246251565e-16,
  "plus_newton_residual_p90": 4.107825191113079e-14,
  "plus_newton_newton_iter_mean": 2.2166,
  "plus_newton_newton_iter_median": 2.0,
  "plus_newton_newton_iter_p90": 3.0,
  "plus_newton_converged_ratio": 1.0,
  "hp_use_log_ab": true,
  "hp_optimizer": "adamw",
  "hp_criterion": "mse",
  "hp_dropout": 0.1,
  "hp_lr": 0.0005,
  "hp_weight_decay": 0.0001,
  "hp_hidden_dims": "[256, 256, 128]",
  "hp_hidden_size": 128,
  "hp_num_layers": 2,
  "hp_head_hidden": 64,
  "hp_head_layers": 2,
  "hp_d_model": 32,
  "hp_nhead": 4,
  "hp_ff_dim": 128,
  "hp_use_cls_token": true
}{
  "trial_id": 3032,
  "trial_name": "trial_3032_transformer",
  "model": "transformer",
  "best_epoch": 77,
  "elapsed_sec": 176.33408641815186,
  "direct_mae": 0.010960823856294155,
  "direct_rmse": 0.014006176963448524,
  "direct_r2": 0.9997957925515948,
  "direct_valid_ratio": 1.0,
  "direct_residual_mean": 0.013456279411911964,
  "direct_residual_median": 0.010587573051452637,
  "direct_residual_p90": 0.028832954168319706,
  "plus_newton_mae": 2.3433619190815523e-08,
  "plus_newton_rmse": 2.9915731480814505e-08,
  "plus_newton_r2": 0.9999999999999991,
  "plus_newton_valid_ratio": 1.0,
  "plus_newton_residual_mean": 3.112541461633471e-14,
  "plus_newton_residual_median": 1.1102230246251565e-16,
  "plus_newton_residual_p90": 4.107825191113079e-14,
  "plus_newton_newton_iter_mean": 2.2166,
  "plus_newton_newton_iter_median": 2.0,
  "plus_newton_newton_iter_p90": 3.0,
  "plus_newton_converged_ratio": 1.0,
  "hp_use_log_ab": true,
  "hp_optimizer": "adamw",
  "hp_criterion": "mse",
  "hp_dropout": 0.1,
  "hp_lr": 0.0005,
  "hp_weight_decay": 0.0001,
  "hp_hidden_dims": "[256, 256, 128]",
  "hp_hidden_size": 128,
  "hp_num_layers": 2,
  "hp_head_hidden": 64,
  "hp_head_layers": 2,
  "hp_d_model": 32,
  "hp_nhead": 4,
  "hp_ff_dim": 128,
  "hp_use_cls_token": true
}