{
  "trial_id": 2303,
  "trial_name": "trial_2303_transformer",
  "model": "transformer",
  "best_epoch": 114,
  "elapsed_sec": 206.1703040599823,
  "direct_mae": 0.00134795974008739,
  "direct_rmse": 0.0017382778460159898,
  "direct_r2": 0.9999968546371747,
  "direct_valid_ratio": 1.0,
  "direct_residual_mean": 0.0016647258307784796,
  "direct_residual_median": 0.001275867223739624,
  "direct_residual_p90": 0.0036078572273254405,
  "plus_newton_mae": 2.3433617006582823e-08,
  "plus_newton_rmse": 2.991573079410471e-08,
  "plus_newton_r2": 0.9999999999999991,
  "plus_newton_valid_ratio": 1.0,
  "plus_newton_residual_mean": 3.210367872005432e-14,
  "plus_newton_residual_median": 1.1102230246251565e-16,
  "plus_newton_residual_p90": 3.3428815271463504e-14,
  "plus_newton_newton_iter_mean": 1.9739,
  "plus_newton_newton_iter_median": 2.0,
  "plus_newton_newton_iter_p90": 2.0,
  "plus_newton_converged_ratio": 1.0,
  "hp_use_log_ab": true,
  "hp_optimizer": "adamw",
  "hp_criterion": "mse",
  "hp_dropout": 0.0,
  "hp_lr": 0.001,
  "hp_weight_decay": 0.0001,
  "hp_hidden_dims": "[256, 256, 128]",
  "hp_hidden_size": 128,
  "hp_num_layers": 2,
  "hp_head_hidden": 128,
  "hp_head_layers": 2,
  "hp_d_model": 64,
  "hp_nhead": 4,
  "hp_ff_dim": 128,
  "hp_use_cls_token": false
}{
  "trial_id": 2303,
  "trial_name": "trial_2303_transformer",
  "model": "transformer",
  "best_epoch": 114,
  "elapsed_sec": 206.1703040599823,
  "direct_mae": 0.00134795974008739,
  "direct_rmse": 0.0017382778460159898,
  "direct_r2": 0.9999968546371747,
  "direct_valid_ratio": 1.0,
  "direct_residual_mean": 0.0016647258307784796,
  "direct_residual_median": 0.001275867223739624,
  "direct_residual_p90": 0.0036078572273254405,
  "plus_newton_mae": 2.3433617006582823e-08,
  "plus_newton_rmse": 2.991573079410471e-08,
  "plus_newton_r2": 0.9999999999999991,
  "plus_newton_valid_ratio": 1.0,
  "plus_newton_residual_mean": 3.210367872005432e-14,
  "plus_newton_residual_median": 1.1102230246251565e-16,
  "plus_newton_residual_p90": 3.3428815271463504e-14,
  "plus_newton_newton_iter_mean": 1.9739,
  "plus_newton_newton_iter_median": 2.0,
  "plus_newton_newton_iter_p90": 2.0,
  "plus_newton_converged_ratio": 1.0,
  "hp_use_log_ab": true,
  "hp_optimizer": "adamw",
  "hp_criterion": "mse",
  "hp_dropout": 0.0,
  "hp_lr": 0.001,
  "hp_weight_decay": 0.0001,
  "hp_hidden_dims": "[256, 256, 128]",
  "hp_hidden_size": 128,
  "hp_num_layers": 2,
  "hp_head_hidden": 128,
  "hp_head_layers": 2,
  "hp_d_model": 64,
  "hp_nhead": 4,
  "hp_ff_dim": 128,
  "hp_use_cls_token": false
}