{
  "trial_id": 848,
  "trial_name": "trial_848_transformer",
  "model": "transformer",
  "best_epoch": 42,
  "elapsed_sec": 116.62912011146545,
  "direct_mae": 0.34038758277893066,
  "direct_rmse": 0.4169066250324249,
  "direct_r2": 0.8190702497959137,
  "direct_valid_ratio": 1.0,
  "direct_residual_mean": 0.383861780166626,
  "direct_residual_median": 0.36058223247528076,
  "direct_residual_p90": 0.7262374758720398,
  "plus_newton_mae": 2.3433618399543142e-08,
  "plus_newton_rmse": 2.991573028036809e-08,
  "plus_newton_r2": 0.9999999999999991,
  "plus_newton_valid_ratio": 1.0,
  "plus_newton_residual_mean": 4.5011191571399143e-14,
  "plus_newton_residual_median": 1.6653345369377348e-16,
  "plus_newton_residual_p90": 1.0755840662568549e-13,
  "plus_newton_newton_iter_mean": 2.7565,
  "plus_newton_newton_iter_median": 3.0,
  "plus_newton_newton_iter_p90": 3.0,
  "plus_newton_converged_ratio": 1.0,
  "hp_use_log_ab": false,
  "hp_optimizer": "adamw",
  "hp_criterion": "mse",
  "hp_dropout": 0.1,
  "hp_lr": 0.0005,
  "hp_weight_decay": 1e-05,
  "hp_hidden_dims": "[256, 256, 128]",
  "hp_hidden_size": 128,
  "hp_num_layers": 2,
  "hp_head_hidden": 64,
  "hp_head_layers": 1,
  "hp_d_model": 64,
  "hp_nhead": 4,
  "hp_ff_dim": 128,
  "hp_use_cls_token": true
}{
  "trial_id": 848,
  "trial_name": "trial_848_transformer",
  "model": "transformer",
  "best_epoch": 42,
  "elapsed_sec": 116.62912011146545,
  "direct_mae": 0.34038758277893066,
  "direct_rmse": 0.4169066250324249,
  "direct_r2": 0.8190702497959137,
  "direct_valid_ratio": 1.0,
  "direct_residual_mean": 0.383861780166626,
  "direct_residual_median": 0.36058223247528076,
  "direct_residual_p90": 0.7262374758720398,
  "plus_newton_mae": 2.3433618399543142e-08,
  "plus_newton_rmse": 2.991573028036809e-08,
  "plus_newton_r2": 0.9999999999999991,
  "plus_newton_valid_ratio": 1.0,
  "plus_newton_residual_mean": 4.5011191571399143e-14,
  "plus_newton_residual_median": 1.6653345369377348e-16,
  "plus_newton_residual_p90": 1.0755840662568549e-13,
  "plus_newton_newton_iter_mean": 2.7565,
  "plus_newton_newton_iter_median": 3.0,
  "plus_newton_newton_iter_p90": 3.0,
  "plus_newton_converged_ratio": 1.0,
  "hp_use_log_ab": false,
  "hp_optimizer": "adamw",
  "hp_criterion": "mse",
  "hp_dropout": 0.1,
  "hp_lr": 0.0005,
  "hp_weight_decay": 1e-05,
  "hp_hidden_dims": "[256, 256, 128]",
  "hp_hidden_size": 128,
  "hp_num_layers": 2,
  "hp_head_hidden": 64,
  "hp_head_layers": 1,
  "hp_d_model": 64,
  "hp_nhead": 4,
  "hp_ff_dim": 128,
  "hp_use_cls_token": true
}