{
  "trial_id": 64,
  "trial_name": "trial_064_transformer",
  "model": "transformer",
  "best_epoch": 50,
  "elapsed_sec": 218.76086735725403,
  "direct_mae": 0.0025816692505031824,
  "direct_rmse": 0.0037870057858526707,
  "direct_r2": 0.9999850712201805,
  "direct_valid_ratio": 1.0,
  "direct_residual_mean": 0.0031448728404939175,
  "direct_residual_median": 0.002069637179374695,
  "direct_residual_p90": 0.00721997618675232,
  "plus_newton_mae": 2.343361821295159e-08,
  "plus_newton_rmse": 2.991573094902283e-08,
  "plus_newton_r2": 0.9999999999999991,
  "plus_newton_valid_ratio": 1.0,
  "plus_newton_residual_mean": 2.858841713571569e-14,
  "plus_newton_residual_median": 1.1102230246251565e-16,
  "plus_newton_residual_p90": 3.6426417437951426e-14,
  "plus_newton_newton_iter_mean": 2.0247,
  "plus_newton_newton_iter_median": 2.0,
  "plus_newton_newton_iter_p90": 2.0,
  "plus_newton_converged_ratio": 1.0,
  "hp_use_log_ab": false,
  "hp_optimizer": "adamw",
  "hp_criterion": "mse",
  "hp_dropout": 0.0,
  "hp_lr": 0.001,
  "hp_weight_decay": 1e-05,
  "hp_hidden_dims": "[256, 256, 128]",
  "hp_hidden_size": 128,
  "hp_num_layers": 1,
  "hp_head_hidden": 128,
  "hp_head_layers": 2,
  "hp_d_model": 64,
  "hp_nhead": 4,
  "hp_ff_dim": 128,
  "hp_use_cls_token": true
}{
  "trial_id": 64,
  "trial_name": "trial_064_transformer",
  "model": "transformer",
  "best_epoch": 50,
  "elapsed_sec": 218.76086735725403,
  "direct_mae": 0.0025816692505031824,
  "direct_rmse": 0.0037870057858526707,
  "direct_r2": 0.9999850712201805,
  "direct_valid_ratio": 1.0,
  "direct_residual_mean": 0.0031448728404939175,
  "direct_residual_median": 0.002069637179374695,
  "direct_residual_p90": 0.00721997618675232,
  "plus_newton_mae": 2.343361821295159e-08,
  "plus_newton_rmse": 2.991573094902283e-08,
  "plus_newton_r2": 0.9999999999999991,
  "plus_newton_valid_ratio": 1.0,
  "plus_newton_residual_mean": 2.858841713571569e-14,
  "plus_newton_residual_median": 1.1102230246251565e-16,
  "plus_newton_residual_p90": 3.6426417437951426e-14,
  "plus_newton_newton_iter_mean": 2.0247,
  "plus_newton_newton_iter_median": 2.0,
  "plus_newton_newton_iter_p90": 2.0,
  "plus_newton_converged_ratio": 1.0,
  "hp_use_log_ab": false,
  "hp_optimizer": "adamw",
  "hp_criterion": "mse",
  "hp_dropout": 0.0,
  "hp_lr": 0.001,
  "hp_weight_decay": 1e-05,
  "hp_hidden_dims": "[256, 256, 128]",
  "hp_hidden_size": 128,
  "hp_num_layers": 1,
  "hp_head_hidden": 128,
  "hp_head_layers": 2,
  "hp_d_model": 64,
  "hp_nhead": 4,
  "hp_ff_dim": 128,
  "hp_use_cls_token": true
}