{
  "trial_id": 422,
  "trial_name": "trial_422_lstm",
  "model": "lstm",
  "best_epoch": 120,
  "elapsed_sec": 280.5908372402191,
  "direct_mae": 0.0020897837821394205,
  "direct_rmse": 0.0026745472569018602,
  "direct_r2": 0.9999925538299976,
  "direct_valid_ratio": 1.0,
  "direct_residual_mean": 0.0025334300007671118,
  "direct_residual_median": 0.001999584026634693,
  "direct_residual_p90": 0.0054093718528747566,
  "plus_newton_mae": 2.343361888150966e-08,
  "plus_newton_rmse": 2.99157306775075e-08,
  "plus_newton_r2": 0.9999999999999991,
  "plus_newton_valid_ratio": 1.0,
  "plus_newton_residual_mean": 2.966261479114997e-14,
  "plus_newton_residual_median": 1.1102230246251565e-16,
  "plus_newton_residual_p90": 3.398392678377608e-14,
  "plus_newton_newton_iter_mean": 2.0019,
  "plus_newton_newton_iter_median": 2.0,
  "plus_newton_newton_iter_p90": 2.0,
  "plus_newton_converged_ratio": 1.0,
  "hp_use_log_ab": true,
  "hp_optimizer": "adamw",
  "hp_criterion": "smoothl1",
  "hp_dropout": 0.0,
  "hp_lr": 0.0005,
  "hp_weight_decay": 1e-05,
  "hp_hidden_dims": "[256, 256, 128]",
  "hp_hidden_size": 64,
  "hp_num_layers": 2,
  "hp_head_hidden": 64,
  "hp_head_layers": 2,
  "hp_d_model": 64,
  "hp_nhead": 4,
  "hp_ff_dim": 128,
  "hp_use_cls_token": false
}{
  "trial_id": 422,
  "trial_name": "trial_422_lstm",
  "model": "lstm",
  "best_epoch": 120,
  "elapsed_sec": 280.5908372402191,
  "direct_mae": 0.0020897837821394205,
  "direct_rmse": 0.0026745472569018602,
  "direct_r2": 0.9999925538299976,
  "direct_valid_ratio": 1.0,
  "direct_residual_mean": 0.0025334300007671118,
  "direct_residual_median": 0.001999584026634693,
  "direct_residual_p90": 0.0054093718528747566,
  "plus_newton_mae": 2.343361888150966e-08,
  "plus_newton_rmse": 2.99157306775075e-08,
  "plus_newton_r2": 0.9999999999999991,
  "plus_newton_valid_ratio": 1.0,
  "plus_newton_residual_mean": 2.966261479114997e-14,
  "plus_newton_residual_median": 1.1102230246251565e-16,
  "plus_newton_residual_p90": 3.398392678377608e-14,
  "plus_newton_newton_iter_mean": 2.0019,
  "plus_newton_newton_iter_median": 2.0,
  "plus_newton_newton_iter_p90": 2.0,
  "plus_newton_converged_ratio": 1.0,
  "hp_use_log_ab": true,
  "hp_optimizer": "adamw",
  "hp_criterion": "smoothl1",
  "hp_dropout": 0.0,
  "hp_lr": 0.0005,
  "hp_weight_decay": 1e-05,
  "hp_hidden_dims": "[256, 256, 128]",
  "hp_hidden_size": 64,
  "hp_num_layers": 2,
  "hp_head_hidden": 64,
  "hp_head_layers": 2,
  "hp_d_model": 64,
  "hp_nhead": 4,
  "hp_ff_dim": 128,
  "hp_use_cls_token": false
}