{
  "trial_id": 18,
  "trial_name": "trial_018_lstm",
  "model": "lstm",
  "best_epoch": 78,
  "elapsed_sec": 277.6739854812622,
  "direct_mae": 0.0026954549830406904,
  "direct_rmse": 0.003307898761704564,
  "direct_r2": 0.999988609657521,
  "direct_valid_ratio": 1.0,
  "direct_residual_mean": 0.00327098835259676,
  "direct_residual_median": 0.0028426945209503174,
  "direct_residual_p90": 0.006431251764297487,
  "plus_newton_mae": 2.3433618472106936e-08,
  "plus_newton_rmse": 2.991573025849337e-08,
  "plus_newton_r2": 0.9999999999999991,
  "plus_newton_valid_ratio": 1.0,
  "plus_newton_residual_mean": 3.771923007977966e-14,
  "plus_newton_residual_median": 1.1102230246251565e-16,
  "plus_newton_residual_p90": 6.311617894994015e-14,
  "plus_newton_newton_iter_mean": 2.0384,
  "plus_newton_newton_iter_median": 2.0,
  "plus_newton_newton_iter_p90": 2.0,
  "plus_newton_converged_ratio": 1.0,
  "hp_use_log_ab": false,
  "hp_optimizer": "adamw",
  "hp_criterion": "mse",
  "hp_dropout": 0.0,
  "hp_lr": 0.001,
  "hp_weight_decay": 0.0001,
  "hp_hidden_dims": "[256, 256, 128]",
  "hp_hidden_size": 64,
  "hp_num_layers": 1,
  "hp_head_hidden": 64,
  "hp_head_layers": 2,
  "hp_d_model": 64,
  "hp_nhead": 4,
  "hp_ff_dim": 128,
  "hp_use_cls_token": false
}{
  "trial_id": 18,
  "trial_name": "trial_018_lstm",
  "model": "lstm",
  "best_epoch": 78,
  "elapsed_sec": 277.6739854812622,
  "direct_mae": 0.0026954549830406904,
  "direct_rmse": 0.003307898761704564,
  "direct_r2": 0.999988609657521,
  "direct_valid_ratio": 1.0,
  "direct_residual_mean": 0.00327098835259676,
  "direct_residual_median": 0.0028426945209503174,
  "direct_residual_p90": 0.006431251764297487,
  "plus_newton_mae": 2.3433618472106936e-08,
  "plus_newton_rmse": 2.991573025849337e-08,
  "plus_newton_r2": 0.9999999999999991,
  "plus_newton_valid_ratio": 1.0,
  "plus_newton_residual_mean": 3.771923007977966e-14,
  "plus_newton_residual_median": 1.1102230246251565e-16,
  "plus_newton_residual_p90": 6.311617894994015e-14,
  "plus_newton_newton_iter_mean": 2.0384,
  "plus_newton_newton_iter_median": 2.0,
  "plus_newton_newton_iter_p90": 2.0,
  "plus_newton_converged_ratio": 1.0,
  "hp_use_log_ab": false,
  "hp_optimizer": "adamw",
  "hp_criterion": "mse",
  "hp_dropout": 0.0,
  "hp_lr": 0.001,
  "hp_weight_decay": 0.0001,
  "hp_hidden_dims": "[256, 256, 128]",
  "hp_hidden_size": 64,
  "hp_num_layers": 1,
  "hp_head_hidden": 64,
  "hp_head_layers": 2,
  "hp_d_model": 64,
  "hp_nhead": 4,
  "hp_ff_dim": 128,
  "hp_use_cls_token": false
}