{
  "trial_id": 2864,
  "trial_name": "trial_2864_transformer",
  "model": "transformer",
  "best_epoch": 33,
  "elapsed_sec": 300.3339455127716,
  "direct_mae": 0.10519234836101532,
  "direct_rmse": 0.1327788084745407,
  "direct_r2": 0.9816477242857218,
  "direct_valid_ratio": 1.0,
  "direct_residual_mean": 0.132346510887146,
  "direct_residual_median": 0.1083449125289917,
  "direct_residual_p90": 0.25055082440376286,
  "plus_newton_mae": 2.3433619162332413e-08,
  "plus_newton_rmse": 2.991572960670655e-08,
  "plus_newton_r2": 0.9999999999999991,
  "plus_newton_valid_ratio": 1.0,
  "plus_newton_residual_mean": 3.439262156132054e-14,
  "plus_newton_residual_median": 1.1102230246251565e-16,
  "plus_newton_residual_p90": 5.086486787320161e-14,
  "plus_newton_newton_iter_mean": 2.61,
  "plus_newton_newton_iter_median": 3.0,
  "plus_newton_newton_iter_p90": 3.0,
  "plus_newton_converged_ratio": 1.0,
  "hp_use_log_ab": true,
  "hp_optimizer": "adamw",
  "hp_criterion": "mse",
  "hp_dropout": 0.1,
  "hp_lr": 0.0005,
  "hp_weight_decay": 1e-05,
  "hp_hidden_dims": "[256, 256, 128]",
  "hp_hidden_size": 128,
  "hp_num_layers": 1,
  "hp_head_hidden": 128,
  "hp_head_layers": 1,
  "hp_d_model": 64,
  "hp_nhead": 4,
  "hp_ff_dim": 128,
  "hp_use_cls_token": true
}{
  "trial_id": 2864,
  "trial_name": "trial_2864_transformer",
  "model": "transformer",
  "best_epoch": 33,
  "elapsed_sec": 300.3339455127716,
  "direct_mae": 0.10519234836101532,
  "direct_rmse": 0.1327788084745407,
  "direct_r2": 0.9816477242857218,
  "direct_valid_ratio": 1.0,
  "direct_residual_mean": 0.132346510887146,
  "direct_residual_median": 0.1083449125289917,
  "direct_residual_p90": 0.25055082440376286,
  "plus_newton_mae": 2.3433619162332413e-08,
  "plus_newton_rmse": 2.991572960670655e-08,
  "plus_newton_r2": 0.9999999999999991,
  "plus_newton_valid_ratio": 1.0,
  "plus_newton_residual_mean": 3.439262156132054e-14,
  "plus_newton_residual_median": 1.1102230246251565e-16,
  "plus_newton_residual_p90": 5.086486787320161e-14,
  "plus_newton_newton_iter_mean": 2.61,
  "plus_newton_newton_iter_median": 3.0,
  "plus_newton_newton_iter_p90": 3.0,
  "plus_newton_converged_ratio": 1.0,
  "hp_use_log_ab": true,
  "hp_optimizer": "adamw",
  "hp_criterion": "mse",
  "hp_dropout": 0.1,
  "hp_lr": 0.0005,
  "hp_weight_decay": 1e-05,
  "hp_hidden_dims": "[256, 256, 128]",
  "hp_hidden_size": 128,
  "hp_num_layers": 1,
  "hp_head_hidden": 128,
  "hp_head_layers": 1,
  "hp_d_model": 64,
  "hp_nhead": 4,
  "hp_ff_dim": 128,
  "hp_use_cls_token": true
}