{
  "trial_id": 67,
  "trial_name": "trial_067_lstm",
  "model": "lstm",
  "best_epoch": 117,
  "elapsed_sec": 298.3421587944031,
  "direct_mae": 0.3401407301425934,
  "direct_rmse": 0.41681748628616333,
  "direct_r2": 0.8191476166248322,
  "direct_valid_ratio": 1.0,
  "direct_residual_mean": 0.3828043043613434,
  "direct_residual_median": 0.35885775089263916,
  "direct_residual_p90": 0.7228959918022156,
  "plus_newton_mae": 2.34336196988196e-08,
  "plus_newton_rmse": 2.991573160648255e-08,
  "plus_newton_r2": 0.9999999999999991,
  "plus_newton_valid_ratio": 1.0,
  "plus_newton_residual_mean": 4.4294189130804475e-14,
  "plus_newton_residual_median": 1.6653345369377348e-16,
  "plus_newton_residual_p90": 1.0519918269835673e-13,
  "plus_newton_newton_iter_mean": 2.7528,
  "plus_newton_newton_iter_median": 3.0,
  "plus_newton_newton_iter_p90": 3.0,
  "plus_newton_converged_ratio": 1.0,
  "hp_use_log_ab": false,
  "hp_optimizer": "adamw",
  "hp_criterion": "mse",
  "hp_dropout": 0.1,
  "hp_lr": 0.001,
  "hp_weight_decay": 1e-05,
  "hp_hidden_dims": "[256, 256, 128]",
  "hp_hidden_size": 64,
  "hp_num_layers": 1,
  "hp_head_hidden": 128,
  "hp_head_layers": 1,
  "hp_d_model": 64,
  "hp_nhead": 4,
  "hp_ff_dim": 128,
  "hp_use_cls_token": false
}{
  "trial_id": 67,
  "trial_name": "trial_067_lstm",
  "model": "lstm",
  "best_epoch": 117,
  "elapsed_sec": 298.3421587944031,
  "direct_mae": 0.3401407301425934,
  "direct_rmse": 0.41681748628616333,
  "direct_r2": 0.8191476166248322,
  "direct_valid_ratio": 1.0,
  "direct_residual_mean": 0.3828043043613434,
  "direct_residual_median": 0.35885775089263916,
  "direct_residual_p90": 0.7228959918022156,
  "plus_newton_mae": 2.34336196988196e-08,
  "plus_newton_rmse": 2.991573160648255e-08,
  "plus_newton_r2": 0.9999999999999991,
  "plus_newton_valid_ratio": 1.0,
  "plus_newton_residual_mean": 4.4294189130804475e-14,
  "plus_newton_residual_median": 1.6653345369377348e-16,
  "plus_newton_residual_p90": 1.0519918269835673e-13,
  "plus_newton_newton_iter_mean": 2.7528,
  "plus_newton_newton_iter_median": 3.0,
  "plus_newton_newton_iter_p90": 3.0,
  "plus_newton_converged_ratio": 1.0,
  "hp_use_log_ab": false,
  "hp_optimizer": "adamw",
  "hp_criterion": "mse",
  "hp_dropout": 0.1,
  "hp_lr": 0.001,
  "hp_weight_decay": 1e-05,
  "hp_hidden_dims": "[256, 256, 128]",
  "hp_hidden_size": 64,
  "hp_num_layers": 1,
  "hp_head_hidden": 128,
  "hp_head_layers": 1,
  "hp_d_model": 64,
  "hp_nhead": 4,
  "hp_ff_dim": 128,
  "hp_use_cls_token": false
}