{
  "trial_id": 3097,
  "trial_name": "trial_3097_transformer",
  "model": "transformer",
  "best_epoch": 107,
  "elapsed_sec": 168.41704893112183,
  "direct_mae": 0.002561569679528475,
  "direct_rmse": 0.0031722153071314096,
  "direct_r2": 0.9999895249102337,
  "direct_valid_ratio": 1.0,
  "direct_residual_mean": 0.003118975320830941,
  "direct_residual_median": 0.002527177333831787,
  "direct_residual_p90": 0.006402570009231568,
  "plus_newton_mae": 2.3433619176158346e-08,
  "plus_newton_rmse": 2.9915731164296094e-08,
  "plus_newton_r2": 0.9999999999999991,
  "plus_newton_valid_ratio": 1.0,
  "plus_newton_residual_mean": 2.668860734015145e-14,
  "plus_newton_residual_median": 1.1102230246251565e-16,
  "plus_newton_residual_p90": 2.6317836798739356e-14,
  "plus_newton_newton_iter_mean": 2.0393,
  "plus_newton_newton_iter_median": 2.0,
  "plus_newton_newton_iter_p90": 2.0,
  "plus_newton_converged_ratio": 1.0,
  "hp_use_log_ab": true,
  "hp_optimizer": "adamw",
  "hp_criterion": "smoothl1",
  "hp_dropout": 0.0,
  "hp_lr": 0.001,
  "hp_weight_decay": 1e-05,
  "hp_hidden_dims": "[256, 256, 128]",
  "hp_hidden_size": 128,
  "hp_num_layers": 1,
  "hp_head_hidden": 64,
  "hp_head_layers": 2,
  "hp_d_model": 64,
  "hp_nhead": 2,
  "hp_ff_dim": 64,
  "hp_use_cls_token": false
}{
  "trial_id": 3097,
  "trial_name": "trial_3097_transformer",
  "model": "transformer",
  "best_epoch": 107,
  "elapsed_sec": 168.41704893112183,
  "direct_mae": 0.002561569679528475,
  "direct_rmse": 0.0031722153071314096,
  "direct_r2": 0.9999895249102337,
  "direct_valid_ratio": 1.0,
  "direct_residual_mean": 0.003118975320830941,
  "direct_residual_median": 0.002527177333831787,
  "direct_residual_p90": 0.006402570009231568,
  "plus_newton_mae": 2.3433619176158346e-08,
  "plus_newton_rmse": 2.9915731164296094e-08,
  "plus_newton_r2": 0.9999999999999991,
  "plus_newton_valid_ratio": 1.0,
  "plus_newton_residual_mean": 2.668860734015145e-14,
  "plus_newton_residual_median": 1.1102230246251565e-16,
  "plus_newton_residual_p90": 2.6317836798739356e-14,
  "plus_newton_newton_iter_mean": 2.0393,
  "plus_newton_newton_iter_median": 2.0,
  "plus_newton_newton_iter_p90": 2.0,
  "plus_newton_converged_ratio": 1.0,
  "hp_use_log_ab": true,
  "hp_optimizer": "adamw",
  "hp_criterion": "smoothl1",
  "hp_dropout": 0.0,
  "hp_lr": 0.001,
  "hp_weight_decay": 1e-05,
  "hp_hidden_dims": "[256, 256, 128]",
  "hp_hidden_size": 128,
  "hp_num_layers": 1,
  "hp_head_hidden": 64,
  "hp_head_layers": 2,
  "hp_d_model": 64,
  "hp_nhead": 2,
  "hp_ff_dim": 64,
  "hp_use_cls_token": false
}