{
  "trial_id": 545,
  "trial_name": "trial_545_transformer",
  "model": "transformer",
  "best_epoch": 23,
  "elapsed_sec": 65.55560874938965,
  "direct_mae": 0.3409208357334137,
  "direct_rmse": 0.41700828075408936,
  "direct_r2": 0.8189820200204849,
  "direct_valid_ratio": 1.0,
  "direct_residual_mean": 0.38440102338790894,
  "direct_residual_median": 0.3614123463630676,
  "direct_residual_p90": 0.7229860007762909,
  "plus_newton_mae": 2.34336189709333e-08,
  "plus_newton_rmse": 2.9915730920868506e-08,
  "plus_newton_r2": 0.9999999999999991,
  "plus_newton_valid_ratio": 1.0,
  "plus_newton_residual_mean": 4.4174745724866773e-14,
  "plus_newton_residual_median": 1.6653345369377348e-16,
  "plus_newton_residual_p90": 1.0147438445073931e-13,
  "plus_newton_newton_iter_mean": 2.7593,
  "plus_newton_newton_iter_median": 3.0,
  "plus_newton_newton_iter_p90": 3.0,
  "plus_newton_converged_ratio": 1.0,
  "hp_use_log_ab": false,
  "hp_optimizer": "adamw",
  "hp_criterion": "mse",
  "hp_dropout": 0.1,
  "hp_lr": 0.001,
  "hp_weight_decay": 1e-05,
  "hp_hidden_dims": "[256, 256, 128]",
  "hp_hidden_size": 128,
  "hp_num_layers": 1,
  "hp_head_hidden": 128,
  "hp_head_layers": 1,
  "hp_d_model": 32,
  "hp_nhead": 2,
  "hp_ff_dim": 64,
  "hp_use_cls_token": false
}{
  "trial_id": 545,
  "trial_name": "trial_545_transformer",
  "model": "transformer",
  "best_epoch": 23,
  "elapsed_sec": 65.55560874938965,
  "direct_mae": 0.3409208357334137,
  "direct_rmse": 0.41700828075408936,
  "direct_r2": 0.8189820200204849,
  "direct_valid_ratio": 1.0,
  "direct_residual_mean": 0.38440102338790894,
  "direct_residual_median": 0.3614123463630676,
  "direct_residual_p90": 0.7229860007762909,
  "plus_newton_mae": 2.34336189709333e-08,
  "plus_newton_rmse": 2.9915730920868506e-08,
  "plus_newton_r2": 0.9999999999999991,
  "plus_newton_valid_ratio": 1.0,
  "plus_newton_residual_mean": 4.4174745724866773e-14,
  "plus_newton_residual_median": 1.6653345369377348e-16,
  "plus_newton_residual_p90": 1.0147438445073931e-13,
  "plus_newton_newton_iter_mean": 2.7593,
  "plus_newton_newton_iter_median": 3.0,
  "plus_newton_newton_iter_p90": 3.0,
  "plus_newton_converged_ratio": 1.0,
  "hp_use_log_ab": false,
  "hp_optimizer": "adamw",
  "hp_criterion": "mse",
  "hp_dropout": 0.1,
  "hp_lr": 0.001,
  "hp_weight_decay": 1e-05,
  "hp_hidden_dims": "[256, 256, 128]",
  "hp_hidden_size": 128,
  "hp_num_layers": 1,
  "hp_head_hidden": 128,
  "hp_head_layers": 1,
  "hp_d_model": 32,
  "hp_nhead": 2,
  "hp_ff_dim": 64,
  "hp_use_cls_token": false
}