{
  "trial_id": 541,
  "trial_name": "trial_541_transformer",
  "model": "transformer",
  "best_epoch": 39,
  "elapsed_sec": 94.71678733825684,
  "direct_mae": 0.01877296157181263,
  "direct_rmse": 0.02709498070180416,
  "direct_r2": 0.9992357946466655,
  "direct_valid_ratio": 1.0,
  "direct_residual_mean": 0.021835947409272194,
  "direct_residual_median": 0.014187127351760864,
  "direct_residual_p90": 0.05421086549758913,
  "plus_newton_mae": 2.343361831542003e-08,
  "plus_newton_rmse": 2.991573031734642e-08,
  "plus_newton_r2": 0.9999999999999991,
  "plus_newton_valid_ratio": 1.0,
  "plus_newton_residual_mean": 3.326034327360265e-14,
  "plus_newton_residual_median": 1.1102230246251565e-16,
  "plus_newton_residual_p90": 4.6629367034256575e-14,
  "plus_newton_newton_iter_mean": 2.2559,
  "plus_newton_newton_iter_median": 2.0,
  "plus_newton_newton_iter_p90": 3.0,
  "plus_newton_converged_ratio": 1.0,
  "hp_use_log_ab": false,
  "hp_optimizer": "adamw",
  "hp_criterion": "mse",
  "hp_dropout": 0.1,
  "hp_lr": 0.001,
  "hp_weight_decay": 1e-05,
  "hp_hidden_dims": "[256, 256, 128]",
  "hp_hidden_size": 128,
  "hp_num_layers": 1,
  "hp_head_hidden": 64,
  "hp_head_layers": 2,
  "hp_d_model": 64,
  "hp_nhead": 4,
  "hp_ff_dim": 64,
  "hp_use_cls_token": false
}{
  "trial_id": 541,
  "trial_name": "trial_541_transformer",
  "model": "transformer",
  "best_epoch": 39,
  "elapsed_sec": 94.71678733825684,
  "direct_mae": 0.01877296157181263,
  "direct_rmse": 0.02709498070180416,
  "direct_r2": 0.9992357946466655,
  "direct_valid_ratio": 1.0,
  "direct_residual_mean": 0.021835947409272194,
  "direct_residual_median": 0.014187127351760864,
  "direct_residual_p90": 0.05421086549758913,
  "plus_newton_mae": 2.343361831542003e-08,
  "plus_newton_rmse": 2.991573031734642e-08,
  "plus_newton_r2": 0.9999999999999991,
  "plus_newton_valid_ratio": 1.0,
  "plus_newton_residual_mean": 3.326034327360265e-14,
  "plus_newton_residual_median": 1.1102230246251565e-16,
  "plus_newton_residual_p90": 4.6629367034256575e-14,
  "plus_newton_newton_iter_mean": 2.2559,
  "plus_newton_newton_iter_median": 2.0,
  "plus_newton_newton_iter_p90": 3.0,
  "plus_newton_converged_ratio": 1.0,
  "hp_use_log_ab": false,
  "hp_optimizer": "adamw",
  "hp_criterion": "mse",
  "hp_dropout": 0.1,
  "hp_lr": 0.001,
  "hp_weight_decay": 1e-05,
  "hp_hidden_dims": "[256, 256, 128]",
  "hp_hidden_size": 128,
  "hp_num_layers": 1,
  "hp_head_hidden": 64,
  "hp_head_layers": 2,
  "hp_d_model": 64,
  "hp_nhead": 4,
  "hp_ff_dim": 64,
  "hp_use_cls_token": false
}