{
  "trial_id": 1705,
  "trial_name": "trial_1705_transformer",
  "model": "transformer",
  "best_epoch": 6,
  "elapsed_sec": 36.388155698776245,
  "direct_mae": 0.3409505784511566,
  "direct_rmse": 0.4176759719848633,
  "direct_r2": 0.8184018731117249,
  "direct_valid_ratio": 1.0,
  "direct_residual_mean": 0.38432803750038147,
  "direct_residual_median": 0.35795408487319946,
  "direct_residual_p90": 0.7330698013305664,
  "plus_newton_mae": 2.343362053867657e-08,
  "plus_newton_rmse": 2.9915732112204637e-08,
  "plus_newton_r2": 0.9999999999999991,
  "plus_newton_valid_ratio": 1.0,
  "plus_newton_residual_mean": 4.349157781155405e-14,
  "plus_newton_residual_median": 2.220446049250313e-16,
  "plus_newton_residual_p90": 9.873213357991529e-14,
  "plus_newton_newton_iter_mean": 2.7595,
  "plus_newton_newton_iter_median": 3.0,
  "plus_newton_newton_iter_p90": 3.0,
  "plus_newton_converged_ratio": 1.0,
  "hp_use_log_ab": false,
  "hp_optimizer": "adamw",
  "hp_criterion": "smoothl1",
  "hp_dropout": 0.1,
  "hp_lr": 0.001,
  "hp_weight_decay": 0.0001,
  "hp_hidden_dims": "[256, 256, 128]",
  "hp_hidden_size": 128,
  "hp_num_layers": 1,
  "hp_head_hidden": 128,
  "hp_head_layers": 1,
  "hp_d_model": 64,
  "hp_nhead": 2,
  "hp_ff_dim": 64,
  "hp_use_cls_token": false
}{
  "trial_id": 1705,
  "trial_name": "trial_1705_transformer",
  "model": "transformer",
  "best_epoch": 6,
  "elapsed_sec": 36.388155698776245,
  "direct_mae": 0.3409505784511566,
  "direct_rmse": 0.4176759719848633,
  "direct_r2": 0.8184018731117249,
  "direct_valid_ratio": 1.0,
  "direct_residual_mean": 0.38432803750038147,
  "direct_residual_median": 0.35795408487319946,
  "direct_residual_p90": 0.7330698013305664,
  "plus_newton_mae": 2.343362053867657e-08,
  "plus_newton_rmse": 2.9915732112204637e-08,
  "plus_newton_r2": 0.9999999999999991,
  "plus_newton_valid_ratio": 1.0,
  "plus_newton_residual_mean": 4.349157781155405e-14,
  "plus_newton_residual_median": 2.220446049250313e-16,
  "plus_newton_residual_p90": 9.873213357991529e-14,
  "plus_newton_newton_iter_mean": 2.7595,
  "plus_newton_newton_iter_median": 3.0,
  "plus_newton_newton_iter_p90": 3.0,
  "plus_newton_converged_ratio": 1.0,
  "hp_use_log_ab": false,
  "hp_optimizer": "adamw",
  "hp_criterion": "smoothl1",
  "hp_dropout": 0.1,
  "hp_lr": 0.001,
  "hp_weight_decay": 0.0001,
  "hp_hidden_dims": "[256, 256, 128]",
  "hp_hidden_size": 128,
  "hp_num_layers": 1,
  "hp_head_hidden": 128,
  "hp_head_layers": 1,
  "hp_d_model": 64,
  "hp_nhead": 2,
  "hp_ff_dim": 64,
  "hp_use_cls_token": false
}