{
  "trial_id": 2466,
  "trial_name": "trial_2466_transformer",
  "model": "transformer",
  "best_epoch": 29,
  "elapsed_sec": 68.78481340408325,
  "direct_mae": 0.10546263307332993,
  "direct_rmse": 0.13203048706054688,
  "direct_r2": 0.9818540029227734,
  "direct_valid_ratio": 1.0,
  "direct_residual_mean": 0.13287381827831268,
  "direct_residual_median": 0.11020439863204956,
  "direct_residual_p90": 0.25379975438117985,
  "plus_newton_mae": 2.3433619338855042e-08,
  "plus_newton_rmse": 2.991572991394285e-08,
  "plus_newton_r2": 0.9999999999999991,
  "plus_newton_valid_ratio": 1.0,
  "plus_newton_residual_mean": 3.536345384259958e-14,
  "plus_newton_residual_median": 1.1102230246251565e-16,
  "plus_newton_residual_p90": 5.3990145687521484e-14,
  "plus_newton_newton_iter_mean": 2.6149,
  "plus_newton_newton_iter_median": 3.0,
  "plus_newton_newton_iter_p90": 3.0,
  "plus_newton_converged_ratio": 1.0,
  "hp_use_log_ab": true,
  "hp_optimizer": "adamw",
  "hp_criterion": "mse",
  "hp_dropout": 0.0,
  "hp_lr": 0.0005,
  "hp_weight_decay": 0.0001,
  "hp_hidden_dims": "[256, 256, 128]",
  "hp_hidden_size": 128,
  "hp_num_layers": 1,
  "hp_head_hidden": 128,
  "hp_head_layers": 1,
  "hp_d_model": 32,
  "hp_nhead": 2,
  "hp_ff_dim": 64,
  "hp_use_cls_token": true
}{
  "trial_id": 2466,
  "trial_name": "trial_2466_transformer",
  "model": "transformer",
  "best_epoch": 29,
  "elapsed_sec": 68.78481340408325,
  "direct_mae": 0.10546263307332993,
  "direct_rmse": 0.13203048706054688,
  "direct_r2": 0.9818540029227734,
  "direct_valid_ratio": 1.0,
  "direct_residual_mean": 0.13287381827831268,
  "direct_residual_median": 0.11020439863204956,
  "direct_residual_p90": 0.25379975438117985,
  "plus_newton_mae": 2.3433619338855042e-08,
  "plus_newton_rmse": 2.991572991394285e-08,
  "plus_newton_r2": 0.9999999999999991,
  "plus_newton_valid_ratio": 1.0,
  "plus_newton_residual_mean": 3.536345384259958e-14,
  "plus_newton_residual_median": 1.1102230246251565e-16,
  "plus_newton_residual_p90": 5.3990145687521484e-14,
  "plus_newton_newton_iter_mean": 2.6149,
  "plus_newton_newton_iter_median": 3.0,
  "plus_newton_newton_iter_p90": 3.0,
  "plus_newton_converged_ratio": 1.0,
  "hp_use_log_ab": true,
  "hp_optimizer": "adamw",
  "hp_criterion": "mse",
  "hp_dropout": 0.0,
  "hp_lr": 0.0005,
  "hp_weight_decay": 0.0001,
  "hp_hidden_dims": "[256, 256, 128]",
  "hp_hidden_size": 128,
  "hp_num_layers": 1,
  "hp_head_hidden": 128,
  "hp_head_layers": 1,
  "hp_d_model": 32,
  "hp_nhead": 2,
  "hp_ff_dim": 64,
  "hp_use_cls_token": true
}