{
  "trial_id": 267,
  "trial_name": "trial_267_transformer",
  "model": "transformer",
  "best_epoch": 40,
  "elapsed_sec": 157.8093237876892,
  "direct_mae": 0.34019723534584045,
  "direct_rmse": 0.41687995195388794,
  "direct_r2": 0.8190934062004089,
  "direct_valid_ratio": 1.0,
  "direct_residual_mean": 0.3832394778728485,
  "direct_residual_median": 0.35973089933395386,
  "direct_residual_p90": 0.7250900745391846,
  "plus_newton_mae": 2.343361908075995e-08,
  "plus_newton_rmse": 2.991573106882213e-08,
  "plus_newton_r2": 0.9999999999999991,
  "plus_newton_valid_ratio": 1.0,
  "plus_newton_residual_mean": 4.5835321889390695e-14,
  "plus_newton_residual_median": 1.3877787807814457e-16,
  "plus_newton_residual_p90": 1.0852430065710966e-13,
  "plus_newton_newton_iter_mean": 2.7554,
  "plus_newton_newton_iter_median": 3.0,
  "plus_newton_newton_iter_p90": 3.0,
  "plus_newton_converged_ratio": 1.0,
  "hp_use_log_ab": false,
  "hp_optimizer": "adamw",
  "hp_criterion": "mse",
  "hp_dropout": 0.0,
  "hp_lr": 0.0005,
  "hp_weight_decay": 1e-05,
  "hp_hidden_dims": "[256, 256, 128]",
  "hp_hidden_size": 128,
  "hp_num_layers": 1,
  "hp_head_hidden": 64,
  "hp_head_layers": 1,
  "hp_d_model": 64,
  "hp_nhead": 2,
  "hp_ff_dim": 128,
  "hp_use_cls_token": false
}{
  "trial_id": 267,
  "trial_name": "trial_267_transformer",
  "model": "transformer",
  "best_epoch": 40,
  "elapsed_sec": 157.8093237876892,
  "direct_mae": 0.34019723534584045,
  "direct_rmse": 0.41687995195388794,
  "direct_r2": 0.8190934062004089,
  "direct_valid_ratio": 1.0,
  "direct_residual_mean": 0.3832394778728485,
  "direct_residual_median": 0.35973089933395386,
  "direct_residual_p90": 0.7250900745391846,
  "plus_newton_mae": 2.343361908075995e-08,
  "plus_newton_rmse": 2.991573106882213e-08,
  "plus_newton_r2": 0.9999999999999991,
  "plus_newton_valid_ratio": 1.0,
  "plus_newton_residual_mean": 4.5835321889390695e-14,
  "plus_newton_residual_median": 1.3877787807814457e-16,
  "plus_newton_residual_p90": 1.0852430065710966e-13,
  "plus_newton_newton_iter_mean": 2.7554,
  "plus_newton_newton_iter_median": 3.0,
  "plus_newton_newton_iter_p90": 3.0,
  "plus_newton_converged_ratio": 1.0,
  "hp_use_log_ab": false,
  "hp_optimizer": "adamw",
  "hp_criterion": "mse",
  "hp_dropout": 0.0,
  "hp_lr": 0.0005,
  "hp_weight_decay": 1e-05,
  "hp_hidden_dims": "[256, 256, 128]",
  "hp_hidden_size": 128,
  "hp_num_layers": 1,
  "hp_head_hidden": 64,
  "hp_head_layers": 1,
  "hp_d_model": 64,
  "hp_nhead": 2,
  "hp_ff_dim": 128,
  "hp_use_cls_token": false
}