{
  "trial_id": 1210,
  "trial_name": "trial_1210_transformer",
  "model": "transformer",
  "best_epoch": 105,
  "elapsed_sec": 170.40080332756042,
  "direct_mae": 0.0020491888280957937,
  "direct_rmse": 0.0029963126871734858,
  "direct_r2": 0.9999906544117039,
  "direct_valid_ratio": 1.0,
  "direct_residual_mean": 0.002532303798943758,
  "direct_residual_median": 0.001836523413658142,
  "direct_residual_p90": 0.005310633778572083,
  "plus_newton_mae": 2.3433619479268365e-08,
  "plus_newton_rmse": 2.9915731146920755e-08,
  "plus_newton_r2": 0.9999999999999991,
  "plus_newton_valid_ratio": 1.0,
  "plus_newton_residual_mean": 2.3822145559367704e-14,
  "plus_newton_residual_median": 8.326672684688674e-17,
  "plus_newton_residual_p90": 1.3000711618360623e-14,
  "plus_newton_newton_iter_mean": 2.0375,
  "plus_newton_newton_iter_median": 2.0,
  "plus_newton_newton_iter_p90": 2.0,
  "plus_newton_converged_ratio": 1.0,
  "hp_use_log_ab": false,
  "hp_optimizer": "adamw",
  "hp_criterion": "smoothl1",
  "hp_dropout": 0.0,
  "hp_lr": 0.001,
  "hp_weight_decay": 0.0001,
  "hp_hidden_dims": "[256, 256, 128]",
  "hp_hidden_size": 128,
  "hp_num_layers": 1,
  "hp_head_hidden": 128,
  "hp_head_layers": 2,
  "hp_d_model": 64,
  "hp_nhead": 2,
  "hp_ff_dim": 64,
  "hp_use_cls_token": true
}{
  "trial_id": 1210,
  "trial_name": "trial_1210_transformer",
  "model": "transformer",
  "best_epoch": 105,
  "elapsed_sec": 170.40080332756042,
  "direct_mae": 0.0020491888280957937,
  "direct_rmse": 0.0029963126871734858,
  "direct_r2": 0.9999906544117039,
  "direct_valid_ratio": 1.0,
  "direct_residual_mean": 0.002532303798943758,
  "direct_residual_median": 0.001836523413658142,
  "direct_residual_p90": 0.005310633778572083,
  "plus_newton_mae": 2.3433619479268365e-08,
  "plus_newton_rmse": 2.9915731146920755e-08,
  "plus_newton_r2": 0.9999999999999991,
  "plus_newton_valid_ratio": 1.0,
  "plus_newton_residual_mean": 2.3822145559367704e-14,
  "plus_newton_residual_median": 8.326672684688674e-17,
  "plus_newton_residual_p90": 1.3000711618360623e-14,
  "plus_newton_newton_iter_mean": 2.0375,
  "plus_newton_newton_iter_median": 2.0,
  "plus_newton_newton_iter_p90": 2.0,
  "plus_newton_converged_ratio": 1.0,
  "hp_use_log_ab": false,
  "hp_optimizer": "adamw",
  "hp_criterion": "smoothl1",
  "hp_dropout": 0.0,
  "hp_lr": 0.001,
  "hp_weight_decay": 0.0001,
  "hp_hidden_dims": "[256, 256, 128]",
  "hp_hidden_size": 128,
  "hp_num_layers": 1,
  "hp_head_hidden": 128,
  "hp_head_layers": 2,
  "hp_d_model": 64,
  "hp_nhead": 2,
  "hp_ff_dim": 64,
  "hp_use_cls_token": true
}