{
  "trial_id": 1822,
  "trial_name": "trial_1822_transformer",
  "model": "transformer",
  "best_epoch": 61,
  "elapsed_sec": 116.72498941421509,
  "direct_mae": 0.01209911797195673,
  "direct_rmse": 0.017413930967450142,
  "direct_r2": 0.9996843353146687,
  "direct_valid_ratio": 1.0,
  "direct_residual_mean": 0.014306091703474522,
  "direct_residual_median": 0.011500239372253418,
  "direct_residual_p90": 0.03072536587715149,
  "plus_newton_mae": 2.3433618790912188e-08,
  "plus_newton_rmse": 2.9915730290191074e-08,
  "plus_newton_r2": 0.9999999999999991,
  "plus_newton_valid_ratio": 1.0,
  "plus_newton_residual_mean": 3.929544227089212e-14,
  "plus_newton_residual_median": 1.1102230246251565e-16,
  "plus_newton_residual_p90": 7.118194922384197e-14,
  "plus_newton_newton_iter_mean": 2.2025,
  "plus_newton_newton_iter_median": 2.0,
  "plus_newton_newton_iter_p90": 3.0,
  "plus_newton_converged_ratio": 1.0,
  "hp_use_log_ab": false,
  "hp_optimizer": "adamw",
  "hp_criterion": "smoothl1",
  "hp_dropout": 0.1,
  "hp_lr": 0.0005,
  "hp_weight_decay": 1e-05,
  "hp_hidden_dims": "[256, 256, 128]",
  "hp_hidden_size": 128,
  "hp_num_layers": 1,
  "hp_head_hidden": 64,
  "hp_head_layers": 2,
  "hp_d_model": 64,
  "hp_nhead": 4,
  "hp_ff_dim": 64,
  "hp_use_cls_token": true
}{
  "trial_id": 1822,
  "trial_name": "trial_1822_transformer",
  "model": "transformer",
  "best_epoch": 61,
  "elapsed_sec": 116.72498941421509,
  "direct_mae": 0.01209911797195673,
  "direct_rmse": 0.017413930967450142,
  "direct_r2": 0.9996843353146687,
  "direct_valid_ratio": 1.0,
  "direct_residual_mean": 0.014306091703474522,
  "direct_residual_median": 0.011500239372253418,
  "direct_residual_p90": 0.03072536587715149,
  "plus_newton_mae": 2.3433618790912188e-08,
  "plus_newton_rmse": 2.9915730290191074e-08,
  "plus_newton_r2": 0.9999999999999991,
  "plus_newton_valid_ratio": 1.0,
  "plus_newton_residual_mean": 3.929544227089212e-14,
  "plus_newton_residual_median": 1.1102230246251565e-16,
  "plus_newton_residual_p90": 7.118194922384197e-14,
  "plus_newton_newton_iter_mean": 2.2025,
  "plus_newton_newton_iter_median": 2.0,
  "plus_newton_newton_iter_p90": 3.0,
  "plus_newton_converged_ratio": 1.0,
  "hp_use_log_ab": false,
  "hp_optimizer": "adamw",
  "hp_criterion": "smoothl1",
  "hp_dropout": 0.1,
  "hp_lr": 0.0005,
  "hp_weight_decay": 1e-05,
  "hp_hidden_dims": "[256, 256, 128]",
  "hp_hidden_size": 128,
  "hp_num_layers": 1,
  "hp_head_hidden": 64,
  "hp_head_layers": 2,
  "hp_d_model": 64,
  "hp_nhead": 4,
  "hp_ff_dim": 64,
  "hp_use_cls_token": true
}