{
  "trial_id": 1553,
  "trial_name": "trial_1553_transformer",
  "model": "transformer",
  "best_epoch": 73,
  "elapsed_sec": 133.27007222175598,
  "direct_mae": 0.014368882402777672,
  "direct_rmse": 0.01958276703953743,
  "direct_r2": 0.9996008092421107,
  "direct_valid_ratio": 1.0,
  "direct_residual_mean": 0.016693569719791412,
  "direct_residual_median": 0.013260647654533386,
  "direct_residual_p90": 0.035593608021736146,
  "plus_newton_mae": 2.3433618814990694e-08,
  "plus_newton_rmse": 2.9915730064936644e-08,
  "plus_newton_r2": 0.9999999999999991,
  "plus_newton_valid_ratio": 1.0,
  "plus_newton_residual_mean": 3.4705934110392524e-14,
  "plus_newton_residual_median": 1.1102230246251565e-16,
  "plus_newton_residual_p90": 5.1542103918222993e-14,
  "plus_newton_newton_iter_mean": 2.2208,
  "plus_newton_newton_iter_median": 2.0,
  "plus_newton_newton_iter_p90": 3.0,
  "plus_newton_converged_ratio": 1.0,
  "hp_use_log_ab": false,
  "hp_optimizer": "adamw",
  "hp_criterion": "smoothl1",
  "hp_dropout": 0.1,
  "hp_lr": 0.001,
  "hp_weight_decay": 1e-05,
  "hp_hidden_dims": "[256, 256, 128]",
  "hp_hidden_size": 128,
  "hp_num_layers": 1,
  "hp_head_hidden": 64,
  "hp_head_layers": 2,
  "hp_d_model": 32,
  "hp_nhead": 2,
  "hp_ff_dim": 64,
  "hp_use_cls_token": false
}{
  "trial_id": 1553,
  "trial_name": "trial_1553_transformer",
  "model": "transformer",
  "best_epoch": 73,
  "elapsed_sec": 133.27007222175598,
  "direct_mae": 0.014368882402777672,
  "direct_rmse": 0.01958276703953743,
  "direct_r2": 0.9996008092421107,
  "direct_valid_ratio": 1.0,
  "direct_residual_mean": 0.016693569719791412,
  "direct_residual_median": 0.013260647654533386,
  "direct_residual_p90": 0.035593608021736146,
  "plus_newton_mae": 2.3433618814990694e-08,
  "plus_newton_rmse": 2.9915730064936644e-08,
  "plus_newton_r2": 0.9999999999999991,
  "plus_newton_valid_ratio": 1.0,
  "plus_newton_residual_mean": 3.4705934110392524e-14,
  "plus_newton_residual_median": 1.1102230246251565e-16,
  "plus_newton_residual_p90": 5.1542103918222993e-14,
  "plus_newton_newton_iter_mean": 2.2208,
  "plus_newton_newton_iter_median": 2.0,
  "plus_newton_newton_iter_p90": 3.0,
  "plus_newton_converged_ratio": 1.0,
  "hp_use_log_ab": false,
  "hp_optimizer": "adamw",
  "hp_criterion": "smoothl1",
  "hp_dropout": 0.1,
  "hp_lr": 0.001,
  "hp_weight_decay": 1e-05,
  "hp_hidden_dims": "[256, 256, 128]",
  "hp_hidden_size": 128,
  "hp_num_layers": 1,
  "hp_head_hidden": 64,
  "hp_head_layers": 2,
  "hp_d_model": 32,
  "hp_nhead": 2,
  "hp_ff_dim": 64,
  "hp_use_cls_token": false
}