{
  "trial_id": 452,
  "trial_name": "trial_452_lstm",
  "model": "lstm",
  "best_epoch": 58,
  "elapsed_sec": 162.14964246749878,
  "direct_mae": 0.00668337382376194,
  "direct_rmse": 0.008435082621872425,
  "direct_r2": 0.9999259353426169,
  "direct_valid_ratio": 1.0,
  "direct_residual_mean": 0.008330387994647026,
  "direct_residual_median": 0.006624937057495117,
  "direct_residual_p90": 0.017285905778408054,
  "plus_newton_mae": 2.343361906464713e-08,
  "plus_newton_rmse": 2.9915730689262494e-08,
  "plus_newton_r2": 0.9999999999999991,
  "plus_newton_valid_ratio": 1.0,
  "plus_newton_residual_mean": 3.96183867700817e-14,
  "plus_newton_residual_median": 1.1102230246251565e-16,
  "plus_newton_residual_p90": 9.071632334212158e-14,
  "plus_newton_newton_iter_mean": 2.1465,
  "plus_newton_newton_iter_median": 2.0,
  "plus_newton_newton_iter_p90": 3.0,
  "plus_newton_converged_ratio": 1.0,
  "hp_use_log_ab": true,
  "hp_optimizer": "adamw",
  "hp_criterion": "smoothl1",
  "hp_dropout": 0.1,
  "hp_lr": 0.001,
  "hp_weight_decay": 1e-05,
  "hp_hidden_dims": "[256, 256, 128]",
  "hp_hidden_size": 64,
  "hp_num_layers": 1,
  "hp_head_hidden": 128,
  "hp_head_layers": 2,
  "hp_d_model": 64,
  "hp_nhead": 4,
  "hp_ff_dim": 128,
  "hp_use_cls_token": false
}{
  "trial_id": 452,
  "trial_name": "trial_452_lstm",
  "model": "lstm",
  "best_epoch": 58,
  "elapsed_sec": 162.14964246749878,
  "direct_mae": 0.00668337382376194,
  "direct_rmse": 0.008435082621872425,
  "direct_r2": 0.9999259353426169,
  "direct_valid_ratio": 1.0,
  "direct_residual_mean": 0.008330387994647026,
  "direct_residual_median": 0.006624937057495117,
  "direct_residual_p90": 0.017285905778408054,
  "plus_newton_mae": 2.343361906464713e-08,
  "plus_newton_rmse": 2.9915730689262494e-08,
  "plus_newton_r2": 0.9999999999999991,
  "plus_newton_valid_ratio": 1.0,
  "plus_newton_residual_mean": 3.96183867700817e-14,
  "plus_newton_residual_median": 1.1102230246251565e-16,
  "plus_newton_residual_p90": 9.071632334212158e-14,
  "plus_newton_newton_iter_mean": 2.1465,
  "plus_newton_newton_iter_median": 2.0,
  "plus_newton_newton_iter_p90": 3.0,
  "plus_newton_converged_ratio": 1.0,
  "hp_use_log_ab": true,
  "hp_optimizer": "adamw",
  "hp_criterion": "smoothl1",
  "hp_dropout": 0.1,
  "hp_lr": 0.001,
  "hp_weight_decay": 1e-05,
  "hp_hidden_dims": "[256, 256, 128]",
  "hp_hidden_size": 64,
  "hp_num_layers": 1,
  "hp_head_hidden": 128,
  "hp_head_layers": 2,
  "hp_d_model": 64,
  "hp_nhead": 4,
  "hp_ff_dim": 128,
  "hp_use_cls_token": false
}