{
  "trial_id": 2851,
  "trial_name": "trial_2851_transformer",
  "model": "transformer",
  "best_epoch": 74,
  "elapsed_sec": 530.7019033432007,
  "direct_mae": 0.1033802479505539,
  "direct_rmse": 0.13072063028812408,
  "direct_r2": 0.9822122640907764,
  "direct_valid_ratio": 1.0,
  "direct_residual_mean": 0.13077855110168457,
  "direct_residual_median": 0.10540503263473511,
  "direct_residual_p90": 0.25306181609630585,
  "plus_newton_mae": 2.3433618536098637e-08,
  "plus_newton_rmse": 2.9915729975585296e-08,
  "plus_newton_r2": 0.9999999999999991,
  "plus_newton_valid_ratio": 1.0,
  "plus_newton_residual_mean": 3.212771369269182e-14,
  "plus_newton_residual_median": 1.1102230246251565e-16,
  "plus_newton_residual_p90": 4.3520742565306136e-14,
  "plus_newton_newton_iter_mean": 2.6062,
  "plus_newton_newton_iter_median": 3.0,
  "plus_newton_newton_iter_p90": 3.0,
  "plus_newton_converged_ratio": 1.0,
  "hp_use_log_ab": true,
  "hp_optimizer": "adamw",
  "hp_criterion": "mse",
  "hp_dropout": 0.1,
  "hp_lr": 0.0005,
  "hp_weight_decay": 1e-05,
  "hp_hidden_dims": "[256, 256, 128]",
  "hp_hidden_size": 128,
  "hp_num_layers": 1,
  "hp_head_hidden": 128,
  "hp_head_layers": 1,
  "hp_d_model": 32,
  "hp_nhead": 2,
  "hp_ff_dim": 128,
  "hp_use_cls_token": false
}{
  "trial_id": 2851,
  "trial_name": "trial_2851_transformer",
  "model": "transformer",
  "best_epoch": 74,
  "elapsed_sec": 530.7019033432007,
  "direct_mae": 0.1033802479505539,
  "direct_rmse": 0.13072063028812408,
  "direct_r2": 0.9822122640907764,
  "direct_valid_ratio": 1.0,
  "direct_residual_mean": 0.13077855110168457,
  "direct_residual_median": 0.10540503263473511,
  "direct_residual_p90": 0.25306181609630585,
  "plus_newton_mae": 2.3433618536098637e-08,
  "plus_newton_rmse": 2.9915729975585296e-08,
  "plus_newton_r2": 0.9999999999999991,
  "plus_newton_valid_ratio": 1.0,
  "plus_newton_residual_mean": 3.212771369269182e-14,
  "plus_newton_residual_median": 1.1102230246251565e-16,
  "plus_newton_residual_p90": 4.3520742565306136e-14,
  "plus_newton_newton_iter_mean": 2.6062,
  "plus_newton_newton_iter_median": 3.0,
  "plus_newton_newton_iter_p90": 3.0,
  "plus_newton_converged_ratio": 1.0,
  "hp_use_log_ab": true,
  "hp_optimizer": "adamw",
  "hp_criterion": "mse",
  "hp_dropout": 0.1,
  "hp_lr": 0.0005,
  "hp_weight_decay": 1e-05,
  "hp_hidden_dims": "[256, 256, 128]",
  "hp_hidden_size": 128,
  "hp_num_layers": 1,
  "hp_head_hidden": 128,
  "hp_head_layers": 1,
  "hp_d_model": 32,
  "hp_nhead": 2,
  "hp_ff_dim": 128,
  "hp_use_cls_token": false
}