{
  "trial_id": 783,
  "trial_name": "trial_783_transformer",
  "model": "transformer",
  "best_epoch": 52,
  "elapsed_sec": 111.59488415718079,
  "direct_mae": 0.3404296338558197,
  "direct_rmse": 0.41690751910209656,
  "direct_r2": 0.8190694898366928,
  "direct_valid_ratio": 1.0,
  "direct_residual_mean": 0.3837725818157196,
  "direct_residual_median": 0.3601701259613037,
  "direct_residual_p90": 0.7243564248085027,
  "plus_newton_mae": 2.3433619453358746e-08,
  "plus_newton_rmse": 2.9915730985412284e-08,
  "plus_newton_r2": 0.9999999999999991,
  "plus_newton_valid_ratio": 1.0,
  "plus_newton_residual_mean": 4.481443750409614e-14,
  "plus_newton_residual_median": 1.6132928326584306e-16,
  "plus_newton_residual_p90": 1.0549339179988246e-13,
  "plus_newton_newton_iter_mean": 2.7572,
  "plus_newton_newton_iter_median": 3.0,
  "plus_newton_newton_iter_p90": 3.0,
  "plus_newton_converged_ratio": 1.0,
  "hp_use_log_ab": false,
  "hp_optimizer": "adamw",
  "hp_criterion": "mse",
  "hp_dropout": 0.1,
  "hp_lr": 0.0005,
  "hp_weight_decay": 1e-05,
  "hp_hidden_dims": "[256, 256, 128]",
  "hp_hidden_size": 128,
  "hp_num_layers": 1,
  "hp_head_hidden": 64,
  "hp_head_layers": 1,
  "hp_d_model": 64,
  "hp_nhead": 4,
  "hp_ff_dim": 128,
  "hp_use_cls_token": false
}{
  "trial_id": 783,
  "trial_name": "trial_783_transformer",
  "model": "transformer",
  "best_epoch": 52,
  "elapsed_sec": 111.59488415718079,
  "direct_mae": 0.3404296338558197,
  "direct_rmse": 0.41690751910209656,
  "direct_r2": 0.8190694898366928,
  "direct_valid_ratio": 1.0,
  "direct_residual_mean": 0.3837725818157196,
  "direct_residual_median": 0.3601701259613037,
  "direct_residual_p90": 0.7243564248085027,
  "plus_newton_mae": 2.3433619453358746e-08,
  "plus_newton_rmse": 2.9915730985412284e-08,
  "plus_newton_r2": 0.9999999999999991,
  "plus_newton_valid_ratio": 1.0,
  "plus_newton_residual_mean": 4.481443750409614e-14,
  "plus_newton_residual_median": 1.6132928326584306e-16,
  "plus_newton_residual_p90": 1.0549339179988246e-13,
  "plus_newton_newton_iter_mean": 2.7572,
  "plus_newton_newton_iter_median": 3.0,
  "plus_newton_newton_iter_p90": 3.0,
  "plus_newton_converged_ratio": 1.0,
  "hp_use_log_ab": false,
  "hp_optimizer": "adamw",
  "hp_criterion": "mse",
  "hp_dropout": 0.1,
  "hp_lr": 0.0005,
  "hp_weight_decay": 1e-05,
  "hp_hidden_dims": "[256, 256, 128]",
  "hp_hidden_size": 128,
  "hp_num_layers": 1,
  "hp_head_hidden": 64,
  "hp_head_layers": 1,
  "hp_d_model": 64,
  "hp_nhead": 4,
  "hp_ff_dim": 128,
  "hp_use_cls_token": false
}