{
  "trial_id": 1513,
  "trial_name": "trial_1513_transformer",
  "model": "transformer",
  "best_epoch": 9,
  "elapsed_sec": 48.392414808273315,
  "direct_mae": 0.338920921087265,
  "direct_rmse": 0.41771525144577026,
  "direct_r2": 0.8183676898479462,
  "direct_valid_ratio": 1.0,
  "direct_residual_mean": 0.3835301995277405,
  "direct_residual_median": 0.35238116979599,
  "direct_residual_p90": 0.7598258495330813,
  "plus_newton_mae": 2.3433619261416904e-08,
  "plus_newton_rmse": 2.991573036721302e-08,
  "plus_newton_r2": 0.9999999999999991,
  "plus_newton_valid_ratio": 1.0,
  "plus_newton_residual_mean": 4.437932448009564e-14,
  "plus_newton_residual_median": 1.3877787807814457e-16,
  "plus_newton_residual_p90": 1.0149103779610875e-13,
  "plus_newton_newton_iter_mean": 2.7602,
  "plus_newton_newton_iter_median": 3.0,
  "plus_newton_newton_iter_p90": 3.0,
  "plus_newton_converged_ratio": 1.0,
  "hp_use_log_ab": false,
  "hp_optimizer": "adamw",
  "hp_criterion": "smoothl1",
  "hp_dropout": 0.0,
  "hp_lr": 0.0005,
  "hp_weight_decay": 0.0001,
  "hp_hidden_dims": "[256, 256, 128]",
  "hp_hidden_size": 128,
  "hp_num_layers": 2,
  "hp_head_hidden": 128,
  "hp_head_layers": 1,
  "hp_d_model": 64,
  "hp_nhead": 2,
  "hp_ff_dim": 64,
  "hp_use_cls_token": false
}{
  "trial_id": 1513,
  "trial_name": "trial_1513_transformer",
  "model": "transformer",
  "best_epoch": 9,
  "elapsed_sec": 48.392414808273315,
  "direct_mae": 0.338920921087265,
  "direct_rmse": 0.41771525144577026,
  "direct_r2": 0.8183676898479462,
  "direct_valid_ratio": 1.0,
  "direct_residual_mean": 0.3835301995277405,
  "direct_residual_median": 0.35238116979599,
  "direct_residual_p90": 0.7598258495330813,
  "plus_newton_mae": 2.3433619261416904e-08,
  "plus_newton_rmse": 2.991573036721302e-08,
  "plus_newton_r2": 0.9999999999999991,
  "plus_newton_valid_ratio": 1.0,
  "plus_newton_residual_mean": 4.437932448009564e-14,
  "plus_newton_residual_median": 1.3877787807814457e-16,
  "plus_newton_residual_p90": 1.0149103779610875e-13,
  "plus_newton_newton_iter_mean": 2.7602,
  "plus_newton_newton_iter_median": 3.0,
  "plus_newton_newton_iter_p90": 3.0,
  "plus_newton_converged_ratio": 1.0,
  "hp_use_log_ab": false,
  "hp_optimizer": "adamw",
  "hp_criterion": "smoothl1",
  "hp_dropout": 0.0,
  "hp_lr": 0.0005,
  "hp_weight_decay": 0.0001,
  "hp_hidden_dims": "[256, 256, 128]",
  "hp_hidden_size": 128,
  "hp_num_layers": 2,
  "hp_head_hidden": 128,
  "hp_head_layers": 1,
  "hp_d_model": 64,
  "hp_nhead": 2,
  "hp_ff_dim": 64,
  "hp_use_cls_token": false
}