{
  "trial_id": 1,
  "trial_name": "trial_001_mlp",
  "model": "mlp",
  "best_epoch": 29,
  "elapsed_sec": 104.69594144821167,
  "direct_mae": 0.0011213188990950584,
  "direct_rmse": 0.001962133217602968,
  "direct_r2": 0.9999959923543429,
  "direct_valid_ratio": 1.0,
  "direct_residual_mean": 0.001554602407850325,
  "direct_residual_median": 0.0008739829063415527,
  "direct_residual_p90": 0.0027586579322814945,
  "plus_newton_mae": 2.3433617360140205e-08,
  "plus_newton_rmse": 2.991572953339519e-08,
  "plus_newton_r2": 0.9999999999999991,
  "plus_newton_valid_ratio": 1.0,
  "plus_newton_residual_mean": 2.9358233756256946e-14,
  "plus_newton_residual_median": 8.326672684688674e-17,
  "plus_newton_residual_p90": 1.765254609153999e-14,
  "plus_newton_newton_iter_mean": 1.9687,
  "plus_newton_newton_iter_median": 2.0,
  "plus_newton_newton_iter_p90": 2.0,
  "plus_newton_converged_ratio": 1.0,
  "hp_use_log_ab": false,
  "hp_optimizer": "adamw",
  "hp_criterion": "mse",
  "hp_dropout": 0.0,
  "hp_lr": 0.001,
  "hp_weight_decay": 1e-05,
  "hp_hidden_dims": "[256, 256, 128]",
  "hp_hidden_size": 128,
  "hp_num_layers": 2,
  "hp_head_hidden": 128,
  "hp_head_layers": 2,
  "hp_d_model": 64,
  "hp_nhead": 4,
  "hp_ff_dim": 128,
  "hp_use_cls_token": false
}{
  "trial_id": 1,
  "trial_name": "trial_001_mlp",
  "model": "mlp",
  "best_epoch": 29,
  "elapsed_sec": 104.69594144821167,
  "direct_mae": 0.0011213188990950584,
  "direct_rmse": 0.001962133217602968,
  "direct_r2": 0.9999959923543429,
  "direct_valid_ratio": 1.0,
  "direct_residual_mean": 0.001554602407850325,
  "direct_residual_median": 0.0008739829063415527,
  "direct_residual_p90": 0.0027586579322814945,
  "plus_newton_mae": 2.3433617360140205e-08,
  "plus_newton_rmse": 2.991572953339519e-08,
  "plus_newton_r2": 0.9999999999999991,
  "plus_newton_valid_ratio": 1.0,
  "plus_newton_residual_mean": 2.9358233756256946e-14,
  "plus_newton_residual_median": 8.326672684688674e-17,
  "plus_newton_residual_p90": 1.765254609153999e-14,
  "plus_newton_newton_iter_mean": 1.9687,
  "plus_newton_newton_iter_median": 2.0,
  "plus_newton_newton_iter_p90": 2.0,
  "plus_newton_converged_ratio": 1.0,
  "hp_use_log_ab": false,
  "hp_optimizer": "adamw",
  "hp_criterion": "mse",
  "hp_dropout": 0.0,
  "hp_lr": 0.001,
  "hp_weight_decay": 1e-05,
  "hp_hidden_dims": "[256, 256, 128]",
  "hp_hidden_size": 128,
  "hp_num_layers": 2,
  "hp_head_hidden": 128,
  "hp_head_layers": 2,
  "hp_d_model": 64,
  "hp_nhead": 4,
  "hp_ff_dim": 128,
  "hp_use_cls_token": false
}