{
  "trial_id": 2324,
  "trial_name": "trial_2324_transformer",
  "model": "transformer",
  "best_epoch": 119,
  "elapsed_sec": 170.9547221660614,
  "direct_mae": 0.004040145315229893,
  "direct_rmse": 0.005070926155894995,
  "direct_r2": 0.9999732325541117,
  "direct_valid_ratio": 1.0,
  "direct_residual_mean": 0.004928027279675007,
  "direct_residual_median": 0.004008650779724121,
  "direct_residual_p90": 0.010218405723571777,
  "plus_newton_mae": 2.3433617162844364e-08,
  "plus_newton_rmse": 2.991572896361037e-08,
  "plus_newton_r2": 0.9999999999999991,
  "plus_newton_valid_ratio": 1.0,
  "plus_newton_residual_mean": 2.991704704564748e-14,
  "plus_newton_residual_median": 1.1102230246251565e-16,
  "plus_newton_residual_p90": 3.3439917501709796e-14,
  "plus_newton_newton_iter_mean": 2.077,
  "plus_newton_newton_iter_median": 2.0,
  "plus_newton_newton_iter_p90": 2.0,
  "plus_newton_converged_ratio": 1.0,
  "hp_use_log_ab": true,
  "hp_optimizer": "adamw",
  "hp_criterion": "mse",
  "hp_dropout": 0.0,
  "hp_lr": 0.0005,
  "hp_weight_decay": 1e-05,
  "hp_hidden_dims": "[256, 256, 128]",
  "hp_hidden_size": 128,
  "hp_num_layers": 1,
  "hp_head_hidden": 64,
  "hp_head_layers": 2,
  "hp_d_model": 32,
  "hp_nhead": 2,
  "hp_ff_dim": 128,
  "hp_use_cls_token": true
}{
  "trial_id": 2324,
  "trial_name": "trial_2324_transformer",
  "model": "transformer",
  "best_epoch": 119,
  "elapsed_sec": 170.9547221660614,
  "direct_mae": 0.004040145315229893,
  "direct_rmse": 0.005070926155894995,
  "direct_r2": 0.9999732325541117,
  "direct_valid_ratio": 1.0,
  "direct_residual_mean": 0.004928027279675007,
  "direct_residual_median": 0.004008650779724121,
  "direct_residual_p90": 0.010218405723571777,
  "plus_newton_mae": 2.3433617162844364e-08,
  "plus_newton_rmse": 2.991572896361037e-08,
  "plus_newton_r2": 0.9999999999999991,
  "plus_newton_valid_ratio": 1.0,
  "plus_newton_residual_mean": 2.991704704564748e-14,
  "plus_newton_residual_median": 1.1102230246251565e-16,
  "plus_newton_residual_p90": 3.3439917501709796e-14,
  "plus_newton_newton_iter_mean": 2.077,
  "plus_newton_newton_iter_median": 2.0,
  "plus_newton_newton_iter_p90": 2.0,
  "plus_newton_converged_ratio": 1.0,
  "hp_use_log_ab": true,
  "hp_optimizer": "adamw",
  "hp_criterion": "mse",
  "hp_dropout": 0.0,
  "hp_lr": 0.0005,
  "hp_weight_decay": 1e-05,
  "hp_hidden_dims": "[256, 256, 128]",
  "hp_hidden_size": 128,
  "hp_num_layers": 1,
  "hp_head_hidden": 64,
  "hp_head_layers": 2,
  "hp_d_model": 32,
  "hp_nhead": 2,
  "hp_ff_dim": 128,
  "hp_use_cls_token": true
}