{
  "trial_id": 1189,
  "trial_name": "trial_1189_transformer",
  "model": "transformer",
  "best_epoch": 5,
  "elapsed_sec": 34.00010871887207,
  "direct_mae": 0.33993834257125854,
  "direct_rmse": 0.41855669021606445,
  "direct_r2": 0.8176352083683014,
  "direct_valid_ratio": 1.0,
  "direct_residual_mean": 0.38649991154670715,
  "direct_residual_median": 0.35418465733528137,
  "direct_residual_p90": 0.7693482875823975,
  "plus_newton_mae": 2.3433619409675103e-08,
  "plus_newton_rmse": 2.991572961148437e-08,
  "plus_newton_r2": 0.9999999999999991,
  "plus_newton_valid_ratio": 1.0,
  "plus_newton_residual_mean": 4.544068168627213e-14,
  "plus_newton_residual_median": 1.3877787807814457e-16,
  "plus_newton_residual_p90": 1.0436096431476471e-13,
  "plus_newton_newton_iter_mean": 2.7673,
  "plus_newton_newton_iter_median": 3.0,
  "plus_newton_newton_iter_p90": 3.0,
  "plus_newton_converged_ratio": 1.0,
  "hp_use_log_ab": false,
  "hp_optimizer": "adamw",
  "hp_criterion": "smoothl1",
  "hp_dropout": 0.0,
  "hp_lr": 0.001,
  "hp_weight_decay": 0.0001,
  "hp_hidden_dims": "[256, 256, 128]",
  "hp_hidden_size": 128,
  "hp_num_layers": 1,
  "hp_head_hidden": 128,
  "hp_head_layers": 1,
  "hp_d_model": 32,
  "hp_nhead": 4,
  "hp_ff_dim": 64,
  "hp_use_cls_token": false
}{
  "trial_id": 1189,
  "trial_name": "trial_1189_transformer",
  "model": "transformer",
  "best_epoch": 5,
  "elapsed_sec": 34.00010871887207,
  "direct_mae": 0.33993834257125854,
  "direct_rmse": 0.41855669021606445,
  "direct_r2": 0.8176352083683014,
  "direct_valid_ratio": 1.0,
  "direct_residual_mean": 0.38649991154670715,
  "direct_residual_median": 0.35418465733528137,
  "direct_residual_p90": 0.7693482875823975,
  "plus_newton_mae": 2.3433619409675103e-08,
  "plus_newton_rmse": 2.991572961148437e-08,
  "plus_newton_r2": 0.9999999999999991,
  "plus_newton_valid_ratio": 1.0,
  "plus_newton_residual_mean": 4.544068168627213e-14,
  "plus_newton_residual_median": 1.3877787807814457e-16,
  "plus_newton_residual_p90": 1.0436096431476471e-13,
  "plus_newton_newton_iter_mean": 2.7673,
  "plus_newton_newton_iter_median": 3.0,
  "plus_newton_newton_iter_p90": 3.0,
  "plus_newton_converged_ratio": 1.0,
  "hp_use_log_ab": false,
  "hp_optimizer": "adamw",
  "hp_criterion": "smoothl1",
  "hp_dropout": 0.0,
  "hp_lr": 0.001,
  "hp_weight_decay": 0.0001,
  "hp_hidden_dims": "[256, 256, 128]",
  "hp_hidden_size": 128,
  "hp_num_layers": 1,
  "hp_head_hidden": 128,
  "hp_head_layers": 1,
  "hp_d_model": 32,
  "hp_nhead": 4,
  "hp_ff_dim": 64,
  "hp_use_cls_token": false
}