{
  "trial_id": 191,
  "trial_name": "trial_191_lstm",
  "model": "lstm",
  "best_epoch": 27,
  "elapsed_sec": 128.92249011993408,
  "direct_mae": 0.3367254436016083,
  "direct_rmse": 0.4198598861694336,
  "direct_r2": 0.8164978474378586,
  "direct_valid_ratio": 1.0,
  "direct_residual_mean": 0.3808237910270691,
  "direct_residual_median": 0.34368374943733215,
  "direct_residual_p90": 0.7857887089252472,
  "plus_newton_mae": 2.3433620551330203e-08,
  "plus_newton_rmse": 2.9915731938609694e-08,
  "plus_newton_r2": 0.9999999999999991,
  "plus_newton_valid_ratio": 1.0,
  "plus_newton_residual_mean": 4.425522377750809e-14,
  "plus_newton_residual_median": 1.1102230246251565e-16,
  "plus_newton_residual_p90": 1.068922728109104e-13,
  "plus_newton_newton_iter_mean": 2.7593,
  "plus_newton_newton_iter_median": 3.0,
  "plus_newton_newton_iter_p90": 3.0,
  "plus_newton_converged_ratio": 1.0,
  "hp_use_log_ab": false,
  "hp_optimizer": "adamw",
  "hp_criterion": "smoothl1",
  "hp_dropout": 0.0,
  "hp_lr": 0.0005,
  "hp_weight_decay": 0.0001,
  "hp_hidden_dims": "[256, 256, 128]",
  "hp_hidden_size": 128,
  "hp_num_layers": 2,
  "hp_head_hidden": 128,
  "hp_head_layers": 1,
  "hp_d_model": 64,
  "hp_nhead": 4,
  "hp_ff_dim": 128,
  "hp_use_cls_token": false
}{
  "trial_id": 191,
  "trial_name": "trial_191_lstm",
  "model": "lstm",
  "best_epoch": 27,
  "elapsed_sec": 128.92249011993408,
  "direct_mae": 0.3367254436016083,
  "direct_rmse": 0.4198598861694336,
  "direct_r2": 0.8164978474378586,
  "direct_valid_ratio": 1.0,
  "direct_residual_mean": 0.3808237910270691,
  "direct_residual_median": 0.34368374943733215,
  "direct_residual_p90": 0.7857887089252472,
  "plus_newton_mae": 2.3433620551330203e-08,
  "plus_newton_rmse": 2.9915731938609694e-08,
  "plus_newton_r2": 0.9999999999999991,
  "plus_newton_valid_ratio": 1.0,
  "plus_newton_residual_mean": 4.425522377750809e-14,
  "plus_newton_residual_median": 1.1102230246251565e-16,
  "plus_newton_residual_p90": 1.068922728109104e-13,
  "plus_newton_newton_iter_mean": 2.7593,
  "plus_newton_newton_iter_median": 3.0,
  "plus_newton_newton_iter_p90": 3.0,
  "plus_newton_converged_ratio": 1.0,
  "hp_use_log_ab": false,
  "hp_optimizer": "adamw",
  "hp_criterion": "smoothl1",
  "hp_dropout": 0.0,
  "hp_lr": 0.0005,
  "hp_weight_decay": 0.0001,
  "hp_hidden_dims": "[256, 256, 128]",
  "hp_hidden_size": 128,
  "hp_num_layers": 2,
  "hp_head_hidden": 128,
  "hp_head_layers": 1,
  "hp_d_model": 64,
  "hp_nhead": 4,
  "hp_ff_dim": 128,
  "hp_use_cls_token": false
}