{
  "trial_id": 226,
  "trial_name": "trial_226_transformer",
  "model": "transformer",
  "best_epoch": 73,
  "elapsed_sec": 317.71260118484497,
  "direct_mae": 0.3403904139995575,
  "direct_rmse": 0.41689425706863403,
  "direct_r2": 0.8190809935331345,
  "direct_valid_ratio": 1.0,
  "direct_residual_mean": 0.3834449350833893,
  "direct_residual_median": 0.36002540588378906,
  "direct_residual_p90": 0.7206894755363464,
  "plus_newton_mae": 2.3433619540408957e-08,
  "plus_newton_rmse": 2.9915731627196986e-08,
  "plus_newton_r2": 0.9999999999999991,
  "plus_newton_valid_ratio": 1.0,
  "plus_newton_residual_mean": 4.4993735713473036e-14,
  "plus_newton_residual_median": 1.1102230246251565e-16,
  "plus_newton_residual_p90": 1.078026556911031e-13,
  "plus_newton_newton_iter_mean": 2.7565,
  "plus_newton_newton_iter_median": 3.0,
  "plus_newton_newton_iter_p90": 3.0,
  "plus_newton_converged_ratio": 1.0,
  "hp_use_log_ab": false,
  "hp_optimizer": "adamw",
  "hp_criterion": "mse",
  "hp_dropout": 0.0,
  "hp_lr": 0.001,
  "hp_weight_decay": 0.0001,
  "hp_hidden_dims": "[256, 256, 128]",
  "hp_hidden_size": 128,
  "hp_num_layers": 2,
  "hp_head_hidden": 128,
  "hp_head_layers": 1,
  "hp_d_model": 32,
  "hp_nhead": 2,
  "hp_ff_dim": 64,
  "hp_use_cls_token": true
}{
  "trial_id": 226,
  "trial_name": "trial_226_transformer",
  "model": "transformer",
  "best_epoch": 73,
  "elapsed_sec": 317.71260118484497,
  "direct_mae": 0.3403904139995575,
  "direct_rmse": 0.41689425706863403,
  "direct_r2": 0.8190809935331345,
  "direct_valid_ratio": 1.0,
  "direct_residual_mean": 0.3834449350833893,
  "direct_residual_median": 0.36002540588378906,
  "direct_residual_p90": 0.7206894755363464,
  "plus_newton_mae": 2.3433619540408957e-08,
  "plus_newton_rmse": 2.9915731627196986e-08,
  "plus_newton_r2": 0.9999999999999991,
  "plus_newton_valid_ratio": 1.0,
  "plus_newton_residual_mean": 4.4993735713473036e-14,
  "plus_newton_residual_median": 1.1102230246251565e-16,
  "plus_newton_residual_p90": 1.078026556911031e-13,
  "plus_newton_newton_iter_mean": 2.7565,
  "plus_newton_newton_iter_median": 3.0,
  "plus_newton_newton_iter_p90": 3.0,
  "plus_newton_converged_ratio": 1.0,
  "hp_use_log_ab": false,
  "hp_optimizer": "adamw",
  "hp_criterion": "mse",
  "hp_dropout": 0.0,
  "hp_lr": 0.001,
  "hp_weight_decay": 0.0001,
  "hp_hidden_dims": "[256, 256, 128]",
  "hp_hidden_size": 128,
  "hp_num_layers": 2,
  "hp_head_hidden": 128,
  "hp_head_layers": 1,
  "hp_d_model": 32,
  "hp_nhead": 2,
  "hp_ff_dim": 64,
  "hp_use_cls_token": true
}