{
  "trial_id": 3098,
  "trial_name": "trial_3098_transformer",
  "model": "transformer",
  "best_epoch": 117,
  "elapsed_sec": 171.83694124221802,
  "direct_mae": 0.0019502080976963043,
  "direct_rmse": 0.002483728574588895,
  "direct_r2": 0.9999935784385343,
  "direct_valid_ratio": 1.0,
  "direct_residual_mean": 0.0023972911294549704,
  "direct_residual_median": 0.0018911361694335938,
  "direct_residual_p90": 0.005050212144851685,
  "plus_newton_mae": 2.3433619126372992e-08,
  "plus_newton_rmse": 2.991573175873566e-08,
  "plus_newton_r2": 0.9999999999999991,
  "plus_newton_valid_ratio": 1.0,
  "plus_newton_residual_mean": 2.867274056818212e-14,
  "plus_newton_residual_median": 1.1102230246251565e-16,
  "plus_newton_residual_p90": 2.7644553313166398e-14,
  "plus_newton_newton_iter_mean": 2.0107,
  "plus_newton_newton_iter_median": 2.0,
  "plus_newton_newton_iter_p90": 2.0,
  "plus_newton_converged_ratio": 1.0,
  "hp_use_log_ab": true,
  "hp_optimizer": "adamw",
  "hp_criterion": "smoothl1",
  "hp_dropout": 0.0,
  "hp_lr": 0.001,
  "hp_weight_decay": 1e-05,
  "hp_hidden_dims": "[256, 256, 128]",
  "hp_hidden_size": 128,
  "hp_num_layers": 1,
  "hp_head_hidden": 64,
  "hp_head_layers": 2,
  "hp_d_model": 64,
  "hp_nhead": 2,
  "hp_ff_dim": 64,
  "hp_use_cls_token": true
}{
  "trial_id": 3098,
  "trial_name": "trial_3098_transformer",
  "model": "transformer",
  "best_epoch": 117,
  "elapsed_sec": 171.83694124221802,
  "direct_mae": 0.0019502080976963043,
  "direct_rmse": 0.002483728574588895,
  "direct_r2": 0.9999935784385343,
  "direct_valid_ratio": 1.0,
  "direct_residual_mean": 0.0023972911294549704,
  "direct_residual_median": 0.0018911361694335938,
  "direct_residual_p90": 0.005050212144851685,
  "plus_newton_mae": 2.3433619126372992e-08,
  "plus_newton_rmse": 2.991573175873566e-08,
  "plus_newton_r2": 0.9999999999999991,
  "plus_newton_valid_ratio": 1.0,
  "plus_newton_residual_mean": 2.867274056818212e-14,
  "plus_newton_residual_median": 1.1102230246251565e-16,
  "plus_newton_residual_p90": 2.7644553313166398e-14,
  "plus_newton_newton_iter_mean": 2.0107,
  "plus_newton_newton_iter_median": 2.0,
  "plus_newton_newton_iter_p90": 2.0,
  "plus_newton_converged_ratio": 1.0,
  "hp_use_log_ab": true,
  "hp_optimizer": "adamw",
  "hp_criterion": "smoothl1",
  "hp_dropout": 0.0,
  "hp_lr": 0.001,
  "hp_weight_decay": 1e-05,
  "hp_hidden_dims": "[256, 256, 128]",
  "hp_hidden_size": 128,
  "hp_num_layers": 1,
  "hp_head_hidden": 64,
  "hp_head_layers": 2,
  "hp_d_model": 64,
  "hp_nhead": 2,
  "hp_ff_dim": 64,
  "hp_use_cls_token": true
}