{
  "trial_id": 272,
  "trial_name": "trial_272_lstm",
  "model": "lstm",
  "best_epoch": 79,
  "elapsed_sec": 230.07073068618774,
  "direct_mae": 0.0015269449213519692,
  "direct_rmse": 0.0019438064191490412,
  "direct_r2": 0.9999960668692438,
  "direct_valid_ratio": 1.0,
  "direct_residual_mean": 0.0018534099217504263,
  "direct_residual_median": 0.0014806091785430908,
  "direct_residual_p90": 0.003988738358020783,
  "plus_newton_mae": 2.3433618709077244e-08,
  "plus_newton_rmse": 2.991573173923172e-08,
  "plus_newton_r2": 0.9999999999999991,
  "plus_newton_valid_ratio": 1.0,
  "plus_newton_residual_mean": 2.657565013686471e-14,
  "plus_newton_residual_median": 9.71445146547012e-17,
  "plus_newton_residual_p90": 2.0661250488274204e-14,
  "plus_newton_newton_iter_mean": 1.9918,
  "plus_newton_newton_iter_median": 2.0,
  "plus_newton_newton_iter_p90": 2.0,
  "plus_newton_converged_ratio": 1.0,
  "hp_use_log_ab": true,
  "hp_optimizer": "adamw",
  "hp_criterion": "mse",
  "hp_dropout": 0.0,
  "hp_lr": 0.001,
  "hp_weight_decay": 1e-05,
  "hp_hidden_dims": "[256, 256, 128]",
  "hp_hidden_size": 128,
  "hp_num_layers": 2,
  "hp_head_hidden": 128,
  "hp_head_layers": 2,
  "hp_d_model": 64,
  "hp_nhead": 4,
  "hp_ff_dim": 128,
  "hp_use_cls_token": false
}{
  "trial_id": 272,
  "trial_name": "trial_272_lstm",
  "model": "lstm",
  "best_epoch": 79,
  "elapsed_sec": 230.07073068618774,
  "direct_mae": 0.0015269449213519692,
  "direct_rmse": 0.0019438064191490412,
  "direct_r2": 0.9999960668692438,
  "direct_valid_ratio": 1.0,
  "direct_residual_mean": 0.0018534099217504263,
  "direct_residual_median": 0.0014806091785430908,
  "direct_residual_p90": 0.003988738358020783,
  "plus_newton_mae": 2.3433618709077244e-08,
  "plus_newton_rmse": 2.991573173923172e-08,
  "plus_newton_r2": 0.9999999999999991,
  "plus_newton_valid_ratio": 1.0,
  "plus_newton_residual_mean": 2.657565013686471e-14,
  "plus_newton_residual_median": 9.71445146547012e-17,
  "plus_newton_residual_p90": 2.0661250488274204e-14,
  "plus_newton_newton_iter_mean": 1.9918,
  "plus_newton_newton_iter_median": 2.0,
  "plus_newton_newton_iter_p90": 2.0,
  "plus_newton_converged_ratio": 1.0,
  "hp_use_log_ab": true,
  "hp_optimizer": "adamw",
  "hp_criterion": "mse",
  "hp_dropout": 0.0,
  "hp_lr": 0.001,
  "hp_weight_decay": 1e-05,
  "hp_hidden_dims": "[256, 256, 128]",
  "hp_hidden_size": 128,
  "hp_num_layers": 2,
  "hp_head_hidden": 128,
  "hp_head_layers": 2,
  "hp_d_model": 64,
  "hp_nhead": 4,
  "hp_ff_dim": 128,
  "hp_use_cls_token": false
}