{
  "trial_id": 150,
  "trial_name": "trial_150_lstm",
  "model": "lstm",
  "best_epoch": 59,
  "elapsed_sec": 213.300616979599,
  "direct_mae": 0.0018719566287472844,
  "direct_rmse": 0.0025044111534953117,
  "direct_r2": 0.9999934710463094,
  "direct_valid_ratio": 1.0,
  "direct_residual_mean": 0.002232021652162075,
  "direct_residual_median": 0.0017157196998596191,
  "direct_residual_p90": 0.004659664630889892,
  "plus_newton_mae": 2.3433618839504112e-08,
  "plus_newton_rmse": 2.991573032217235e-08,
  "plus_newton_r2": 0.9999999999999991,
  "plus_newton_valid_ratio": 1.0,
  "plus_newton_residual_mean": 2.0615330807117137e-14,
  "plus_newton_residual_median": 1.1102230246251565e-16,
  "plus_newton_residual_p90": 1.488809076022339e-14,
  "plus_newton_newton_iter_mean": 2.0045,
  "plus_newton_newton_iter_median": 2.0,
  "plus_newton_newton_iter_p90": 2.0,
  "plus_newton_converged_ratio": 1.0,
  "hp_use_log_ab": false,
  "hp_optimizer": "adamw",
  "hp_criterion": "smoothl1",
  "hp_dropout": 0.0,
  "hp_lr": 0.001,
  "hp_weight_decay": 0.0001,
  "hp_hidden_dims": "[256, 256, 128]",
  "hp_hidden_size": 64,
  "hp_num_layers": 2,
  "hp_head_hidden": 64,
  "hp_head_layers": 2,
  "hp_d_model": 64,
  "hp_nhead": 4,
  "hp_ff_dim": 128,
  "hp_use_cls_token": false
}{
  "trial_id": 150,
  "trial_name": "trial_150_lstm",
  "model": "lstm",
  "best_epoch": 59,
  "elapsed_sec": 213.300616979599,
  "direct_mae": 0.0018719566287472844,
  "direct_rmse": 0.0025044111534953117,
  "direct_r2": 0.9999934710463094,
  "direct_valid_ratio": 1.0,
  "direct_residual_mean": 0.002232021652162075,
  "direct_residual_median": 0.0017157196998596191,
  "direct_residual_p90": 0.004659664630889892,
  "plus_newton_mae": 2.3433618839504112e-08,
  "plus_newton_rmse": 2.991573032217235e-08,
  "plus_newton_r2": 0.9999999999999991,
  "plus_newton_valid_ratio": 1.0,
  "plus_newton_residual_mean": 2.0615330807117137e-14,
  "plus_newton_residual_median": 1.1102230246251565e-16,
  "plus_newton_residual_p90": 1.488809076022339e-14,
  "plus_newton_newton_iter_mean": 2.0045,
  "plus_newton_newton_iter_median": 2.0,
  "plus_newton_newton_iter_p90": 2.0,
  "plus_newton_converged_ratio": 1.0,
  "hp_use_log_ab": false,
  "hp_optimizer": "adamw",
  "hp_criterion": "smoothl1",
  "hp_dropout": 0.0,
  "hp_lr": 0.001,
  "hp_weight_decay": 0.0001,
  "hp_hidden_dims": "[256, 256, 128]",
  "hp_hidden_size": 64,
  "hp_num_layers": 2,
  "hp_head_hidden": 64,
  "hp_head_layers": 2,
  "hp_d_model": 64,
  "hp_nhead": 4,
  "hp_ff_dim": 128,
  "hp_use_cls_token": false
}