{
  "trial_id": 1388,
  "trial_name": "trial_1388_transformer",
  "model": "transformer",
  "best_epoch": 10,
  "elapsed_sec": 51.21560025215149,
  "direct_mae": 0.34005704522132874,
  "direct_rmse": 0.4173542857170105,
  "direct_r2": 0.8186814934015274,
  "direct_valid_ratio": 1.0,
  "direct_residual_mean": 0.38437989354133606,
  "direct_residual_median": 0.3569561243057251,
  "direct_residual_p90": 0.744793486595154,
  "plus_newton_mae": 2.343361787919342e-08,
  "plus_newton_rmse": 2.9915729895643444e-08,
  "plus_newton_r2": 0.9999999999999991,
  "plus_newton_valid_ratio": 1.0,
  "plus_newton_residual_mean": 4.40237517826163e-14,
  "plus_newton_residual_median": 1.6653345369377348e-16,
  "plus_newton_residual_p90": 1.0303424780033767e-13,
  "plus_newton_newton_iter_mean": 2.761,
  "plus_newton_newton_iter_median": 3.0,
  "plus_newton_newton_iter_p90": 3.0,
  "plus_newton_converged_ratio": 1.0,
  "hp_use_log_ab": false,
  "hp_optimizer": "adamw",
  "hp_criterion": "smoothl1",
  "hp_dropout": 0.0,
  "hp_lr": 0.0005,
  "hp_weight_decay": 1e-05,
  "hp_hidden_dims": "[256, 256, 128]",
  "hp_hidden_size": 128,
  "hp_num_layers": 2,
  "hp_head_hidden": 128,
  "hp_head_layers": 1,
  "hp_d_model": 64,
  "hp_nhead": 2,
  "hp_ff_dim": 128,
  "hp_use_cls_token": true
}{
  "trial_id": 1388,
  "trial_name": "trial_1388_transformer",
  "model": "transformer",
  "best_epoch": 10,
  "elapsed_sec": 51.21560025215149,
  "direct_mae": 0.34005704522132874,
  "direct_rmse": 0.4173542857170105,
  "direct_r2": 0.8186814934015274,
  "direct_valid_ratio": 1.0,
  "direct_residual_mean": 0.38437989354133606,
  "direct_residual_median": 0.3569561243057251,
  "direct_residual_p90": 0.744793486595154,
  "plus_newton_mae": 2.343361787919342e-08,
  "plus_newton_rmse": 2.9915729895643444e-08,
  "plus_newton_r2": 0.9999999999999991,
  "plus_newton_valid_ratio": 1.0,
  "plus_newton_residual_mean": 4.40237517826163e-14,
  "plus_newton_residual_median": 1.6653345369377348e-16,
  "plus_newton_residual_p90": 1.0303424780033767e-13,
  "plus_newton_newton_iter_mean": 2.761,
  "plus_newton_newton_iter_median": 3.0,
  "plus_newton_newton_iter_p90": 3.0,
  "plus_newton_converged_ratio": 1.0,
  "hp_use_log_ab": false,
  "hp_optimizer": "adamw",
  "hp_criterion": "smoothl1",
  "hp_dropout": 0.0,
  "hp_lr": 0.0005,
  "hp_weight_decay": 1e-05,
  "hp_hidden_dims": "[256, 256, 128]",
  "hp_hidden_size": 128,
  "hp_num_layers": 2,
  "hp_head_hidden": 128,
  "hp_head_layers": 1,
  "hp_d_model": 64,
  "hp_nhead": 2,
  "hp_ff_dim": 128,
  "hp_use_cls_token": true
}