{
  "trial_id": 2314,
  "trial_name": "trial_2314_transformer",
  "model": "transformer",
  "best_epoch": 60,
  "elapsed_sec": 109.77512335777283,
  "direct_mae": 0.10501004755496979,
  "direct_rmse": 0.13118119537830353,
  "direct_r2": 0.9820867013186216,
  "direct_valid_ratio": 1.0,
  "direct_residual_mean": 0.13168223202228546,
  "direct_residual_median": 0.11034870147705078,
  "direct_residual_p90": 0.24985316991806036,
  "plus_newton_mae": 2.3433619116599082e-08,
  "plus_newton_rmse": 2.991572995161257e-08,
  "plus_newton_r2": 0.9999999999999991,
  "plus_newton_valid_ratio": 1.0,
  "plus_newton_residual_mean": 3.573715190902487e-14,
  "plus_newton_residual_median": 1.1102230246251565e-16,
  "plus_newton_residual_p90": 5.1370019349406276e-14,
  "plus_newton_newton_iter_mean": 2.6161,
  "plus_newton_newton_iter_median": 3.0,
  "plus_newton_newton_iter_p90": 3.0,
  "plus_newton_converged_ratio": 1.0,
  "hp_use_log_ab": true,
  "hp_optimizer": "adamw",
  "hp_criterion": "mse",
  "hp_dropout": 0.0,
  "hp_lr": 0.0005,
  "hp_weight_decay": 1e-05,
  "hp_hidden_dims": "[256, 256, 128]",
  "hp_hidden_size": 128,
  "hp_num_layers": 1,
  "hp_head_hidden": 64,
  "hp_head_layers": 1,
  "hp_d_model": 64,
  "hp_nhead": 2,
  "hp_ff_dim": 64,
  "hp_use_cls_token": true
}{
  "trial_id": 2314,
  "trial_name": "trial_2314_transformer",
  "model": "transformer",
  "best_epoch": 60,
  "elapsed_sec": 109.77512335777283,
  "direct_mae": 0.10501004755496979,
  "direct_rmse": 0.13118119537830353,
  "direct_r2": 0.9820867013186216,
  "direct_valid_ratio": 1.0,
  "direct_residual_mean": 0.13168223202228546,
  "direct_residual_median": 0.11034870147705078,
  "direct_residual_p90": 0.24985316991806036,
  "plus_newton_mae": 2.3433619116599082e-08,
  "plus_newton_rmse": 2.991572995161257e-08,
  "plus_newton_r2": 0.9999999999999991,
  "plus_newton_valid_ratio": 1.0,
  "plus_newton_residual_mean": 3.573715190902487e-14,
  "plus_newton_residual_median": 1.1102230246251565e-16,
  "plus_newton_residual_p90": 5.1370019349406276e-14,
  "plus_newton_newton_iter_mean": 2.6161,
  "plus_newton_newton_iter_median": 3.0,
  "plus_newton_newton_iter_p90": 3.0,
  "plus_newton_converged_ratio": 1.0,
  "hp_use_log_ab": true,
  "hp_optimizer": "adamw",
  "hp_criterion": "mse",
  "hp_dropout": 0.0,
  "hp_lr": 0.0005,
  "hp_weight_decay": 1e-05,
  "hp_hidden_dims": "[256, 256, 128]",
  "hp_hidden_size": 128,
  "hp_num_layers": 1,
  "hp_head_hidden": 64,
  "hp_head_layers": 1,
  "hp_d_model": 64,
  "hp_nhead": 2,
  "hp_ff_dim": 64,
  "hp_use_cls_token": true
}