{
  "trial_id": 606,
  "trial_name": "trial_606_transformer",
  "model": "transformer",
  "best_epoch": 58,
  "elapsed_sec": 156.80079913139343,
  "direct_mae": 0.012285071425139904,
  "direct_rmse": 0.01636609248816967,
  "direct_r2": 0.9997211809677538,
  "direct_valid_ratio": 1.0,
  "direct_residual_mean": 0.014429200440645218,
  "direct_residual_median": 0.012568160891532898,
  "direct_residual_p90": 0.029363328218460084,
  "plus_newton_mae": 2.3433616334012557e-08,
  "plus_newton_rmse": 2.991572922499545e-08,
  "plus_newton_r2": 0.9999999999999991,
  "plus_newton_valid_ratio": 1.0,
  "plus_newton_residual_mean": 3.767601110134155e-14,
  "plus_newton_residual_median": 1.1102230246251565e-16,
  "plus_newton_residual_p90": 6.356581927491356e-14,
  "plus_newton_newton_iter_mean": 2.2176,
  "plus_newton_newton_iter_median": 2.0,
  "plus_newton_newton_iter_p90": 3.0,
  "plus_newton_converged_ratio": 1.0,
  "hp_use_log_ab": false,
  "hp_optimizer": "adamw",
  "hp_criterion": "mse",
  "hp_dropout": 0.1,
  "hp_lr": 0.001,
  "hp_weight_decay": 1e-05,
  "hp_hidden_dims": "[256, 256, 128]",
  "hp_hidden_size": 128,
  "hp_num_layers": 2,
  "hp_head_hidden": 64,
  "hp_head_layers": 2,
  "hp_d_model": 64,
  "hp_nhead": 4,
  "hp_ff_dim": 64,
  "hp_use_cls_token": true
}{
  "trial_id": 606,
  "trial_name": "trial_606_transformer",
  "model": "transformer",
  "best_epoch": 58,
  "elapsed_sec": 156.80079913139343,
  "direct_mae": 0.012285071425139904,
  "direct_rmse": 0.01636609248816967,
  "direct_r2": 0.9997211809677538,
  "direct_valid_ratio": 1.0,
  "direct_residual_mean": 0.014429200440645218,
  "direct_residual_median": 0.012568160891532898,
  "direct_residual_p90": 0.029363328218460084,
  "plus_newton_mae": 2.3433616334012557e-08,
  "plus_newton_rmse": 2.991572922499545e-08,
  "plus_newton_r2": 0.9999999999999991,
  "plus_newton_valid_ratio": 1.0,
  "plus_newton_residual_mean": 3.767601110134155e-14,
  "plus_newton_residual_median": 1.1102230246251565e-16,
  "plus_newton_residual_p90": 6.356581927491356e-14,
  "plus_newton_newton_iter_mean": 2.2176,
  "plus_newton_newton_iter_median": 2.0,
  "plus_newton_newton_iter_p90": 3.0,
  "plus_newton_converged_ratio": 1.0,
  "hp_use_log_ab": false,
  "hp_optimizer": "adamw",
  "hp_criterion": "mse",
  "hp_dropout": 0.1,
  "hp_lr": 0.001,
  "hp_weight_decay": 1e-05,
  "hp_hidden_dims": "[256, 256, 128]",
  "hp_hidden_size": 128,
  "hp_num_layers": 2,
  "hp_head_hidden": 64,
  "hp_head_layers": 2,
  "hp_d_model": 64,
  "hp_nhead": 4,
  "hp_ff_dim": 64,
  "hp_use_cls_token": true
}