{
  "trial_id": 1380,
  "trial_name": "trial_1380_transformer",
  "model": "transformer",
  "best_epoch": 10,
  "elapsed_sec": 51.58504271507263,
  "direct_mae": 0.33950889110565186,
  "direct_rmse": 0.4175010323524475,
  "direct_r2": 0.8185539692640305,
  "direct_valid_ratio": 1.0,
  "direct_residual_mean": 0.38391607999801636,
  "direct_residual_median": 0.35603538155555725,
  "direct_residual_p90": 0.7514510989189149,
  "plus_newton_mae": 2.3433619206245536e-08,
  "plus_newton_rmse": 2.991573106709092e-08,
  "plus_newton_r2": 0.9999999999999991,
  "plus_newton_valid_ratio": 1.0,
  "plus_newton_residual_mean": 4.3341775901141936e-14,
  "plus_newton_residual_median": 1.6653345369377348e-16,
  "plus_newton_residual_p90": 9.677814105657518e-14,
  "plus_newton_newton_iter_mean": 2.7602,
  "plus_newton_newton_iter_median": 3.0,
  "plus_newton_newton_iter_p90": 3.0,
  "plus_newton_converged_ratio": 1.0,
  "hp_use_log_ab": false,
  "hp_optimizer": "adamw",
  "hp_criterion": "smoothl1",
  "hp_dropout": 0.0,
  "hp_lr": 0.0005,
  "hp_weight_decay": 1e-05,
  "hp_hidden_dims": "[256, 256, 128]",
  "hp_hidden_size": 128,
  "hp_num_layers": 2,
  "hp_head_hidden": 128,
  "hp_head_layers": 1,
  "hp_d_model": 32,
  "hp_nhead": 2,
  "hp_ff_dim": 128,
  "hp_use_cls_token": true
}{
  "trial_id": 1380,
  "trial_name": "trial_1380_transformer",
  "model": "transformer",
  "best_epoch": 10,
  "elapsed_sec": 51.58504271507263,
  "direct_mae": 0.33950889110565186,
  "direct_rmse": 0.4175010323524475,
  "direct_r2": 0.8185539692640305,
  "direct_valid_ratio": 1.0,
  "direct_residual_mean": 0.38391607999801636,
  "direct_residual_median": 0.35603538155555725,
  "direct_residual_p90": 0.7514510989189149,
  "plus_newton_mae": 2.3433619206245536e-08,
  "plus_newton_rmse": 2.991573106709092e-08,
  "plus_newton_r2": 0.9999999999999991,
  "plus_newton_valid_ratio": 1.0,
  "plus_newton_residual_mean": 4.3341775901141936e-14,
  "plus_newton_residual_median": 1.6653345369377348e-16,
  "plus_newton_residual_p90": 9.677814105657518e-14,
  "plus_newton_newton_iter_mean": 2.7602,
  "plus_newton_newton_iter_median": 3.0,
  "plus_newton_newton_iter_p90": 3.0,
  "plus_newton_converged_ratio": 1.0,
  "hp_use_log_ab": false,
  "hp_optimizer": "adamw",
  "hp_criterion": "smoothl1",
  "hp_dropout": 0.0,
  "hp_lr": 0.0005,
  "hp_weight_decay": 1e-05,
  "hp_hidden_dims": "[256, 256, 128]",
  "hp_hidden_size": 128,
  "hp_num_layers": 2,
  "hp_head_hidden": 128,
  "hp_head_layers": 1,
  "hp_d_model": 32,
  "hp_nhead": 2,
  "hp_ff_dim": 128,
  "hp_use_cls_token": true
}