{
  "trial_id": 295,
  "trial_name": "trial_295_lstm",
  "model": "lstm",
  "best_epoch": 99,
  "elapsed_sec": 271.0983090400696,
  "direct_mae": 0.09536978602409363,
  "direct_rmse": 0.12042780965566635,
  "direct_r2": 0.9849031642079353,
  "direct_valid_ratio": 1.0,
  "direct_residual_mean": 0.1194077655673027,
  "direct_residual_median": 0.09525275230407715,
  "direct_residual_p90": 0.23566864728927614,
  "plus_newton_mae": 2.3433617898743515e-08,
  "plus_newton_rmse": 2.991572898621748e-08,
  "plus_newton_r2": 0.9999999999999991,
  "plus_newton_valid_ratio": 1.0,
  "plus_newton_residual_mean": 3.810931756906757e-14,
  "plus_newton_residual_median": 1.1102230246251565e-16,
  "plus_newton_residual_p90": 5.723754803454997e-14,
  "plus_newton_newton_iter_mean": 2.5888,
  "plus_newton_newton_iter_median": 3.0,
  "plus_newton_newton_iter_p90": 3.0,
  "plus_newton_converged_ratio": 1.0,
  "hp_use_log_ab": true,
  "hp_optimizer": "adamw",
  "hp_criterion": "mse",
  "hp_dropout": 0.0,
  "hp_lr": 0.0005,
  "hp_weight_decay": 1e-05,
  "hp_hidden_dims": "[256, 256, 128]",
  "hp_hidden_size": 64,
  "hp_num_layers": 2,
  "hp_head_hidden": 128,
  "hp_head_layers": 1,
  "hp_d_model": 64,
  "hp_nhead": 4,
  "hp_ff_dim": 128,
  "hp_use_cls_token": false
}{
  "trial_id": 295,
  "trial_name": "trial_295_lstm",
  "model": "lstm",
  "best_epoch": 99,
  "elapsed_sec": 271.0983090400696,
  "direct_mae": 0.09536978602409363,
  "direct_rmse": 0.12042780965566635,
  "direct_r2": 0.9849031642079353,
  "direct_valid_ratio": 1.0,
  "direct_residual_mean": 0.1194077655673027,
  "direct_residual_median": 0.09525275230407715,
  "direct_residual_p90": 0.23566864728927614,
  "plus_newton_mae": 2.3433617898743515e-08,
  "plus_newton_rmse": 2.991572898621748e-08,
  "plus_newton_r2": 0.9999999999999991,
  "plus_newton_valid_ratio": 1.0,
  "plus_newton_residual_mean": 3.810931756906757e-14,
  "plus_newton_residual_median": 1.1102230246251565e-16,
  "plus_newton_residual_p90": 5.723754803454997e-14,
  "plus_newton_newton_iter_mean": 2.5888,
  "plus_newton_newton_iter_median": 3.0,
  "plus_newton_newton_iter_p90": 3.0,
  "plus_newton_converged_ratio": 1.0,
  "hp_use_log_ab": true,
  "hp_optimizer": "adamw",
  "hp_criterion": "mse",
  "hp_dropout": 0.0,
  "hp_lr": 0.0005,
  "hp_weight_decay": 1e-05,
  "hp_hidden_dims": "[256, 256, 128]",
  "hp_hidden_size": 64,
  "hp_num_layers": 2,
  "hp_head_hidden": 128,
  "hp_head_layers": 1,
  "hp_d_model": 64,
  "hp_nhead": 4,
  "hp_ff_dim": 128,
  "hp_use_cls_token": false
}