{
  "trial_id": 2525,
  "trial_name": "trial_2525_transformer",
  "model": "transformer",
  "best_epoch": 119,
  "elapsed_sec": 208.81967544555664,
  "direct_mae": 0.0026004733517766,
  "direct_rmse": 0.003322275122627616,
  "direct_r2": 0.999988510435287,
  "direct_valid_ratio": 1.0,
  "direct_residual_mean": 0.0031819366849958897,
  "direct_residual_median": 0.0024765729904174805,
  "direct_residual_p90": 0.00682753324508667,
  "plus_newton_mae": 2.343361751922505e-08,
  "plus_newton_rmse": 2.991572950673778e-08,
  "plus_newton_r2": 0.9999999999999991,
  "plus_newton_valid_ratio": 1.0,
  "plus_newton_residual_mean": 3.2865099833778426e-14,
  "plus_newton_residual_median": 1.1102230246251565e-16,
  "plus_newton_residual_p90": 4.8405723873656825e-14,
  "plus_newton_newton_iter_mean": 2.0339,
  "plus_newton_newton_iter_median": 2.0,
  "plus_newton_newton_iter_p90": 2.0,
  "plus_newton_converged_ratio": 1.0,
  "hp_use_log_ab": true,
  "hp_optimizer": "adamw",
  "hp_criterion": "mse",
  "hp_dropout": 0.0,
  "hp_lr": 0.0005,
  "hp_weight_decay": 0.0001,
  "hp_hidden_dims": "[256, 256, 128]",
  "hp_hidden_size": 128,
  "hp_num_layers": 2,
  "hp_head_hidden": 64,
  "hp_head_layers": 2,
  "hp_d_model": 64,
  "hp_nhead": 4,
  "hp_ff_dim": 64,
  "hp_use_cls_token": false
}{
  "trial_id": 2525,
  "trial_name": "trial_2525_transformer",
  "model": "transformer",
  "best_epoch": 119,
  "elapsed_sec": 208.81967544555664,
  "direct_mae": 0.0026004733517766,
  "direct_rmse": 0.003322275122627616,
  "direct_r2": 0.999988510435287,
  "direct_valid_ratio": 1.0,
  "direct_residual_mean": 0.0031819366849958897,
  "direct_residual_median": 0.0024765729904174805,
  "direct_residual_p90": 0.00682753324508667,
  "plus_newton_mae": 2.343361751922505e-08,
  "plus_newton_rmse": 2.991572950673778e-08,
  "plus_newton_r2": 0.9999999999999991,
  "plus_newton_valid_ratio": 1.0,
  "plus_newton_residual_mean": 3.2865099833778426e-14,
  "plus_newton_residual_median": 1.1102230246251565e-16,
  "plus_newton_residual_p90": 4.8405723873656825e-14,
  "plus_newton_newton_iter_mean": 2.0339,
  "plus_newton_newton_iter_median": 2.0,
  "plus_newton_newton_iter_p90": 2.0,
  "plus_newton_converged_ratio": 1.0,
  "hp_use_log_ab": true,
  "hp_optimizer": "adamw",
  "hp_criterion": "mse",
  "hp_dropout": 0.0,
  "hp_lr": 0.0005,
  "hp_weight_decay": 0.0001,
  "hp_hidden_dims": "[256, 256, 128]",
  "hp_hidden_size": 128,
  "hp_num_layers": 2,
  "hp_head_hidden": 64,
  "hp_head_layers": 2,
  "hp_d_model": 64,
  "hp_nhead": 4,
  "hp_ff_dim": 64,
  "hp_use_cls_token": false
}