{
  "trial_id": 2549,
  "trial_name": "trial_2549_transformer",
  "model": "transformer",
  "best_epoch": 105,
  "elapsed_sec": 215.05778980255127,
  "direct_mae": 0.0010697981342673302,
  "direct_rmse": 0.00140222383197397,
  "direct_r2": 0.9999979532394718,
  "direct_valid_ratio": 1.0,
  "direct_residual_mean": 0.0013418274465948343,
  "direct_residual_median": 0.0009831860661506653,
  "direct_residual_p90": 0.0028965711593627944,
  "plus_newton_mae": 2.3433618918518704e-08,
  "plus_newton_rmse": 2.9915731477714074e-08,
  "plus_newton_r2": 0.9999999999999991,
  "plus_newton_valid_ratio": 1.0,
  "plus_newton_residual_mean": 3.3091519505245826e-14,
  "plus_newton_residual_median": 9.71445146547012e-17,
  "plus_newton_residual_p90": 4.0656367161773313e-14,
  "plus_newton_newton_iter_mean": 1.9579,
  "plus_newton_newton_iter_median": 2.0,
  "plus_newton_newton_iter_p90": 2.0,
  "plus_newton_converged_ratio": 1.0,
  "hp_use_log_ab": true,
  "hp_optimizer": "adamw",
  "hp_criterion": "mse",
  "hp_dropout": 0.0,
  "hp_lr": 0.0005,
  "hp_weight_decay": 0.0001,
  "hp_hidden_dims": "[256, 256, 128]",
  "hp_hidden_size": 128,
  "hp_num_layers": 2,
  "hp_head_hidden": 128,
  "hp_head_layers": 2,
  "hp_d_model": 32,
  "hp_nhead": 4,
  "hp_ff_dim": 64,
  "hp_use_cls_token": false
}{
  "trial_id": 2549,
  "trial_name": "trial_2549_transformer",
  "model": "transformer",
  "best_epoch": 105,
  "elapsed_sec": 215.05778980255127,
  "direct_mae": 0.0010697981342673302,
  "direct_rmse": 0.00140222383197397,
  "direct_r2": 0.9999979532394718,
  "direct_valid_ratio": 1.0,
  "direct_residual_mean": 0.0013418274465948343,
  "direct_residual_median": 0.0009831860661506653,
  "direct_residual_p90": 0.0028965711593627944,
  "plus_newton_mae": 2.3433618918518704e-08,
  "plus_newton_rmse": 2.9915731477714074e-08,
  "plus_newton_r2": 0.9999999999999991,
  "plus_newton_valid_ratio": 1.0,
  "plus_newton_residual_mean": 3.3091519505245826e-14,
  "plus_newton_residual_median": 9.71445146547012e-17,
  "plus_newton_residual_p90": 4.0656367161773313e-14,
  "plus_newton_newton_iter_mean": 1.9579,
  "plus_newton_newton_iter_median": 2.0,
  "plus_newton_newton_iter_p90": 2.0,
  "plus_newton_converged_ratio": 1.0,
  "hp_use_log_ab": true,
  "hp_optimizer": "adamw",
  "hp_criterion": "mse",
  "hp_dropout": 0.0,
  "hp_lr": 0.0005,
  "hp_weight_decay": 0.0001,
  "hp_hidden_dims": "[256, 256, 128]",
  "hp_hidden_size": 128,
  "hp_num_layers": 2,
  "hp_head_hidden": 128,
  "hp_head_layers": 2,
  "hp_d_model": 32,
  "hp_nhead": 4,
  "hp_ff_dim": 64,
  "hp_use_cls_token": false
}