{
  "trial_id": 242,
  "trial_name": "trial_242_lstm",
  "model": "lstm",
  "best_epoch": 95,
  "elapsed_sec": 279.899400472641,
  "direct_mae": 0.009657255373895168,
  "direct_rmse": 0.014787886291742325,
  "direct_r2": 0.99977236209088,
  "direct_valid_ratio": 1.0,
  "direct_residual_mean": 0.011357123032212257,
  "direct_residual_median": 0.006685465574264526,
  "direct_residual_p90": 0.030295836925506605,
  "plus_newton_mae": 2.3433617222021765e-08,
  "plus_newton_rmse": 2.9915728673250434e-08,
  "plus_newton_r2": 0.9999999999999991,
  "plus_newton_valid_ratio": 1.0,
  "plus_newton_residual_mean": 5.183036128362178e-14,
  "plus_newton_residual_median": 1.1102230246251565e-16,
  "plus_newton_residual_p90": 1.5392132013403186e-13,
  "plus_newton_newton_iter_mean": 2.1303,
  "plus_newton_newton_iter_median": 2.0,
  "plus_newton_newton_iter_p90": 3.0,
  "plus_newton_converged_ratio": 1.0,
  "hp_use_log_ab": false,
  "hp_optimizer": "adamw",
  "hp_criterion": "smoothl1",
  "hp_dropout": 0.1,
  "hp_lr": 0.0005,
  "hp_weight_decay": 0.0001,
  "hp_hidden_dims": "[256, 256, 128]",
  "hp_hidden_size": 64,
  "hp_num_layers": 1,
  "hp_head_hidden": 64,
  "hp_head_layers": 2,
  "hp_d_model": 64,
  "hp_nhead": 4,
  "hp_ff_dim": 128,
  "hp_use_cls_token": false
}{
  "trial_id": 242,
  "trial_name": "trial_242_lstm",
  "model": "lstm",
  "best_epoch": 95,
  "elapsed_sec": 279.899400472641,
  "direct_mae": 0.009657255373895168,
  "direct_rmse": 0.014787886291742325,
  "direct_r2": 0.99977236209088,
  "direct_valid_ratio": 1.0,
  "direct_residual_mean": 0.011357123032212257,
  "direct_residual_median": 0.006685465574264526,
  "direct_residual_p90": 0.030295836925506605,
  "plus_newton_mae": 2.3433617222021765e-08,
  "plus_newton_rmse": 2.9915728673250434e-08,
  "plus_newton_r2": 0.9999999999999991,
  "plus_newton_valid_ratio": 1.0,
  "plus_newton_residual_mean": 5.183036128362178e-14,
  "plus_newton_residual_median": 1.1102230246251565e-16,
  "plus_newton_residual_p90": 1.5392132013403186e-13,
  "plus_newton_newton_iter_mean": 2.1303,
  "plus_newton_newton_iter_median": 2.0,
  "plus_newton_newton_iter_p90": 3.0,
  "plus_newton_converged_ratio": 1.0,
  "hp_use_log_ab": false,
  "hp_optimizer": "adamw",
  "hp_criterion": "smoothl1",
  "hp_dropout": 0.1,
  "hp_lr": 0.0005,
  "hp_weight_decay": 0.0001,
  "hp_hidden_dims": "[256, 256, 128]",
  "hp_hidden_size": 64,
  "hp_num_layers": 1,
  "hp_head_hidden": 64,
  "hp_head_layers": 2,
  "hp_d_model": 64,
  "hp_nhead": 4,
  "hp_ff_dim": 128,
  "hp_use_cls_token": false
}