{
  "trial_id": 2644,
  "trial_name": "trial_2644_transformer",
  "model": "transformer",
  "best_epoch": 30,
  "elapsed_sec": 472.35753083229065,
  "direct_mae": 0.010535305365920067,
  "direct_rmse": 0.01366068422794342,
  "direct_r2": 0.9998057427146705,
  "direct_valid_ratio": 1.0,
  "direct_residual_mean": 0.012672733515501022,
  "direct_residual_median": 0.009783446788787842,
  "direct_residual_p90": 0.02824110984802246,
  "plus_newton_mae": 2.3433617055849346e-08,
  "plus_newton_rmse": 2.9915730928840304e-08,
  "plus_newton_r2": 0.9999999999999991,
  "plus_newton_valid_ratio": 1.0,
  "plus_newton_residual_mean": 3.477446833965534e-14,
  "plus_newton_residual_median": 1.1102230246251565e-16,
  "plus_newton_residual_p90": 6.165970511951005e-14,
  "plus_newton_newton_iter_mean": 2.197,
  "plus_newton_newton_iter_median": 2.0,
  "plus_newton_newton_iter_p90": 3.0,
  "plus_newton_converged_ratio": 1.0,
  "hp_use_log_ab": true,
  "hp_optimizer": "adamw",
  "hp_criterion": "mse",
  "hp_dropout": 0.1,
  "hp_lr": 0.001,
  "hp_weight_decay": 1e-05,
  "hp_hidden_dims": "[256, 256, 128]",
  "hp_hidden_size": 128,
  "hp_num_layers": 2,
  "hp_head_hidden": 64,
  "hp_head_layers": 2,
  "hp_d_model": 32,
  "hp_nhead": 2,
  "hp_ff_dim": 128,
  "hp_use_cls_token": true
}{
  "trial_id": 2644,
  "trial_name": "trial_2644_transformer",
  "model": "transformer",
  "best_epoch": 30,
  "elapsed_sec": 472.35753083229065,
  "direct_mae": 0.010535305365920067,
  "direct_rmse": 0.01366068422794342,
  "direct_r2": 0.9998057427146705,
  "direct_valid_ratio": 1.0,
  "direct_residual_mean": 0.012672733515501022,
  "direct_residual_median": 0.009783446788787842,
  "direct_residual_p90": 0.02824110984802246,
  "plus_newton_mae": 2.3433617055849346e-08,
  "plus_newton_rmse": 2.9915730928840304e-08,
  "plus_newton_r2": 0.9999999999999991,
  "plus_newton_valid_ratio": 1.0,
  "plus_newton_residual_mean": 3.477446833965534e-14,
  "plus_newton_residual_median": 1.1102230246251565e-16,
  "plus_newton_residual_p90": 6.165970511951005e-14,
  "plus_newton_newton_iter_mean": 2.197,
  "plus_newton_newton_iter_median": 2.0,
  "plus_newton_newton_iter_p90": 3.0,
  "plus_newton_converged_ratio": 1.0,
  "hp_use_log_ab": true,
  "hp_optimizer": "adamw",
  "hp_criterion": "mse",
  "hp_dropout": 0.1,
  "hp_lr": 0.001,
  "hp_weight_decay": 1e-05,
  "hp_hidden_dims": "[256, 256, 128]",
  "hp_hidden_size": 128,
  "hp_num_layers": 2,
  "hp_head_hidden": 64,
  "hp_head_layers": 2,
  "hp_d_model": 32,
  "hp_nhead": 2,
  "hp_ff_dim": 128,
  "hp_use_cls_token": true
}