{
  "trial_id": 1255,
  "trial_name": "trial_1255_transformer",
  "model": "transformer",
  "best_epoch": 5,
  "elapsed_sec": 42.54253172874451,
  "direct_mae": 0.338203102350235,
  "direct_rmse": 0.41939353942871094,
  "direct_r2": 0.8169052749872208,
  "direct_valid_ratio": 1.0,
  "direct_residual_mean": 0.38348907232284546,
  "direct_residual_median": 0.3491338789463043,
  "direct_residual_p90": 0.7768340945243839,
  "plus_newton_mae": 2.3433619801034973e-08,
  "plus_newton_rmse": 2.991573118616923e-08,
  "plus_newton_r2": 0.9999999999999991,
  "plus_newton_valid_ratio": 1.0,
  "plus_newton_residual_mean": 4.276995667377035e-14,
  "plus_newton_residual_median": 1.1102230246251565e-16,
  "plus_newton_residual_p90": 9.79327730021851e-14,
  "plus_newton_newton_iter_mean": 2.7693,
  "plus_newton_newton_iter_median": 3.0,
  "plus_newton_newton_iter_p90": 3.0,
  "plus_newton_converged_ratio": 1.0,
  "hp_use_log_ab": false,
  "hp_optimizer": "adamw",
  "hp_criterion": "smoothl1",
  "hp_dropout": 0.0,
  "hp_lr": 0.001,
  "hp_weight_decay": 0.0001,
  "hp_hidden_dims": "[256, 256, 128]",
  "hp_hidden_size": 128,
  "hp_num_layers": 2,
  "hp_head_hidden": 128,
  "hp_head_layers": 1,
  "hp_d_model": 32,
  "hp_nhead": 4,
  "hp_ff_dim": 128,
  "hp_use_cls_token": false
}{
  "trial_id": 1255,
  "trial_name": "trial_1255_transformer",
  "model": "transformer",
  "best_epoch": 5,
  "elapsed_sec": 42.54253172874451,
  "direct_mae": 0.338203102350235,
  "direct_rmse": 0.41939353942871094,
  "direct_r2": 0.8169052749872208,
  "direct_valid_ratio": 1.0,
  "direct_residual_mean": 0.38348907232284546,
  "direct_residual_median": 0.3491338789463043,
  "direct_residual_p90": 0.7768340945243839,
  "plus_newton_mae": 2.3433619801034973e-08,
  "plus_newton_rmse": 2.991573118616923e-08,
  "plus_newton_r2": 0.9999999999999991,
  "plus_newton_valid_ratio": 1.0,
  "plus_newton_residual_mean": 4.276995667377035e-14,
  "plus_newton_residual_median": 1.1102230246251565e-16,
  "plus_newton_residual_p90": 9.79327730021851e-14,
  "plus_newton_newton_iter_mean": 2.7693,
  "plus_newton_newton_iter_median": 3.0,
  "plus_newton_newton_iter_p90": 3.0,
  "plus_newton_converged_ratio": 1.0,
  "hp_use_log_ab": false,
  "hp_optimizer": "adamw",
  "hp_criterion": "smoothl1",
  "hp_dropout": 0.0,
  "hp_lr": 0.001,
  "hp_weight_decay": 0.0001,
  "hp_hidden_dims": "[256, 256, 128]",
  "hp_hidden_size": 128,
  "hp_num_layers": 2,
  "hp_head_hidden": 128,
  "hp_head_layers": 1,
  "hp_d_model": 32,
  "hp_nhead": 4,
  "hp_ff_dim": 128,
  "hp_use_cls_token": false
}