{
  "trial_id": 383,
  "trial_name": "trial_383_gru",
  "model": "gru",
  "best_epoch": 118,
  "elapsed_sec": 267.77035570144653,
  "direct_mae": 0.10037155449390411,
  "direct_rmse": 0.12708397209644318,
  "direct_r2": 0.983188210055232,
  "direct_valid_ratio": 1.0,
  "direct_residual_mean": 0.12592512369155884,
  "direct_residual_median": 0.1022254154086113,
  "direct_residual_p90": 0.24723653793334963,
  "plus_newton_mae": 2.3433617749219935e-08,
  "plus_newton_rmse": 2.9915728713778115e-08,
  "plus_newton_r2": 0.9999999999999991,
  "plus_newton_valid_ratio": 1.0,
  "plus_newton_residual_mean": 3.4394363181846994e-14,
  "plus_newton_residual_median": 1.1102230246251565e-16,
  "plus_newton_residual_p90": 4.742040093930205e-14,
  "plus_newton_newton_iter_mean": 2.6068,
  "plus_newton_newton_iter_median": 3.0,
  "plus_newton_newton_iter_p90": 3.0,
  "plus_newton_converged_ratio": 1.0,
  "hp_use_log_ab": true,
  "hp_optimizer": "adamw",
  "hp_criterion": "mse",
  "hp_dropout": 0.1,
  "hp_lr": 0.0005,
  "hp_weight_decay": 0.0001,
  "hp_hidden_dims": "[256, 256, 128]",
  "hp_hidden_size": 128,
  "hp_num_layers": 2,
  "hp_head_hidden": 128,
  "hp_head_layers": 1,
  "hp_d_model": 64,
  "hp_nhead": 4,
  "hp_ff_dim": 128,
  "hp_use_cls_token": false
}{
  "trial_id": 383,
  "trial_name": "trial_383_gru",
  "model": "gru",
  "best_epoch": 118,
  "elapsed_sec": 267.77035570144653,
  "direct_mae": 0.10037155449390411,
  "direct_rmse": 0.12708397209644318,
  "direct_r2": 0.983188210055232,
  "direct_valid_ratio": 1.0,
  "direct_residual_mean": 0.12592512369155884,
  "direct_residual_median": 0.1022254154086113,
  "direct_residual_p90": 0.24723653793334963,
  "plus_newton_mae": 2.3433617749219935e-08,
  "plus_newton_rmse": 2.9915728713778115e-08,
  "plus_newton_r2": 0.9999999999999991,
  "plus_newton_valid_ratio": 1.0,
  "plus_newton_residual_mean": 3.4394363181846994e-14,
  "plus_newton_residual_median": 1.1102230246251565e-16,
  "plus_newton_residual_p90": 4.742040093930205e-14,
  "plus_newton_newton_iter_mean": 2.6068,
  "plus_newton_newton_iter_median": 3.0,
  "plus_newton_newton_iter_p90": 3.0,
  "plus_newton_converged_ratio": 1.0,
  "hp_use_log_ab": true,
  "hp_optimizer": "adamw",
  "hp_criterion": "mse",
  "hp_dropout": 0.1,
  "hp_lr": 0.0005,
  "hp_weight_decay": 0.0001,
  "hp_hidden_dims": "[256, 256, 128]",
  "hp_hidden_size": 128,
  "hp_num_layers": 2,
  "hp_head_hidden": 128,
  "hp_head_layers": 1,
  "hp_d_model": 64,
  "hp_nhead": 4,
  "hp_ff_dim": 128,
  "hp_use_cls_token": false
}