{
  "trial_id": 266,
  "trial_name": "trial_266_lstm",
  "model": "lstm",
  "best_epoch": 114,
  "elapsed_sec": 264.0838725566864,
  "direct_mae": 0.002341978484764695,
  "direct_rmse": 0.003064484102651477,
  "direct_r2": 0.9999902243162069,
  "direct_valid_ratio": 1.0,
  "direct_residual_mean": 0.002893206663429737,
  "direct_residual_median": 0.0021642595529556274,
  "direct_residual_p90": 0.006179788336157801,
  "plus_newton_mae": 2.343361940310515e-08,
  "plus_newton_rmse": 2.9915732234236124e-08,
  "plus_newton_r2": 0.9999999999999991,
  "plus_newton_valid_ratio": 1.0,
  "plus_newton_residual_mean": 3.5036554881496094e-14,
  "plus_newton_residual_median": 1.1102230246251565e-16,
  "plus_newton_residual_p90": 5.517808432387028e-14,
  "plus_newton_newton_iter_mean": 2.0171,
  "plus_newton_newton_iter_median": 2.0,
  "plus_newton_newton_iter_p90": 2.0,
  "plus_newton_converged_ratio": 1.0,
  "hp_use_log_ab": true,
  "hp_optimizer": "adamw",
  "hp_criterion": "mse",
  "hp_dropout": 0.0,
  "hp_lr": 0.001,
  "hp_weight_decay": 1e-05,
  "hp_hidden_dims": "[256, 256, 128]",
  "hp_hidden_size": 128,
  "hp_num_layers": 1,
  "hp_head_hidden": 64,
  "hp_head_layers": 2,
  "hp_d_model": 64,
  "hp_nhead": 4,
  "hp_ff_dim": 128,
  "hp_use_cls_token": false
}{
  "trial_id": 266,
  "trial_name": "trial_266_lstm",
  "model": "lstm",
  "best_epoch": 114,
  "elapsed_sec": 264.0838725566864,
  "direct_mae": 0.002341978484764695,
  "direct_rmse": 0.003064484102651477,
  "direct_r2": 0.9999902243162069,
  "direct_valid_ratio": 1.0,
  "direct_residual_mean": 0.002893206663429737,
  "direct_residual_median": 0.0021642595529556274,
  "direct_residual_p90": 0.006179788336157801,
  "plus_newton_mae": 2.343361940310515e-08,
  "plus_newton_rmse": 2.9915732234236124e-08,
  "plus_newton_r2": 0.9999999999999991,
  "plus_newton_valid_ratio": 1.0,
  "plus_newton_residual_mean": 3.5036554881496094e-14,
  "plus_newton_residual_median": 1.1102230246251565e-16,
  "plus_newton_residual_p90": 5.517808432387028e-14,
  "plus_newton_newton_iter_mean": 2.0171,
  "plus_newton_newton_iter_median": 2.0,
  "plus_newton_newton_iter_p90": 2.0,
  "plus_newton_converged_ratio": 1.0,
  "hp_use_log_ab": true,
  "hp_optimizer": "adamw",
  "hp_criterion": "mse",
  "hp_dropout": 0.0,
  "hp_lr": 0.001,
  "hp_weight_decay": 1e-05,
  "hp_hidden_dims": "[256, 256, 128]",
  "hp_hidden_size": 128,
  "hp_num_layers": 1,
  "hp_head_hidden": 64,
  "hp_head_layers": 2,
  "hp_d_model": 64,
  "hp_nhead": 4,
  "hp_ff_dim": 128,
  "hp_use_cls_token": false
}