{
  "trial_id": 294,
  "trial_name": "trial_294_lstm",
  "model": "lstm",
  "best_epoch": 118,
  "elapsed_sec": 281.5005784034729,
  "direct_mae": 0.003007864346727729,
  "direct_rmse": 0.003950815182179213,
  "direct_r2": 0.9999837517807464,
  "direct_valid_ratio": 1.0,
  "direct_residual_mean": 0.0037018554285168648,
  "direct_residual_median": 0.0026511698961257935,
  "direct_residual_p90": 0.008265918493270876,
  "plus_newton_mae": 2.343361587651735e-08,
  "plus_newton_rmse": 2.9915728709366734e-08,
  "plus_newton_r2": 0.9999999999999991,
  "plus_newton_valid_ratio": 1.0,
  "plus_newton_residual_mean": 3.298965443718197e-14,
  "plus_newton_residual_median": 1.1102230246251565e-16,
  "plus_newton_residual_p90": 4.6868064984551044e-14,
  "plus_newton_newton_iter_mean": 2.0491,
  "plus_newton_newton_iter_median": 2.0,
  "plus_newton_newton_iter_p90": 2.0,
  "plus_newton_converged_ratio": 1.0,
  "hp_use_log_ab": true,
  "hp_optimizer": "adamw",
  "hp_criterion": "mse",
  "hp_dropout": 0.0,
  "hp_lr": 0.0005,
  "hp_weight_decay": 1e-05,
  "hp_hidden_dims": "[256, 256, 128]",
  "hp_hidden_size": 64,
  "hp_num_layers": 2,
  "hp_head_hidden": 64,
  "hp_head_layers": 2,
  "hp_d_model": 64,
  "hp_nhead": 4,
  "hp_ff_dim": 128,
  "hp_use_cls_token": false
}{
  "trial_id": 294,
  "trial_name": "trial_294_lstm",
  "model": "lstm",
  "best_epoch": 118,
  "elapsed_sec": 281.5005784034729,
  "direct_mae": 0.003007864346727729,
  "direct_rmse": 0.003950815182179213,
  "direct_r2": 0.9999837517807464,
  "direct_valid_ratio": 1.0,
  "direct_residual_mean": 0.0037018554285168648,
  "direct_residual_median": 0.0026511698961257935,
  "direct_residual_p90": 0.008265918493270876,
  "plus_newton_mae": 2.343361587651735e-08,
  "plus_newton_rmse": 2.9915728709366734e-08,
  "plus_newton_r2": 0.9999999999999991,
  "plus_newton_valid_ratio": 1.0,
  "plus_newton_residual_mean": 3.298965443718197e-14,
  "plus_newton_residual_median": 1.1102230246251565e-16,
  "plus_newton_residual_p90": 4.6868064984551044e-14,
  "plus_newton_newton_iter_mean": 2.0491,
  "plus_newton_newton_iter_median": 2.0,
  "plus_newton_newton_iter_p90": 2.0,
  "plus_newton_converged_ratio": 1.0,
  "hp_use_log_ab": true,
  "hp_optimizer": "adamw",
  "hp_criterion": "mse",
  "hp_dropout": 0.0,
  "hp_lr": 0.0005,
  "hp_weight_decay": 1e-05,
  "hp_hidden_dims": "[256, 256, 128]",
  "hp_hidden_size": 64,
  "hp_num_layers": 2,
  "hp_head_hidden": 64,
  "hp_head_layers": 2,
  "hp_d_model": 64,
  "hp_nhead": 4,
  "hp_ff_dim": 128,
  "hp_use_cls_token": false
}