{
  "trial_id": 2310,
  "trial_name": "trial_2310_transformer",
  "model": "transformer",
  "best_epoch": 66,
  "elapsed_sec": 119.83375835418701,
  "direct_mae": 0.10289188474416733,
  "direct_rmse": 0.1304466277360916,
  "direct_r2": 0.9822867587208748,
  "direct_valid_ratio": 1.0,
  "direct_residual_mean": 0.12945769727230072,
  "direct_residual_median": 0.10495203733444214,
  "direct_residual_p90": 0.2499118000268937,
  "plus_newton_mae": 2.343361833372747e-08,
  "plus_newton_rmse": 2.991572957304388e-08,
  "plus_newton_r2": 0.9999999999999991,
  "plus_newton_valid_ratio": 1.0,
  "plus_newton_residual_mean": 3.30547063953293e-14,
  "plus_newton_residual_median": 1.1102230246251565e-16,
  "plus_newton_residual_p90": 4.6995740632383e-14,
  "plus_newton_newton_iter_mean": 2.6094,
  "plus_newton_newton_iter_median": 3.0,
  "plus_newton_newton_iter_p90": 3.0,
  "plus_newton_converged_ratio": 1.0,
  "hp_use_log_ab": true,
  "hp_optimizer": "adamw",
  "hp_criterion": "mse",
  "hp_dropout": 0.0,
  "hp_lr": 0.0005,
  "hp_weight_decay": 1e-05,
  "hp_hidden_dims": "[256, 256, 128]",
  "hp_hidden_size": 128,
  "hp_num_layers": 1,
  "hp_head_hidden": 64,
  "hp_head_layers": 1,
  "hp_d_model": 32,
  "hp_nhead": 4,
  "hp_ff_dim": 64,
  "hp_use_cls_token": true
}{
  "trial_id": 2310,
  "trial_name": "trial_2310_transformer",
  "model": "transformer",
  "best_epoch": 66,
  "elapsed_sec": 119.83375835418701,
  "direct_mae": 0.10289188474416733,
  "direct_rmse": 0.1304466277360916,
  "direct_r2": 0.9822867587208748,
  "direct_valid_ratio": 1.0,
  "direct_residual_mean": 0.12945769727230072,
  "direct_residual_median": 0.10495203733444214,
  "direct_residual_p90": 0.2499118000268937,
  "plus_newton_mae": 2.343361833372747e-08,
  "plus_newton_rmse": 2.991572957304388e-08,
  "plus_newton_r2": 0.9999999999999991,
  "plus_newton_valid_ratio": 1.0,
  "plus_newton_residual_mean": 3.30547063953293e-14,
  "plus_newton_residual_median": 1.1102230246251565e-16,
  "plus_newton_residual_p90": 4.6995740632383e-14,
  "plus_newton_newton_iter_mean": 2.6094,
  "plus_newton_newton_iter_median": 3.0,
  "plus_newton_newton_iter_p90": 3.0,
  "plus_newton_converged_ratio": 1.0,
  "hp_use_log_ab": true,
  "hp_optimizer": "adamw",
  "hp_criterion": "mse",
  "hp_dropout": 0.0,
  "hp_lr": 0.0005,
  "hp_weight_decay": 1e-05,
  "hp_hidden_dims": "[256, 256, 128]",
  "hp_hidden_size": 128,
  "hp_num_layers": 1,
  "hp_head_hidden": 64,
  "hp_head_layers": 1,
  "hp_d_model": 32,
  "hp_nhead": 4,
  "hp_ff_dim": 64,
  "hp_use_cls_token": true
}