{
  "trial_id": 93,
  "trial_name": "trial_093_mlp",
  "model": "mlp",
  "best_epoch": 36,
  "elapsed_sec": 149.67939162254333,
  "direct_mae": 0.006575569976121187,
  "direct_rmse": 0.009542704559862614,
  "direct_r2": 0.9999052072016639,
  "direct_valid_ratio": 1.0,
  "direct_residual_mean": 0.008513355627655983,
  "direct_residual_median": 0.006055131554603577,
  "direct_residual_p90": 0.015274173021316529,
  "plus_newton_mae": 2.3433618998277417e-08,
  "plus_newton_rmse": 2.991573058442441e-08,
  "plus_newton_r2": 0.9999999999999991,
  "plus_newton_valid_ratio": 1.0,
  "plus_newton_residual_mean": 3.492733405285626e-14,
  "plus_newton_residual_median": 1.1102230246251565e-16,
  "plus_newton_residual_p90": 6.208367153703883e-14,
  "plus_newton_newton_iter_mean": 2.1051,
  "plus_newton_newton_iter_median": 2.0,
  "plus_newton_newton_iter_p90": 3.0,
  "plus_newton_converged_ratio": 1.0,
  "hp_use_log_ab": true,
  "hp_optimizer": "adamw",
  "hp_criterion": "smoothl1",
  "hp_dropout": 0.1,
  "hp_lr": 0.0005,
  "hp_weight_decay": 1e-05,
  "hp_hidden_dims": "[256, 128, 64]",
  "hp_hidden_size": 128,
  "hp_num_layers": 2,
  "hp_head_hidden": 128,
  "hp_head_layers": 2,
  "hp_d_model": 64,
  "hp_nhead": 4,
  "hp_ff_dim": 128,
  "hp_use_cls_token": false
}{
  "trial_id": 93,
  "trial_name": "trial_093_mlp",
  "model": "mlp",
  "best_epoch": 36,
  "elapsed_sec": 149.67939162254333,
  "direct_mae": 0.006575569976121187,
  "direct_rmse": 0.009542704559862614,
  "direct_r2": 0.9999052072016639,
  "direct_valid_ratio": 1.0,
  "direct_residual_mean": 0.008513355627655983,
  "direct_residual_median": 0.006055131554603577,
  "direct_residual_p90": 0.015274173021316529,
  "plus_newton_mae": 2.3433618998277417e-08,
  "plus_newton_rmse": 2.991573058442441e-08,
  "plus_newton_r2": 0.9999999999999991,
  "plus_newton_valid_ratio": 1.0,
  "plus_newton_residual_mean": 3.492733405285626e-14,
  "plus_newton_residual_median": 1.1102230246251565e-16,
  "plus_newton_residual_p90": 6.208367153703883e-14,
  "plus_newton_newton_iter_mean": 2.1051,
  "plus_newton_newton_iter_median": 2.0,
  "plus_newton_newton_iter_p90": 3.0,
  "plus_newton_converged_ratio": 1.0,
  "hp_use_log_ab": true,
  "hp_optimizer": "adamw",
  "hp_criterion": "smoothl1",
  "hp_dropout": 0.1,
  "hp_lr": 0.0005,
  "hp_weight_decay": 1e-05,
  "hp_hidden_dims": "[256, 128, 64]",
  "hp_hidden_size": 128,
  "hp_num_layers": 2,
  "hp_head_hidden": 128,
  "hp_head_layers": 2,
  "hp_d_model": 64,
  "hp_nhead": 4,
  "hp_ff_dim": 128,
  "hp_use_cls_token": false
}