{
  "trial_id": 1659,
  "trial_name": "trial_1659_transformer",
  "model": "transformer",
  "best_epoch": 34,
  "elapsed_sec": 96.6516227722168,
  "direct_mae": 0.012850134633481503,
  "direct_rmse": 0.017405197024345398,
  "direct_r2": 0.9996846518479288,
  "direct_valid_ratio": 1.0,
  "direct_residual_mean": 0.014532674103975296,
  "direct_residual_median": 0.011368155479431152,
  "direct_residual_p90": 0.030624490976333622,
  "plus_newton_mae": 2.343361875344067e-08,
  "plus_newton_rmse": 2.9915730669121334e-08,
  "plus_newton_r2": 0.9999999999999991,
  "plus_newton_valid_ratio": 1.0,
  "plus_newton_residual_mean": 4.115655097990093e-14,
  "plus_newton_residual_median": 1.1102230246251565e-16,
  "plus_newton_residual_p90": 9.304779169383441e-14,
  "plus_newton_newton_iter_mean": 2.1677,
  "plus_newton_newton_iter_median": 2.0,
  "plus_newton_newton_iter_p90": 3.0,
  "plus_newton_converged_ratio": 1.0,
  "hp_use_log_ab": false,
  "hp_optimizer": "adamw",
  "hp_criterion": "smoothl1",
  "hp_dropout": 0.1,
  "hp_lr": 0.001,
  "hp_weight_decay": 1e-05,
  "hp_hidden_dims": "[256, 256, 128]",
  "hp_hidden_size": 128,
  "hp_num_layers": 2,
  "hp_head_hidden": 128,
  "hp_head_layers": 2,
  "hp_d_model": 64,
  "hp_nhead": 2,
  "hp_ff_dim": 128,
  "hp_use_cls_token": false
}{
  "trial_id": 1659,
  "trial_name": "trial_1659_transformer",
  "model": "transformer",
  "best_epoch": 34,
  "elapsed_sec": 96.6516227722168,
  "direct_mae": 0.012850134633481503,
  "direct_rmse": 0.017405197024345398,
  "direct_r2": 0.9996846518479288,
  "direct_valid_ratio": 1.0,
  "direct_residual_mean": 0.014532674103975296,
  "direct_residual_median": 0.011368155479431152,
  "direct_residual_p90": 0.030624490976333622,
  "plus_newton_mae": 2.343361875344067e-08,
  "plus_newton_rmse": 2.9915730669121334e-08,
  "plus_newton_r2": 0.9999999999999991,
  "plus_newton_valid_ratio": 1.0,
  "plus_newton_residual_mean": 4.115655097990093e-14,
  "plus_newton_residual_median": 1.1102230246251565e-16,
  "plus_newton_residual_p90": 9.304779169383441e-14,
  "plus_newton_newton_iter_mean": 2.1677,
  "plus_newton_newton_iter_median": 2.0,
  "plus_newton_newton_iter_p90": 3.0,
  "plus_newton_converged_ratio": 1.0,
  "hp_use_log_ab": false,
  "hp_optimizer": "adamw",
  "hp_criterion": "smoothl1",
  "hp_dropout": 0.1,
  "hp_lr": 0.001,
  "hp_weight_decay": 1e-05,
  "hp_hidden_dims": "[256, 256, 128]",
  "hp_hidden_size": 128,
  "hp_num_layers": 2,
  "hp_head_hidden": 128,
  "hp_head_layers": 2,
  "hp_d_model": 64,
  "hp_nhead": 2,
  "hp_ff_dim": 128,
  "hp_use_cls_token": false
}