{
  "trial_id": 416,
  "trial_name": "trial_416_lstm",
  "model": "lstm",
  "best_epoch": 118,
  "elapsed_sec": 283.1630835533142,
  "direct_mae": 0.0019643756095319986,
  "direct_rmse": 0.002462009433656931,
  "direct_r2": 0.9999936902549962,
  "direct_valid_ratio": 1.0,
  "direct_residual_mean": 0.002336410805583,
  "direct_residual_median": 0.0019321739673614502,
  "direct_residual_p90": 0.004788410663604736,
  "plus_newton_mae": 2.3433618048603386e-08,
  "plus_newton_rmse": 2.991573050762271e-08,
  "plus_newton_r2": 0.9999999999999991,
  "plus_newton_valid_ratio": 1.0,
  "plus_newton_residual_mean": 2.596732963763604e-14,
  "plus_newton_residual_median": 1.1102230246251565e-16,
  "plus_newton_residual_p90": 1.9206858326015208e-14,
  "plus_newton_newton_iter_mean": 1.9903,
  "plus_newton_newton_iter_median": 2.0,
  "plus_newton_newton_iter_p90": 2.0,
  "plus_newton_converged_ratio": 1.0,
  "hp_use_log_ab": true,
  "hp_optimizer": "adamw",
  "hp_criterion": "smoothl1",
  "hp_dropout": 0.0,
  "hp_lr": 0.001,
  "hp_weight_decay": 0.0001,
  "hp_hidden_dims": "[256, 256, 128]",
  "hp_hidden_size": 128,
  "hp_num_layers": 2,
  "hp_head_hidden": 128,
  "hp_head_layers": 2,
  "hp_d_model": 64,
  "hp_nhead": 4,
  "hp_ff_dim": 128,
  "hp_use_cls_token": false
}{
  "trial_id": 416,
  "trial_name": "trial_416_lstm",
  "model": "lstm",
  "best_epoch": 118,
  "elapsed_sec": 283.1630835533142,
  "direct_mae": 0.0019643756095319986,
  "direct_rmse": 0.002462009433656931,
  "direct_r2": 0.9999936902549962,
  "direct_valid_ratio": 1.0,
  "direct_residual_mean": 0.002336410805583,
  "direct_residual_median": 0.0019321739673614502,
  "direct_residual_p90": 0.004788410663604736,
  "plus_newton_mae": 2.3433618048603386e-08,
  "plus_newton_rmse": 2.991573050762271e-08,
  "plus_newton_r2": 0.9999999999999991,
  "plus_newton_valid_ratio": 1.0,
  "plus_newton_residual_mean": 2.596732963763604e-14,
  "plus_newton_residual_median": 1.1102230246251565e-16,
  "plus_newton_residual_p90": 1.9206858326015208e-14,
  "plus_newton_newton_iter_mean": 1.9903,
  "plus_newton_newton_iter_median": 2.0,
  "plus_newton_newton_iter_p90": 2.0,
  "plus_newton_converged_ratio": 1.0,
  "hp_use_log_ab": true,
  "hp_optimizer": "adamw",
  "hp_criterion": "smoothl1",
  "hp_dropout": 0.0,
  "hp_lr": 0.001,
  "hp_weight_decay": 0.0001,
  "hp_hidden_dims": "[256, 256, 128]",
  "hp_hidden_size": 128,
  "hp_num_layers": 2,
  "hp_head_hidden": 128,
  "hp_head_layers": 2,
  "hp_d_model": 64,
  "hp_nhead": 4,
  "hp_ff_dim": 128,
  "hp_use_cls_token": false
}