{
  "trial_id": 3071,
  "trial_name": "trial_3071_transformer",
  "model": "transformer",
  "best_epoch": 53,
  "elapsed_sec": 130.70020151138306,
  "direct_mae": 0.008293732069432735,
  "direct_rmse": 0.01025222148746252,
  "direct_r2": 0.9998905871470924,
  "direct_valid_ratio": 1.0,
  "direct_residual_mean": 0.01018484216183424,
  "direct_residual_median": 0.008944809436798096,
  "direct_residual_p90": 0.019885486364364626,
  "plus_newton_mae": 2.343361806160121e-08,
  "plus_newton_rmse": 2.991572986762202e-08,
  "plus_newton_r2": 0.9999999999999991,
  "plus_newton_valid_ratio": 1.0,
  "plus_newton_residual_mean": 3.100074295424841e-14,
  "plus_newton_residual_median": 1.1102230246251565e-16,
  "plus_newton_residual_p90": 3.709255125272652e-14,
  "plus_newton_newton_iter_mean": 2.1794,
  "plus_newton_newton_iter_median": 2.0,
  "plus_newton_newton_iter_p90": 3.0,
  "plus_newton_converged_ratio": 1.0,
  "hp_use_log_ab": true,
  "hp_optimizer": "adamw",
  "hp_criterion": "mse",
  "hp_dropout": 0.1,
  "hp_lr": 0.0005,
  "hp_weight_decay": 0.0001,
  "hp_hidden_dims": "[256, 256, 128]",
  "hp_hidden_size": 128,
  "hp_num_layers": 2,
  "hp_head_hidden": 128,
  "hp_head_layers": 2,
  "hp_d_model": 64,
  "hp_nhead": 4,
  "hp_ff_dim": 128,
  "hp_use_cls_token": false
}{
  "trial_id": 3071,
  "trial_name": "trial_3071_transformer",
  "model": "transformer",
  "best_epoch": 53,
  "elapsed_sec": 130.70020151138306,
  "direct_mae": 0.008293732069432735,
  "direct_rmse": 0.01025222148746252,
  "direct_r2": 0.9998905871470924,
  "direct_valid_ratio": 1.0,
  "direct_residual_mean": 0.01018484216183424,
  "direct_residual_median": 0.008944809436798096,
  "direct_residual_p90": 0.019885486364364626,
  "plus_newton_mae": 2.343361806160121e-08,
  "plus_newton_rmse": 2.991572986762202e-08,
  "plus_newton_r2": 0.9999999999999991,
  "plus_newton_valid_ratio": 1.0,
  "plus_newton_residual_mean": 3.100074295424841e-14,
  "plus_newton_residual_median": 1.1102230246251565e-16,
  "plus_newton_residual_p90": 3.709255125272652e-14,
  "plus_newton_newton_iter_mean": 2.1794,
  "plus_newton_newton_iter_median": 2.0,
  "plus_newton_newton_iter_p90": 3.0,
  "plus_newton_converged_ratio": 1.0,
  "hp_use_log_ab": true,
  "hp_optimizer": "adamw",
  "hp_criterion": "mse",
  "hp_dropout": 0.1,
  "hp_lr": 0.0005,
  "hp_weight_decay": 0.0001,
  "hp_hidden_dims": "[256, 256, 128]",
  "hp_hidden_size": 128,
  "hp_num_layers": 2,
  "hp_head_hidden": 128,
  "hp_head_layers": 2,
  "hp_d_model": 64,
  "hp_nhead": 4,
  "hp_ff_dim": 128,
  "hp_use_cls_token": false
}