{
  "trial_id": 80,
  "trial_name": "trial_080_transformer",
  "model": "transformer",
  "best_epoch": 19,
  "elapsed_sec": 140.77780175209045,
  "direct_mae": 0.34131407737731934,
  "direct_rmse": 0.41705524921417236,
  "direct_r2": 0.8189412206411362,
  "direct_valid_ratio": 1.0,
  "direct_residual_mean": 0.38407668471336365,
  "direct_residual_median": 0.36274757981300354,
  "direct_residual_p90": 0.712203198671341,
  "plus_newton_mae": 2.3433619965418177e-08,
  "plus_newton_rmse": 2.991573207165459e-08,
  "plus_newton_r2": 0.9999999999999991,
  "plus_newton_valid_ratio": 1.0,
  "plus_newton_residual_mean": 4.45844937085989e-14,
  "plus_newton_residual_median": 1.942890293094024e-16,
  "plus_newton_residual_p90": 1.0936807015582421e-13,
  "plus_newton_newton_iter_mean": 2.7529,
  "plus_newton_newton_iter_median": 3.0,
  "plus_newton_newton_iter_p90": 3.0,
  "plus_newton_converged_ratio": 1.0,
  "hp_use_log_ab": false,
  "hp_optimizer": "adamw",
  "hp_criterion": "mse",
  "hp_dropout": 0.0,
  "hp_lr": 0.001,
  "hp_weight_decay": 1e-05,
  "hp_hidden_dims": "[256, 256, 128]",
  "hp_hidden_size": 128,
  "hp_num_layers": 2,
  "hp_head_hidden": 64,
  "hp_head_layers": 1,
  "hp_d_model": 64,
  "hp_nhead": 4,
  "hp_ff_dim": 128,
  "hp_use_cls_token": true
}{
  "trial_id": 80,
  "trial_name": "trial_080_transformer",
  "model": "transformer",
  "best_epoch": 19,
  "elapsed_sec": 140.77780175209045,
  "direct_mae": 0.34131407737731934,
  "direct_rmse": 0.41705524921417236,
  "direct_r2": 0.8189412206411362,
  "direct_valid_ratio": 1.0,
  "direct_residual_mean": 0.38407668471336365,
  "direct_residual_median": 0.36274757981300354,
  "direct_residual_p90": 0.712203198671341,
  "plus_newton_mae": 2.3433619965418177e-08,
  "plus_newton_rmse": 2.991573207165459e-08,
  "plus_newton_r2": 0.9999999999999991,
  "plus_newton_valid_ratio": 1.0,
  "plus_newton_residual_mean": 4.45844937085989e-14,
  "plus_newton_residual_median": 1.942890293094024e-16,
  "plus_newton_residual_p90": 1.0936807015582421e-13,
  "plus_newton_newton_iter_mean": 2.7529,
  "plus_newton_newton_iter_median": 3.0,
  "plus_newton_newton_iter_p90": 3.0,
  "plus_newton_converged_ratio": 1.0,
  "hp_use_log_ab": false,
  "hp_optimizer": "adamw",
  "hp_criterion": "mse",
  "hp_dropout": 0.0,
  "hp_lr": 0.001,
  "hp_weight_decay": 1e-05,
  "hp_hidden_dims": "[256, 256, 128]",
  "hp_hidden_size": 128,
  "hp_num_layers": 2,
  "hp_head_hidden": 64,
  "hp_head_layers": 1,
  "hp_d_model": 64,
  "hp_nhead": 4,
  "hp_ff_dim": 128,
  "hp_use_cls_token": true
}