{
  "trial_id": 72,
  "trial_name": "trial_072_lstm",
  "model": "lstm",
  "best_epoch": 43,
  "elapsed_sec": 171.1407835483551,
  "direct_mae": 0.008443878963589668,
  "direct_rmse": 0.011967557482421398,
  "direct_r2": 0.9998509117576759,
  "direct_valid_ratio": 1.0,
  "direct_residual_mean": 0.010299080982804298,
  "direct_residual_median": 0.006751000881195068,
  "direct_residual_p90": 0.026197630167007446,
  "plus_newton_mae": 2.3433618354789048e-08,
  "plus_newton_rmse": 2.991572962536417e-08,
  "plus_newton_r2": 0.9999999999999991,
  "plus_newton_valid_ratio": 1.0,
  "plus_newton_residual_mean": 3.718941604245835e-14,
  "plus_newton_residual_median": 1.1102230246251565e-16,
  "plus_newton_residual_p90": 8.993916722488397e-14,
  "plus_newton_newton_iter_mean": 2.1341,
  "plus_newton_newton_iter_median": 2.0,
  "plus_newton_newton_iter_p90": 3.0,
  "plus_newton_converged_ratio": 1.0,
  "hp_use_log_ab": false,
  "hp_optimizer": "adamw",
  "hp_criterion": "mse",
  "hp_dropout": 0.1,
  "hp_lr": 0.001,
  "hp_weight_decay": 1e-05,
  "hp_hidden_dims": "[256, 256, 128]",
  "hp_hidden_size": 64,
  "hp_num_layers": 2,
  "hp_head_hidden": 128,
  "hp_head_layers": 2,
  "hp_d_model": 64,
  "hp_nhead": 4,
  "hp_ff_dim": 128,
  "hp_use_cls_token": false
}{
  "trial_id": 72,
  "trial_name": "trial_072_lstm",
  "model": "lstm",
  "best_epoch": 43,
  "elapsed_sec": 171.1407835483551,
  "direct_mae": 0.008443878963589668,
  "direct_rmse": 0.011967557482421398,
  "direct_r2": 0.9998509117576759,
  "direct_valid_ratio": 1.0,
  "direct_residual_mean": 0.010299080982804298,
  "direct_residual_median": 0.006751000881195068,
  "direct_residual_p90": 0.026197630167007446,
  "plus_newton_mae": 2.3433618354789048e-08,
  "plus_newton_rmse": 2.991572962536417e-08,
  "plus_newton_r2": 0.9999999999999991,
  "plus_newton_valid_ratio": 1.0,
  "plus_newton_residual_mean": 3.718941604245835e-14,
  "plus_newton_residual_median": 1.1102230246251565e-16,
  "plus_newton_residual_p90": 8.993916722488397e-14,
  "plus_newton_newton_iter_mean": 2.1341,
  "plus_newton_newton_iter_median": 2.0,
  "plus_newton_newton_iter_p90": 3.0,
  "plus_newton_converged_ratio": 1.0,
  "hp_use_log_ab": false,
  "hp_optimizer": "adamw",
  "hp_criterion": "mse",
  "hp_dropout": 0.1,
  "hp_lr": 0.001,
  "hp_weight_decay": 1e-05,
  "hp_hidden_dims": "[256, 256, 128]",
  "hp_hidden_size": 64,
  "hp_num_layers": 2,
  "hp_head_hidden": 128,
  "hp_head_layers": 2,
  "hp_d_model": 64,
  "hp_nhead": 4,
  "hp_ff_dim": 128,
  "hp_use_cls_token": false
}