{
  "trial_id": 496,
  "trial_name": "trial_496_lstm",
  "model": "lstm",
  "best_epoch": 29,
  "elapsed_sec": 116.56761312484741,
  "direct_mae": 0.006077070254832506,
  "direct_rmse": 0.008243251591920853,
  "direct_r2": 0.9999292657957994,
  "direct_valid_ratio": 1.0,
  "direct_residual_mean": 0.007284577935934067,
  "direct_residual_median": 0.0051304250955581665,
  "direct_residual_p90": 0.016992032527923598,
  "plus_newton_mae": 2.343361802660089e-08,
  "plus_newton_rmse": 2.991573012835125e-08,
  "plus_newton_r2": 0.9999999999999991,
  "plus_newton_valid_ratio": 1.0,
  "plus_newton_residual_mean": 3.7945383258334115e-14,
  "plus_newton_residual_median": 1.1102230246251565e-16,
  "plus_newton_residual_p90": 9.08162434143378e-14,
  "plus_newton_newton_iter_mean": 2.0775,
  "plus_newton_newton_iter_median": 2.0,
  "plus_newton_newton_iter_p90": 2.0,
  "plus_newton_converged_ratio": 1.0,
  "hp_use_log_ab": true,
  "hp_optimizer": "adamw",
  "hp_criterion": "smoothl1",
  "hp_dropout": 0.1,
  "hp_lr": 0.0005,
  "hp_weight_decay": 1e-05,
  "hp_hidden_dims": "[256, 256, 128]",
  "hp_hidden_size": 128,
  "hp_num_layers": 2,
  "hp_head_hidden": 128,
  "hp_head_layers": 2,
  "hp_d_model": 64,
  "hp_nhead": 4,
  "hp_ff_dim": 128,
  "hp_use_cls_token": false
}{
  "trial_id": 496,
  "trial_name": "trial_496_lstm",
  "model": "lstm",
  "best_epoch": 29,
  "elapsed_sec": 116.56761312484741,
  "direct_mae": 0.006077070254832506,
  "direct_rmse": 0.008243251591920853,
  "direct_r2": 0.9999292657957994,
  "direct_valid_ratio": 1.0,
  "direct_residual_mean": 0.007284577935934067,
  "direct_residual_median": 0.0051304250955581665,
  "direct_residual_p90": 0.016992032527923598,
  "plus_newton_mae": 2.343361802660089e-08,
  "plus_newton_rmse": 2.991573012835125e-08,
  "plus_newton_r2": 0.9999999999999991,
  "plus_newton_valid_ratio": 1.0,
  "plus_newton_residual_mean": 3.7945383258334115e-14,
  "plus_newton_residual_median": 1.1102230246251565e-16,
  "plus_newton_residual_p90": 9.08162434143378e-14,
  "plus_newton_newton_iter_mean": 2.0775,
  "plus_newton_newton_iter_median": 2.0,
  "plus_newton_newton_iter_p90": 2.0,
  "plus_newton_converged_ratio": 1.0,
  "hp_use_log_ab": true,
  "hp_optimizer": "adamw",
  "hp_criterion": "smoothl1",
  "hp_dropout": 0.1,
  "hp_lr": 0.0005,
  "hp_weight_decay": 1e-05,
  "hp_hidden_dims": "[256, 256, 128]",
  "hp_hidden_size": 128,
  "hp_num_layers": 2,
  "hp_head_hidden": 128,
  "hp_head_layers": 2,
  "hp_d_model": 64,
  "hp_nhead": 4,
  "hp_ff_dim": 128,
  "hp_use_cls_token": false
}