{
  "trial_id": 1676,
  "trial_name": "trial_1676_transformer",
  "model": "transformer",
  "best_epoch": 5,
  "elapsed_sec": 36.214118003845215,
  "direct_mae": 0.3387526869773865,
  "direct_rmse": 0.418006032705307,
  "direct_r2": 0.8181147426366806,
  "direct_valid_ratio": 1.0,
  "direct_residual_mean": 0.38357993960380554,
  "direct_residual_median": 0.352139413356781,
  "direct_residual_p90": 0.7620541989803314,
  "plus_newton_mae": 2.3433619145409985e-08,
  "plus_newton_rmse": 2.991573062820786e-08,
  "plus_newton_r2": 0.9999999999999991,
  "plus_newton_valid_ratio": 1.0,
  "plus_newton_residual_mean": 4.4063598266679446e-14,
  "plus_newton_residual_median": 1.1102230246251565e-16,
  "plus_newton_residual_p90": 1.001643212816819e-13,
  "plus_newton_newton_iter_mean": 2.7649,
  "plus_newton_newton_iter_median": 3.0,
  "plus_newton_newton_iter_p90": 3.0,
  "plus_newton_converged_ratio": 1.0,
  "hp_use_log_ab": false,
  "hp_optimizer": "adamw",
  "hp_criterion": "smoothl1",
  "hp_dropout": 0.1,
  "hp_lr": 0.001,
  "hp_weight_decay": 0.0001,
  "hp_hidden_dims": "[256, 256, 128]",
  "hp_hidden_size": 128,
  "hp_num_layers": 1,
  "hp_head_hidden": 64,
  "hp_head_layers": 1,
  "hp_d_model": 64,
  "hp_nhead": 2,
  "hp_ff_dim": 128,
  "hp_use_cls_token": true
}{
  "trial_id": 1676,
  "trial_name": "trial_1676_transformer",
  "model": "transformer",
  "best_epoch": 5,
  "elapsed_sec": 36.214118003845215,
  "direct_mae": 0.3387526869773865,
  "direct_rmse": 0.418006032705307,
  "direct_r2": 0.8181147426366806,
  "direct_valid_ratio": 1.0,
  "direct_residual_mean": 0.38357993960380554,
  "direct_residual_median": 0.352139413356781,
  "direct_residual_p90": 0.7620541989803314,
  "plus_newton_mae": 2.3433619145409985e-08,
  "plus_newton_rmse": 2.991573062820786e-08,
  "plus_newton_r2": 0.9999999999999991,
  "plus_newton_valid_ratio": 1.0,
  "plus_newton_residual_mean": 4.4063598266679446e-14,
  "plus_newton_residual_median": 1.1102230246251565e-16,
  "plus_newton_residual_p90": 1.001643212816819e-13,
  "plus_newton_newton_iter_mean": 2.7649,
  "plus_newton_newton_iter_median": 3.0,
  "plus_newton_newton_iter_p90": 3.0,
  "plus_newton_converged_ratio": 1.0,
  "hp_use_log_ab": false,
  "hp_optimizer": "adamw",
  "hp_criterion": "smoothl1",
  "hp_dropout": 0.1,
  "hp_lr": 0.001,
  "hp_weight_decay": 0.0001,
  "hp_hidden_dims": "[256, 256, 128]",
  "hp_hidden_size": 128,
  "hp_num_layers": 1,
  "hp_head_hidden": 64,
  "hp_head_layers": 1,
  "hp_d_model": 64,
  "hp_nhead": 2,
  "hp_ff_dim": 128,
  "hp_use_cls_token": true
}