{
  "trial_id": 3202,
  "trial_name": "trial_3202_transformer",
  "model": "transformer",
  "best_epoch": 8,
  "elapsed_sec": 43.3857204914093,
  "direct_mae": 0.09872309863567352,
  "direct_rmse": 0.14316651225090027,
  "direct_r2": 0.9786638859659433,
  "direct_valid_ratio": 1.0,
  "direct_residual_mean": 0.12991653382778168,
  "direct_residual_median": 0.08198121190071106,
  "direct_residual_p90": 0.29518460035324107,
  "plus_newton_mae": 2.343361765860331e-08,
  "plus_newton_rmse": 2.9915728474722865e-08,
  "plus_newton_r2": 0.9999999999999991,
  "plus_newton_valid_ratio": 1.0,
  "plus_newton_residual_mean": 4.41350751265175e-14,
  "plus_newton_residual_median": 1.1102230246251565e-16,
  "plus_newton_residual_p90": 8.949507801503391e-14,
  "plus_newton_newton_iter_mean": 2.592,
  "plus_newton_newton_iter_median": 2.0,
  "plus_newton_newton_iter_p90": 3.0,
  "plus_newton_converged_ratio": 1.0,
  "hp_use_log_ab": true,
  "hp_optimizer": "adamw",
  "hp_criterion": "smoothl1",
  "hp_dropout": 0.0,
  "hp_lr": 0.001,
  "hp_weight_decay": 0.0001,
  "hp_hidden_dims": "[256, 256, 128]",
  "hp_hidden_size": 128,
  "hp_num_layers": 1,
  "hp_head_hidden": 64,
  "hp_head_layers": 1,
  "hp_d_model": 32,
  "hp_nhead": 2,
  "hp_ff_dim": 64,
  "hp_use_cls_token": true
}{
  "trial_id": 3202,
  "trial_name": "trial_3202_transformer",
  "model": "transformer",
  "best_epoch": 8,
  "elapsed_sec": 43.3857204914093,
  "direct_mae": 0.09872309863567352,
  "direct_rmse": 0.14316651225090027,
  "direct_r2": 0.9786638859659433,
  "direct_valid_ratio": 1.0,
  "direct_residual_mean": 0.12991653382778168,
  "direct_residual_median": 0.08198121190071106,
  "direct_residual_p90": 0.29518460035324107,
  "plus_newton_mae": 2.343361765860331e-08,
  "plus_newton_rmse": 2.9915728474722865e-08,
  "plus_newton_r2": 0.9999999999999991,
  "plus_newton_valid_ratio": 1.0,
  "plus_newton_residual_mean": 4.41350751265175e-14,
  "plus_newton_residual_median": 1.1102230246251565e-16,
  "plus_newton_residual_p90": 8.949507801503391e-14,
  "plus_newton_newton_iter_mean": 2.592,
  "plus_newton_newton_iter_median": 2.0,
  "plus_newton_newton_iter_p90": 3.0,
  "plus_newton_converged_ratio": 1.0,
  "hp_use_log_ab": true,
  "hp_optimizer": "adamw",
  "hp_criterion": "smoothl1",
  "hp_dropout": 0.0,
  "hp_lr": 0.001,
  "hp_weight_decay": 0.0001,
  "hp_hidden_dims": "[256, 256, 128]",
  "hp_hidden_size": 128,
  "hp_num_layers": 1,
  "hp_head_hidden": 64,
  "hp_head_layers": 1,
  "hp_d_model": 32,
  "hp_nhead": 2,
  "hp_ff_dim": 64,
  "hp_use_cls_token": true
}