{
  "trial_id": 488,
  "trial_name": "trial_488_gru",
  "model": "gru",
  "best_epoch": 19,
  "elapsed_sec": 89.56917214393616,
  "direct_mae": 0.007158209104090929,
  "direct_rmse": 0.009388521313667297,
  "direct_r2": 0.9999082456197357,
  "direct_valid_ratio": 1.0,
  "direct_residual_mean": 0.008624399080872536,
  "direct_residual_median": 0.006816446781158447,
  "direct_residual_p90": 0.017713677883148194,
  "plus_newton_mae": 2.343361626842565e-08,
  "plus_newton_rmse": 2.991572827748907e-08,
  "plus_newton_r2": 0.9999999999999991,
  "plus_newton_valid_ratio": 1.0,
  "plus_newton_residual_mean": 5.1947993629102603e-14,
  "plus_newton_residual_median": 1.1102230246251565e-16,
  "plus_newton_residual_p90": 1.390720871796703e-13,
  "plus_newton_newton_iter_mean": 2.1325,
  "plus_newton_newton_iter_median": 2.0,
  "plus_newton_newton_iter_p90": 3.0,
  "plus_newton_converged_ratio": 1.0,
  "hp_use_log_ab": true,
  "hp_optimizer": "adamw",
  "hp_criterion": "smoothl1",
  "hp_dropout": 0.1,
  "hp_lr": 0.0005,
  "hp_weight_decay": 1e-05,
  "hp_hidden_dims": "[256, 256, 128]",
  "hp_hidden_size": 64,
  "hp_num_layers": 2,
  "hp_head_hidden": 128,
  "hp_head_layers": 2,
  "hp_d_model": 64,
  "hp_nhead": 4,
  "hp_ff_dim": 128,
  "hp_use_cls_token": false
}{
  "trial_id": 488,
  "trial_name": "trial_488_gru",
  "model": "gru",
  "best_epoch": 19,
  "elapsed_sec": 89.56917214393616,
  "direct_mae": 0.007158209104090929,
  "direct_rmse": 0.009388521313667297,
  "direct_r2": 0.9999082456197357,
  "direct_valid_ratio": 1.0,
  "direct_residual_mean": 0.008624399080872536,
  "direct_residual_median": 0.006816446781158447,
  "direct_residual_p90": 0.017713677883148194,
  "plus_newton_mae": 2.343361626842565e-08,
  "plus_newton_rmse": 2.991572827748907e-08,
  "plus_newton_r2": 0.9999999999999991,
  "plus_newton_valid_ratio": 1.0,
  "plus_newton_residual_mean": 5.1947993629102603e-14,
  "plus_newton_residual_median": 1.1102230246251565e-16,
  "plus_newton_residual_p90": 1.390720871796703e-13,
  "plus_newton_newton_iter_mean": 2.1325,
  "plus_newton_newton_iter_median": 2.0,
  "plus_newton_newton_iter_p90": 3.0,
  "plus_newton_converged_ratio": 1.0,
  "hp_use_log_ab": true,
  "hp_optimizer": "adamw",
  "hp_criterion": "smoothl1",
  "hp_dropout": 0.1,
  "hp_lr": 0.0005,
  "hp_weight_decay": 1e-05,
  "hp_hidden_dims": "[256, 256, 128]",
  "hp_hidden_size": 64,
  "hp_num_layers": 2,
  "hp_head_hidden": 128,
  "hp_head_layers": 2,
  "hp_d_model": 64,
  "hp_nhead": 4,
  "hp_ff_dim": 128,
  "hp_use_cls_token": false
}