{
  "trial_id": 3246,
  "trial_name": "trial_3246_transformer",
  "model": "transformer",
  "best_epoch": 5,
  "elapsed_sec": 35.46989893913269,
  "direct_mae": 0.10092940926551819,
  "direct_rmse": 0.14454233646392822,
  "direct_r2": 0.9782518409192562,
  "direct_valid_ratio": 1.0,
  "direct_residual_mean": 0.13260848820209503,
  "direct_residual_median": 0.08556288480758667,
  "direct_residual_p90": 0.2976588070392609,
  "plus_newton_mae": 2.343361801738702e-08,
  "plus_newton_rmse": 2.991572858621407e-08,
  "plus_newton_r2": 0.9999999999999991,
  "plus_newton_valid_ratio": 1.0,
  "plus_newton_residual_mean": 4.154996117539068e-14,
  "plus_newton_residual_median": 1.1102230246251565e-16,
  "plus_newton_residual_p90": 7.250866573826901e-14,
  "plus_newton_newton_iter_mean": 2.6003,
  "plus_newton_newton_iter_median": 3.0,
  "plus_newton_newton_iter_p90": 3.0,
  "plus_newton_converged_ratio": 1.0,
  "hp_use_log_ab": true,
  "hp_optimizer": "adamw",
  "hp_criterion": "smoothl1",
  "hp_dropout": 0.0,
  "hp_lr": 0.001,
  "hp_weight_decay": 0.0001,
  "hp_hidden_dims": "[256, 256, 128]",
  "hp_hidden_size": 128,
  "hp_num_layers": 1,
  "hp_head_hidden": 128,
  "hp_head_layers": 1,
  "hp_d_model": 64,
  "hp_nhead": 4,
  "hp_ff_dim": 64,
  "hp_use_cls_token": true
}{
  "trial_id": 3246,
  "trial_name": "trial_3246_transformer",
  "model": "transformer",
  "best_epoch": 5,
  "elapsed_sec": 35.46989893913269,
  "direct_mae": 0.10092940926551819,
  "direct_rmse": 0.14454233646392822,
  "direct_r2": 0.9782518409192562,
  "direct_valid_ratio": 1.0,
  "direct_residual_mean": 0.13260848820209503,
  "direct_residual_median": 0.08556288480758667,
  "direct_residual_p90": 0.2976588070392609,
  "plus_newton_mae": 2.343361801738702e-08,
  "plus_newton_rmse": 2.991572858621407e-08,
  "plus_newton_r2": 0.9999999999999991,
  "plus_newton_valid_ratio": 1.0,
  "plus_newton_residual_mean": 4.154996117539068e-14,
  "plus_newton_residual_median": 1.1102230246251565e-16,
  "plus_newton_residual_p90": 7.250866573826901e-14,
  "plus_newton_newton_iter_mean": 2.6003,
  "plus_newton_newton_iter_median": 3.0,
  "plus_newton_newton_iter_p90": 3.0,
  "plus_newton_converged_ratio": 1.0,
  "hp_use_log_ab": true,
  "hp_optimizer": "adamw",
  "hp_criterion": "smoothl1",
  "hp_dropout": 0.0,
  "hp_lr": 0.001,
  "hp_weight_decay": 0.0001,
  "hp_hidden_dims": "[256, 256, 128]",
  "hp_hidden_size": 128,
  "hp_num_layers": 1,
  "hp_head_hidden": 128,
  "hp_head_layers": 1,
  "hp_d_model": 64,
  "hp_nhead": 4,
  "hp_ff_dim": 64,
  "hp_use_cls_token": true
}