{
  "trial_id": 459,
  "trial_name": "trial_459_transformer",
  "model": "transformer",
  "best_epoch": 31,
  "elapsed_sec": 111.96325922012329,
  "direct_mae": 0.3409598171710968,
  "direct_rmse": 0.4169551432132721,
  "direct_r2": 0.8190281540155411,
  "direct_valid_ratio": 1.0,
  "direct_residual_mean": 0.38385140895843506,
  "direct_residual_median": 0.362419068813324,
  "direct_residual_p90": 0.7182569026947024,
  "plus_newton_mae": 2.3433619460388302e-08,
  "plus_newton_rmse": 2.991573115718087e-08,
  "plus_newton_r2": 0.9999999999999991,
  "plus_newton_valid_ratio": 1.0,
  "plus_newton_residual_mean": 4.3889224915905613e-14,
  "plus_newton_residual_median": 2.220446049250313e-16,
  "plus_newton_residual_p90": 1.0739187317199151e-13,
  "plus_newton_newton_iter_mean": 2.7515,
  "plus_newton_newton_iter_median": 3.0,
  "plus_newton_newton_iter_p90": 3.0,
  "plus_newton_converged_ratio": 1.0,
  "hp_use_log_ab": false,
  "hp_optimizer": "adamw",
  "hp_criterion": "mse",
  "hp_dropout": 0.0,
  "hp_lr": 0.0005,
  "hp_weight_decay": 0.0001,
  "hp_hidden_dims": "[256, 256, 128]",
  "hp_hidden_size": 128,
  "hp_num_layers": 2,
  "hp_head_hidden": 64,
  "hp_head_layers": 1,
  "hp_d_model": 64,
  "hp_nhead": 2,
  "hp_ff_dim": 128,
  "hp_use_cls_token": false
}{
  "trial_id": 459,
  "trial_name": "trial_459_transformer",
  "model": "transformer",
  "best_epoch": 31,
  "elapsed_sec": 111.96325922012329,
  "direct_mae": 0.3409598171710968,
  "direct_rmse": 0.4169551432132721,
  "direct_r2": 0.8190281540155411,
  "direct_valid_ratio": 1.0,
  "direct_residual_mean": 0.38385140895843506,
  "direct_residual_median": 0.362419068813324,
  "direct_residual_p90": 0.7182569026947024,
  "plus_newton_mae": 2.3433619460388302e-08,
  "plus_newton_rmse": 2.991573115718087e-08,
  "plus_newton_r2": 0.9999999999999991,
  "plus_newton_valid_ratio": 1.0,
  "plus_newton_residual_mean": 4.3889224915905613e-14,
  "plus_newton_residual_median": 2.220446049250313e-16,
  "plus_newton_residual_p90": 1.0739187317199151e-13,
  "plus_newton_newton_iter_mean": 2.7515,
  "plus_newton_newton_iter_median": 3.0,
  "plus_newton_newton_iter_p90": 3.0,
  "plus_newton_converged_ratio": 1.0,
  "hp_use_log_ab": false,
  "hp_optimizer": "adamw",
  "hp_criterion": "mse",
  "hp_dropout": 0.0,
  "hp_lr": 0.0005,
  "hp_weight_decay": 0.0001,
  "hp_hidden_dims": "[256, 256, 128]",
  "hp_hidden_size": 128,
  "hp_num_layers": 2,
  "hp_head_hidden": 64,
  "hp_head_layers": 1,
  "hp_d_model": 64,
  "hp_nhead": 2,
  "hp_ff_dim": 128,
  "hp_use_cls_token": false
}