{
  "trial_id": 345,
  "trial_name": "trial_345_transformer",
  "model": "transformer",
  "best_epoch": 114,
  "elapsed_sec": 565.169468164444,
  "direct_mae": 0.0029544513672590256,
  "direct_rmse": 0.003990377765148878,
  "direct_r2": 0.9999834247373656,
  "direct_valid_ratio": 1.0,
  "direct_residual_mean": 0.003600243479013443,
  "direct_residual_median": 0.0025410056114196777,
  "direct_residual_p90": 0.008068978786468506,
  "plus_newton_mae": 2.3433617783791327e-08,
  "plus_newton_rmse": 2.991573039351825e-08,
  "plus_newton_r2": 0.9999999999999991,
  "plus_newton_valid_ratio": 1.0,
  "plus_newton_residual_mean": 3.367736548412861e-14,
  "plus_newton_residual_median": 1.1102230246251565e-16,
  "plus_newton_residual_p90": 5.1736392947532295e-14,
  "plus_newton_newton_iter_mean": 2.0331,
  "plus_newton_newton_iter_median": 2.0,
  "plus_newton_newton_iter_p90": 2.0,
  "plus_newton_converged_ratio": 1.0,
  "hp_use_log_ab": false,
  "hp_optimizer": "adamw",
  "hp_criterion": "mse",
  "hp_dropout": 0.0,
  "hp_lr": 0.0005,
  "hp_weight_decay": 1e-05,
  "hp_hidden_dims": "[256, 256, 128]",
  "hp_hidden_size": 128,
  "hp_num_layers": 2,
  "hp_head_hidden": 64,
  "hp_head_layers": 2,
  "hp_d_model": 64,
  "hp_nhead": 2,
  "hp_ff_dim": 64,
  "hp_use_cls_token": false
}{
  "trial_id": 345,
  "trial_name": "trial_345_transformer",
  "model": "transformer",
  "best_epoch": 114,
  "elapsed_sec": 565.169468164444,
  "direct_mae": 0.0029544513672590256,
  "direct_rmse": 0.003990377765148878,
  "direct_r2": 0.9999834247373656,
  "direct_valid_ratio": 1.0,
  "direct_residual_mean": 0.003600243479013443,
  "direct_residual_median": 0.0025410056114196777,
  "direct_residual_p90": 0.008068978786468506,
  "plus_newton_mae": 2.3433617783791327e-08,
  "plus_newton_rmse": 2.991573039351825e-08,
  "plus_newton_r2": 0.9999999999999991,
  "plus_newton_valid_ratio": 1.0,
  "plus_newton_residual_mean": 3.367736548412861e-14,
  "plus_newton_residual_median": 1.1102230246251565e-16,
  "plus_newton_residual_p90": 5.1736392947532295e-14,
  "plus_newton_newton_iter_mean": 2.0331,
  "plus_newton_newton_iter_median": 2.0,
  "plus_newton_newton_iter_p90": 2.0,
  "plus_newton_converged_ratio": 1.0,
  "hp_use_log_ab": false,
  "hp_optimizer": "adamw",
  "hp_criterion": "mse",
  "hp_dropout": 0.0,
  "hp_lr": 0.0005,
  "hp_weight_decay": 1e-05,
  "hp_hidden_dims": "[256, 256, 128]",
  "hp_hidden_size": 128,
  "hp_num_layers": 2,
  "hp_head_hidden": 64,
  "hp_head_layers": 2,
  "hp_d_model": 64,
  "hp_nhead": 2,
  "hp_ff_dim": 64,
  "hp_use_cls_token": false
}