{
  "trial_id": 498,
  "trial_name": "trial_498_transformer",
  "model": "transformer",
  "best_epoch": 88,
  "elapsed_sec": 247.28885960578918,
  "direct_mae": 0.0021851605270057917,
  "direct_rmse": 0.0031773755326867104,
  "direct_r2": 0.9999894908032729,
  "direct_valid_ratio": 1.0,
  "direct_residual_mean": 0.0026862493250519037,
  "direct_residual_median": 0.001732662320137024,
  "direct_residual_p90": 0.006083464622497561,
  "plus_newton_mae": 2.343361814309912e-08,
  "plus_newton_rmse": 2.9915730459557045e-08,
  "plus_newton_r2": 0.9999999999999991,
  "plus_newton_valid_ratio": 1.0,
  "plus_newton_residual_mean": 2.5531100026090054e-14,
  "plus_newton_residual_median": 1.1102230246251565e-16,
  "plus_newton_residual_p90": 1.7985612998927536e-14,
  "plus_newton_newton_iter_mean": 2.0291,
  "plus_newton_newton_iter_median": 2.0,
  "plus_newton_newton_iter_p90": 2.0,
  "plus_newton_converged_ratio": 1.0,
  "hp_use_log_ab": false,
  "hp_optimizer": "adamw",
  "hp_criterion": "mse",
  "hp_dropout": 0.0,
  "hp_lr": 0.0005,
  "hp_weight_decay": 0.0001,
  "hp_hidden_dims": "[256, 256, 128]",
  "hp_hidden_size": 128,
  "hp_num_layers": 2,
  "hp_head_hidden": 128,
  "hp_head_layers": 2,
  "hp_d_model": 32,
  "hp_nhead": 2,
  "hp_ff_dim": 64,
  "hp_use_cls_token": true
}{
  "trial_id": 498,
  "trial_name": "trial_498_transformer",
  "model": "transformer",
  "best_epoch": 88,
  "elapsed_sec": 247.28885960578918,
  "direct_mae": 0.0021851605270057917,
  "direct_rmse": 0.0031773755326867104,
  "direct_r2": 0.9999894908032729,
  "direct_valid_ratio": 1.0,
  "direct_residual_mean": 0.0026862493250519037,
  "direct_residual_median": 0.001732662320137024,
  "direct_residual_p90": 0.006083464622497561,
  "plus_newton_mae": 2.343361814309912e-08,
  "plus_newton_rmse": 2.9915730459557045e-08,
  "plus_newton_r2": 0.9999999999999991,
  "plus_newton_valid_ratio": 1.0,
  "plus_newton_residual_mean": 2.5531100026090054e-14,
  "plus_newton_residual_median": 1.1102230246251565e-16,
  "plus_newton_residual_p90": 1.7985612998927536e-14,
  "plus_newton_newton_iter_mean": 2.0291,
  "plus_newton_newton_iter_median": 2.0,
  "plus_newton_newton_iter_p90": 2.0,
  "plus_newton_converged_ratio": 1.0,
  "hp_use_log_ab": false,
  "hp_optimizer": "adamw",
  "hp_criterion": "mse",
  "hp_dropout": 0.0,
  "hp_lr": 0.0005,
  "hp_weight_decay": 0.0001,
  "hp_hidden_dims": "[256, 256, 128]",
  "hp_hidden_size": 128,
  "hp_num_layers": 2,
  "hp_head_hidden": 128,
  "hp_head_layers": 2,
  "hp_d_model": 32,
  "hp_nhead": 2,
  "hp_ff_dim": 64,
  "hp_use_cls_token": true
}