{
  "trial_id": 1064,
  "trial_name": "trial_1064_transformer",
  "model": "transformer",
  "best_epoch": 7,
  "elapsed_sec": 37.66732144355774,
  "direct_mae": 0.3392259478569031,
  "direct_rmse": 0.41833046078681946,
  "direct_r2": 0.8178323060274124,
  "direct_valid_ratio": 1.0,
  "direct_residual_mean": 0.3826271593570709,
  "direct_residual_median": 0.35448718070983887,
  "direct_residual_p90": 0.7552928090095522,
  "plus_newton_mae": 2.34336195186238e-08,
  "plus_newton_rmse": 2.9915731258761774e-08,
  "plus_newton_r2": 0.9999999999999991,
  "plus_newton_valid_ratio": 1.0,
  "plus_newton_residual_mean": 4.2082350693214e-14,
  "plus_newton_residual_median": 1.6653345369377348e-16,
  "plus_newton_residual_p90": 9.394707234378083e-14,
  "plus_newton_newton_iter_mean": 2.7567,
  "plus_newton_newton_iter_median": 3.0,
  "plus_newton_newton_iter_p90": 3.0,
  "plus_newton_converged_ratio": 1.0,
  "hp_use_log_ab": false,
  "hp_optimizer": "adamw",
  "hp_criterion": "smoothl1",
  "hp_dropout": 0.0,
  "hp_lr": 0.001,
  "hp_weight_decay": 1e-05,
  "hp_hidden_dims": "[256, 256, 128]",
  "hp_hidden_size": 128,
  "hp_num_layers": 1,
  "hp_head_hidden": 128,
  "hp_head_layers": 1,
  "hp_d_model": 32,
  "hp_nhead": 4,
  "hp_ff_dim": 128,
  "hp_use_cls_token": true
}{
  "trial_id": 1064,
  "trial_name": "trial_1064_transformer",
  "model": "transformer",
  "best_epoch": 7,
  "elapsed_sec": 37.66732144355774,
  "direct_mae": 0.3392259478569031,
  "direct_rmse": 0.41833046078681946,
  "direct_r2": 0.8178323060274124,
  "direct_valid_ratio": 1.0,
  "direct_residual_mean": 0.3826271593570709,
  "direct_residual_median": 0.35448718070983887,
  "direct_residual_p90": 0.7552928090095522,
  "plus_newton_mae": 2.34336195186238e-08,
  "plus_newton_rmse": 2.9915731258761774e-08,
  "plus_newton_r2": 0.9999999999999991,
  "plus_newton_valid_ratio": 1.0,
  "plus_newton_residual_mean": 4.2082350693214e-14,
  "plus_newton_residual_median": 1.6653345369377348e-16,
  "plus_newton_residual_p90": 9.394707234378083e-14,
  "plus_newton_newton_iter_mean": 2.7567,
  "plus_newton_newton_iter_median": 3.0,
  "plus_newton_newton_iter_p90": 3.0,
  "plus_newton_converged_ratio": 1.0,
  "hp_use_log_ab": false,
  "hp_optimizer": "adamw",
  "hp_criterion": "smoothl1",
  "hp_dropout": 0.0,
  "hp_lr": 0.001,
  "hp_weight_decay": 1e-05,
  "hp_hidden_dims": "[256, 256, 128]",
  "hp_hidden_size": 128,
  "hp_num_layers": 1,
  "hp_head_hidden": 128,
  "hp_head_layers": 1,
  "hp_d_model": 32,
  "hp_nhead": 4,
  "hp_ff_dim": 128,
  "hp_use_cls_token": true
}