{
  "trial_id": 185,
  "trial_name": "trial_185_gru",
  "model": "gru",
  "best_epoch": 9,
  "elapsed_sec": 74.46031856536865,
  "direct_mae": 0.3387106955051422,
  "direct_rmse": 0.42061465978622437,
  "direct_r2": 0.8158375024795532,
  "direct_valid_ratio": 1.0,
  "direct_residual_mean": 0.3863272964954376,
  "direct_residual_median": 0.34848862886428833,
  "direct_residual_p90": 0.7938125729560853,
  "plus_newton_mae": 2.3433620266792106e-08,
  "plus_newton_rmse": 2.9915731601410715e-08,
  "plus_newton_r2": 0.9999999999999991,
  "plus_newton_valid_ratio": 1.0,
  "plus_newton_residual_mean": 4.2745461760971944e-14,
  "plus_newton_residual_median": 1.1102230246251565e-16,
  "plus_newton_residual_p90": 9.251488464201442e-14,
  "plus_newton_newton_iter_mean": 2.777,
  "plus_newton_newton_iter_median": 3.0,
  "plus_newton_newton_iter_p90": 4.0,
  "plus_newton_converged_ratio": 1.0,
  "hp_use_log_ab": false,
  "hp_optimizer": "adamw",
  "hp_criterion": "smoothl1",
  "hp_dropout": 0.0,
  "hp_lr": 0.0005,
  "hp_weight_decay": 0.0001,
  "hp_hidden_dims": "[256, 256, 128]",
  "hp_hidden_size": 128,
  "hp_num_layers": 1,
  "hp_head_hidden": 64,
  "hp_head_layers": 1,
  "hp_d_model": 64,
  "hp_nhead": 4,
  "hp_ff_dim": 128,
  "hp_use_cls_token": false
}{
  "trial_id": 185,
  "trial_name": "trial_185_gru",
  "model": "gru",
  "best_epoch": 9,
  "elapsed_sec": 74.46031856536865,
  "direct_mae": 0.3387106955051422,
  "direct_rmse": 0.42061465978622437,
  "direct_r2": 0.8158375024795532,
  "direct_valid_ratio": 1.0,
  "direct_residual_mean": 0.3863272964954376,
  "direct_residual_median": 0.34848862886428833,
  "direct_residual_p90": 0.7938125729560853,
  "plus_newton_mae": 2.3433620266792106e-08,
  "plus_newton_rmse": 2.9915731601410715e-08,
  "plus_newton_r2": 0.9999999999999991,
  "plus_newton_valid_ratio": 1.0,
  "plus_newton_residual_mean": 4.2745461760971944e-14,
  "plus_newton_residual_median": 1.1102230246251565e-16,
  "plus_newton_residual_p90": 9.251488464201442e-14,
  "plus_newton_newton_iter_mean": 2.777,
  "plus_newton_newton_iter_median": 3.0,
  "plus_newton_newton_iter_p90": 4.0,
  "plus_newton_converged_ratio": 1.0,
  "hp_use_log_ab": false,
  "hp_optimizer": "adamw",
  "hp_criterion": "smoothl1",
  "hp_dropout": 0.0,
  "hp_lr": 0.0005,
  "hp_weight_decay": 0.0001,
  "hp_hidden_dims": "[256, 256, 128]",
  "hp_hidden_size": 128,
  "hp_num_layers": 1,
  "hp_head_hidden": 64,
  "hp_head_layers": 1,
  "hp_d_model": 64,
  "hp_nhead": 4,
  "hp_ff_dim": 128,
  "hp_use_cls_token": false
}