{
  "trial_id": 1136,
  "trial_name": "trial_1136_transformer",
  "model": "transformer",
  "best_epoch": 5,
  "elapsed_sec": 43.108625173568726,
  "direct_mae": 0.34207770228385925,
  "direct_rmse": 0.41741707921028137,
  "direct_r2": 0.8186269253492355,
  "direct_valid_ratio": 1.0,
  "direct_residual_mean": 0.38743358850479126,
  "direct_residual_median": 0.36221349239349365,
  "direct_residual_p90": 0.735962998867035,
  "plus_newton_mae": 2.3433617640993222e-08,
  "plus_newton_rmse": 2.9915730015313556e-08,
  "plus_newton_r2": 0.9999999999999991,
  "plus_newton_valid_ratio": 1.0,
  "plus_newton_residual_mean": 4.222271865864078e-14,
  "plus_newton_residual_median": 1.6653345369377348e-16,
  "plus_newton_residual_p90": 9.481859741811151e-14,
  "plus_newton_newton_iter_mean": 2.7728,
  "plus_newton_newton_iter_median": 3.0,
  "plus_newton_newton_iter_p90": 3.0,
  "plus_newton_converged_ratio": 1.0,
  "hp_use_log_ab": false,
  "hp_optimizer": "adamw",
  "hp_criterion": "smoothl1",
  "hp_dropout": 0.0,
  "hp_lr": 0.001,
  "hp_weight_decay": 1e-05,
  "hp_hidden_dims": "[256, 256, 128]",
  "hp_hidden_size": 128,
  "hp_num_layers": 2,
  "hp_head_hidden": 128,
  "hp_head_layers": 1,
  "hp_d_model": 64,
  "hp_nhead": 4,
  "hp_ff_dim": 128,
  "hp_use_cls_token": true
}{
  "trial_id": 1136,
  "trial_name": "trial_1136_transformer",
  "model": "transformer",
  "best_epoch": 5,
  "elapsed_sec": 43.108625173568726,
  "direct_mae": 0.34207770228385925,
  "direct_rmse": 0.41741707921028137,
  "direct_r2": 0.8186269253492355,
  "direct_valid_ratio": 1.0,
  "direct_residual_mean": 0.38743358850479126,
  "direct_residual_median": 0.36221349239349365,
  "direct_residual_p90": 0.735962998867035,
  "plus_newton_mae": 2.3433617640993222e-08,
  "plus_newton_rmse": 2.9915730015313556e-08,
  "plus_newton_r2": 0.9999999999999991,
  "plus_newton_valid_ratio": 1.0,
  "plus_newton_residual_mean": 4.222271865864078e-14,
  "plus_newton_residual_median": 1.6653345369377348e-16,
  "plus_newton_residual_p90": 9.481859741811151e-14,
  "plus_newton_newton_iter_mean": 2.7728,
  "plus_newton_newton_iter_median": 3.0,
  "plus_newton_newton_iter_p90": 3.0,
  "plus_newton_converged_ratio": 1.0,
  "hp_use_log_ab": false,
  "hp_optimizer": "adamw",
  "hp_criterion": "smoothl1",
  "hp_dropout": 0.0,
  "hp_lr": 0.001,
  "hp_weight_decay": 1e-05,
  "hp_hidden_dims": "[256, 256, 128]",
  "hp_hidden_size": 128,
  "hp_num_layers": 2,
  "hp_head_hidden": 128,
  "hp_head_layers": 1,
  "hp_d_model": 64,
  "hp_nhead": 4,
  "hp_ff_dim": 128,
  "hp_use_cls_token": true
}