{
  "trial_id": 2312,
  "trial_name": "trial_2312_transformer",
  "model": "transformer",
  "best_epoch": 46,
  "elapsed_sec": 92.41935110092163,
  "direct_mae": 0.10521575063467026,
  "direct_rmse": 0.13047245144844055,
  "direct_r2": 0.9822797421365976,
  "direct_valid_ratio": 1.0,
  "direct_residual_mean": 0.13168932497501373,
  "direct_residual_median": 0.11167741566896439,
  "direct_residual_p90": 0.25197852551937105,
  "plus_newton_mae": 2.3433620146788346e-08,
  "plus_newton_rmse": 2.9915731144548606e-08,
  "plus_newton_r2": 0.9999999999999991,
  "plus_newton_valid_ratio": 1.0,
  "plus_newton_residual_mean": 3.5006601994672696e-14,
  "plus_newton_residual_median": 1.1102230246251565e-16,
  "plus_newton_residual_p90": 5.0408288654324466e-14,
  "plus_newton_newton_iter_mean": 2.6186,
  "plus_newton_newton_iter_median": 3.0,
  "plus_newton_newton_iter_p90": 3.0,
  "plus_newton_converged_ratio": 1.0,
  "hp_use_log_ab": true,
  "hp_optimizer": "adamw",
  "hp_criterion": "mse",
  "hp_dropout": 0.0,
  "hp_lr": 0.0005,
  "hp_weight_decay": 1e-05,
  "hp_hidden_dims": "[256, 256, 128]",
  "hp_hidden_size": 128,
  "hp_num_layers": 1,
  "hp_head_hidden": 64,
  "hp_head_layers": 1,
  "hp_d_model": 32,
  "hp_nhead": 4,
  "hp_ff_dim": 128,
  "hp_use_cls_token": true
}{
  "trial_id": 2312,
  "trial_name": "trial_2312_transformer",
  "model": "transformer",
  "best_epoch": 46,
  "elapsed_sec": 92.41935110092163,
  "direct_mae": 0.10521575063467026,
  "direct_rmse": 0.13047245144844055,
  "direct_r2": 0.9822797421365976,
  "direct_valid_ratio": 1.0,
  "direct_residual_mean": 0.13168932497501373,
  "direct_residual_median": 0.11167741566896439,
  "direct_residual_p90": 0.25197852551937105,
  "plus_newton_mae": 2.3433620146788346e-08,
  "plus_newton_rmse": 2.9915731144548606e-08,
  "plus_newton_r2": 0.9999999999999991,
  "plus_newton_valid_ratio": 1.0,
  "plus_newton_residual_mean": 3.5006601994672696e-14,
  "plus_newton_residual_median": 1.1102230246251565e-16,
  "plus_newton_residual_p90": 5.0408288654324466e-14,
  "plus_newton_newton_iter_mean": 2.6186,
  "plus_newton_newton_iter_median": 3.0,
  "plus_newton_newton_iter_p90": 3.0,
  "plus_newton_converged_ratio": 1.0,
  "hp_use_log_ab": true,
  "hp_optimizer": "adamw",
  "hp_criterion": "mse",
  "hp_dropout": 0.0,
  "hp_lr": 0.0005,
  "hp_weight_decay": 1e-05,
  "hp_hidden_dims": "[256, 256, 128]",
  "hp_hidden_size": 128,
  "hp_num_layers": 1,
  "hp_head_hidden": 64,
  "hp_head_layers": 1,
  "hp_d_model": 32,
  "hp_nhead": 4,
  "hp_ff_dim": 128,
  "hp_use_cls_token": true
}