{
  "trial_id": 2103,
  "trial_name": "trial_2103_transformer",
  "model": "transformer",
  "best_epoch": 116,
  "elapsed_sec": 167.78444838523865,
  "direct_mae": 0.0011274131247773767,
  "direct_rmse": 0.0014602728188037872,
  "direct_r2": 0.9999977802688136,
  "direct_valid_ratio": 1.0,
  "direct_residual_mean": 0.0013862218474969268,
  "direct_residual_median": 0.0010633766651153564,
  "direct_residual_p90": 0.003001448512077332,
  "plus_newton_mae": 2.343361674120594e-08,
  "plus_newton_rmse": 2.99157289831551e-08,
  "plus_newton_r2": 0.9999999999999991,
  "plus_newton_valid_ratio": 1.0,
  "plus_newton_residual_mean": 3.112621134196235e-14,
  "plus_newton_residual_median": 9.199455433539505e-17,
  "plus_newton_residual_p90": 2.6705720967967768e-14,
  "plus_newton_newton_iter_mean": 1.9651,
  "plus_newton_newton_iter_median": 2.0,
  "plus_newton_newton_iter_p90": 2.0,
  "plus_newton_converged_ratio": 1.0,
  "hp_use_log_ab": true,
  "hp_optimizer": "adamw",
  "hp_criterion": "mse",
  "hp_dropout": 0.0,
  "hp_lr": 0.001,
  "hp_weight_decay": 1e-05,
  "hp_hidden_dims": "[256, 256, 128]",
  "hp_hidden_size": 128,
  "hp_num_layers": 1,
  "hp_head_hidden": 128,
  "hp_head_layers": 2,
  "hp_d_model": 32,
  "hp_nhead": 4,
  "hp_ff_dim": 128,
  "hp_use_cls_token": false
}{
  "trial_id": 2103,
  "trial_name": "trial_2103_transformer",
  "model": "transformer",
  "best_epoch": 116,
  "elapsed_sec": 167.78444838523865,
  "direct_mae": 0.0011274131247773767,
  "direct_rmse": 0.0014602728188037872,
  "direct_r2": 0.9999977802688136,
  "direct_valid_ratio": 1.0,
  "direct_residual_mean": 0.0013862218474969268,
  "direct_residual_median": 0.0010633766651153564,
  "direct_residual_p90": 0.003001448512077332,
  "plus_newton_mae": 2.343361674120594e-08,
  "plus_newton_rmse": 2.99157289831551e-08,
  "plus_newton_r2": 0.9999999999999991,
  "plus_newton_valid_ratio": 1.0,
  "plus_newton_residual_mean": 3.112621134196235e-14,
  "plus_newton_residual_median": 9.199455433539505e-17,
  "plus_newton_residual_p90": 2.6705720967967768e-14,
  "plus_newton_newton_iter_mean": 1.9651,
  "plus_newton_newton_iter_median": 2.0,
  "plus_newton_newton_iter_p90": 2.0,
  "plus_newton_converged_ratio": 1.0,
  "hp_use_log_ab": true,
  "hp_optimizer": "adamw",
  "hp_criterion": "mse",
  "hp_dropout": 0.0,
  "hp_lr": 0.001,
  "hp_weight_decay": 1e-05,
  "hp_hidden_dims": "[256, 256, 128]",
  "hp_hidden_size": 128,
  "hp_num_layers": 1,
  "hp_head_hidden": 128,
  "hp_head_layers": 2,
  "hp_d_model": 32,
  "hp_nhead": 4,
  "hp_ff_dim": 128,
  "hp_use_cls_token": false
}