{
  "trial_id": 445,
  "trial_name": "trial_445_gru",
  "model": "gru",
  "best_epoch": 64,
  "elapsed_sec": 187.3961169719696,
  "direct_mae": 0.09720820188522339,
  "direct_rmse": 0.1267811506986618,
  "direct_r2": 0.9832682330161333,
  "direct_valid_ratio": 1.0,
  "direct_residual_mean": 0.12379948794841766,
  "direct_residual_median": 0.09684161841869354,
  "direct_residual_p90": 0.2635578215122223,
  "plus_newton_mae": 2.3433620309175335e-08,
  "plus_newton_rmse": 2.991572992884241e-08,
  "plus_newton_r2": 0.9999999999999991,
  "plus_newton_valid_ratio": 1.0,
  "plus_newton_residual_mean": 3.949159891662477e-14,
  "plus_newton_residual_median": 1.1102230246251565e-16,
  "plus_newton_residual_p90": 7.433810511603414e-14,
  "plus_newton_newton_iter_mean": 2.6257,
  "plus_newton_newton_iter_median": 3.0,
  "plus_newton_newton_iter_p90": 3.0,
  "plus_newton_converged_ratio": 1.0,
  "hp_use_log_ab": true,
  "hp_optimizer": "adamw",
  "hp_criterion": "smoothl1",
  "hp_dropout": 0.0,
  "hp_lr": 0.0005,
  "hp_weight_decay": 0.0001,
  "hp_hidden_dims": "[256, 256, 128]",
  "hp_hidden_size": 128,
  "hp_num_layers": 2,
  "hp_head_hidden": 64,
  "hp_head_layers": 1,
  "hp_d_model": 64,
  "hp_nhead": 4,
  "hp_ff_dim": 128,
  "hp_use_cls_token": false
}{
  "trial_id": 445,
  "trial_name": "trial_445_gru",
  "model": "gru",
  "best_epoch": 64,
  "elapsed_sec": 187.3961169719696,
  "direct_mae": 0.09720820188522339,
  "direct_rmse": 0.1267811506986618,
  "direct_r2": 0.9832682330161333,
  "direct_valid_ratio": 1.0,
  "direct_residual_mean": 0.12379948794841766,
  "direct_residual_median": 0.09684161841869354,
  "direct_residual_p90": 0.2635578215122223,
  "plus_newton_mae": 2.3433620309175335e-08,
  "plus_newton_rmse": 2.991572992884241e-08,
  "plus_newton_r2": 0.9999999999999991,
  "plus_newton_valid_ratio": 1.0,
  "plus_newton_residual_mean": 3.949159891662477e-14,
  "plus_newton_residual_median": 1.1102230246251565e-16,
  "plus_newton_residual_p90": 7.433810511603414e-14,
  "plus_newton_newton_iter_mean": 2.6257,
  "plus_newton_newton_iter_median": 3.0,
  "plus_newton_newton_iter_p90": 3.0,
  "plus_newton_converged_ratio": 1.0,
  "hp_use_log_ab": true,
  "hp_optimizer": "adamw",
  "hp_criterion": "smoothl1",
  "hp_dropout": 0.0,
  "hp_lr": 0.0005,
  "hp_weight_decay": 0.0001,
  "hp_hidden_dims": "[256, 256, 128]",
  "hp_hidden_size": 128,
  "hp_num_layers": 2,
  "hp_head_hidden": 64,
  "hp_head_layers": 1,
  "hp_d_model": 64,
  "hp_nhead": 4,
  "hp_ff_dim": 128,
  "hp_use_cls_token": false
}