{
  "trial_id": 713,
  "trial_name": "trial_713_transformer",
  "model": "transformer",
  "best_epoch": 22,
  "elapsed_sec": 81.63042688369751,
  "direct_mae": 0.34062066674232483,
  "direct_rmse": 0.4170984923839569,
  "direct_r2": 0.8189036846160889,
  "direct_valid_ratio": 1.0,
  "direct_residual_mean": 0.38470223546028137,
  "direct_residual_median": 0.3610079884529114,
  "direct_residual_p90": 0.7301943123340607,
  "plus_newton_mae": 2.3433617984228694e-08,
  "plus_newton_rmse": 2.991573028936995e-08,
  "plus_newton_r2": 0.9999999999999991,
  "plus_newton_valid_ratio": 1.0,
  "plus_newton_residual_mean": 4.516662290987374e-14,
  "plus_newton_residual_median": 1.5265566588595902e-16,
  "plus_newton_residual_p90": 1.0748901768664616e-13,
  "plus_newton_newton_iter_mean": 2.7612,
  "plus_newton_newton_iter_median": 3.0,
  "plus_newton_newton_iter_p90": 3.0,
  "plus_newton_converged_ratio": 1.0,
  "hp_use_log_ab": false,
  "hp_optimizer": "adamw",
  "hp_criterion": "mse",
  "hp_dropout": 0.1,
  "hp_lr": 0.001,
  "hp_weight_decay": 0.0001,
  "hp_hidden_dims": "[256, 256, 128]",
  "hp_hidden_size": 128,
  "hp_num_layers": 2,
  "hp_head_hidden": 64,
  "hp_head_layers": 1,
  "hp_d_model": 64,
  "hp_nhead": 2,
  "hp_ff_dim": 64,
  "hp_use_cls_token": false
}{
  "trial_id": 713,
  "trial_name": "trial_713_transformer",
  "model": "transformer",
  "best_epoch": 22,
  "elapsed_sec": 81.63042688369751,
  "direct_mae": 0.34062066674232483,
  "direct_rmse": 0.4170984923839569,
  "direct_r2": 0.8189036846160889,
  "direct_valid_ratio": 1.0,
  "direct_residual_mean": 0.38470223546028137,
  "direct_residual_median": 0.3610079884529114,
  "direct_residual_p90": 0.7301943123340607,
  "plus_newton_mae": 2.3433617984228694e-08,
  "plus_newton_rmse": 2.991573028936995e-08,
  "plus_newton_r2": 0.9999999999999991,
  "plus_newton_valid_ratio": 1.0,
  "plus_newton_residual_mean": 4.516662290987374e-14,
  "plus_newton_residual_median": 1.5265566588595902e-16,
  "plus_newton_residual_p90": 1.0748901768664616e-13,
  "plus_newton_newton_iter_mean": 2.7612,
  "plus_newton_newton_iter_median": 3.0,
  "plus_newton_newton_iter_p90": 3.0,
  "plus_newton_converged_ratio": 1.0,
  "hp_use_log_ab": false,
  "hp_optimizer": "adamw",
  "hp_criterion": "mse",
  "hp_dropout": 0.1,
  "hp_lr": 0.001,
  "hp_weight_decay": 0.0001,
  "hp_hidden_dims": "[256, 256, 128]",
  "hp_hidden_size": 128,
  "hp_num_layers": 2,
  "hp_head_hidden": 64,
  "hp_head_layers": 1,
  "hp_d_model": 64,
  "hp_nhead": 2,
  "hp_ff_dim": 64,
  "hp_use_cls_token": false
}