{
  "trial_id": 494,
  "trial_name": "trial_494_gru",
  "model": "gru",
  "best_epoch": 49,
  "elapsed_sec": 163.12683081626892,
  "direct_mae": 0.01146947406232357,
  "direct_rmse": 0.014818916097283363,
  "direct_r2": 0.9997714057681151,
  "direct_valid_ratio": 1.0,
  "direct_residual_mean": 0.013129186816513538,
  "direct_residual_median": 0.01057898998260498,
  "direct_residual_p90": 0.028286063671112065,
  "plus_newton_mae": 2.343361842396564e-08,
  "plus_newton_rmse": 2.9915730529845024e-08,
  "plus_newton_r2": 0.9999999999999991,
  "plus_newton_valid_ratio": 1.0,
  "plus_newton_residual_mean": 4.5612820839670917e-14,
  "plus_newton_residual_median": 1.1102230246251565e-16,
  "plus_newton_residual_p90": 1.290578754975515e-13,
  "plus_newton_newton_iter_mean": 2.1505,
  "plus_newton_newton_iter_median": 2.0,
  "plus_newton_newton_iter_p90": 3.0,
  "plus_newton_converged_ratio": 1.0,
  "hp_use_log_ab": true,
  "hp_optimizer": "adamw",
  "hp_criterion": "smoothl1",
  "hp_dropout": 0.1,
  "hp_lr": 0.0005,
  "hp_weight_decay": 1e-05,
  "hp_hidden_dims": "[256, 256, 128]",
  "hp_hidden_size": 128,
  "hp_num_layers": 2,
  "hp_head_hidden": 64,
  "hp_head_layers": 2,
  "hp_d_model": 64,
  "hp_nhead": 4,
  "hp_ff_dim": 128,
  "hp_use_cls_token": false
}{
  "trial_id": 494,
  "trial_name": "trial_494_gru",
  "model": "gru",
  "best_epoch": 49,
  "elapsed_sec": 163.12683081626892,
  "direct_mae": 0.01146947406232357,
  "direct_rmse": 0.014818916097283363,
  "direct_r2": 0.9997714057681151,
  "direct_valid_ratio": 1.0,
  "direct_residual_mean": 0.013129186816513538,
  "direct_residual_median": 0.01057898998260498,
  "direct_residual_p90": 0.028286063671112065,
  "plus_newton_mae": 2.343361842396564e-08,
  "plus_newton_rmse": 2.9915730529845024e-08,
  "plus_newton_r2": 0.9999999999999991,
  "plus_newton_valid_ratio": 1.0,
  "plus_newton_residual_mean": 4.5612820839670917e-14,
  "plus_newton_residual_median": 1.1102230246251565e-16,
  "plus_newton_residual_p90": 1.290578754975515e-13,
  "plus_newton_newton_iter_mean": 2.1505,
  "plus_newton_newton_iter_median": 2.0,
  "plus_newton_newton_iter_p90": 3.0,
  "plus_newton_converged_ratio": 1.0,
  "hp_use_log_ab": true,
  "hp_optimizer": "adamw",
  "hp_criterion": "smoothl1",
  "hp_dropout": 0.1,
  "hp_lr": 0.0005,
  "hp_weight_decay": 1e-05,
  "hp_hidden_dims": "[256, 256, 128]",
  "hp_hidden_size": 128,
  "hp_num_layers": 2,
  "hp_head_hidden": 64,
  "hp_head_layers": 2,
  "hp_d_model": 64,
  "hp_nhead": 4,
  "hp_ff_dim": 128,
  "hp_use_cls_token": false
}