{
  "trial_id": 486,
  "trial_name": "trial_486_lstm",
  "model": "lstm",
  "best_epoch": 43,
  "elapsed_sec": 148.82625198364258,
  "direct_mae": 0.01111576147377491,
  "direct_rmse": 0.013815714046359062,
  "direct_r2": 0.9998013086151332,
  "direct_valid_ratio": 1.0,
  "direct_residual_mean": 0.013200771994888783,
  "direct_residual_median": 0.011017512530088425,
  "direct_residual_p90": 0.02621815800666809,
  "plus_newton_mae": 2.3433618873034e-08,
  "plus_newton_rmse": 2.991572970618627e-08,
  "plus_newton_r2": 0.9999999999999991,
  "plus_newton_valid_ratio": 1.0,
  "plus_newton_residual_mean": 3.8066585515650705e-14,
  "plus_newton_residual_median": 1.1102230246251565e-16,
  "plus_newton_residual_p90": 6.772360450213455e-14,
  "plus_newton_newton_iter_mean": 2.1879,
  "plus_newton_newton_iter_median": 2.0,
  "plus_newton_newton_iter_p90": 3.0,
  "plus_newton_converged_ratio": 1.0,
  "hp_use_log_ab": true,
  "hp_optimizer": "adamw",
  "hp_criterion": "smoothl1",
  "hp_dropout": 0.1,
  "hp_lr": 0.0005,
  "hp_weight_decay": 1e-05,
  "hp_hidden_dims": "[256, 256, 128]",
  "hp_hidden_size": 64,
  "hp_num_layers": 2,
  "hp_head_hidden": 64,
  "hp_head_layers": 2,
  "hp_d_model": 64,
  "hp_nhead": 4,
  "hp_ff_dim": 128,
  "hp_use_cls_token": false
}{
  "trial_id": 486,
  "trial_name": "trial_486_lstm",
  "model": "lstm",
  "best_epoch": 43,
  "elapsed_sec": 148.82625198364258,
  "direct_mae": 0.01111576147377491,
  "direct_rmse": 0.013815714046359062,
  "direct_r2": 0.9998013086151332,
  "direct_valid_ratio": 1.0,
  "direct_residual_mean": 0.013200771994888783,
  "direct_residual_median": 0.011017512530088425,
  "direct_residual_p90": 0.02621815800666809,
  "plus_newton_mae": 2.3433618873034e-08,
  "plus_newton_rmse": 2.991572970618627e-08,
  "plus_newton_r2": 0.9999999999999991,
  "plus_newton_valid_ratio": 1.0,
  "plus_newton_residual_mean": 3.8066585515650705e-14,
  "plus_newton_residual_median": 1.1102230246251565e-16,
  "plus_newton_residual_p90": 6.772360450213455e-14,
  "plus_newton_newton_iter_mean": 2.1879,
  "plus_newton_newton_iter_median": 2.0,
  "plus_newton_newton_iter_p90": 3.0,
  "plus_newton_converged_ratio": 1.0,
  "hp_use_log_ab": true,
  "hp_optimizer": "adamw",
  "hp_criterion": "smoothl1",
  "hp_dropout": 0.1,
  "hp_lr": 0.0005,
  "hp_weight_decay": 1e-05,
  "hp_hidden_dims": "[256, 256, 128]",
  "hp_hidden_size": 64,
  "hp_num_layers": 2,
  "hp_head_hidden": 64,
  "hp_head_layers": 2,
  "hp_d_model": 64,
  "hp_nhead": 4,
  "hp_ff_dim": 128,
  "hp_use_cls_token": false
}