{
  "trial_id": 6,
  "trial_name": "trial_006_lstm",
  "model": "lstm",
  "best_epoch": 104,
  "elapsed_sec": 312.1822829246521,
  "direct_mae": 0.0028032739646732807,
  "direct_rmse": 0.0038407533429563046,
  "direct_r2": 0.9999846444570721,
  "direct_valid_ratio": 1.0,
  "direct_residual_mean": 0.0033558914437890053,
  "direct_residual_median": 0.0024193525314331055,
  "direct_residual_p90": 0.007918763160705567,
  "plus_newton_mae": 2.343361849815671e-08,
  "plus_newton_rmse": 2.991573057770106e-08,
  "plus_newton_r2": 0.9999999999999991,
  "plus_newton_valid_ratio": 1.0,
  "plus_newton_residual_mean": 2.4564991371594522e-14,
  "plus_newton_residual_median": 1.1102230246251565e-16,
  "plus_newton_residual_p90": 2.2226664952995715e-14,
  "plus_newton_newton_iter_mean": 2.0429,
  "plus_newton_newton_iter_median": 2.0,
  "plus_newton_newton_iter_p90": 2.0,
  "plus_newton_converged_ratio": 1.0,
  "hp_use_log_ab": false,
  "hp_optimizer": "adamw",
  "hp_criterion": "mse",
  "hp_dropout": 0.0,
  "hp_lr": 0.001,
  "hp_weight_decay": 1e-05,
  "hp_hidden_dims": "[256, 256, 128]",
  "hp_hidden_size": 64,
  "hp_num_layers": 2,
  "hp_head_hidden": 64,
  "hp_head_layers": 2,
  "hp_d_model": 64,
  "hp_nhead": 4,
  "hp_ff_dim": 128,
  "hp_use_cls_token": false
}{
  "trial_id": 6,
  "trial_name": "trial_006_lstm",
  "model": "lstm",
  "best_epoch": 104,
  "elapsed_sec": 312.1822829246521,
  "direct_mae": 0.0028032739646732807,
  "direct_rmse": 0.0038407533429563046,
  "direct_r2": 0.9999846444570721,
  "direct_valid_ratio": 1.0,
  "direct_residual_mean": 0.0033558914437890053,
  "direct_residual_median": 0.0024193525314331055,
  "direct_residual_p90": 0.007918763160705567,
  "plus_newton_mae": 2.343361849815671e-08,
  "plus_newton_rmse": 2.991573057770106e-08,
  "plus_newton_r2": 0.9999999999999991,
  "plus_newton_valid_ratio": 1.0,
  "plus_newton_residual_mean": 2.4564991371594522e-14,
  "plus_newton_residual_median": 1.1102230246251565e-16,
  "plus_newton_residual_p90": 2.2226664952995715e-14,
  "plus_newton_newton_iter_mean": 2.0429,
  "plus_newton_newton_iter_median": 2.0,
  "plus_newton_newton_iter_p90": 2.0,
  "plus_newton_converged_ratio": 1.0,
  "hp_use_log_ab": false,
  "hp_optimizer": "adamw",
  "hp_criterion": "mse",
  "hp_dropout": 0.0,
  "hp_lr": 0.001,
  "hp_weight_decay": 1e-05,
  "hp_hidden_dims": "[256, 256, 128]",
  "hp_hidden_size": 64,
  "hp_num_layers": 2,
  "hp_head_hidden": 64,
  "hp_head_layers": 2,
  "hp_d_model": 64,
  "hp_nhead": 4,
  "hp_ff_dim": 128,
  "hp_use_cls_token": false
}