{
  "trial_id": 1510,
  "trial_name": "trial_1510_transformer",
  "model": "transformer",
  "best_epoch": 40,
  "elapsed_sec": 102.99502968788147,
  "direct_mae": 0.34052330255508423,
  "direct_rmse": 0.4179920554161072,
  "direct_r2": 0.8181269317865372,
  "direct_valid_ratio": 1.0,
  "direct_residual_mean": 0.3836272954940796,
  "direct_residual_median": 0.3590649962425232,
  "direct_residual_p90": 0.7414936304092408,
  "plus_newton_mae": 2.3433620767273474e-08,
  "plus_newton_rmse": 2.9915731802540204e-08,
  "plus_newton_r2": 0.9999999999999991,
  "plus_newton_valid_ratio": 1.0,
  "plus_newton_residual_mean": 4.5052137284338074e-14,
  "plus_newton_residual_median": 2.220446049250313e-16,
  "plus_newton_residual_p90": 1.0503351660640097e-13,
  "plus_newton_newton_iter_mean": 2.7502,
  "plus_newton_newton_iter_median": 3.0,
  "plus_newton_newton_iter_p90": 3.0,
  "plus_newton_converged_ratio": 1.0,
  "hp_use_log_ab": false,
  "hp_optimizer": "adamw",
  "hp_criterion": "smoothl1",
  "hp_dropout": 0.0,
  "hp_lr": 0.0005,
  "hp_weight_decay": 0.0001,
  "hp_hidden_dims": "[256, 256, 128]",
  "hp_hidden_size": 128,
  "hp_num_layers": 2,
  "hp_head_hidden": 128,
  "hp_head_layers": 1,
  "hp_d_model": 32,
  "hp_nhead": 4,
  "hp_ff_dim": 64,
  "hp_use_cls_token": true
}{
  "trial_id": 1510,
  "trial_name": "trial_1510_transformer",
  "model": "transformer",
  "best_epoch": 40,
  "elapsed_sec": 102.99502968788147,
  "direct_mae": 0.34052330255508423,
  "direct_rmse": 0.4179920554161072,
  "direct_r2": 0.8181269317865372,
  "direct_valid_ratio": 1.0,
  "direct_residual_mean": 0.3836272954940796,
  "direct_residual_median": 0.3590649962425232,
  "direct_residual_p90": 0.7414936304092408,
  "plus_newton_mae": 2.3433620767273474e-08,
  "plus_newton_rmse": 2.9915731802540204e-08,
  "plus_newton_r2": 0.9999999999999991,
  "plus_newton_valid_ratio": 1.0,
  "plus_newton_residual_mean": 4.5052137284338074e-14,
  "plus_newton_residual_median": 2.220446049250313e-16,
  "plus_newton_residual_p90": 1.0503351660640097e-13,
  "plus_newton_newton_iter_mean": 2.7502,
  "plus_newton_newton_iter_median": 3.0,
  "plus_newton_newton_iter_p90": 3.0,
  "plus_newton_converged_ratio": 1.0,
  "hp_use_log_ab": false,
  "hp_optimizer": "adamw",
  "hp_criterion": "smoothl1",
  "hp_dropout": 0.0,
  "hp_lr": 0.0005,
  "hp_weight_decay": 0.0001,
  "hp_hidden_dims": "[256, 256, 128]",
  "hp_hidden_size": 128,
  "hp_num_layers": 2,
  "hp_head_hidden": 128,
  "hp_head_layers": 1,
  "hp_d_model": 32,
  "hp_nhead": 4,
  "hp_ff_dim": 64,
  "hp_use_cls_token": true
}