{
  "trial_id": 2431,
  "trial_name": "trial_2431_transformer",
  "model": "transformer",
  "best_epoch": 119,
  "elapsed_sec": 208.06646084785461,
  "direct_mae": 0.0015832820208743215,
  "direct_rmse": 0.002045577624812722,
  "direct_r2": 0.9999956442356961,
  "direct_valid_ratio": 1.0,
  "direct_residual_mean": 0.0019511973951011896,
  "direct_residual_median": 0.00147169828414917,
  "direct_residual_p90": 0.0040374517440795905,
  "plus_newton_mae": 2.3433618626945346e-08,
  "plus_newton_rmse": 2.991573129123754e-08,
  "plus_newton_r2": 0.9999999999999991,
  "plus_newton_valid_ratio": 1.0,
  "plus_newton_residual_mean": 2.4711389129859968e-14,
  "plus_newton_residual_median": 9.8879238130678e-17,
  "plus_newton_residual_p90": 1.6553425297161124e-14,
  "plus_newton_newton_iter_mean": 2.0061,
  "plus_newton_newton_iter_median": 2.0,
  "plus_newton_newton_iter_p90": 2.0,
  "plus_newton_converged_ratio": 1.0,
  "hp_use_log_ab": true,
  "hp_optimizer": "adamw",
  "hp_criterion": "mse",
  "hp_dropout": 0.0,
  "hp_lr": 0.0005,
  "hp_weight_decay": 1e-05,
  "hp_hidden_dims": "[256, 256, 128]",
  "hp_hidden_size": 128,
  "hp_num_layers": 2,
  "hp_head_hidden": 128,
  "hp_head_layers": 2,
  "hp_d_model": 64,
  "hp_nhead": 4,
  "hp_ff_dim": 128,
  "hp_use_cls_token": false
}{
  "trial_id": 2431,
  "trial_name": "trial_2431_transformer",
  "model": "transformer",
  "best_epoch": 119,
  "elapsed_sec": 208.06646084785461,
  "direct_mae": 0.0015832820208743215,
  "direct_rmse": 0.002045577624812722,
  "direct_r2": 0.9999956442356961,
  "direct_valid_ratio": 1.0,
  "direct_residual_mean": 0.0019511973951011896,
  "direct_residual_median": 0.00147169828414917,
  "direct_residual_p90": 0.0040374517440795905,
  "plus_newton_mae": 2.3433618626945346e-08,
  "plus_newton_rmse": 2.991573129123754e-08,
  "plus_newton_r2": 0.9999999999999991,
  "plus_newton_valid_ratio": 1.0,
  "plus_newton_residual_mean": 2.4711389129859968e-14,
  "plus_newton_residual_median": 9.8879238130678e-17,
  "plus_newton_residual_p90": 1.6553425297161124e-14,
  "plus_newton_newton_iter_mean": 2.0061,
  "plus_newton_newton_iter_median": 2.0,
  "plus_newton_newton_iter_p90": 2.0,
  "plus_newton_converged_ratio": 1.0,
  "hp_use_log_ab": true,
  "hp_optimizer": "adamw",
  "hp_criterion": "mse",
  "hp_dropout": 0.0,
  "hp_lr": 0.0005,
  "hp_weight_decay": 1e-05,
  "hp_hidden_dims": "[256, 256, 128]",
  "hp_hidden_size": 128,
  "hp_num_layers": 2,
  "hp_head_hidden": 128,
  "hp_head_layers": 2,
  "hp_d_model": 64,
  "hp_nhead": 4,
  "hp_ff_dim": 128,
  "hp_use_cls_token": false
}