{
  "trial_id": 572,
  "trial_name": "trial_572_transformer",
  "model": "transformer",
  "best_epoch": 68,
  "elapsed_sec": 143.08078980445862,
  "direct_mae": 0.007896477356553078,
  "direct_rmse": 0.011960365809500217,
  "direct_r2": 0.9998510908772005,
  "direct_valid_ratio": 1.0,
  "direct_residual_mean": 0.009138539433479309,
  "direct_residual_median": 0.006072312593460083,
  "direct_residual_p90": 0.0241601049900055,
  "plus_newton_mae": 2.343361746614372e-08,
  "plus_newton_rmse": 2.9915728900474037e-08,
  "plus_newton_r2": 0.9999999999999991,
  "plus_newton_valid_ratio": 1.0,
  "plus_newton_residual_mean": 3.969138898599412e-14,
  "plus_newton_residual_median": 1.1102230246251565e-16,
  "plus_newton_residual_p90": 8.38704106165267e-14,
  "plus_newton_newton_iter_mean": 2.105,
  "plus_newton_newton_iter_median": 2.0,
  "plus_newton_newton_iter_p90": 3.0,
  "plus_newton_converged_ratio": 1.0,
  "hp_use_log_ab": false,
  "hp_optimizer": "adamw",
  "hp_criterion": "mse",
  "hp_dropout": 0.1,
  "hp_lr": 0.001,
  "hp_weight_decay": 1e-05,
  "hp_hidden_dims": "[256, 256, 128]",
  "hp_hidden_size": 128,
  "hp_num_layers": 1,
  "hp_head_hidden": 128,
  "hp_head_layers": 2,
  "hp_d_model": 64,
  "hp_nhead": 2,
  "hp_ff_dim": 128,
  "hp_use_cls_token": true
}{
  "trial_id": 572,
  "trial_name": "trial_572_transformer",
  "model": "transformer",
  "best_epoch": 68,
  "elapsed_sec": 143.08078980445862,
  "direct_mae": 0.007896477356553078,
  "direct_rmse": 0.011960365809500217,
  "direct_r2": 0.9998510908772005,
  "direct_valid_ratio": 1.0,
  "direct_residual_mean": 0.009138539433479309,
  "direct_residual_median": 0.006072312593460083,
  "direct_residual_p90": 0.0241601049900055,
  "plus_newton_mae": 2.343361746614372e-08,
  "plus_newton_rmse": 2.9915728900474037e-08,
  "plus_newton_r2": 0.9999999999999991,
  "plus_newton_valid_ratio": 1.0,
  "plus_newton_residual_mean": 3.969138898599412e-14,
  "plus_newton_residual_median": 1.1102230246251565e-16,
  "plus_newton_residual_p90": 8.38704106165267e-14,
  "plus_newton_newton_iter_mean": 2.105,
  "plus_newton_newton_iter_median": 2.0,
  "plus_newton_newton_iter_p90": 3.0,
  "plus_newton_converged_ratio": 1.0,
  "hp_use_log_ab": false,
  "hp_optimizer": "adamw",
  "hp_criterion": "mse",
  "hp_dropout": 0.1,
  "hp_lr": 0.001,
  "hp_weight_decay": 1e-05,
  "hp_hidden_dims": "[256, 256, 128]",
  "hp_hidden_size": 128,
  "hp_num_layers": 1,
  "hp_head_hidden": 128,
  "hp_head_layers": 2,
  "hp_d_model": 64,
  "hp_nhead": 2,
  "hp_ff_dim": 128,
  "hp_use_cls_token": true
}