{
  "trial_id": 2013,
  "trial_name": "trial_2013_transformer",
  "model": "transformer",
  "best_epoch": 35,
  "elapsed_sec": 775.7624216079712,
  "direct_mae": 0.015911735594272614,
  "direct_rmse": 0.02386827953159809,
  "direct_r2": 0.9994069728418253,
  "direct_valid_ratio": 1.0,
  "direct_residual_mean": 0.01847994700074196,
  "direct_residual_median": 0.01259264349937439,
  "direct_residual_p90": 0.04382293224334717,
  "plus_newton_mae": 2.3433617535777992e-08,
  "plus_newton_rmse": 2.9915728393535366e-08,
  "plus_newton_r2": 0.9999999999999991,
  "plus_newton_valid_ratio": 1.0,
  "plus_newton_residual_mean": 4.8332409271739354e-14,
  "plus_newton_residual_median": 1.1102230246251565e-16,
  "plus_newton_residual_p90": 1.2482237465860647e-13,
  "plus_newton_newton_iter_mean": 2.2349,
  "plus_newton_newton_iter_median": 2.0,
  "plus_newton_newton_iter_p90": 3.0,
  "plus_newton_converged_ratio": 1.0,
  "hp_use_log_ab": false,
  "hp_optimizer": "adamw",
  "hp_criterion": "smoothl1",
  "hp_dropout": 0.1,
  "hp_lr": 0.0005,
  "hp_weight_decay": 0.0001,
  "hp_hidden_dims": "[256, 256, 128]",
  "hp_hidden_size": 128,
  "hp_num_layers": 2,
  "hp_head_hidden": 64,
  "hp_head_layers": 2,
  "hp_d_model": 64,
  "hp_nhead": 4,
  "hp_ff_dim": 64,
  "hp_use_cls_token": false
}{
  "trial_id": 2013,
  "trial_name": "trial_2013_transformer",
  "model": "transformer",
  "best_epoch": 35,
  "elapsed_sec": 775.7624216079712,
  "direct_mae": 0.015911735594272614,
  "direct_rmse": 0.02386827953159809,
  "direct_r2": 0.9994069728418253,
  "direct_valid_ratio": 1.0,
  "direct_residual_mean": 0.01847994700074196,
  "direct_residual_median": 0.01259264349937439,
  "direct_residual_p90": 0.04382293224334717,
  "plus_newton_mae": 2.3433617535777992e-08,
  "plus_newton_rmse": 2.9915728393535366e-08,
  "plus_newton_r2": 0.9999999999999991,
  "plus_newton_valid_ratio": 1.0,
  "plus_newton_residual_mean": 4.8332409271739354e-14,
  "plus_newton_residual_median": 1.1102230246251565e-16,
  "plus_newton_residual_p90": 1.2482237465860647e-13,
  "plus_newton_newton_iter_mean": 2.2349,
  "plus_newton_newton_iter_median": 2.0,
  "plus_newton_newton_iter_p90": 3.0,
  "plus_newton_converged_ratio": 1.0,
  "hp_use_log_ab": false,
  "hp_optimizer": "adamw",
  "hp_criterion": "smoothl1",
  "hp_dropout": 0.1,
  "hp_lr": 0.0005,
  "hp_weight_decay": 0.0001,
  "hp_hidden_dims": "[256, 256, 128]",
  "hp_hidden_size": 128,
  "hp_num_layers": 2,
  "hp_head_hidden": 64,
  "hp_head_layers": 2,
  "hp_d_model": 64,
  "hp_nhead": 4,
  "hp_ff_dim": 64,
  "hp_use_cls_token": false
}