{
  "trial_id": 505,
  "trial_name": "trial_505_lstm",
  "model": "lstm",
  "best_epoch": 8,
  "elapsed_sec": 49.32663416862488,
  "direct_mae": 0.10706271976232529,
  "direct_rmse": 0.1430039405822754,
  "direct_r2": 0.9787123166024685,
  "direct_valid_ratio": 1.0,
  "direct_residual_mean": 0.13726337254047394,
  "direct_residual_median": 0.10066518187522888,
  "direct_residual_p90": 0.2737906754016877,
  "plus_newton_mae": 2.3433617682416617e-08,
  "plus_newton_rmse": 2.9915728438229344e-08,
  "plus_newton_r2": 0.9999999999999991,
  "plus_newton_valid_ratio": 1.0,
  "plus_newton_residual_mean": 3.465404729337211e-14,
  "plus_newton_residual_median": 1.1102230246251565e-16,
  "plus_newton_residual_p90": 4.4653170050423877e-14,
  "plus_newton_newton_iter_mean": 2.6125,
  "plus_newton_newton_iter_median": 3.0,
  "plus_newton_newton_iter_p90": 3.0,
  "plus_newton_converged_ratio": 1.0,
  "hp_use_log_ab": true,
  "hp_optimizer": "adamw",
  "hp_criterion": "smoothl1",
  "hp_dropout": 0.1,
  "hp_lr": 0.0005,
  "hp_weight_decay": 0.0001,
  "hp_hidden_dims": "[256, 256, 128]",
  "hp_hidden_size": 128,
  "hp_num_layers": 1,
  "hp_head_hidden": 64,
  "hp_head_layers": 1,
  "hp_d_model": 64,
  "hp_nhead": 4,
  "hp_ff_dim": 128,
  "hp_use_cls_token": false
}{
  "trial_id": 505,
  "trial_name": "trial_505_lstm",
  "model": "lstm",
  "best_epoch": 8,
  "elapsed_sec": 49.32663416862488,
  "direct_mae": 0.10706271976232529,
  "direct_rmse": 0.1430039405822754,
  "direct_r2": 0.9787123166024685,
  "direct_valid_ratio": 1.0,
  "direct_residual_mean": 0.13726337254047394,
  "direct_residual_median": 0.10066518187522888,
  "direct_residual_p90": 0.2737906754016877,
  "plus_newton_mae": 2.3433617682416617e-08,
  "plus_newton_rmse": 2.9915728438229344e-08,
  "plus_newton_r2": 0.9999999999999991,
  "plus_newton_valid_ratio": 1.0,
  "plus_newton_residual_mean": 3.465404729337211e-14,
  "plus_newton_residual_median": 1.1102230246251565e-16,
  "plus_newton_residual_p90": 4.4653170050423877e-14,
  "plus_newton_newton_iter_mean": 2.6125,
  "plus_newton_newton_iter_median": 3.0,
  "plus_newton_newton_iter_p90": 3.0,
  "plus_newton_converged_ratio": 1.0,
  "hp_use_log_ab": true,
  "hp_optimizer": "adamw",
  "hp_criterion": "smoothl1",
  "hp_dropout": 0.1,
  "hp_lr": 0.0005,
  "hp_weight_decay": 0.0001,
  "hp_hidden_dims": "[256, 256, 128]",
  "hp_hidden_size": 128,
  "hp_num_layers": 1,
  "hp_head_hidden": 64,
  "hp_head_layers": 1,
  "hp_d_model": 64,
  "hp_nhead": 4,
  "hp_ff_dim": 128,
  "hp_use_cls_token": false
}