{
  "trial_id": 304,
  "trial_name": "trial_304_gru",
  "model": "gru",
  "best_epoch": 104,
  "elapsed_sec": 272.9314682483673,
  "direct_mae": 0.0011443106923252344,
  "direct_rmse": 0.0014910694444552064,
  "direct_r2": 0.9999976856547619,
  "direct_valid_ratio": 1.0,
  "direct_residual_mean": 0.0013773435493931174,
  "direct_residual_median": 0.0010574739426374435,
  "direct_residual_p90": 0.0028625458478927614,
  "plus_newton_mae": 2.3433618194065592e-08,
  "plus_newton_rmse": 2.991573001854544e-08,
  "plus_newton_r2": 0.9999999999999991,
  "plus_newton_valid_ratio": 1.0,
  "plus_newton_residual_mean": 2.392485717130199e-14,
  "plus_newton_residual_median": 5.551115123125783e-17,
  "plus_newton_residual_p90": 7.883971253619398e-15,
  "plus_newton_newton_iter_mean": 1.9722,
  "plus_newton_newton_iter_median": 2.0,
  "plus_newton_newton_iter_p90": 2.0,
  "plus_newton_converged_ratio": 1.0,
  "hp_use_log_ab": true,
  "hp_optimizer": "adamw",
  "hp_criterion": "mse",
  "hp_dropout": 0.0,
  "hp_lr": 0.0005,
  "hp_weight_decay": 1e-05,
  "hp_hidden_dims": "[256, 256, 128]",
  "hp_hidden_size": 128,
  "hp_num_layers": 2,
  "hp_head_hidden": 128,
  "hp_head_layers": 2,
  "hp_d_model": 64,
  "hp_nhead": 4,
  "hp_ff_dim": 128,
  "hp_use_cls_token": false
}{
  "trial_id": 304,
  "trial_name": "trial_304_gru",
  "model": "gru",
  "best_epoch": 104,
  "elapsed_sec": 272.9314682483673,
  "direct_mae": 0.0011443106923252344,
  "direct_rmse": 0.0014910694444552064,
  "direct_r2": 0.9999976856547619,
  "direct_valid_ratio": 1.0,
  "direct_residual_mean": 0.0013773435493931174,
  "direct_residual_median": 0.0010574739426374435,
  "direct_residual_p90": 0.0028625458478927614,
  "plus_newton_mae": 2.3433618194065592e-08,
  "plus_newton_rmse": 2.991573001854544e-08,
  "plus_newton_r2": 0.9999999999999991,
  "plus_newton_valid_ratio": 1.0,
  "plus_newton_residual_mean": 2.392485717130199e-14,
  "plus_newton_residual_median": 5.551115123125783e-17,
  "plus_newton_residual_p90": 7.883971253619398e-15,
  "plus_newton_newton_iter_mean": 1.9722,
  "plus_newton_newton_iter_median": 2.0,
  "plus_newton_newton_iter_p90": 2.0,
  "plus_newton_converged_ratio": 1.0,
  "hp_use_log_ab": true,
  "hp_optimizer": "adamw",
  "hp_criterion": "mse",
  "hp_dropout": 0.0,
  "hp_lr": 0.0005,
  "hp_weight_decay": 1e-05,
  "hp_hidden_dims": "[256, 256, 128]",
  "hp_hidden_size": 128,
  "hp_num_layers": 2,
  "hp_head_hidden": 128,
  "hp_head_layers": 2,
  "hp_d_model": 64,
  "hp_nhead": 4,
  "hp_ff_dim": 128,
  "hp_use_cls_token": false
}