{
  "trial_id": 2942,
  "trial_name": "trial_2942_transformer",
  "model": "transformer",
  "best_epoch": 43,
  "elapsed_sec": 604.4934096336365,
  "direct_mae": 0.007310443092137575,
  "direct_rmse": 0.009236715734004974,
  "direct_r2": 0.999911188846454,
  "direct_valid_ratio": 1.0,
  "direct_residual_mean": 0.008818131871521473,
  "direct_residual_median": 0.007473587989807129,
  "direct_residual_p90": 0.017211976647377017,
  "plus_newton_mae": 2.3433617303542916e-08,
  "plus_newton_rmse": 2.991572898136707e-08,
  "plus_newton_r2": 0.9999999999999991,
  "plus_newton_valid_ratio": 1.0,
  "plus_newton_residual_mean": 4.5547975877741167e-14,
  "plus_newton_residual_median": 1.1102230246251565e-16,
  "plus_newton_residual_p90": 9.106049247975542e-14,
  "plus_newton_newton_iter_mean": 2.1612,
  "plus_newton_newton_iter_median": 2.0,
  "plus_newton_newton_iter_p90": 3.0,
  "plus_newton_converged_ratio": 1.0,
  "hp_use_log_ab": true,
  "hp_optimizer": "adamw",
  "hp_criterion": "mse",
  "hp_dropout": 0.1,
  "hp_lr": 0.0005,
  "hp_weight_decay": 1e-05,
  "hp_hidden_dims": "[256, 256, 128]",
  "hp_hidden_size": 128,
  "hp_num_layers": 2,
  "hp_head_hidden": 128,
  "hp_head_layers": 2,
  "hp_d_model": 64,
  "hp_nhead": 4,
  "hp_ff_dim": 64,
  "hp_use_cls_token": true
}{
  "trial_id": 2942,
  "trial_name": "trial_2942_transformer",
  "model": "transformer",
  "best_epoch": 43,
  "elapsed_sec": 604.4934096336365,
  "direct_mae": 0.007310443092137575,
  "direct_rmse": 0.009236715734004974,
  "direct_r2": 0.999911188846454,
  "direct_valid_ratio": 1.0,
  "direct_residual_mean": 0.008818131871521473,
  "direct_residual_median": 0.007473587989807129,
  "direct_residual_p90": 0.017211976647377017,
  "plus_newton_mae": 2.3433617303542916e-08,
  "plus_newton_rmse": 2.991572898136707e-08,
  "plus_newton_r2": 0.9999999999999991,
  "plus_newton_valid_ratio": 1.0,
  "plus_newton_residual_mean": 4.5547975877741167e-14,
  "plus_newton_residual_median": 1.1102230246251565e-16,
  "plus_newton_residual_p90": 9.106049247975542e-14,
  "plus_newton_newton_iter_mean": 2.1612,
  "plus_newton_newton_iter_median": 2.0,
  "plus_newton_newton_iter_p90": 3.0,
  "plus_newton_converged_ratio": 1.0,
  "hp_use_log_ab": true,
  "hp_optimizer": "adamw",
  "hp_criterion": "mse",
  "hp_dropout": 0.1,
  "hp_lr": 0.0005,
  "hp_weight_decay": 1e-05,
  "hp_hidden_dims": "[256, 256, 128]",
  "hp_hidden_size": 128,
  "hp_num_layers": 2,
  "hp_head_hidden": 128,
  "hp_head_layers": 2,
  "hp_d_model": 64,
  "hp_nhead": 4,
  "hp_ff_dim": 64,
  "hp_use_cls_token": true
}