{
  "trial_id": 2870,
  "trial_name": "trial_2870_transformer",
  "model": "transformer",
  "best_epoch": 43,
  "elapsed_sec": 363.7934019565582,
  "direct_mae": 0.006547656375914812,
  "direct_rmse": 0.008465844206511974,
  "direct_r2": 0.9999253941423376,
  "direct_valid_ratio": 1.0,
  "direct_residual_mean": 0.008074389770627022,
  "direct_residual_median": 0.0062222667038440704,
  "direct_residual_p90": 0.016834819316864015,
  "plus_newton_mae": 2.3433616831727154e-08,
  "plus_newton_rmse": 2.9915728151989806e-08,
  "plus_newton_r2": 0.9999999999999991,
  "plus_newton_valid_ratio": 1.0,
  "plus_newton_residual_mean": 3.674014528278814e-14,
  "plus_newton_residual_median": 1.1102230246251565e-16,
  "plus_newton_residual_p90": 8.005263119059693e-14,
  "plus_newton_newton_iter_mean": 2.1509,
  "plus_newton_newton_iter_median": 2.0,
  "plus_newton_newton_iter_p90": 3.0,
  "plus_newton_converged_ratio": 1.0,
  "hp_use_log_ab": true,
  "hp_optimizer": "adamw",
  "hp_criterion": "mse",
  "hp_dropout": 0.1,
  "hp_lr": 0.0005,
  "hp_weight_decay": 1e-05,
  "hp_hidden_dims": "[256, 256, 128]",
  "hp_hidden_size": 128,
  "hp_num_layers": 1,
  "hp_head_hidden": 128,
  "hp_head_layers": 2,
  "hp_d_model": 32,
  "hp_nhead": 4,
  "hp_ff_dim": 64,
  "hp_use_cls_token": true
}{
  "trial_id": 2870,
  "trial_name": "trial_2870_transformer",
  "model": "transformer",
  "best_epoch": 43,
  "elapsed_sec": 363.7934019565582,
  "direct_mae": 0.006547656375914812,
  "direct_rmse": 0.008465844206511974,
  "direct_r2": 0.9999253941423376,
  "direct_valid_ratio": 1.0,
  "direct_residual_mean": 0.008074389770627022,
  "direct_residual_median": 0.0062222667038440704,
  "direct_residual_p90": 0.016834819316864015,
  "plus_newton_mae": 2.3433616831727154e-08,
  "plus_newton_rmse": 2.9915728151989806e-08,
  "plus_newton_r2": 0.9999999999999991,
  "plus_newton_valid_ratio": 1.0,
  "plus_newton_residual_mean": 3.674014528278814e-14,
  "plus_newton_residual_median": 1.1102230246251565e-16,
  "plus_newton_residual_p90": 8.005263119059693e-14,
  "plus_newton_newton_iter_mean": 2.1509,
  "plus_newton_newton_iter_median": 2.0,
  "plus_newton_newton_iter_p90": 3.0,
  "plus_newton_converged_ratio": 1.0,
  "hp_use_log_ab": true,
  "hp_optimizer": "adamw",
  "hp_criterion": "mse",
  "hp_dropout": 0.1,
  "hp_lr": 0.0005,
  "hp_weight_decay": 1e-05,
  "hp_hidden_dims": "[256, 256, 128]",
  "hp_hidden_size": 128,
  "hp_num_layers": 1,
  "hp_head_hidden": 128,
  "hp_head_layers": 2,
  "hp_d_model": 32,
  "hp_nhead": 4,
  "hp_ff_dim": 64,
  "hp_use_cls_token": true
}