{
  "trial_id": 17,
  "trial_name": "trial_017_gru",
  "model": "gru",
  "best_epoch": 100,
  "elapsed_sec": 351.37851548194885,
  "direct_mae": 0.3404023349285126,
  "direct_rmse": 0.41685929894447327,
  "direct_r2": 0.8191113322973251,
  "direct_valid_ratio": 1.0,
  "direct_residual_mean": 0.383510023355484,
  "direct_residual_median": 0.3601532578468323,
  "direct_residual_p90": 0.7231990039348603,
  "plus_newton_mae": 2.3433618714028678e-08,
  "plus_newton_rmse": 2.991573067472177e-08,
  "plus_newton_r2": 0.9999999999999991,
  "plus_newton_valid_ratio": 1.0,
  "plus_newton_residual_mean": 4.32516780400921e-14,
  "plus_newton_residual_median": 1.6653345369377348e-16,
  "plus_newton_residual_p90": 9.951206525471447e-14,
  "plus_newton_newton_iter_mean": 2.7561,
  "plus_newton_newton_iter_median": 3.0,
  "plus_newton_newton_iter_p90": 3.0,
  "plus_newton_converged_ratio": 1.0,
  "hp_use_log_ab": false,
  "hp_optimizer": "adamw",
  "hp_criterion": "mse",
  "hp_dropout": 0.0,
  "hp_lr": 0.001,
  "hp_weight_decay": 0.0001,
  "hp_hidden_dims": "[256, 256, 128]",
  "hp_hidden_size": 64,
  "hp_num_layers": 1,
  "hp_head_hidden": 64,
  "hp_head_layers": 1,
  "hp_d_model": 64,
  "hp_nhead": 4,
  "hp_ff_dim": 128,
  "hp_use_cls_token": false
}{
  "trial_id": 17,
  "trial_name": "trial_017_gru",
  "model": "gru",
  "best_epoch": 100,
  "elapsed_sec": 351.37851548194885,
  "direct_mae": 0.3404023349285126,
  "direct_rmse": 0.41685929894447327,
  "direct_r2": 0.8191113322973251,
  "direct_valid_ratio": 1.0,
  "direct_residual_mean": 0.383510023355484,
  "direct_residual_median": 0.3601532578468323,
  "direct_residual_p90": 0.7231990039348603,
  "plus_newton_mae": 2.3433618714028678e-08,
  "plus_newton_rmse": 2.991573067472177e-08,
  "plus_newton_r2": 0.9999999999999991,
  "plus_newton_valid_ratio": 1.0,
  "plus_newton_residual_mean": 4.32516780400921e-14,
  "plus_newton_residual_median": 1.6653345369377348e-16,
  "plus_newton_residual_p90": 9.951206525471447e-14,
  "plus_newton_newton_iter_mean": 2.7561,
  "plus_newton_newton_iter_median": 3.0,
  "plus_newton_newton_iter_p90": 3.0,
  "plus_newton_converged_ratio": 1.0,
  "hp_use_log_ab": false,
  "hp_optimizer": "adamw",
  "hp_criterion": "mse",
  "hp_dropout": 0.0,
  "hp_lr": 0.001,
  "hp_weight_decay": 0.0001,
  "hp_hidden_dims": "[256, 256, 128]",
  "hp_hidden_size": 64,
  "hp_num_layers": 1,
  "hp_head_hidden": 64,
  "hp_head_layers": 1,
  "hp_d_model": 64,
  "hp_nhead": 4,
  "hp_ff_dim": 128,
  "hp_use_cls_token": false
}