{
  "trial_id": 1316,
  "trial_name": "trial_1316_transformer",
  "model": "transformer",
  "best_epoch": 11,
  "elapsed_sec": 43.72791004180908,
  "direct_mae": 0.3386000096797943,
  "direct_rmse": 0.41812536120414734,
  "direct_r2": 0.8180108666419983,
  "direct_valid_ratio": 1.0,
  "direct_residual_mean": 0.3831261694431305,
  "direct_residual_median": 0.35293811559677124,
  "direct_residual_p90": 0.7646626532077789,
  "plus_newton_mae": 2.343361893250498e-08,
  "plus_newton_rmse": 2.991573056742128e-08,
  "plus_newton_r2": 0.9999999999999991,
  "plus_newton_valid_ratio": 1.0,
  "plus_newton_residual_mean": 4.420273661623014e-14,
  "plus_newton_residual_median": 1.3877787807814457e-16,
  "plus_newton_residual_p90": 1.0186851362448126e-13,
  "plus_newton_newton_iter_mean": 2.7612,
  "plus_newton_newton_iter_median": 3.0,
  "plus_newton_newton_iter_p90": 3.0,
  "plus_newton_converged_ratio": 1.0,
  "hp_use_log_ab": false,
  "hp_optimizer": "adamw",
  "hp_criterion": "smoothl1",
  "hp_dropout": 0.0,
  "hp_lr": 0.0005,
  "hp_weight_decay": 1e-05,
  "hp_hidden_dims": "[256, 256, 128]",
  "hp_hidden_size": 128,
  "hp_num_layers": 1,
  "hp_head_hidden": 128,
  "hp_head_layers": 1,
  "hp_d_model": 32,
  "hp_nhead": 2,
  "hp_ff_dim": 128,
  "hp_use_cls_token": true
}{
  "trial_id": 1316,
  "trial_name": "trial_1316_transformer",
  "model": "transformer",
  "best_epoch": 11,
  "elapsed_sec": 43.72791004180908,
  "direct_mae": 0.3386000096797943,
  "direct_rmse": 0.41812536120414734,
  "direct_r2": 0.8180108666419983,
  "direct_valid_ratio": 1.0,
  "direct_residual_mean": 0.3831261694431305,
  "direct_residual_median": 0.35293811559677124,
  "direct_residual_p90": 0.7646626532077789,
  "plus_newton_mae": 2.343361893250498e-08,
  "plus_newton_rmse": 2.991573056742128e-08,
  "plus_newton_r2": 0.9999999999999991,
  "plus_newton_valid_ratio": 1.0,
  "plus_newton_residual_mean": 4.420273661623014e-14,
  "plus_newton_residual_median": 1.3877787807814457e-16,
  "plus_newton_residual_p90": 1.0186851362448126e-13,
  "plus_newton_newton_iter_mean": 2.7612,
  "plus_newton_newton_iter_median": 3.0,
  "plus_newton_newton_iter_p90": 3.0,
  "plus_newton_converged_ratio": 1.0,
  "hp_use_log_ab": false,
  "hp_optimizer": "adamw",
  "hp_criterion": "smoothl1",
  "hp_dropout": 0.0,
  "hp_lr": 0.0005,
  "hp_weight_decay": 1e-05,
  "hp_hidden_dims": "[256, 256, 128]",
  "hp_hidden_size": 128,
  "hp_num_layers": 1,
  "hp_head_hidden": 128,
  "hp_head_layers": 1,
  "hp_d_model": 32,
  "hp_nhead": 2,
  "hp_ff_dim": 128,
  "hp_use_cls_token": true
}