{
  "trial_id": 1087,
  "trial_name": "trial_1087_transformer",
  "model": "transformer",
  "best_epoch": 105,
  "elapsed_sec": 167.0479941368103,
  "direct_mae": 0.0019619285594671965,
  "direct_rmse": 0.0026304142083972692,
  "direct_r2": 0.9999927975427454,
  "direct_valid_ratio": 1.0,
  "direct_residual_mean": 0.002415742026641965,
  "direct_residual_median": 0.0018312335014343262,
  "direct_residual_p90": 0.0050330907106399545,
  "plus_newton_mae": 2.3433618151152143e-08,
  "plus_newton_rmse": 2.9915730273394126e-08,
  "plus_newton_r2": 0.9999999999999991,
  "plus_newton_valid_ratio": 1.0,
  "plus_newton_residual_mean": 2.4238631357226586e-14,
  "plus_newton_residual_median": 1.1102230246251565e-16,
  "plus_newton_residual_p90": 2.0766721675613573e-14,
  "plus_newton_newton_iter_mean": 2.0238,
  "plus_newton_newton_iter_median": 2.0,
  "plus_newton_newton_iter_p90": 2.0,
  "plus_newton_converged_ratio": 1.0,
  "hp_use_log_ab": false,
  "hp_optimizer": "adamw",
  "hp_criterion": "smoothl1",
  "hp_dropout": 0.0,
  "hp_lr": 0.001,
  "hp_weight_decay": 1e-05,
  "hp_hidden_dims": "[256, 256, 128]",
  "hp_hidden_size": 128,
  "hp_num_layers": 1,
  "hp_head_hidden": 128,
  "hp_head_layers": 2,
  "hp_d_model": 64,
  "hp_nhead": 4,
  "hp_ff_dim": 128,
  "hp_use_cls_token": false
}{
  "trial_id": 1087,
  "trial_name": "trial_1087_transformer",
  "model": "transformer",
  "best_epoch": 105,
  "elapsed_sec": 167.0479941368103,
  "direct_mae": 0.0019619285594671965,
  "direct_rmse": 0.0026304142083972692,
  "direct_r2": 0.9999927975427454,
  "direct_valid_ratio": 1.0,
  "direct_residual_mean": 0.002415742026641965,
  "direct_residual_median": 0.0018312335014343262,
  "direct_residual_p90": 0.0050330907106399545,
  "plus_newton_mae": 2.3433618151152143e-08,
  "plus_newton_rmse": 2.9915730273394126e-08,
  "plus_newton_r2": 0.9999999999999991,
  "plus_newton_valid_ratio": 1.0,
  "plus_newton_residual_mean": 2.4238631357226586e-14,
  "plus_newton_residual_median": 1.1102230246251565e-16,
  "plus_newton_residual_p90": 2.0766721675613573e-14,
  "plus_newton_newton_iter_mean": 2.0238,
  "plus_newton_newton_iter_median": 2.0,
  "plus_newton_newton_iter_p90": 2.0,
  "plus_newton_converged_ratio": 1.0,
  "hp_use_log_ab": false,
  "hp_optimizer": "adamw",
  "hp_criterion": "smoothl1",
  "hp_dropout": 0.0,
  "hp_lr": 0.001,
  "hp_weight_decay": 1e-05,
  "hp_hidden_dims": "[256, 256, 128]",
  "hp_hidden_size": 128,
  "hp_num_layers": 1,
  "hp_head_hidden": 128,
  "hp_head_layers": 2,
  "hp_d_model": 64,
  "hp_nhead": 4,
  "hp_ff_dim": 128,
  "hp_use_cls_token": false
}