{
  "trial_id": 2654,
  "trial_name": "trial_2654_transformer",
  "model": "transformer",
  "best_epoch": 36,
  "elapsed_sec": 528.8092367649078,
  "direct_mae": 0.010570790618658066,
  "direct_rmse": 0.01390067394822836,
  "direct_r2": 0.9997988573886687,
  "direct_valid_ratio": 1.0,
  "direct_residual_mean": 0.012857984751462936,
  "direct_residual_median": 0.009471595287322998,
  "direct_residual_p90": 0.02833405137062073,
  "plus_newton_mae": 2.343361888872382e-08,
  "plus_newton_rmse": 2.9915730738756925e-08,
  "plus_newton_r2": 0.9999999999999991,
  "plus_newton_valid_ratio": 1.0,
  "plus_newton_residual_mean": 3.4063880867341904e-14,
  "plus_newton_residual_median": 1.1102230246251565e-16,
  "plus_newton_residual_p90": 5.474509734426651e-14,
  "plus_newton_newton_iter_mean": 2.2176,
  "plus_newton_newton_iter_median": 2.0,
  "plus_newton_newton_iter_p90": 3.0,
  "plus_newton_converged_ratio": 1.0,
  "hp_use_log_ab": true,
  "hp_optimizer": "adamw",
  "hp_criterion": "mse",
  "hp_dropout": 0.1,
  "hp_lr": 0.001,
  "hp_weight_decay": 1e-05,
  "hp_hidden_dims": "[256, 256, 128]",
  "hp_hidden_size": 128,
  "hp_num_layers": 2,
  "hp_head_hidden": 64,
  "hp_head_layers": 2,
  "hp_d_model": 64,
  "hp_nhead": 4,
  "hp_ff_dim": 64,
  "hp_use_cls_token": true
}{
  "trial_id": 2654,
  "trial_name": "trial_2654_transformer",
  "model": "transformer",
  "best_epoch": 36,
  "elapsed_sec": 528.8092367649078,
  "direct_mae": 0.010570790618658066,
  "direct_rmse": 0.01390067394822836,
  "direct_r2": 0.9997988573886687,
  "direct_valid_ratio": 1.0,
  "direct_residual_mean": 0.012857984751462936,
  "direct_residual_median": 0.009471595287322998,
  "direct_residual_p90": 0.02833405137062073,
  "plus_newton_mae": 2.343361888872382e-08,
  "plus_newton_rmse": 2.9915730738756925e-08,
  "plus_newton_r2": 0.9999999999999991,
  "plus_newton_valid_ratio": 1.0,
  "plus_newton_residual_mean": 3.4063880867341904e-14,
  "plus_newton_residual_median": 1.1102230246251565e-16,
  "plus_newton_residual_p90": 5.474509734426651e-14,
  "plus_newton_newton_iter_mean": 2.2176,
  "plus_newton_newton_iter_median": 2.0,
  "plus_newton_newton_iter_p90": 3.0,
  "plus_newton_converged_ratio": 1.0,
  "hp_use_log_ab": true,
  "hp_optimizer": "adamw",
  "hp_criterion": "mse",
  "hp_dropout": 0.1,
  "hp_lr": 0.001,
  "hp_weight_decay": 1e-05,
  "hp_hidden_dims": "[256, 256, 128]",
  "hp_hidden_size": 128,
  "hp_num_layers": 2,
  "hp_head_hidden": 64,
  "hp_head_layers": 2,
  "hp_d_model": 64,
  "hp_nhead": 4,
  "hp_ff_dim": 64,
  "hp_use_cls_token": true
}