{
  "trial_id": 2477,
  "trial_name": "trial_2477_transformer",
  "model": "transformer",
  "best_epoch": 47,
  "elapsed_sec": 92.24785113334656,
  "direct_mae": 0.10164044052362442,
  "direct_rmse": 0.12983325123786926,
  "direct_r2": 0.9824529439210892,
  "direct_valid_ratio": 1.0,
  "direct_residual_mean": 0.12822702527046204,
  "direct_residual_median": 0.10189992189407349,
  "direct_residual_p90": 0.2533988803625107,
  "plus_newton_mae": 2.343361760731213e-08,
  "plus_newton_rmse": 2.991572838360367e-08,
  "plus_newton_r2": 0.9999999999999991,
  "plus_newton_valid_ratio": 1.0,
  "plus_newton_residual_mean": 3.593180313639878e-14,
  "plus_newton_residual_median": 1.1102230246251565e-16,
  "plus_newton_residual_p90": 4.978517598175365e-14,
  "plus_newton_newton_iter_mean": 2.6051,
  "plus_newton_newton_iter_median": 3.0,
  "plus_newton_newton_iter_p90": 3.0,
  "plus_newton_converged_ratio": 1.0,
  "hp_use_log_ab": true,
  "hp_optimizer": "adamw",
  "hp_criterion": "mse",
  "hp_dropout": 0.0,
  "hp_lr": 0.0005,
  "hp_weight_decay": 0.0001,
  "hp_hidden_dims": "[256, 256, 128]",
  "hp_hidden_size": 128,
  "hp_num_layers": 1,
  "hp_head_hidden": 128,
  "hp_head_layers": 1,
  "hp_d_model": 64,
  "hp_nhead": 4,
  "hp_ff_dim": 64,
  "hp_use_cls_token": false
}{
  "trial_id": 2477,
  "trial_name": "trial_2477_transformer",
  "model": "transformer",
  "best_epoch": 47,
  "elapsed_sec": 92.24785113334656,
  "direct_mae": 0.10164044052362442,
  "direct_rmse": 0.12983325123786926,
  "direct_r2": 0.9824529439210892,
  "direct_valid_ratio": 1.0,
  "direct_residual_mean": 0.12822702527046204,
  "direct_residual_median": 0.10189992189407349,
  "direct_residual_p90": 0.2533988803625107,
  "plus_newton_mae": 2.343361760731213e-08,
  "plus_newton_rmse": 2.991572838360367e-08,
  "plus_newton_r2": 0.9999999999999991,
  "plus_newton_valid_ratio": 1.0,
  "plus_newton_residual_mean": 3.593180313639878e-14,
  "plus_newton_residual_median": 1.1102230246251565e-16,
  "plus_newton_residual_p90": 4.978517598175365e-14,
  "plus_newton_newton_iter_mean": 2.6051,
  "plus_newton_newton_iter_median": 3.0,
  "plus_newton_newton_iter_p90": 3.0,
  "plus_newton_converged_ratio": 1.0,
  "hp_use_log_ab": true,
  "hp_optimizer": "adamw",
  "hp_criterion": "mse",
  "hp_dropout": 0.0,
  "hp_lr": 0.0005,
  "hp_weight_decay": 0.0001,
  "hp_hidden_dims": "[256, 256, 128]",
  "hp_hidden_size": 128,
  "hp_num_layers": 1,
  "hp_head_hidden": 128,
  "hp_head_layers": 1,
  "hp_d_model": 64,
  "hp_nhead": 4,
  "hp_ff_dim": 64,
  "hp_use_cls_token": false
}