{
  "trial_id": 501,
  "trial_name": "trial_501_transformer",
  "model": "transformer",
  "best_epoch": 79,
  "elapsed_sec": 224.34177684783936,
  "direct_mae": 0.002067089546471834,
  "direct_rmse": 0.0027877516113221645,
  "direct_r2": 0.9999919101483101,
  "direct_valid_ratio": 1.0,
  "direct_residual_mean": 0.0024648765102028847,
  "direct_residual_median": 0.0019420981407165527,
  "direct_residual_p90": 0.0051261186599731445,
  "plus_newton_mae": 2.3433617723937597e-08,
  "plus_newton_rmse": 2.9915729478733285e-08,
  "plus_newton_r2": 0.9999999999999991,
  "plus_newton_valid_ratio": 1.0,
  "plus_newton_residual_mean": 2.2302015171681705e-14,
  "plus_newton_residual_median": 1.1102230246251565e-16,
  "plus_newton_residual_p90": 1.8052226380405086e-14,
  "plus_newton_newton_iter_mean": 2.0125,
  "plus_newton_newton_iter_median": 2.0,
  "plus_newton_newton_iter_p90": 2.0,
  "plus_newton_converged_ratio": 1.0,
  "hp_use_log_ab": false,
  "hp_optimizer": "adamw",
  "hp_criterion": "mse",
  "hp_dropout": 0.0,
  "hp_lr": 0.0005,
  "hp_weight_decay": 0.0001,
  "hp_hidden_dims": "[256, 256, 128]",
  "hp_hidden_size": 128,
  "hp_num_layers": 2,
  "hp_head_hidden": 128,
  "hp_head_layers": 2,
  "hp_d_model": 32,
  "hp_nhead": 4,
  "hp_ff_dim": 64,
  "hp_use_cls_token": false
}{
  "trial_id": 501,
  "trial_name": "trial_501_transformer",
  "model": "transformer",
  "best_epoch": 79,
  "elapsed_sec": 224.34177684783936,
  "direct_mae": 0.002067089546471834,
  "direct_rmse": 0.0027877516113221645,
  "direct_r2": 0.9999919101483101,
  "direct_valid_ratio": 1.0,
  "direct_residual_mean": 0.0024648765102028847,
  "direct_residual_median": 0.0019420981407165527,
  "direct_residual_p90": 0.0051261186599731445,
  "plus_newton_mae": 2.3433617723937597e-08,
  "plus_newton_rmse": 2.9915729478733285e-08,
  "plus_newton_r2": 0.9999999999999991,
  "plus_newton_valid_ratio": 1.0,
  "plus_newton_residual_mean": 2.2302015171681705e-14,
  "plus_newton_residual_median": 1.1102230246251565e-16,
  "plus_newton_residual_p90": 1.8052226380405086e-14,
  "plus_newton_newton_iter_mean": 2.0125,
  "plus_newton_newton_iter_median": 2.0,
  "plus_newton_newton_iter_p90": 2.0,
  "plus_newton_converged_ratio": 1.0,
  "hp_use_log_ab": false,
  "hp_optimizer": "adamw",
  "hp_criterion": "mse",
  "hp_dropout": 0.0,
  "hp_lr": 0.0005,
  "hp_weight_decay": 0.0001,
  "hp_hidden_dims": "[256, 256, 128]",
  "hp_hidden_size": 128,
  "hp_num_layers": 2,
  "hp_head_hidden": 128,
  "hp_head_layers": 2,
  "hp_d_model": 32,
  "hp_nhead": 4,
  "hp_ff_dim": 64,
  "hp_use_cls_token": false
}