{
  "trial_id": 255,
  "trial_name": "trial_255_gru",
  "model": "gru",
  "best_epoch": 11,
  "elapsed_sec": 74.50922751426697,
  "direct_mae": 0.33778661489486694,
  "direct_rmse": 0.4197384715080261,
  "direct_r2": 0.81660395860672,
  "direct_valid_ratio": 1.0,
  "direct_residual_mean": 0.3830049932003021,
  "direct_residual_median": 0.34653517603874207,
  "direct_residual_p90": 0.7821433603763581,
  "plus_newton_mae": 2.343361987440383e-08,
  "plus_newton_rmse": 2.9915731156114735e-08,
  "plus_newton_r2": 0.9999999999999991,
  "plus_newton_valid_ratio": 1.0,
  "plus_newton_residual_mean": 4.249096769500744e-14,
  "plus_newton_residual_median": 1.1102230246251565e-16,
  "plus_newton_residual_p90": 9.633960296184806e-14,
  "plus_newton_newton_iter_mean": 2.7683,
  "plus_newton_newton_iter_median": 3.0,
  "plus_newton_newton_iter_p90": 3.0,
  "plus_newton_converged_ratio": 1.0,
  "hp_use_log_ab": false,
  "hp_optimizer": "adamw",
  "hp_criterion": "smoothl1",
  "hp_dropout": 0.1,
  "hp_lr": 0.0005,
  "hp_weight_decay": 0.0001,
  "hp_hidden_dims": "[256, 256, 128]",
  "hp_hidden_size": 128,
  "hp_num_layers": 2,
  "hp_head_hidden": 128,
  "hp_head_layers": 1,
  "hp_d_model": 64,
  "hp_nhead": 4,
  "hp_ff_dim": 128,
  "hp_use_cls_token": false
}{
  "trial_id": 255,
  "trial_name": "trial_255_gru",
  "model": "gru",
  "best_epoch": 11,
  "elapsed_sec": 74.50922751426697,
  "direct_mae": 0.33778661489486694,
  "direct_rmse": 0.4197384715080261,
  "direct_r2": 0.81660395860672,
  "direct_valid_ratio": 1.0,
  "direct_residual_mean": 0.3830049932003021,
  "direct_residual_median": 0.34653517603874207,
  "direct_residual_p90": 0.7821433603763581,
  "plus_newton_mae": 2.343361987440383e-08,
  "plus_newton_rmse": 2.9915731156114735e-08,
  "plus_newton_r2": 0.9999999999999991,
  "plus_newton_valid_ratio": 1.0,
  "plus_newton_residual_mean": 4.249096769500744e-14,
  "plus_newton_residual_median": 1.1102230246251565e-16,
  "plus_newton_residual_p90": 9.633960296184806e-14,
  "plus_newton_newton_iter_mean": 2.7683,
  "plus_newton_newton_iter_median": 3.0,
  "plus_newton_newton_iter_p90": 3.0,
  "plus_newton_converged_ratio": 1.0,
  "hp_use_log_ab": false,
  "hp_optimizer": "adamw",
  "hp_criterion": "smoothl1",
  "hp_dropout": 0.1,
  "hp_lr": 0.0005,
  "hp_weight_decay": 0.0001,
  "hp_hidden_dims": "[256, 256, 128]",
  "hp_hidden_size": 128,
  "hp_num_layers": 2,
  "hp_head_hidden": 128,
  "hp_head_layers": 1,
  "hp_d_model": 64,
  "hp_nhead": 4,
  "hp_ff_dim": 128,
  "hp_use_cls_token": false
}