{
  "trial_id": 690,
  "trial_name": "trial_690_transformer",
  "model": "transformer",
  "best_epoch": 59,
  "elapsed_sec": 128.97028303146362,
  "direct_mae": 0.007908564060926437,
  "direct_rmse": 0.011233234778046608,
  "direct_r2": 0.9998686463804916,
  "direct_valid_ratio": 1.0,
  "direct_residual_mean": 0.009461268782615662,
  "direct_residual_median": 0.006471734959632158,
  "direct_residual_p90": 0.022822070121765146,
  "plus_newton_mae": 2.34336181104709e-08,
  "plus_newton_rmse": 2.991572995503366e-08,
  "plus_newton_r2": 0.9999999999999991,
  "plus_newton_valid_ratio": 1.0,
  "plus_newton_residual_mean": 4.960312462925508e-14,
  "plus_newton_residual_median": 1.1102230246251565e-16,
  "plus_newton_residual_p90": 1.2271295091181867e-13,
  "plus_newton_newton_iter_mean": 2.1071,
  "plus_newton_newton_iter_median": 2.0,
  "plus_newton_newton_iter_p90": 3.0,
  "plus_newton_converged_ratio": 1.0,
  "hp_use_log_ab": false,
  "hp_optimizer": "adamw",
  "hp_criterion": "mse",
  "hp_dropout": 0.1,
  "hp_lr": 0.001,
  "hp_weight_decay": 0.0001,
  "hp_hidden_dims": "[256, 256, 128]",
  "hp_hidden_size": 128,
  "hp_num_layers": 1,
  "hp_head_hidden": 128,
  "hp_head_layers": 2,
  "hp_d_model": 32,
  "hp_nhead": 2,
  "hp_ff_dim": 64,
  "hp_use_cls_token": true
}{
  "trial_id": 690,
  "trial_name": "trial_690_transformer",
  "model": "transformer",
  "best_epoch": 59,
  "elapsed_sec": 128.97028303146362,
  "direct_mae": 0.007908564060926437,
  "direct_rmse": 0.011233234778046608,
  "direct_r2": 0.9998686463804916,
  "direct_valid_ratio": 1.0,
  "direct_residual_mean": 0.009461268782615662,
  "direct_residual_median": 0.006471734959632158,
  "direct_residual_p90": 0.022822070121765146,
  "plus_newton_mae": 2.34336181104709e-08,
  "plus_newton_rmse": 2.991572995503366e-08,
  "plus_newton_r2": 0.9999999999999991,
  "plus_newton_valid_ratio": 1.0,
  "plus_newton_residual_mean": 4.960312462925508e-14,
  "plus_newton_residual_median": 1.1102230246251565e-16,
  "plus_newton_residual_p90": 1.2271295091181867e-13,
  "plus_newton_newton_iter_mean": 2.1071,
  "plus_newton_newton_iter_median": 2.0,
  "plus_newton_newton_iter_p90": 3.0,
  "plus_newton_converged_ratio": 1.0,
  "hp_use_log_ab": false,
  "hp_optimizer": "adamw",
  "hp_criterion": "mse",
  "hp_dropout": 0.1,
  "hp_lr": 0.001,
  "hp_weight_decay": 0.0001,
  "hp_hidden_dims": "[256, 256, 128]",
  "hp_hidden_size": 128,
  "hp_num_layers": 1,
  "hp_head_hidden": 128,
  "hp_head_layers": 2,
  "hp_d_model": 32,
  "hp_nhead": 2,
  "hp_ff_dim": 64,
  "hp_use_cls_token": true
}