{
  "trial_id": 75,
  "trial_name": "trial_075_transformer",
  "model": "transformer",
  "best_epoch": 7,
  "elapsed_sec": 94.80370926856995,
  "direct_mae": 0.3410150706768036,
  "direct_rmse": 0.41706210374832153,
  "direct_r2": 0.8189352750778198,
  "direct_valid_ratio": 1.0,
  "direct_residual_mean": 0.3847557008266449,
  "direct_residual_median": 0.3620877265930176,
  "direct_residual_p90": 0.724839472770691,
  "plus_newton_mae": 2.3433618583978227e-08,
  "plus_newton_rmse": 2.9915731007752315e-08,
  "plus_newton_r2": 0.9999999999999991,
  "plus_newton_valid_ratio": 1.0,
  "plus_newton_residual_mean": 4.401941143078754e-14,
  "plus_newton_residual_median": 1.6653345369377348e-16,
  "plus_newton_residual_p90": 1.0638157021958258e-13,
  "plus_newton_newton_iter_mean": 2.759,
  "plus_newton_newton_iter_median": 3.0,
  "plus_newton_newton_iter_p90": 3.0,
  "plus_newton_converged_ratio": 1.0,
  "hp_use_log_ab": false,
  "hp_optimizer": "adamw",
  "hp_criterion": "mse",
  "hp_dropout": 0.0,
  "hp_lr": 0.001,
  "hp_weight_decay": 1e-05,
  "hp_hidden_dims": "[256, 256, 128]",
  "hp_hidden_size": 128,
  "hp_num_layers": 2,
  "hp_head_hidden": 64,
  "hp_head_layers": 1,
  "hp_d_model": 64,
  "hp_nhead": 2,
  "hp_ff_dim": 128,
  "hp_use_cls_token": false
}{
  "trial_id": 75,
  "trial_name": "trial_075_transformer",
  "model": "transformer",
  "best_epoch": 7,
  "elapsed_sec": 94.80370926856995,
  "direct_mae": 0.3410150706768036,
  "direct_rmse": 0.41706210374832153,
  "direct_r2": 0.8189352750778198,
  "direct_valid_ratio": 1.0,
  "direct_residual_mean": 0.3847557008266449,
  "direct_residual_median": 0.3620877265930176,
  "direct_residual_p90": 0.724839472770691,
  "plus_newton_mae": 2.3433618583978227e-08,
  "plus_newton_rmse": 2.9915731007752315e-08,
  "plus_newton_r2": 0.9999999999999991,
  "plus_newton_valid_ratio": 1.0,
  "plus_newton_residual_mean": 4.401941143078754e-14,
  "plus_newton_residual_median": 1.6653345369377348e-16,
  "plus_newton_residual_p90": 1.0638157021958258e-13,
  "plus_newton_newton_iter_mean": 2.759,
  "plus_newton_newton_iter_median": 3.0,
  "plus_newton_newton_iter_p90": 3.0,
  "plus_newton_converged_ratio": 1.0,
  "hp_use_log_ab": false,
  "hp_optimizer": "adamw",
  "hp_criterion": "mse",
  "hp_dropout": 0.0,
  "hp_lr": 0.001,
  "hp_weight_decay": 1e-05,
  "hp_hidden_dims": "[256, 256, 128]",
  "hp_hidden_size": 128,
  "hp_num_layers": 2,
  "hp_head_hidden": 64,
  "hp_head_layers": 1,
  "hp_d_model": 64,
  "hp_nhead": 2,
  "hp_ff_dim": 128,
  "hp_use_cls_token": false
}