{
  "trial_id": 1679,
  "trial_name": "trial_1679_transformer",
  "model": "transformer",
  "best_epoch": 5,
  "elapsed_sec": 35.090301513671875,
  "direct_mae": 0.33874765038490295,
  "direct_rmse": 0.41845807433128357,
  "direct_r2": 0.8177211582660675,
  "direct_valid_ratio": 1.0,
  "direct_residual_mean": 0.3841898739337921,
  "direct_residual_median": 0.35186266899108887,
  "direct_residual_p90": 0.7698350608348846,
  "plus_newton_mae": 2.3433619998722087e-08,
  "plus_newton_rmse": 2.991573108908712e-08,
  "plus_newton_r2": 0.9999999999999991,
  "plus_newton_valid_ratio": 1.0,
  "plus_newton_residual_mean": 4.440010506736179e-14,
  "plus_newton_residual_median": 1.6653345369377348e-16,
  "plus_newton_residual_p90": 1.0202949596305229e-13,
  "plus_newton_newton_iter_mean": 2.7667,
  "plus_newton_newton_iter_median": 3.0,
  "plus_newton_newton_iter_p90": 3.0,
  "plus_newton_converged_ratio": 1.0,
  "hp_use_log_ab": false,
  "hp_optimizer": "adamw",
  "hp_criterion": "smoothl1",
  "hp_dropout": 0.1,
  "hp_lr": 0.001,
  "hp_weight_decay": 0.0001,
  "hp_hidden_dims": "[256, 256, 128]",
  "hp_hidden_size": 128,
  "hp_num_layers": 1,
  "hp_head_hidden": 64,
  "hp_head_layers": 1,
  "hp_d_model": 64,
  "hp_nhead": 4,
  "hp_ff_dim": 128,
  "hp_use_cls_token": false
}{
  "trial_id": 1679,
  "trial_name": "trial_1679_transformer",
  "model": "transformer",
  "best_epoch": 5,
  "elapsed_sec": 35.090301513671875,
  "direct_mae": 0.33874765038490295,
  "direct_rmse": 0.41845807433128357,
  "direct_r2": 0.8177211582660675,
  "direct_valid_ratio": 1.0,
  "direct_residual_mean": 0.3841898739337921,
  "direct_residual_median": 0.35186266899108887,
  "direct_residual_p90": 0.7698350608348846,
  "plus_newton_mae": 2.3433619998722087e-08,
  "plus_newton_rmse": 2.991573108908712e-08,
  "plus_newton_r2": 0.9999999999999991,
  "plus_newton_valid_ratio": 1.0,
  "plus_newton_residual_mean": 4.440010506736179e-14,
  "plus_newton_residual_median": 1.6653345369377348e-16,
  "plus_newton_residual_p90": 1.0202949596305229e-13,
  "plus_newton_newton_iter_mean": 2.7667,
  "plus_newton_newton_iter_median": 3.0,
  "plus_newton_newton_iter_p90": 3.0,
  "plus_newton_converged_ratio": 1.0,
  "hp_use_log_ab": false,
  "hp_optimizer": "adamw",
  "hp_criterion": "smoothl1",
  "hp_dropout": 0.1,
  "hp_lr": 0.001,
  "hp_weight_decay": 0.0001,
  "hp_hidden_dims": "[256, 256, 128]",
  "hp_hidden_size": 128,
  "hp_num_layers": 1,
  "hp_head_hidden": 64,
  "hp_head_layers": 1,
  "hp_d_model": 64,
  "hp_nhead": 4,
  "hp_ff_dim": 128,
  "hp_use_cls_token": false
}