{
  "trial_id": 284,
  "trial_name": "trial_284_gru",
  "model": "gru",
  "best_epoch": 107,
  "elapsed_sec": 257.04044461250305,
  "direct_mae": 0.0010284774471074343,
  "direct_rmse": 0.001323370379395783,
  "direct_r2": 0.9999981769642545,
  "direct_valid_ratio": 1.0,
  "direct_residual_mean": 0.0012527528451755643,
  "direct_residual_median": 0.0009988993406295776,
  "direct_residual_p90": 0.002599328756332398,
  "plus_newton_mae": 2.3433619556258952e-08,
  "plus_newton_rmse": 2.991573155344135e-08,
  "plus_newton_r2": 0.9999999999999991,
  "plus_newton_valid_ratio": 1.0,
  "plus_newton_residual_mean": 3.139735389293648e-14,
  "plus_newton_residual_median": 9.71445146547012e-17,
  "plus_newton_residual_p90": 2.953470801259074e-14,
  "plus_newton_newton_iter_mean": 1.9437,
  "plus_newton_newton_iter_median": 2.0,
  "plus_newton_newton_iter_p90": 2.0,
  "plus_newton_converged_ratio": 1.0,
  "hp_use_log_ab": true,
  "hp_optimizer": "adamw",
  "hp_criterion": "mse",
  "hp_dropout": 0.0,
  "hp_lr": 0.001,
  "hp_weight_decay": 0.0001,
  "hp_hidden_dims": "[256, 256, 128]",
  "hp_hidden_size": 128,
  "hp_num_layers": 1,
  "hp_head_hidden": 128,
  "hp_head_layers": 2,
  "hp_d_model": 64,
  "hp_nhead": 4,
  "hp_ff_dim": 128,
  "hp_use_cls_token": false
}{
  "trial_id": 284,
  "trial_name": "trial_284_gru",
  "model": "gru",
  "best_epoch": 107,
  "elapsed_sec": 257.04044461250305,
  "direct_mae": 0.0010284774471074343,
  "direct_rmse": 0.001323370379395783,
  "direct_r2": 0.9999981769642545,
  "direct_valid_ratio": 1.0,
  "direct_residual_mean": 0.0012527528451755643,
  "direct_residual_median": 0.0009988993406295776,
  "direct_residual_p90": 0.002599328756332398,
  "plus_newton_mae": 2.3433619556258952e-08,
  "plus_newton_rmse": 2.991573155344135e-08,
  "plus_newton_r2": 0.9999999999999991,
  "plus_newton_valid_ratio": 1.0,
  "plus_newton_residual_mean": 3.139735389293648e-14,
  "plus_newton_residual_median": 9.71445146547012e-17,
  "plus_newton_residual_p90": 2.953470801259074e-14,
  "plus_newton_newton_iter_mean": 1.9437,
  "plus_newton_newton_iter_median": 2.0,
  "plus_newton_newton_iter_p90": 2.0,
  "plus_newton_converged_ratio": 1.0,
  "hp_use_log_ab": true,
  "hp_optimizer": "adamw",
  "hp_criterion": "mse",
  "hp_dropout": 0.0,
  "hp_lr": 0.001,
  "hp_weight_decay": 0.0001,
  "hp_hidden_dims": "[256, 256, 128]",
  "hp_hidden_size": 128,
  "hp_num_layers": 1,
  "hp_head_hidden": 128,
  "hp_head_layers": 2,
  "hp_d_model": 64,
  "hp_nhead": 4,
  "hp_ff_dim": 128,
  "hp_use_cls_token": false
}