{
  "trial_id": 194,
  "trial_name": "trial_194_lstm",
  "model": "lstm",
  "best_epoch": 32,
  "elapsed_sec": 137.5415620803833,
  "direct_mae": 0.011169768869876862,
  "direct_rmse": 0.017411770299077034,
  "direct_r2": 0.9996844136330765,
  "direct_valid_ratio": 1.0,
  "direct_residual_mean": 0.013410388492047787,
  "direct_residual_median": 0.00754779577255249,
  "direct_residual_p90": 0.03353227376937866,
  "plus_newton_mae": 2.3433617917092267e-08,
  "plus_newton_rmse": 2.991572914737202e-08,
  "plus_newton_r2": 0.9999999999999991,
  "plus_newton_valid_ratio": 1.0,
  "plus_newton_residual_mean": 4.0689652316021674e-14,
  "plus_newton_residual_median": 1.1102230246251565e-16,
  "plus_newton_residual_p90": 8.351375146986593e-14,
  "plus_newton_newton_iter_mean": 2.1834,
  "plus_newton_newton_iter_median": 2.0,
  "plus_newton_newton_iter_p90": 3.0,
  "plus_newton_converged_ratio": 1.0,
  "hp_use_log_ab": false,
  "hp_optimizer": "adamw",
  "hp_criterion": "smoothl1",
  "hp_dropout": 0.1,
  "hp_lr": 0.001,
  "hp_weight_decay": 1e-05,
  "hp_hidden_dims": "[256, 256, 128]",
  "hp_hidden_size": 64,
  "hp_num_layers": 1,
  "hp_head_hidden": 64,
  "hp_head_layers": 2,
  "hp_d_model": 64,
  "hp_nhead": 4,
  "hp_ff_dim": 128,
  "hp_use_cls_token": false
}{
  "trial_id": 194,
  "trial_name": "trial_194_lstm",
  "model": "lstm",
  "best_epoch": 32,
  "elapsed_sec": 137.5415620803833,
  "direct_mae": 0.011169768869876862,
  "direct_rmse": 0.017411770299077034,
  "direct_r2": 0.9996844136330765,
  "direct_valid_ratio": 1.0,
  "direct_residual_mean": 0.013410388492047787,
  "direct_residual_median": 0.00754779577255249,
  "direct_residual_p90": 0.03353227376937866,
  "plus_newton_mae": 2.3433617917092267e-08,
  "plus_newton_rmse": 2.991572914737202e-08,
  "plus_newton_r2": 0.9999999999999991,
  "plus_newton_valid_ratio": 1.0,
  "plus_newton_residual_mean": 4.0689652316021674e-14,
  "plus_newton_residual_median": 1.1102230246251565e-16,
  "plus_newton_residual_p90": 8.351375146986593e-14,
  "plus_newton_newton_iter_mean": 2.1834,
  "plus_newton_newton_iter_median": 2.0,
  "plus_newton_newton_iter_p90": 3.0,
  "plus_newton_converged_ratio": 1.0,
  "hp_use_log_ab": false,
  "hp_optimizer": "adamw",
  "hp_criterion": "smoothl1",
  "hp_dropout": 0.1,
  "hp_lr": 0.001,
  "hp_weight_decay": 1e-05,
  "hp_hidden_dims": "[256, 256, 128]",
  "hp_hidden_size": 64,
  "hp_num_layers": 1,
  "hp_head_hidden": 64,
  "hp_head_layers": 2,
  "hp_d_model": 64,
  "hp_nhead": 4,
  "hp_ff_dim": 128,
  "hp_use_cls_token": false
}