{
  "trial_id": 1463,
  "trial_name": "trial_1463_transformer",
  "model": "transformer",
  "best_epoch": 74,
  "elapsed_sec": 130.5721561908722,
  "direct_mae": 0.002077561803162098,
  "direct_rmse": 0.0029452492017298937,
  "direct_r2": 0.9999909702346486,
  "direct_valid_ratio": 1.0,
  "direct_residual_mean": 0.002546516479924321,
  "direct_residual_median": 0.0017955303192138672,
  "direct_residual_p90": 0.005692613124847413,
  "plus_newton_mae": 2.3433618409827657e-08,
  "plus_newton_rmse": 2.991572967341701e-08,
  "plus_newton_r2": 0.9999999999999991,
  "plus_newton_valid_ratio": 1.0,
  "plus_newton_residual_mean": 2.5567291125747392e-14,
  "plus_newton_residual_median": 1.1102230246251565e-16,
  "plus_newton_residual_p90": 2.2210011607626277e-14,
  "plus_newton_newton_iter_mean": 2.0216,
  "plus_newton_newton_iter_median": 2.0,
  "plus_newton_newton_iter_p90": 2.0,
  "plus_newton_converged_ratio": 1.0,
  "hp_use_log_ab": false,
  "hp_optimizer": "adamw",
  "hp_criterion": "smoothl1",
  "hp_dropout": 0.0,
  "hp_lr": 0.0005,
  "hp_weight_decay": 0.0001,
  "hp_hidden_dims": "[256, 256, 128]",
  "hp_hidden_size": 128,
  "hp_num_layers": 1,
  "hp_head_hidden": 128,
  "hp_head_layers": 2,
  "hp_d_model": 32,
  "hp_nhead": 4,
  "hp_ff_dim": 128,
  "hp_use_cls_token": false
}{
  "trial_id": 1463,
  "trial_name": "trial_1463_transformer",
  "model": "transformer",
  "best_epoch": 74,
  "elapsed_sec": 130.5721561908722,
  "direct_mae": 0.002077561803162098,
  "direct_rmse": 0.0029452492017298937,
  "direct_r2": 0.9999909702346486,
  "direct_valid_ratio": 1.0,
  "direct_residual_mean": 0.002546516479924321,
  "direct_residual_median": 0.0017955303192138672,
  "direct_residual_p90": 0.005692613124847413,
  "plus_newton_mae": 2.3433618409827657e-08,
  "plus_newton_rmse": 2.991572967341701e-08,
  "plus_newton_r2": 0.9999999999999991,
  "plus_newton_valid_ratio": 1.0,
  "plus_newton_residual_mean": 2.5567291125747392e-14,
  "plus_newton_residual_median": 1.1102230246251565e-16,
  "plus_newton_residual_p90": 2.2210011607626277e-14,
  "plus_newton_newton_iter_mean": 2.0216,
  "plus_newton_newton_iter_median": 2.0,
  "plus_newton_newton_iter_p90": 2.0,
  "plus_newton_converged_ratio": 1.0,
  "hp_use_log_ab": false,
  "hp_optimizer": "adamw",
  "hp_criterion": "smoothl1",
  "hp_dropout": 0.0,
  "hp_lr": 0.0005,
  "hp_weight_decay": 0.0001,
  "hp_hidden_dims": "[256, 256, 128]",
  "hp_hidden_size": 128,
  "hp_num_layers": 1,
  "hp_head_hidden": 128,
  "hp_head_layers": 2,
  "hp_d_model": 32,
  "hp_nhead": 4,
  "hp_ff_dim": 128,
  "hp_use_cls_token": false
}