{
  "trial_id": 238,
  "trial_name": "trial_238_gru",
  "model": "gru",
  "best_epoch": 69,
  "elapsed_sec": 257.4132990837097,
  "direct_mae": 0.012152890674769878,
  "direct_rmse": 0.017336448654532433,
  "direct_r2": 0.999687138129957,
  "direct_valid_ratio": 1.0,
  "direct_residual_mean": 0.014641888439655304,
  "direct_residual_median": 0.00969742238521576,
  "direct_residual_p90": 0.034893724322319034,
  "plus_newton_mae": 2.3433616567915755e-08,
  "plus_newton_rmse": 2.99157287554536e-08,
  "plus_newton_r2": 0.9999999999999991,
  "plus_newton_valid_ratio": 1.0,
  "plus_newton_residual_mean": 4.506500374191192e-14,
  "plus_newton_residual_median": 1.1102230246251565e-16,
  "plus_newton_residual_p90": 1.0237366510068572e-13,
  "plus_newton_newton_iter_mean": 2.1917,
  "plus_newton_newton_iter_median": 2.0,
  "plus_newton_newton_iter_p90": 3.0,
  "plus_newton_converged_ratio": 1.0,
  "hp_use_log_ab": false,
  "hp_optimizer": "adamw",
  "hp_criterion": "smoothl1",
  "hp_dropout": 0.1,
  "hp_lr": 0.0005,
  "hp_weight_decay": 1e-05,
  "hp_hidden_dims": "[256, 256, 128]",
  "hp_hidden_size": 128,
  "hp_num_layers": 2,
  "hp_head_hidden": 64,
  "hp_head_layers": 2,
  "hp_d_model": 64,
  "hp_nhead": 4,
  "hp_ff_dim": 128,
  "hp_use_cls_token": false
}{
  "trial_id": 238,
  "trial_name": "trial_238_gru",
  "model": "gru",
  "best_epoch": 69,
  "elapsed_sec": 257.4132990837097,
  "direct_mae": 0.012152890674769878,
  "direct_rmse": 0.017336448654532433,
  "direct_r2": 0.999687138129957,
  "direct_valid_ratio": 1.0,
  "direct_residual_mean": 0.014641888439655304,
  "direct_residual_median": 0.00969742238521576,
  "direct_residual_p90": 0.034893724322319034,
  "plus_newton_mae": 2.3433616567915755e-08,
  "plus_newton_rmse": 2.99157287554536e-08,
  "plus_newton_r2": 0.9999999999999991,
  "plus_newton_valid_ratio": 1.0,
  "plus_newton_residual_mean": 4.506500374191192e-14,
  "plus_newton_residual_median": 1.1102230246251565e-16,
  "plus_newton_residual_p90": 1.0237366510068572e-13,
  "plus_newton_newton_iter_mean": 2.1917,
  "plus_newton_newton_iter_median": 2.0,
  "plus_newton_newton_iter_p90": 3.0,
  "plus_newton_converged_ratio": 1.0,
  "hp_use_log_ab": false,
  "hp_optimizer": "adamw",
  "hp_criterion": "smoothl1",
  "hp_dropout": 0.1,
  "hp_lr": 0.0005,
  "hp_weight_decay": 1e-05,
  "hp_hidden_dims": "[256, 256, 128]",
  "hp_hidden_size": 128,
  "hp_num_layers": 2,
  "hp_head_hidden": 64,
  "hp_head_layers": 2,
  "hp_d_model": 64,
  "hp_nhead": 4,
  "hp_ff_dim": 128,
  "hp_use_cls_token": false
}