{
  "trial_id": 2019,
  "trial_name": "trial_2019_transformer",
  "model": "transformer",
  "best_epoch": 9,
  "elapsed_sec": 51.492751359939575,
  "direct_mae": 0.3391871154308319,
  "direct_rmse": 0.4194313585758209,
  "direct_r2": 0.8168722242116928,
  "direct_valid_ratio": 1.0,
  "direct_residual_mean": 0.3865453004837036,
  "direct_residual_median": 0.3506850600242615,
  "direct_residual_p90": 0.781284272670746,
  "plus_newton_mae": 2.3433620037081274e-08,
  "plus_newton_rmse": 2.991573065897326e-08,
  "plus_newton_r2": 0.9999999999999991,
  "plus_newton_valid_ratio": 1.0,
  "plus_newton_residual_mean": 4.270524876075503e-14,
  "plus_newton_residual_median": 1.1102230246251565e-16,
  "plus_newton_residual_p90": 9.35918009759007e-14,
  "plus_newton_newton_iter_mean": 2.7803,
  "plus_newton_newton_iter_median": 3.0,
  "plus_newton_newton_iter_p90": 4.0,
  "plus_newton_converged_ratio": 1.0,
  "hp_use_log_ab": false,
  "hp_optimizer": "adamw",
  "hp_criterion": "smoothl1",
  "hp_dropout": 0.1,
  "hp_lr": 0.0005,
  "hp_weight_decay": 0.0001,
  "hp_hidden_dims": "[256, 256, 128]",
  "hp_hidden_size": 128,
  "hp_num_layers": 2,
  "hp_head_hidden": 128,
  "hp_head_layers": 1,
  "hp_d_model": 32,
  "hp_nhead": 2,
  "hp_ff_dim": 128,
  "hp_use_cls_token": false
}{
  "trial_id": 2019,
  "trial_name": "trial_2019_transformer",
  "model": "transformer",
  "best_epoch": 9,
  "elapsed_sec": 51.492751359939575,
  "direct_mae": 0.3391871154308319,
  "direct_rmse": 0.4194313585758209,
  "direct_r2": 0.8168722242116928,
  "direct_valid_ratio": 1.0,
  "direct_residual_mean": 0.3865453004837036,
  "direct_residual_median": 0.3506850600242615,
  "direct_residual_p90": 0.781284272670746,
  "plus_newton_mae": 2.3433620037081274e-08,
  "plus_newton_rmse": 2.991573065897326e-08,
  "plus_newton_r2": 0.9999999999999991,
  "plus_newton_valid_ratio": 1.0,
  "plus_newton_residual_mean": 4.270524876075503e-14,
  "plus_newton_residual_median": 1.1102230246251565e-16,
  "plus_newton_residual_p90": 9.35918009759007e-14,
  "plus_newton_newton_iter_mean": 2.7803,
  "plus_newton_newton_iter_median": 3.0,
  "plus_newton_newton_iter_p90": 4.0,
  "plus_newton_converged_ratio": 1.0,
  "hp_use_log_ab": false,
  "hp_optimizer": "adamw",
  "hp_criterion": "smoothl1",
  "hp_dropout": 0.1,
  "hp_lr": 0.0005,
  "hp_weight_decay": 0.0001,
  "hp_hidden_dims": "[256, 256, 128]",
  "hp_hidden_size": 128,
  "hp_num_layers": 2,
  "hp_head_hidden": 128,
  "hp_head_layers": 1,
  "hp_d_model": 32,
  "hp_nhead": 2,
  "hp_ff_dim": 128,
  "hp_use_cls_token": false
}