{
  "trial_id": 1400,
  "trial_name": "trial_1400_transformer",
  "model": "transformer",
  "best_epoch": 55,
  "elapsed_sec": 131.67764258384705,
  "direct_mae": 0.0023021530359983444,
  "direct_rmse": 0.003164108144119382,
  "direct_r2": 0.9999895783848842,
  "direct_valid_ratio": 1.0,
  "direct_residual_mean": 0.0028262913692742586,
  "direct_residual_median": 0.00219137966632843,
  "direct_residual_p90": 0.005901306867599487,
  "plus_newton_mae": 2.3433618349323012e-08,
  "plus_newton_rmse": 2.991573067061336e-08,
  "plus_newton_r2": 0.9999999999999991,
  "plus_newton_valid_ratio": 1.0,
  "plus_newton_residual_mean": 2.0740749149922267e-14,
  "plus_newton_residual_median": 1.1102230246251565e-16,
  "plus_newton_residual_p90": 1.7319479184152442e-14,
  "plus_newton_newton_iter_mean": 2.0439,
  "plus_newton_newton_iter_median": 2.0,
  "plus_newton_newton_iter_p90": 2.0,
  "plus_newton_converged_ratio": 1.0,
  "hp_use_log_ab": false,
  "hp_optimizer": "adamw",
  "hp_criterion": "smoothl1",
  "hp_dropout": 0.0,
  "hp_lr": 0.0005,
  "hp_weight_decay": 1e-05,
  "hp_hidden_dims": "[256, 256, 128]",
  "hp_hidden_size": 128,
  "hp_num_layers": 2,
  "hp_head_hidden": 128,
  "hp_head_layers": 2,
  "hp_d_model": 32,
  "hp_nhead": 4,
  "hp_ff_dim": 128,
  "hp_use_cls_token": true
}{
  "trial_id": 1400,
  "trial_name": "trial_1400_transformer",
  "model": "transformer",
  "best_epoch": 55,
  "elapsed_sec": 131.67764258384705,
  "direct_mae": 0.0023021530359983444,
  "direct_rmse": 0.003164108144119382,
  "direct_r2": 0.9999895783848842,
  "direct_valid_ratio": 1.0,
  "direct_residual_mean": 0.0028262913692742586,
  "direct_residual_median": 0.00219137966632843,
  "direct_residual_p90": 0.005901306867599487,
  "plus_newton_mae": 2.3433618349323012e-08,
  "plus_newton_rmse": 2.991573067061336e-08,
  "plus_newton_r2": 0.9999999999999991,
  "plus_newton_valid_ratio": 1.0,
  "plus_newton_residual_mean": 2.0740749149922267e-14,
  "plus_newton_residual_median": 1.1102230246251565e-16,
  "plus_newton_residual_p90": 1.7319479184152442e-14,
  "plus_newton_newton_iter_mean": 2.0439,
  "plus_newton_newton_iter_median": 2.0,
  "plus_newton_newton_iter_p90": 2.0,
  "plus_newton_converged_ratio": 1.0,
  "hp_use_log_ab": false,
  "hp_optimizer": "adamw",
  "hp_criterion": "smoothl1",
  "hp_dropout": 0.0,
  "hp_lr": 0.0005,
  "hp_weight_decay": 1e-05,
  "hp_hidden_dims": "[256, 256, 128]",
  "hp_hidden_size": 128,
  "hp_num_layers": 2,
  "hp_head_hidden": 128,
  "hp_head_layers": 2,
  "hp_d_model": 32,
  "hp_nhead": 4,
  "hp_ff_dim": 128,
  "hp_use_cls_token": true
}