{
  "trial_id": 919,
  "trial_name": "trial_919_transformer",
  "model": "transformer",
  "best_epoch": 45,
  "elapsed_sec": 100.6265127658844,
  "direct_mae": 0.015078178606927395,
  "direct_rmse": 0.021522659808397293,
  "direct_r2": 0.999517803255003,
  "direct_valid_ratio": 1.0,
  "direct_residual_mean": 0.017555173486471176,
  "direct_residual_median": 0.01241561770439148,
  "direct_residual_p90": 0.04077176451683045,
  "plus_newton_mae": 2.3433616134919696e-08,
  "plus_newton_rmse": 2.991572837646123e-08,
  "plus_newton_r2": 0.9999999999999991,
  "plus_newton_valid_ratio": 1.0,
  "plus_newton_residual_mean": 3.6441337253398916e-14,
  "plus_newton_residual_median": 1.1102230246251565e-16,
  "plus_newton_residual_p90": 7.299716386910424e-14,
  "plus_newton_newton_iter_mean": 2.2271,
  "plus_newton_newton_iter_median": 2.0,
  "plus_newton_newton_iter_p90": 3.0,
  "plus_newton_converged_ratio": 1.0,
  "hp_use_log_ab": false,
  "hp_optimizer": "adamw",
  "hp_criterion": "mse",
  "hp_dropout": 0.1,
  "hp_lr": 0.0005,
  "hp_weight_decay": 0.0001,
  "hp_hidden_dims": "[256, 256, 128]",
  "hp_hidden_size": 128,
  "hp_num_layers": 1,
  "hp_head_hidden": 64,
  "hp_head_layers": 2,
  "hp_d_model": 32,
  "hp_nhead": 4,
  "hp_ff_dim": 128,
  "hp_use_cls_token": false
}{
  "trial_id": 919,
  "trial_name": "trial_919_transformer",
  "model": "transformer",
  "best_epoch": 45,
  "elapsed_sec": 100.6265127658844,
  "direct_mae": 0.015078178606927395,
  "direct_rmse": 0.021522659808397293,
  "direct_r2": 0.999517803255003,
  "direct_valid_ratio": 1.0,
  "direct_residual_mean": 0.017555173486471176,
  "direct_residual_median": 0.01241561770439148,
  "direct_residual_p90": 0.04077176451683045,
  "plus_newton_mae": 2.3433616134919696e-08,
  "plus_newton_rmse": 2.991572837646123e-08,
  "plus_newton_r2": 0.9999999999999991,
  "plus_newton_valid_ratio": 1.0,
  "plus_newton_residual_mean": 3.6441337253398916e-14,
  "plus_newton_residual_median": 1.1102230246251565e-16,
  "plus_newton_residual_p90": 7.299716386910424e-14,
  "plus_newton_newton_iter_mean": 2.2271,
  "plus_newton_newton_iter_median": 2.0,
  "plus_newton_newton_iter_p90": 3.0,
  "plus_newton_converged_ratio": 1.0,
  "hp_use_log_ab": false,
  "hp_optimizer": "adamw",
  "hp_criterion": "mse",
  "hp_dropout": 0.1,
  "hp_lr": 0.0005,
  "hp_weight_decay": 0.0001,
  "hp_hidden_dims": "[256, 256, 128]",
  "hp_hidden_size": 128,
  "hp_num_layers": 1,
  "hp_head_hidden": 64,
  "hp_head_layers": 2,
  "hp_d_model": 32,
  "hp_nhead": 4,
  "hp_ff_dim": 128,
  "hp_use_cls_token": false
}