{
  "trial_id": 286,
  "trial_name": "trial_286_lstm",
  "model": "lstm",
  "best_epoch": 86,
  "elapsed_sec": 246.40181136131287,
  "direct_mae": 0.0014283453347161412,
  "direct_rmse": 0.001795915188267827,
  "direct_r2": 0.9999966425928051,
  "direct_valid_ratio": 1.0,
  "direct_residual_mean": 0.0017623414751142263,
  "direct_residual_median": 0.0013786852359771729,
  "direct_residual_p90": 0.0036808937788009644,
  "plus_newton_mae": 2.3433619492364712e-08,
  "plus_newton_rmse": 2.991573210733292e-08,
  "plus_newton_r2": 0.9999999999999991,
  "plus_newton_valid_ratio": 1.0,
  "plus_newton_residual_mean": 2.6739401857364405e-14,
  "plus_newton_residual_median": 8.326672684688674e-17,
  "plus_newton_residual_p90": 1.899591595133647e-14,
  "plus_newton_newton_iter_mean": 1.9957,
  "plus_newton_newton_iter_median": 2.0,
  "plus_newton_newton_iter_p90": 2.0,
  "plus_newton_converged_ratio": 1.0,
  "hp_use_log_ab": true,
  "hp_optimizer": "adamw",
  "hp_criterion": "mse",
  "hp_dropout": 0.0,
  "hp_lr": 0.001,
  "hp_weight_decay": 0.0001,
  "hp_hidden_dims": "[256, 256, 128]",
  "hp_hidden_size": 128,
  "hp_num_layers": 2,
  "hp_head_hidden": 64,
  "hp_head_layers": 2,
  "hp_d_model": 64,
  "hp_nhead": 4,
  "hp_ff_dim": 128,
  "hp_use_cls_token": false
}{
  "trial_id": 286,
  "trial_name": "trial_286_lstm",
  "model": "lstm",
  "best_epoch": 86,
  "elapsed_sec": 246.40181136131287,
  "direct_mae": 0.0014283453347161412,
  "direct_rmse": 0.001795915188267827,
  "direct_r2": 0.9999966425928051,
  "direct_valid_ratio": 1.0,
  "direct_residual_mean": 0.0017623414751142263,
  "direct_residual_median": 0.0013786852359771729,
  "direct_residual_p90": 0.0036808937788009644,
  "plus_newton_mae": 2.3433619492364712e-08,
  "plus_newton_rmse": 2.991573210733292e-08,
  "plus_newton_r2": 0.9999999999999991,
  "plus_newton_valid_ratio": 1.0,
  "plus_newton_residual_mean": 2.6739401857364405e-14,
  "plus_newton_residual_median": 8.326672684688674e-17,
  "plus_newton_residual_p90": 1.899591595133647e-14,
  "plus_newton_newton_iter_mean": 1.9957,
  "plus_newton_newton_iter_median": 2.0,
  "plus_newton_newton_iter_p90": 2.0,
  "plus_newton_converged_ratio": 1.0,
  "hp_use_log_ab": true,
  "hp_optimizer": "adamw",
  "hp_criterion": "mse",
  "hp_dropout": 0.0,
  "hp_lr": 0.001,
  "hp_weight_decay": 0.0001,
  "hp_hidden_dims": "[256, 256, 128]",
  "hp_hidden_size": 128,
  "hp_num_layers": 2,
  "hp_head_hidden": 64,
  "hp_head_layers": 2,
  "hp_d_model": 64,
  "hp_nhead": 4,
  "hp_ff_dim": 128,
  "hp_use_cls_token": false
}