{
  "trial_id": 2272,
  "trial_name": "trial_2272_transformer",
  "model": "transformer",
  "best_epoch": 117,
  "elapsed_sec": 209.41207933425903,
  "direct_mae": 0.001459570717997849,
  "direct_rmse": 0.0018750537419691682,
  "direct_r2": 0.9999963401792229,
  "direct_valid_ratio": 1.0,
  "direct_residual_mean": 0.0018227859400212765,
  "direct_residual_median": 0.0013623759150505066,
  "direct_residual_p90": 0.004002954065799713,
  "plus_newton_mae": 2.3433617252103667e-08,
  "plus_newton_rmse": 2.991572979191643e-08,
  "plus_newton_r2": 0.9999999999999991,
  "plus_newton_valid_ratio": 1.0,
  "plus_newton_residual_mean": 3.339300150499415e-14,
  "plus_newton_residual_median": 1.0928757898653885e-16,
  "plus_newton_residual_p90": 2.8199664825478976e-14,
  "plus_newton_newton_iter_mean": 1.9918,
  "plus_newton_newton_iter_median": 2.0,
  "plus_newton_newton_iter_p90": 2.0,
  "plus_newton_converged_ratio": 1.0,
  "hp_use_log_ab": true,
  "hp_optimizer": "adamw",
  "hp_criterion": "mse",
  "hp_dropout": 0.0,
  "hp_lr": 0.001,
  "hp_weight_decay": 0.0001,
  "hp_hidden_dims": "[256, 256, 128]",
  "hp_hidden_size": 128,
  "hp_num_layers": 2,
  "hp_head_hidden": 64,
  "hp_head_layers": 2,
  "hp_d_model": 64,
  "hp_nhead": 4,
  "hp_ff_dim": 128,
  "hp_use_cls_token": true
}{
  "trial_id": 2272,
  "trial_name": "trial_2272_transformer",
  "model": "transformer",
  "best_epoch": 117,
  "elapsed_sec": 209.41207933425903,
  "direct_mae": 0.001459570717997849,
  "direct_rmse": 0.0018750537419691682,
  "direct_r2": 0.9999963401792229,
  "direct_valid_ratio": 1.0,
  "direct_residual_mean": 0.0018227859400212765,
  "direct_residual_median": 0.0013623759150505066,
  "direct_residual_p90": 0.004002954065799713,
  "plus_newton_mae": 2.3433617252103667e-08,
  "plus_newton_rmse": 2.991572979191643e-08,
  "plus_newton_r2": 0.9999999999999991,
  "plus_newton_valid_ratio": 1.0,
  "plus_newton_residual_mean": 3.339300150499415e-14,
  "plus_newton_residual_median": 1.0928757898653885e-16,
  "plus_newton_residual_p90": 2.8199664825478976e-14,
  "plus_newton_newton_iter_mean": 1.9918,
  "plus_newton_newton_iter_median": 2.0,
  "plus_newton_newton_iter_p90": 2.0,
  "plus_newton_converged_ratio": 1.0,
  "hp_use_log_ab": true,
  "hp_optimizer": "adamw",
  "hp_criterion": "mse",
  "hp_dropout": 0.0,
  "hp_lr": 0.001,
  "hp_weight_decay": 0.0001,
  "hp_hidden_dims": "[256, 256, 128]",
  "hp_hidden_size": 128,
  "hp_num_layers": 2,
  "hp_head_hidden": 64,
  "hp_head_layers": 2,
  "hp_d_model": 64,
  "hp_nhead": 4,
  "hp_ff_dim": 128,
  "hp_use_cls_token": true
}