{
  "trial_id": 503,
  "trial_name": "trial_503_transformer",
  "model": "transformer",
  "best_epoch": 67,
  "elapsed_sec": 195.8404266834259,
  "direct_mae": 0.002277972875162959,
  "direct_rmse": 0.002992739900946617,
  "direct_r2": 0.9999906766861386,
  "direct_valid_ratio": 1.0,
  "direct_residual_mean": 0.0028247965965420008,
  "direct_residual_median": 0.0021215397864580154,
  "direct_residual_p90": 0.0060306891798973085,
  "plus_newton_mae": 2.3433618211118456e-08,
  "plus_newton_rmse": 2.991573014271126e-08,
  "plus_newton_r2": 0.9999999999999991,
  "plus_newton_valid_ratio": 1.0,
  "plus_newton_residual_mean": 2.3860813919788778e-14,
  "plus_newton_residual_median": 1.1102230246251565e-16,
  "plus_newton_residual_p90": 1.5987211554602254e-14,
  "plus_newton_newton_iter_mean": 2.0374,
  "plus_newton_newton_iter_median": 2.0,
  "plus_newton_newton_iter_p90": 2.0,
  "plus_newton_converged_ratio": 1.0,
  "hp_use_log_ab": false,
  "hp_optimizer": "adamw",
  "hp_criterion": "mse",
  "hp_dropout": 0.0,
  "hp_lr": 0.0005,
  "hp_weight_decay": 0.0001,
  "hp_hidden_dims": "[256, 256, 128]",
  "hp_hidden_size": 128,
  "hp_num_layers": 2,
  "hp_head_hidden": 128,
  "hp_head_layers": 2,
  "hp_d_model": 32,
  "hp_nhead": 4,
  "hp_ff_dim": 128,
  "hp_use_cls_token": false
}{
  "trial_id": 503,
  "trial_name": "trial_503_transformer",
  "model": "transformer",
  "best_epoch": 67,
  "elapsed_sec": 195.8404266834259,
  "direct_mae": 0.002277972875162959,
  "direct_rmse": 0.002992739900946617,
  "direct_r2": 0.9999906766861386,
  "direct_valid_ratio": 1.0,
  "direct_residual_mean": 0.0028247965965420008,
  "direct_residual_median": 0.0021215397864580154,
  "direct_residual_p90": 0.0060306891798973085,
  "plus_newton_mae": 2.3433618211118456e-08,
  "plus_newton_rmse": 2.991573014271126e-08,
  "plus_newton_r2": 0.9999999999999991,
  "plus_newton_valid_ratio": 1.0,
  "plus_newton_residual_mean": 2.3860813919788778e-14,
  "plus_newton_residual_median": 1.1102230246251565e-16,
  "plus_newton_residual_p90": 1.5987211554602254e-14,
  "plus_newton_newton_iter_mean": 2.0374,
  "plus_newton_newton_iter_median": 2.0,
  "plus_newton_newton_iter_p90": 2.0,
  "plus_newton_converged_ratio": 1.0,
  "hp_use_log_ab": false,
  "hp_optimizer": "adamw",
  "hp_criterion": "mse",
  "hp_dropout": 0.0,
  "hp_lr": 0.0005,
  "hp_weight_decay": 0.0001,
  "hp_hidden_dims": "[256, 256, 128]",
  "hp_hidden_size": 128,
  "hp_num_layers": 2,
  "hp_head_hidden": 128,
  "hp_head_layers": 2,
  "hp_d_model": 32,
  "hp_nhead": 4,
  "hp_ff_dim": 128,
  "hp_use_cls_token": false
}