{
  "trial_id": 1627,
  "trial_name": "trial_1627_transformer",
  "model": "transformer",
  "best_epoch": 32,
  "elapsed_sec": 92.9210934638977,
  "direct_mae": 0.01626657508313656,
  "direct_rmse": 0.024989847093820572,
  "direct_r2": 0.9993499308475293,
  "direct_valid_ratio": 1.0,
  "direct_residual_mean": 0.019048677757382393,
  "direct_residual_median": 0.01349341869354248,
  "direct_residual_p90": 0.04283189177513123,
  "plus_newton_mae": 2.343361740027537e-08,
  "plus_newton_rmse": 2.991572821985349e-08,
  "plus_newton_r2": 0.9999999999999991,
  "plus_newton_valid_ratio": 1.0,
  "plus_newton_residual_mean": 3.5838230869103785e-14,
  "plus_newton_residual_median": 1.1102230246251565e-16,
  "plus_newton_residual_p90": 5.3512749786932545e-14,
  "plus_newton_newton_iter_mean": 2.242,
  "plus_newton_newton_iter_median": 2.0,
  "plus_newton_newton_iter_p90": 3.0,
  "plus_newton_converged_ratio": 1.0,
  "hp_use_log_ab": false,
  "hp_optimizer": "adamw",
  "hp_criterion": "smoothl1",
  "hp_dropout": 0.1,
  "hp_lr": 0.001,
  "hp_weight_decay": 1e-05,
  "hp_hidden_dims": "[256, 256, 128]",
  "hp_hidden_size": 128,
  "hp_num_layers": 2,
  "hp_head_hidden": 64,
  "hp_head_layers": 2,
  "hp_d_model": 64,
  "hp_nhead": 2,
  "hp_ff_dim": 128,
  "hp_use_cls_token": false
}{
  "trial_id": 1627,
  "trial_name": "trial_1627_transformer",
  "model": "transformer",
  "best_epoch": 32,
  "elapsed_sec": 92.9210934638977,
  "direct_mae": 0.01626657508313656,
  "direct_rmse": 0.024989847093820572,
  "direct_r2": 0.9993499308475293,
  "direct_valid_ratio": 1.0,
  "direct_residual_mean": 0.019048677757382393,
  "direct_residual_median": 0.01349341869354248,
  "direct_residual_p90": 0.04283189177513123,
  "plus_newton_mae": 2.343361740027537e-08,
  "plus_newton_rmse": 2.991572821985349e-08,
  "plus_newton_r2": 0.9999999999999991,
  "plus_newton_valid_ratio": 1.0,
  "plus_newton_residual_mean": 3.5838230869103785e-14,
  "plus_newton_residual_median": 1.1102230246251565e-16,
  "plus_newton_residual_p90": 5.3512749786932545e-14,
  "plus_newton_newton_iter_mean": 2.242,
  "plus_newton_newton_iter_median": 2.0,
  "plus_newton_newton_iter_p90": 3.0,
  "plus_newton_converged_ratio": 1.0,
  "hp_use_log_ab": false,
  "hp_optimizer": "adamw",
  "hp_criterion": "smoothl1",
  "hp_dropout": 0.1,
  "hp_lr": 0.001,
  "hp_weight_decay": 1e-05,
  "hp_hidden_dims": "[256, 256, 128]",
  "hp_hidden_size": 128,
  "hp_num_layers": 2,
  "hp_head_hidden": 64,
  "hp_head_layers": 2,
  "hp_d_model": 64,
  "hp_nhead": 2,
  "hp_ff_dim": 128,
  "hp_use_cls_token": false
}