{
  "trial_id": 3183,
  "trial_name": "trial_3183_transformer",
  "model": "transformer",
  "best_epoch": 4,
  "elapsed_sec": 41.50699543952942,
  "direct_mae": 0.10369358956813812,
  "direct_rmse": 0.14119815826416016,
  "direct_r2": 0.9792465418577194,
  "direct_valid_ratio": 1.0,
  "direct_residual_mean": 0.13402962684631348,
  "direct_residual_median": 0.09224891662597656,
  "direct_residual_p90": 0.2810571938753128,
  "plus_newton_mae": 2.3433618870584524e-08,
  "plus_newton_rmse": 2.991573030802078e-08,
  "plus_newton_r2": 0.9999999999999991,
  "plus_newton_valid_ratio": 1.0,
  "plus_newton_residual_mean": 3.81850700773275e-14,
  "plus_newton_residual_median": 1.1102230246251565e-16,
  "plus_newton_residual_p90": 5.153655280309985e-14,
  "plus_newton_newton_iter_mean": 2.5966,
  "plus_newton_newton_iter_median": 3.0,
  "plus_newton_newton_iter_p90": 3.0,
  "plus_newton_converged_ratio": 1.0,
  "hp_use_log_ab": true,
  "hp_optimizer": "adamw",
  "hp_criterion": "smoothl1",
  "hp_dropout": 0.0,
  "hp_lr": 0.001,
  "hp_weight_decay": 1e-05,
  "hp_hidden_dims": "[256, 256, 128]",
  "hp_hidden_size": 128,
  "hp_num_layers": 2,
  "hp_head_hidden": 128,
  "hp_head_layers": 1,
  "hp_d_model": 64,
  "hp_nhead": 4,
  "hp_ff_dim": 128,
  "hp_use_cls_token": false
}{
  "trial_id": 3183,
  "trial_name": "trial_3183_transformer",
  "model": "transformer",
  "best_epoch": 4,
  "elapsed_sec": 41.50699543952942,
  "direct_mae": 0.10369358956813812,
  "direct_rmse": 0.14119815826416016,
  "direct_r2": 0.9792465418577194,
  "direct_valid_ratio": 1.0,
  "direct_residual_mean": 0.13402962684631348,
  "direct_residual_median": 0.09224891662597656,
  "direct_residual_p90": 0.2810571938753128,
  "plus_newton_mae": 2.3433618870584524e-08,
  "plus_newton_rmse": 2.991573030802078e-08,
  "plus_newton_r2": 0.9999999999999991,
  "plus_newton_valid_ratio": 1.0,
  "plus_newton_residual_mean": 3.81850700773275e-14,
  "plus_newton_residual_median": 1.1102230246251565e-16,
  "plus_newton_residual_p90": 5.153655280309985e-14,
  "plus_newton_newton_iter_mean": 2.5966,
  "plus_newton_newton_iter_median": 3.0,
  "plus_newton_newton_iter_p90": 3.0,
  "plus_newton_converged_ratio": 1.0,
  "hp_use_log_ab": true,
  "hp_optimizer": "adamw",
  "hp_criterion": "smoothl1",
  "hp_dropout": 0.0,
  "hp_lr": 0.001,
  "hp_weight_decay": 1e-05,
  "hp_hidden_dims": "[256, 256, 128]",
  "hp_hidden_size": 128,
  "hp_num_layers": 2,
  "hp_head_hidden": 128,
  "hp_head_layers": 1,
  "hp_d_model": 64,
  "hp_nhead": 4,
  "hp_ff_dim": 128,
  "hp_use_cls_token": false
}