{
  "trial_id": 87,
  "trial_name": "trial_087_gru",
  "model": "gru",
  "best_epoch": 81,
  "elapsed_sec": 260.5599422454834,
  "direct_mae": 0.3399980366230011,
  "direct_rmse": 0.4167993366718292,
  "direct_r2": 0.819163367152214,
  "direct_valid_ratio": 1.0,
  "direct_residual_mean": 0.38322147727012634,
  "direct_residual_median": 0.358970046043396,
  "direct_residual_p90": 0.7274912059307099,
  "plus_newton_mae": 2.3433618762352123e-08,
  "plus_newton_rmse": 2.9915730630634275e-08,
  "plus_newton_r2": 0.9999999999999991,
  "plus_newton_valid_ratio": 1.0,
  "plus_newton_residual_mean": 4.462317076931889e-14,
  "plus_newton_residual_median": 1.6653345369377348e-16,
  "plus_newton_residual_p90": 1.0946799022804043e-13,
  "plus_newton_newton_iter_mean": 2.7575,
  "plus_newton_newton_iter_median": 3.0,
  "plus_newton_newton_iter_p90": 3.0,
  "plus_newton_converged_ratio": 1.0,
  "hp_use_log_ab": false,
  "hp_optimizer": "adamw",
  "hp_criterion": "mse",
  "hp_dropout": 0.1,
  "hp_lr": 0.001,
  "hp_weight_decay": 0.0001,
  "hp_hidden_dims": "[256, 256, 128]",
  "hp_hidden_size": 64,
  "hp_num_layers": 2,
  "hp_head_hidden": 128,
  "hp_head_layers": 1,
  "hp_d_model": 64,
  "hp_nhead": 4,
  "hp_ff_dim": 128,
  "hp_use_cls_token": false
}{
  "trial_id": 87,
  "trial_name": "trial_087_gru",
  "model": "gru",
  "best_epoch": 81,
  "elapsed_sec": 260.5599422454834,
  "direct_mae": 0.3399980366230011,
  "direct_rmse": 0.4167993366718292,
  "direct_r2": 0.819163367152214,
  "direct_valid_ratio": 1.0,
  "direct_residual_mean": 0.38322147727012634,
  "direct_residual_median": 0.358970046043396,
  "direct_residual_p90": 0.7274912059307099,
  "plus_newton_mae": 2.3433618762352123e-08,
  "plus_newton_rmse": 2.9915730630634275e-08,
  "plus_newton_r2": 0.9999999999999991,
  "plus_newton_valid_ratio": 1.0,
  "plus_newton_residual_mean": 4.462317076931889e-14,
  "plus_newton_residual_median": 1.6653345369377348e-16,
  "plus_newton_residual_p90": 1.0946799022804043e-13,
  "plus_newton_newton_iter_mean": 2.7575,
  "plus_newton_newton_iter_median": 3.0,
  "plus_newton_newton_iter_p90": 3.0,
  "plus_newton_converged_ratio": 1.0,
  "hp_use_log_ab": false,
  "hp_optimizer": "adamw",
  "hp_criterion": "mse",
  "hp_dropout": 0.1,
  "hp_lr": 0.001,
  "hp_weight_decay": 0.0001,
  "hp_hidden_dims": "[256, 256, 128]",
  "hp_hidden_size": 64,
  "hp_num_layers": 2,
  "hp_head_hidden": 128,
  "hp_head_layers": 1,
  "hp_d_model": 64,
  "hp_nhead": 4,
  "hp_ff_dim": 128,
  "hp_use_cls_token": false
}