{
  "trial_id": 2423,
  "trial_name": "trial_2423_transformer",
  "model": "transformer",
  "best_epoch": 110,
  "elapsed_sec": 209.97980332374573,
  "direct_mae": 0.001168890972621739,
  "direct_rmse": 0.001500851009041071,
  "direct_r2": 0.9999976551905547,
  "direct_valid_ratio": 1.0,
  "direct_residual_mean": 0.0014091823250055313,
  "direct_residual_median": 0.0010768771171569824,
  "direct_residual_p90": 0.002997112274169922,
  "plus_newton_mae": 2.3433616678553578e-08,
  "plus_newton_rmse": 2.9915729013727464e-08,
  "plus_newton_r2": 0.9999999999999991,
  "plus_newton_valid_ratio": 1.0,
  "plus_newton_residual_mean": 2.3569250326790524e-14,
  "plus_newton_residual_median": 5.551115123125783e-17,
  "plus_newton_residual_p90": 6.333822355486538e-15,
  "plus_newton_newton_iter_mean": 1.9857,
  "plus_newton_newton_iter_median": 2.0,
  "plus_newton_newton_iter_p90": 2.0,
  "plus_newton_converged_ratio": 1.0,
  "hp_use_log_ab": true,
  "hp_optimizer": "adamw",
  "hp_criterion": "mse",
  "hp_dropout": 0.0,
  "hp_lr": 0.0005,
  "hp_weight_decay": 1e-05,
  "hp_hidden_dims": "[256, 256, 128]",
  "hp_hidden_size": 128,
  "hp_num_layers": 2,
  "hp_head_hidden": 128,
  "hp_head_layers": 2,
  "hp_d_model": 32,
  "hp_nhead": 4,
  "hp_ff_dim": 128,
  "hp_use_cls_token": false
}{
  "trial_id": 2423,
  "trial_name": "trial_2423_transformer",
  "model": "transformer",
  "best_epoch": 110,
  "elapsed_sec": 209.97980332374573,
  "direct_mae": 0.001168890972621739,
  "direct_rmse": 0.001500851009041071,
  "direct_r2": 0.9999976551905547,
  "direct_valid_ratio": 1.0,
  "direct_residual_mean": 0.0014091823250055313,
  "direct_residual_median": 0.0010768771171569824,
  "direct_residual_p90": 0.002997112274169922,
  "plus_newton_mae": 2.3433616678553578e-08,
  "plus_newton_rmse": 2.9915729013727464e-08,
  "plus_newton_r2": 0.9999999999999991,
  "plus_newton_valid_ratio": 1.0,
  "plus_newton_residual_mean": 2.3569250326790524e-14,
  "plus_newton_residual_median": 5.551115123125783e-17,
  "plus_newton_residual_p90": 6.333822355486538e-15,
  "plus_newton_newton_iter_mean": 1.9857,
  "plus_newton_newton_iter_median": 2.0,
  "plus_newton_newton_iter_p90": 2.0,
  "plus_newton_converged_ratio": 1.0,
  "hp_use_log_ab": true,
  "hp_optimizer": "adamw",
  "hp_criterion": "mse",
  "hp_dropout": 0.0,
  "hp_lr": 0.0005,
  "hp_weight_decay": 1e-05,
  "hp_hidden_dims": "[256, 256, 128]",
  "hp_hidden_size": 128,
  "hp_num_layers": 2,
  "hp_head_hidden": 128,
  "hp_head_layers": 2,
  "hp_d_model": 32,
  "hp_nhead": 4,
  "hp_ff_dim": 128,
  "hp_use_cls_token": false
}