{
  "trial_id": 141,
  "trial_name": "trial_141_lstm",
  "model": "lstm",
  "best_epoch": 29,
  "elapsed_sec": 131.2211046218872,
  "direct_mae": 0.3365572988986969,
  "direct_rmse": 0.4193262457847595,
  "direct_r2": 0.8169640153646469,
  "direct_valid_ratio": 1.0,
  "direct_residual_mean": 0.3801227807998657,
  "direct_residual_median": 0.3449060618877411,
  "direct_residual_p90": 0.779390561580658,
  "plus_newton_mae": 2.343361973345559e-08,
  "plus_newton_rmse": 2.9915731206711586e-08,
  "plus_newton_r2": 0.9999999999999991,
  "plus_newton_valid_ratio": 1.0,
  "plus_newton_residual_mean": 4.3947200120369973e-14,
  "plus_newton_residual_median": 1.1102230246251565e-16,
  "plus_newton_residual_p90": 1.0370593273023591e-13,
  "plus_newton_newton_iter_mean": 2.7586,
  "plus_newton_newton_iter_median": 3.0,
  "plus_newton_newton_iter_p90": 3.0,
  "plus_newton_converged_ratio": 1.0,
  "hp_use_log_ab": false,
  "hp_optimizer": "adamw",
  "hp_criterion": "smoothl1",
  "hp_dropout": 0.0,
  "hp_lr": 0.001,
  "hp_weight_decay": 1e-05,
  "hp_hidden_dims": "[256, 256, 128]",
  "hp_hidden_size": 128,
  "hp_num_layers": 2,
  "hp_head_hidden": 64,
  "hp_head_layers": 1,
  "hp_d_model": 64,
  "hp_nhead": 4,
  "hp_ff_dim": 128,
  "hp_use_cls_token": false
}{
  "trial_id": 141,
  "trial_name": "trial_141_lstm",
  "model": "lstm",
  "best_epoch": 29,
  "elapsed_sec": 131.2211046218872,
  "direct_mae": 0.3365572988986969,
  "direct_rmse": 0.4193262457847595,
  "direct_r2": 0.8169640153646469,
  "direct_valid_ratio": 1.0,
  "direct_residual_mean": 0.3801227807998657,
  "direct_residual_median": 0.3449060618877411,
  "direct_residual_p90": 0.779390561580658,
  "plus_newton_mae": 2.343361973345559e-08,
  "plus_newton_rmse": 2.9915731206711586e-08,
  "plus_newton_r2": 0.9999999999999991,
  "plus_newton_valid_ratio": 1.0,
  "plus_newton_residual_mean": 4.3947200120369973e-14,
  "plus_newton_residual_median": 1.1102230246251565e-16,
  "plus_newton_residual_p90": 1.0370593273023591e-13,
  "plus_newton_newton_iter_mean": 2.7586,
  "plus_newton_newton_iter_median": 3.0,
  "plus_newton_newton_iter_p90": 3.0,
  "plus_newton_converged_ratio": 1.0,
  "hp_use_log_ab": false,
  "hp_optimizer": "adamw",
  "hp_criterion": "smoothl1",
  "hp_dropout": 0.0,
  "hp_lr": 0.001,
  "hp_weight_decay": 1e-05,
  "hp_hidden_dims": "[256, 256, 128]",
  "hp_hidden_size": 128,
  "hp_num_layers": 2,
  "hp_head_hidden": 64,
  "hp_head_layers": 1,
  "hp_d_model": 64,
  "hp_nhead": 4,
  "hp_ff_dim": 128,
  "hp_use_cls_token": false
}