{
  "trial_id": 1306,
  "trial_name": "trial_1306_transformer",
  "model": "transformer",
  "best_epoch": 85,
  "elapsed_sec": 149.06546831130981,
  "direct_mae": 0.0021970036905258894,
  "direct_rmse": 0.0030200236942619085,
  "direct_r2": 0.9999905059157754,
  "direct_valid_ratio": 1.0,
  "direct_residual_mean": 0.002652140101417899,
  "direct_residual_median": 0.00199701264500618,
  "direct_residual_p90": 0.00563809871673584,
  "plus_newton_mae": 2.343361796462279e-08,
  "plus_newton_rmse": 2.991572862183596e-08,
  "plus_newton_r2": 0.9999999999999991,
  "plus_newton_valid_ratio": 1.0,
  "plus_newton_residual_mean": 2.878383820727963e-14,
  "plus_newton_residual_median": 1.1102230246251565e-16,
  "plus_newton_residual_p90": 3.376188217885105e-14,
  "plus_newton_newton_iter_mean": 2.0171,
  "plus_newton_newton_iter_median": 2.0,
  "plus_newton_newton_iter_p90": 2.0,
  "plus_newton_converged_ratio": 1.0,
  "hp_use_log_ab": false,
  "hp_optimizer": "adamw",
  "hp_criterion": "smoothl1",
  "hp_dropout": 0.0,
  "hp_lr": 0.0005,
  "hp_weight_decay": 1e-05,
  "hp_hidden_dims": "[256, 256, 128]",
  "hp_hidden_size": 128,
  "hp_num_layers": 1,
  "hp_head_hidden": 64,
  "hp_head_layers": 2,
  "hp_d_model": 64,
  "hp_nhead": 2,
  "hp_ff_dim": 64,
  "hp_use_cls_token": true
}{
  "trial_id": 1306,
  "trial_name": "trial_1306_transformer",
  "model": "transformer",
  "best_epoch": 85,
  "elapsed_sec": 149.06546831130981,
  "direct_mae": 0.0021970036905258894,
  "direct_rmse": 0.0030200236942619085,
  "direct_r2": 0.9999905059157754,
  "direct_valid_ratio": 1.0,
  "direct_residual_mean": 0.002652140101417899,
  "direct_residual_median": 0.00199701264500618,
  "direct_residual_p90": 0.00563809871673584,
  "plus_newton_mae": 2.343361796462279e-08,
  "plus_newton_rmse": 2.991572862183596e-08,
  "plus_newton_r2": 0.9999999999999991,
  "plus_newton_valid_ratio": 1.0,
  "plus_newton_residual_mean": 2.878383820727963e-14,
  "plus_newton_residual_median": 1.1102230246251565e-16,
  "plus_newton_residual_p90": 3.376188217885105e-14,
  "plus_newton_newton_iter_mean": 2.0171,
  "plus_newton_newton_iter_median": 2.0,
  "plus_newton_newton_iter_p90": 2.0,
  "plus_newton_converged_ratio": 1.0,
  "hp_use_log_ab": false,
  "hp_optimizer": "adamw",
  "hp_criterion": "smoothl1",
  "hp_dropout": 0.0,
  "hp_lr": 0.0005,
  "hp_weight_decay": 1e-05,
  "hp_hidden_dims": "[256, 256, 128]",
  "hp_hidden_size": 128,
  "hp_num_layers": 1,
  "hp_head_hidden": 64,
  "hp_head_layers": 2,
  "hp_d_model": 64,
  "hp_nhead": 2,
  "hp_ff_dim": 64,
  "hp_use_cls_token": true
}