{
  "trial_id": 2160,
  "trial_name": "trial_2160_transformer",
  "model": "transformer",
  "best_epoch": 64,
  "elapsed_sec": 145.42146182060242,
  "direct_mae": 0.10287918895483017,
  "direct_rmse": 0.13063348829746246,
  "direct_r2": 0.982235973700881,
  "direct_valid_ratio": 1.0,
  "direct_residual_mean": 0.12887172400951385,
  "direct_residual_median": 0.10338834673166275,
  "direct_residual_p90": 0.2482378751039505,
  "plus_newton_mae": 2.343361827733796e-08,
  "plus_newton_rmse": 2.991572943203444e-08,
  "plus_newton_r2": 0.9999999999999991,
  "plus_newton_valid_ratio": 1.0,
  "plus_newton_residual_mean": 3.4517157577771895e-14,
  "plus_newton_residual_median": 1.1102230246251565e-16,
  "plus_newton_residual_p90": 4.435896094889815e-14,
  "plus_newton_newton_iter_mean": 2.6039,
  "plus_newton_newton_iter_median": 3.0,
  "plus_newton_newton_iter_p90": 3.0,
  "plus_newton_converged_ratio": 1.0,
  "hp_use_log_ab": true,
  "hp_optimizer": "adamw",
  "hp_criterion": "mse",
  "hp_dropout": 0.0,
  "hp_lr": 0.001,
  "hp_weight_decay": 1e-05,
  "hp_hidden_dims": "[256, 256, 128]",
  "hp_hidden_size": 128,
  "hp_num_layers": 2,
  "hp_head_hidden": 128,
  "hp_head_layers": 1,
  "hp_d_model": 64,
  "hp_nhead": 4,
  "hp_ff_dim": 128,
  "hp_use_cls_token": true
}{
  "trial_id": 2160,
  "trial_name": "trial_2160_transformer",
  "model": "transformer",
  "best_epoch": 64,
  "elapsed_sec": 145.42146182060242,
  "direct_mae": 0.10287918895483017,
  "direct_rmse": 0.13063348829746246,
  "direct_r2": 0.982235973700881,
  "direct_valid_ratio": 1.0,
  "direct_residual_mean": 0.12887172400951385,
  "direct_residual_median": 0.10338834673166275,
  "direct_residual_p90": 0.2482378751039505,
  "plus_newton_mae": 2.343361827733796e-08,
  "plus_newton_rmse": 2.991572943203444e-08,
  "plus_newton_r2": 0.9999999999999991,
  "plus_newton_valid_ratio": 1.0,
  "plus_newton_residual_mean": 3.4517157577771895e-14,
  "plus_newton_residual_median": 1.1102230246251565e-16,
  "plus_newton_residual_p90": 4.435896094889815e-14,
  "plus_newton_newton_iter_mean": 2.6039,
  "plus_newton_newton_iter_median": 3.0,
  "plus_newton_newton_iter_p90": 3.0,
  "plus_newton_converged_ratio": 1.0,
  "hp_use_log_ab": true,
  "hp_optimizer": "adamw",
  "hp_criterion": "mse",
  "hp_dropout": 0.0,
  "hp_lr": 0.001,
  "hp_weight_decay": 1e-05,
  "hp_hidden_dims": "[256, 256, 128]",
  "hp_hidden_size": 128,
  "hp_num_layers": 2,
  "hp_head_hidden": 128,
  "hp_head_layers": 1,
  "hp_d_model": 64,
  "hp_nhead": 4,
  "hp_ff_dim": 128,
  "hp_use_cls_token": true
}