{
  "trial_id": 2187,
  "trial_name": "trial_2187_transformer",
  "model": "transformer",
  "best_epoch": 13,
  "elapsed_sec": 45.17118048667908,
  "direct_mae": 0.10667841881513596,
  "direct_rmse": 0.134360671043396,
  "direct_r2": 0.9812078420072794,
  "direct_valid_ratio": 1.0,
  "direct_residual_mean": 0.13444769382476807,
  "direct_residual_median": 0.11023250222206116,
  "direct_residual_p90": 0.2579432636499405,
  "plus_newton_mae": 2.3433619426657918e-08,
  "plus_newton_rmse": 2.9915729624314314e-08,
  "plus_newton_r2": 0.9999999999999991,
  "plus_newton_valid_ratio": 1.0,
  "plus_newton_residual_mean": 3.474100492596789e-14,
  "plus_newton_residual_median": 1.1102230246251565e-16,
  "plus_newton_residual_p90": 5.186406859536425e-14,
  "plus_newton_newton_iter_mean": 2.6171,
  "plus_newton_newton_iter_median": 3.0,
  "plus_newton_newton_iter_p90": 3.0,
  "plus_newton_converged_ratio": 1.0,
  "hp_use_log_ab": true,
  "hp_optimizer": "adamw",
  "hp_criterion": "mse",
  "hp_dropout": 0.0,
  "hp_lr": 0.001,
  "hp_weight_decay": 0.0001,
  "hp_hidden_dims": "[256, 256, 128]",
  "hp_hidden_size": 128,
  "hp_num_layers": 1,
  "hp_head_hidden": 64,
  "hp_head_layers": 1,
  "hp_d_model": 64,
  "hp_nhead": 2,
  "hp_ff_dim": 128,
  "hp_use_cls_token": false
}{
  "trial_id": 2187,
  "trial_name": "trial_2187_transformer",
  "model": "transformer",
  "best_epoch": 13,
  "elapsed_sec": 45.17118048667908,
  "direct_mae": 0.10667841881513596,
  "direct_rmse": 0.134360671043396,
  "direct_r2": 0.9812078420072794,
  "direct_valid_ratio": 1.0,
  "direct_residual_mean": 0.13444769382476807,
  "direct_residual_median": 0.11023250222206116,
  "direct_residual_p90": 0.2579432636499405,
  "plus_newton_mae": 2.3433619426657918e-08,
  "plus_newton_rmse": 2.9915729624314314e-08,
  "plus_newton_r2": 0.9999999999999991,
  "plus_newton_valid_ratio": 1.0,
  "plus_newton_residual_mean": 3.474100492596789e-14,
  "plus_newton_residual_median": 1.1102230246251565e-16,
  "plus_newton_residual_p90": 5.186406859536425e-14,
  "plus_newton_newton_iter_mean": 2.6171,
  "plus_newton_newton_iter_median": 3.0,
  "plus_newton_newton_iter_p90": 3.0,
  "plus_newton_converged_ratio": 1.0,
  "hp_use_log_ab": true,
  "hp_optimizer": "adamw",
  "hp_criterion": "mse",
  "hp_dropout": 0.0,
  "hp_lr": 0.001,
  "hp_weight_decay": 0.0001,
  "hp_hidden_dims": "[256, 256, 128]",
  "hp_hidden_size": 128,
  "hp_num_layers": 1,
  "hp_head_hidden": 64,
  "hp_head_layers": 1,
  "hp_d_model": 64,
  "hp_nhead": 2,
  "hp_ff_dim": 128,
  "hp_use_cls_token": false
}