{
  "trial_id": 495,
  "trial_name": "trial_495_lstm",
  "model": "lstm",
  "best_epoch": 110,
  "elapsed_sec": 275.7868163585663,
  "direct_mae": 0.09115725010633469,
  "direct_rmse": 0.13268056511878967,
  "direct_r2": 0.981674874201417,
  "direct_valid_ratio": 1.0,
  "direct_residual_mean": 0.1192096695303917,
  "direct_residual_median": 0.07443984597921371,
  "direct_residual_p90": 0.2767074525356293,
  "plus_newton_mae": 2.3433618498178217e-08,
  "plus_newton_rmse": 2.991572920794237e-08,
  "plus_newton_r2": 0.9999999999999991,
  "plus_newton_valid_ratio": 1.0,
  "plus_newton_residual_mean": 5.278101552426257e-14,
  "plus_newton_residual_median": 1.1102230246251565e-16,
  "plus_newton_residual_p90": 1.3406775689617237e-13,
  "plus_newton_newton_iter_mean": 2.5524,
  "plus_newton_newton_iter_median": 2.0,
  "plus_newton_newton_iter_p90": 3.0,
  "plus_newton_converged_ratio": 1.0,
  "hp_use_log_ab": true,
  "hp_optimizer": "adamw",
  "hp_criterion": "smoothl1",
  "hp_dropout": 0.1,
  "hp_lr": 0.0005,
  "hp_weight_decay": 1e-05,
  "hp_hidden_dims": "[256, 256, 128]",
  "hp_hidden_size": 128,
  "hp_num_layers": 2,
  "hp_head_hidden": 128,
  "hp_head_layers": 1,
  "hp_d_model": 64,
  "hp_nhead": 4,
  "hp_ff_dim": 128,
  "hp_use_cls_token": false
}{
  "trial_id": 495,
  "trial_name": "trial_495_lstm",
  "model": "lstm",
  "best_epoch": 110,
  "elapsed_sec": 275.7868163585663,
  "direct_mae": 0.09115725010633469,
  "direct_rmse": 0.13268056511878967,
  "direct_r2": 0.981674874201417,
  "direct_valid_ratio": 1.0,
  "direct_residual_mean": 0.1192096695303917,
  "direct_residual_median": 0.07443984597921371,
  "direct_residual_p90": 0.2767074525356293,
  "plus_newton_mae": 2.3433618498178217e-08,
  "plus_newton_rmse": 2.991572920794237e-08,
  "plus_newton_r2": 0.9999999999999991,
  "plus_newton_valid_ratio": 1.0,
  "plus_newton_residual_mean": 5.278101552426257e-14,
  "plus_newton_residual_median": 1.1102230246251565e-16,
  "plus_newton_residual_p90": 1.3406775689617237e-13,
  "plus_newton_newton_iter_mean": 2.5524,
  "plus_newton_newton_iter_median": 2.0,
  "plus_newton_newton_iter_p90": 3.0,
  "plus_newton_converged_ratio": 1.0,
  "hp_use_log_ab": true,
  "hp_optimizer": "adamw",
  "hp_criterion": "smoothl1",
  "hp_dropout": 0.1,
  "hp_lr": 0.0005,
  "hp_weight_decay": 1e-05,
  "hp_hidden_dims": "[256, 256, 128]",
  "hp_hidden_size": 128,
  "hp_num_layers": 2,
  "hp_head_hidden": 128,
  "hp_head_layers": 1,
  "hp_d_model": 64,
  "hp_nhead": 4,
  "hp_ff_dim": 128,
  "hp_use_cls_token": false
}