{
  "trial_id": 1308,
  "trial_name": "trial_1308_transformer",
  "model": "transformer",
  "best_epoch": 111,
  "elapsed_sec": 170.13477897644043,
  "direct_mae": 0.003009763779118657,
  "direct_rmse": 0.00380329811014235,
  "direct_r2": 0.9999849424921194,
  "direct_valid_ratio": 1.0,
  "direct_residual_mean": 0.0036200431641191244,
  "direct_residual_median": 0.0031069517135620117,
  "direct_residual_p90": 0.0071062266826629646,
  "plus_newton_mae": 2.3433618913779783e-08,
  "plus_newton_rmse": 2.991573151241674e-08,
  "plus_newton_r2": 0.9999999999999991,
  "plus_newton_valid_ratio": 1.0,
  "plus_newton_residual_mean": 3.2087225225840805e-14,
  "plus_newton_residual_median": 1.1102230246251565e-16,
  "plus_newton_residual_p90": 5.079825449172406e-14,
  "plus_newton_newton_iter_mean": 2.0459,
  "plus_newton_newton_iter_median": 2.0,
  "plus_newton_newton_iter_p90": 2.0,
  "plus_newton_converged_ratio": 1.0,
  "hp_use_log_ab": false,
  "hp_optimizer": "adamw",
  "hp_criterion": "smoothl1",
  "hp_dropout": 0.0,
  "hp_lr": 0.0005,
  "hp_weight_decay": 1e-05,
  "hp_hidden_dims": "[256, 256, 128]",
  "hp_hidden_size": 128,
  "hp_num_layers": 1,
  "hp_head_hidden": 64,
  "hp_head_layers": 2,
  "hp_d_model": 64,
  "hp_nhead": 2,
  "hp_ff_dim": 128,
  "hp_use_cls_token": true
}{
  "trial_id": 1308,
  "trial_name": "trial_1308_transformer",
  "model": "transformer",
  "best_epoch": 111,
  "elapsed_sec": 170.13477897644043,
  "direct_mae": 0.003009763779118657,
  "direct_rmse": 0.00380329811014235,
  "direct_r2": 0.9999849424921194,
  "direct_valid_ratio": 1.0,
  "direct_residual_mean": 0.0036200431641191244,
  "direct_residual_median": 0.0031069517135620117,
  "direct_residual_p90": 0.0071062266826629646,
  "plus_newton_mae": 2.3433618913779783e-08,
  "plus_newton_rmse": 2.991573151241674e-08,
  "plus_newton_r2": 0.9999999999999991,
  "plus_newton_valid_ratio": 1.0,
  "plus_newton_residual_mean": 3.2087225225840805e-14,
  "plus_newton_residual_median": 1.1102230246251565e-16,
  "plus_newton_residual_p90": 5.079825449172406e-14,
  "plus_newton_newton_iter_mean": 2.0459,
  "plus_newton_newton_iter_median": 2.0,
  "plus_newton_newton_iter_p90": 2.0,
  "plus_newton_converged_ratio": 1.0,
  "hp_use_log_ab": false,
  "hp_optimizer": "adamw",
  "hp_criterion": "smoothl1",
  "hp_dropout": 0.0,
  "hp_lr": 0.0005,
  "hp_weight_decay": 1e-05,
  "hp_hidden_dims": "[256, 256, 128]",
  "hp_hidden_size": 128,
  "hp_num_layers": 1,
  "hp_head_hidden": 64,
  "hp_head_layers": 2,
  "hp_d_model": 64,
  "hp_nhead": 2,
  "hp_ff_dim": 128,
  "hp_use_cls_token": true
}