{
  "trial_id": 453,
  "trial_name": "trial_453_gru",
  "model": "gru",
  "best_epoch": 89,
  "elapsed_sec": 235.45459055900574,
  "direct_mae": 0.09311137348413467,
  "direct_rmse": 0.13437004387378693,
  "direct_r2": 0.981205215677619,
  "direct_valid_ratio": 1.0,
  "direct_residual_mean": 0.1215825304389,
  "direct_residual_median": 0.07683970779180527,
  "direct_residual_p90": 0.2788427948951722,
  "plus_newton_mae": 2.3433618096617522e-08,
  "plus_newton_rmse": 2.991572876019157e-08,
  "plus_newton_r2": 0.9999999999999991,
  "plus_newton_valid_ratio": 1.0,
  "plus_newton_residual_mean": 4.88814179485976e-14,
  "plus_newton_residual_median": 1.1102230246251565e-16,
  "plus_newton_residual_p90": 1.1091405571761471e-13,
  "plus_newton_newton_iter_mean": 2.5651,
  "plus_newton_newton_iter_median": 2.0,
  "plus_newton_newton_iter_p90": 3.0,
  "plus_newton_converged_ratio": 1.0,
  "hp_use_log_ab": true,
  "hp_optimizer": "adamw",
  "hp_criterion": "smoothl1",
  "hp_dropout": 0.1,
  "hp_lr": 0.001,
  "hp_weight_decay": 1e-05,
  "hp_hidden_dims": "[256, 256, 128]",
  "hp_hidden_size": 64,
  "hp_num_layers": 2,
  "hp_head_hidden": 64,
  "hp_head_layers": 1,
  "hp_d_model": 64,
  "hp_nhead": 4,
  "hp_ff_dim": 128,
  "hp_use_cls_token": false
}{
  "trial_id": 453,
  "trial_name": "trial_453_gru",
  "model": "gru",
  "best_epoch": 89,
  "elapsed_sec": 235.45459055900574,
  "direct_mae": 0.09311137348413467,
  "direct_rmse": 0.13437004387378693,
  "direct_r2": 0.981205215677619,
  "direct_valid_ratio": 1.0,
  "direct_residual_mean": 0.1215825304389,
  "direct_residual_median": 0.07683970779180527,
  "direct_residual_p90": 0.2788427948951722,
  "plus_newton_mae": 2.3433618096617522e-08,
  "plus_newton_rmse": 2.991572876019157e-08,
  "plus_newton_r2": 0.9999999999999991,
  "plus_newton_valid_ratio": 1.0,
  "plus_newton_residual_mean": 4.88814179485976e-14,
  "plus_newton_residual_median": 1.1102230246251565e-16,
  "plus_newton_residual_p90": 1.1091405571761471e-13,
  "plus_newton_newton_iter_mean": 2.5651,
  "plus_newton_newton_iter_median": 2.0,
  "plus_newton_newton_iter_p90": 3.0,
  "plus_newton_converged_ratio": 1.0,
  "hp_use_log_ab": true,
  "hp_optimizer": "adamw",
  "hp_criterion": "smoothl1",
  "hp_dropout": 0.1,
  "hp_lr": 0.001,
  "hp_weight_decay": 1e-05,
  "hp_hidden_dims": "[256, 256, 128]",
  "hp_hidden_size": 64,
  "hp_num_layers": 2,
  "hp_head_hidden": 64,
  "hp_head_layers": 1,
  "hp_d_model": 64,
  "hp_nhead": 4,
  "hp_ff_dim": 128,
  "hp_use_cls_token": false
}