{
  "trial_id": 1512,
  "trial_name": "trial_1512_transformer",
  "model": "transformer",
  "best_epoch": 13,
  "elapsed_sec": 56.77918839454651,
  "direct_mae": 0.338640034198761,
  "direct_rmse": 0.41850021481513977,
  "direct_r2": 0.8176844269037247,
  "direct_valid_ratio": 1.0,
  "direct_residual_mean": 0.38237497210502625,
  "direct_residual_median": 0.35336196422576904,
  "direct_residual_p90": 0.7635067701339722,
  "plus_newton_mae": 2.3433618809587712e-08,
  "plus_newton_rmse": 2.991573073093341e-08,
  "plus_newton_r2": 0.9999999999999991,
  "plus_newton_valid_ratio": 1.0,
  "plus_newton_residual_mean": 4.36668322327859e-14,
  "plus_newton_residual_median": 1.491862189340054e-16,
  "plus_newton_residual_p90": 1.0470513345239855e-13,
  "plus_newton_newton_iter_mean": 2.7568,
  "plus_newton_newton_iter_median": 3.0,
  "plus_newton_newton_iter_p90": 3.0,
  "plus_newton_converged_ratio": 1.0,
  "hp_use_log_ab": false,
  "hp_optimizer": "adamw",
  "hp_criterion": "smoothl1",
  "hp_dropout": 0.0,
  "hp_lr": 0.0005,
  "hp_weight_decay": 0.0001,
  "hp_hidden_dims": "[256, 256, 128]",
  "hp_hidden_size": 128,
  "hp_num_layers": 2,
  "hp_head_hidden": 128,
  "hp_head_layers": 1,
  "hp_d_model": 32,
  "hp_nhead": 4,
  "hp_ff_dim": 128,
  "hp_use_cls_token": true
}{
  "trial_id": 1512,
  "trial_name": "trial_1512_transformer",
  "model": "transformer",
  "best_epoch": 13,
  "elapsed_sec": 56.77918839454651,
  "direct_mae": 0.338640034198761,
  "direct_rmse": 0.41850021481513977,
  "direct_r2": 0.8176844269037247,
  "direct_valid_ratio": 1.0,
  "direct_residual_mean": 0.38237497210502625,
  "direct_residual_median": 0.35336196422576904,
  "direct_residual_p90": 0.7635067701339722,
  "plus_newton_mae": 2.3433618809587712e-08,
  "plus_newton_rmse": 2.991573073093341e-08,
  "plus_newton_r2": 0.9999999999999991,
  "plus_newton_valid_ratio": 1.0,
  "plus_newton_residual_mean": 4.36668322327859e-14,
  "plus_newton_residual_median": 1.491862189340054e-16,
  "plus_newton_residual_p90": 1.0470513345239855e-13,
  "plus_newton_newton_iter_mean": 2.7568,
  "plus_newton_newton_iter_median": 3.0,
  "plus_newton_newton_iter_p90": 3.0,
  "plus_newton_converged_ratio": 1.0,
  "hp_use_log_ab": false,
  "hp_optimizer": "adamw",
  "hp_criterion": "smoothl1",
  "hp_dropout": 0.0,
  "hp_lr": 0.0005,
  "hp_weight_decay": 0.0001,
  "hp_hidden_dims": "[256, 256, 128]",
  "hp_hidden_size": 128,
  "hp_num_layers": 2,
  "hp_head_hidden": 128,
  "hp_head_layers": 1,
  "hp_d_model": 32,
  "hp_nhead": 4,
  "hp_ff_dim": 128,
  "hp_use_cls_token": true
}