{
  "trial_id": 398,
  "trial_name": "trial_398_gru",
  "model": "gru",
  "best_epoch": 114,
  "elapsed_sec": 279.98493671417236,
  "direct_mae": 0.0020318140741437674,
  "direct_rmse": 0.002533453982323408,
  "direct_r2": 0.9999933187391434,
  "direct_valid_ratio": 1.0,
  "direct_residual_mean": 0.0024424483999609947,
  "direct_residual_median": 0.0020327172242105007,
  "direct_residual_p90": 0.005027684569358827,
  "plus_newton_mae": 2.343361886573683e-08,
  "plus_newton_rmse": 2.991573181792809e-08,
  "plus_newton_r2": 0.9999999999999991,
  "plus_newton_valid_ratio": 1.0,
  "plus_newton_residual_mean": 3.115534812651711e-14,
  "plus_newton_residual_median": 1.1102230246251565e-16,
  "plus_newton_residual_p90": 3.5510483442635773e-14,
  "plus_newton_newton_iter_mean": 1.9985,
  "plus_newton_newton_iter_median": 2.0,
  "plus_newton_newton_iter_p90": 2.0,
  "plus_newton_converged_ratio": 1.0,
  "hp_use_log_ab": true,
  "hp_optimizer": "adamw",
  "hp_criterion": "smoothl1",
  "hp_dropout": 0.0,
  "hp_lr": 0.001,
  "hp_weight_decay": 1e-05,
  "hp_hidden_dims": "[256, 256, 128]",
  "hp_hidden_size": 128,
  "hp_num_layers": 2,
  "hp_head_hidden": 64,
  "hp_head_layers": 2,
  "hp_d_model": 64,
  "hp_nhead": 4,
  "hp_ff_dim": 128,
  "hp_use_cls_token": false
}{
  "trial_id": 398,
  "trial_name": "trial_398_gru",
  "model": "gru",
  "best_epoch": 114,
  "elapsed_sec": 279.98493671417236,
  "direct_mae": 0.0020318140741437674,
  "direct_rmse": 0.002533453982323408,
  "direct_r2": 0.9999933187391434,
  "direct_valid_ratio": 1.0,
  "direct_residual_mean": 0.0024424483999609947,
  "direct_residual_median": 0.0020327172242105007,
  "direct_residual_p90": 0.005027684569358827,
  "plus_newton_mae": 2.343361886573683e-08,
  "plus_newton_rmse": 2.991573181792809e-08,
  "plus_newton_r2": 0.9999999999999991,
  "plus_newton_valid_ratio": 1.0,
  "plus_newton_residual_mean": 3.115534812651711e-14,
  "plus_newton_residual_median": 1.1102230246251565e-16,
  "plus_newton_residual_p90": 3.5510483442635773e-14,
  "plus_newton_newton_iter_mean": 1.9985,
  "plus_newton_newton_iter_median": 2.0,
  "plus_newton_newton_iter_p90": 2.0,
  "plus_newton_converged_ratio": 1.0,
  "hp_use_log_ab": true,
  "hp_optimizer": "adamw",
  "hp_criterion": "smoothl1",
  "hp_dropout": 0.0,
  "hp_lr": 0.001,
  "hp_weight_decay": 1e-05,
  "hp_hidden_dims": "[256, 256, 128]",
  "hp_hidden_size": 128,
  "hp_num_layers": 2,
  "hp_head_hidden": 64,
  "hp_head_layers": 2,
  "hp_d_model": 64,
  "hp_nhead": 4,
  "hp_ff_dim": 128,
  "hp_use_cls_token": false
}