{
  "trial_id": 169,
  "trial_name": "trial_169_transformer",
  "model": "transformer",
  "best_epoch": 11,
  "elapsed_sec": 92.32023334503174,
  "direct_mae": 0.3415762186050415,
  "direct_rmse": 0.4170822501182556,
  "direct_r2": 0.8189177811145782,
  "direct_valid_ratio": 1.0,
  "direct_residual_mean": 0.38512885570526123,
  "direct_residual_median": 0.3630232810974121,
  "direct_residual_p90": 0.718135762214661,
  "plus_newton_mae": 2.343361925108216e-08,
  "plus_newton_rmse": 2.991573103262869e-08,
  "plus_newton_r2": 0.9999999999999991,
  "plus_newton_valid_ratio": 1.0,
  "plus_newton_residual_mean": 4.528045347756686e-14,
  "plus_newton_residual_median": 2.185751579730777e-16,
  "plus_newton_residual_p90": 1.092570478533617e-13,
  "plus_newton_newton_iter_mean": 2.7572,
  "plus_newton_newton_iter_median": 3.0,
  "plus_newton_newton_iter_p90": 3.0,
  "plus_newton_converged_ratio": 1.0,
  "hp_use_log_ab": false,
  "hp_optimizer": "adamw",
  "hp_criterion": "mse",
  "hp_dropout": 0.0,
  "hp_lr": 0.001,
  "hp_weight_decay": 0.0001,
  "hp_hidden_dims": "[256, 256, 128]",
  "hp_hidden_size": 128,
  "hp_num_layers": 1,
  "hp_head_hidden": 128,
  "hp_head_layers": 1,
  "hp_d_model": 64,
  "hp_nhead": 2,
  "hp_ff_dim": 64,
  "hp_use_cls_token": false
}{
  "trial_id": 169,
  "trial_name": "trial_169_transformer",
  "model": "transformer",
  "best_epoch": 11,
  "elapsed_sec": 92.32023334503174,
  "direct_mae": 0.3415762186050415,
  "direct_rmse": 0.4170822501182556,
  "direct_r2": 0.8189177811145782,
  "direct_valid_ratio": 1.0,
  "direct_residual_mean": 0.38512885570526123,
  "direct_residual_median": 0.3630232810974121,
  "direct_residual_p90": 0.718135762214661,
  "plus_newton_mae": 2.343361925108216e-08,
  "plus_newton_rmse": 2.991573103262869e-08,
  "plus_newton_r2": 0.9999999999999991,
  "plus_newton_valid_ratio": 1.0,
  "plus_newton_residual_mean": 4.528045347756686e-14,
  "plus_newton_residual_median": 2.185751579730777e-16,
  "plus_newton_residual_p90": 1.092570478533617e-13,
  "plus_newton_newton_iter_mean": 2.7572,
  "plus_newton_newton_iter_median": 3.0,
  "plus_newton_newton_iter_p90": 3.0,
  "plus_newton_converged_ratio": 1.0,
  "hp_use_log_ab": false,
  "hp_optimizer": "adamw",
  "hp_criterion": "mse",
  "hp_dropout": 0.0,
  "hp_lr": 0.001,
  "hp_weight_decay": 0.0001,
  "hp_hidden_dims": "[256, 256, 128]",
  "hp_hidden_size": 128,
  "hp_num_layers": 1,
  "hp_head_hidden": 128,
  "hp_head_layers": 1,
  "hp_d_model": 64,
  "hp_nhead": 2,
  "hp_ff_dim": 64,
  "hp_use_cls_token": false
}