{
  "trial_id": 1422,
  "trial_name": "trial_1422_transformer",
  "model": "transformer",
  "best_epoch": 10,
  "elapsed_sec": 41.34899401664734,
  "direct_mae": 0.34061336517333984,
  "direct_rmse": 0.4171305000782013,
  "direct_r2": 0.8188758939504623,
  "direct_valid_ratio": 1.0,
  "direct_residual_mean": 0.38376832008361816,
  "direct_residual_median": 0.359999418258667,
  "direct_residual_p90": 0.7326090097427368,
  "plus_newton_mae": 2.3433620564271037e-08,
  "plus_newton_rmse": 2.9915731885956326e-08,
  "plus_newton_r2": 0.9999999999999991,
  "plus_newton_valid_ratio": 1.0,
  "plus_newton_residual_mean": 4.317630805368992e-14,
  "plus_newton_residual_median": 2.220446049250313e-16,
  "plus_newton_residual_p90": 9.477002516078434e-14,
  "plus_newton_newton_iter_mean": 2.7533,
  "plus_newton_newton_iter_median": 3.0,
  "plus_newton_newton_iter_p90": 3.0,
  "plus_newton_converged_ratio": 1.0,
  "hp_use_log_ab": false,
  "hp_optimizer": "adamw",
  "hp_criterion": "smoothl1",
  "hp_dropout": 0.0,
  "hp_lr": 0.0005,
  "hp_weight_decay": 0.0001,
  "hp_hidden_dims": "[256, 256, 128]",
  "hp_hidden_size": 128,
  "hp_num_layers": 1,
  "hp_head_hidden": 64,
  "hp_head_layers": 1,
  "hp_d_model": 64,
  "hp_nhead": 4,
  "hp_ff_dim": 64,
  "hp_use_cls_token": true
}{
  "trial_id": 1422,
  "trial_name": "trial_1422_transformer",
  "model": "transformer",
  "best_epoch": 10,
  "elapsed_sec": 41.34899401664734,
  "direct_mae": 0.34061336517333984,
  "direct_rmse": 0.4171305000782013,
  "direct_r2": 0.8188758939504623,
  "direct_valid_ratio": 1.0,
  "direct_residual_mean": 0.38376832008361816,
  "direct_residual_median": 0.359999418258667,
  "direct_residual_p90": 0.7326090097427368,
  "plus_newton_mae": 2.3433620564271037e-08,
  "plus_newton_rmse": 2.9915731885956326e-08,
  "plus_newton_r2": 0.9999999999999991,
  "plus_newton_valid_ratio": 1.0,
  "plus_newton_residual_mean": 4.317630805368992e-14,
  "plus_newton_residual_median": 2.220446049250313e-16,
  "plus_newton_residual_p90": 9.477002516078434e-14,
  "plus_newton_newton_iter_mean": 2.7533,
  "plus_newton_newton_iter_median": 3.0,
  "plus_newton_newton_iter_p90": 3.0,
  "plus_newton_converged_ratio": 1.0,
  "hp_use_log_ab": false,
  "hp_optimizer": "adamw",
  "hp_criterion": "smoothl1",
  "hp_dropout": 0.0,
  "hp_lr": 0.0005,
  "hp_weight_decay": 0.0001,
  "hp_hidden_dims": "[256, 256, 128]",
  "hp_hidden_size": 128,
  "hp_num_layers": 1,
  "hp_head_hidden": 64,
  "hp_head_layers": 1,
  "hp_d_model": 64,
  "hp_nhead": 4,
  "hp_ff_dim": 64,
  "hp_use_cls_token": true
}