{
  "trial_id": 585,
  "trial_name": "trial_585_transformer",
  "model": "transformer",
  "best_epoch": 37,
  "elapsed_sec": 108.1478271484375,
  "direct_mae": 0.34115371108055115,
  "direct_rmse": 0.41706809401512146,
  "direct_r2": 0.8189300745725632,
  "direct_valid_ratio": 1.0,
  "direct_residual_mean": 0.3849485218524933,
  "direct_residual_median": 0.3622226119041443,
  "direct_residual_p90": 0.7249027967453003,
  "plus_newton_mae": 2.3433618761968132e-08,
  "plus_newton_rmse": 2.9915730555420337e-08,
  "plus_newton_r2": 0.9999999999999991,
  "plus_newton_valid_ratio": 1.0,
  "plus_newton_residual_mean": 4.357960478394341e-14,
  "plus_newton_residual_median": 2.0469737016526324e-16,
  "plus_newton_residual_p90": 1.0065837052763988e-13,
  "plus_newton_newton_iter_mean": 2.7602,
  "plus_newton_newton_iter_median": 3.0,
  "plus_newton_newton_iter_p90": 3.0,
  "plus_newton_converged_ratio": 1.0,
  "hp_use_log_ab": false,
  "hp_optimizer": "adamw",
  "hp_criterion": "mse",
  "hp_dropout": 0.1,
  "hp_lr": 0.001,
  "hp_weight_decay": 1e-05,
  "hp_hidden_dims": "[256, 256, 128]",
  "hp_hidden_size": 128,
  "hp_num_layers": 2,
  "hp_head_hidden": 64,
  "hp_head_layers": 1,
  "hp_d_model": 64,
  "hp_nhead": 2,
  "hp_ff_dim": 64,
  "hp_use_cls_token": false
}{
  "trial_id": 585,
  "trial_name": "trial_585_transformer",
  "model": "transformer",
  "best_epoch": 37,
  "elapsed_sec": 108.1478271484375,
  "direct_mae": 0.34115371108055115,
  "direct_rmse": 0.41706809401512146,
  "direct_r2": 0.8189300745725632,
  "direct_valid_ratio": 1.0,
  "direct_residual_mean": 0.3849485218524933,
  "direct_residual_median": 0.3622226119041443,
  "direct_residual_p90": 0.7249027967453003,
  "plus_newton_mae": 2.3433618761968132e-08,
  "plus_newton_rmse": 2.9915730555420337e-08,
  "plus_newton_r2": 0.9999999999999991,
  "plus_newton_valid_ratio": 1.0,
  "plus_newton_residual_mean": 4.357960478394341e-14,
  "plus_newton_residual_median": 2.0469737016526324e-16,
  "plus_newton_residual_p90": 1.0065837052763988e-13,
  "plus_newton_newton_iter_mean": 2.7602,
  "plus_newton_newton_iter_median": 3.0,
  "plus_newton_newton_iter_p90": 3.0,
  "plus_newton_converged_ratio": 1.0,
  "hp_use_log_ab": false,
  "hp_optimizer": "adamw",
  "hp_criterion": "mse",
  "hp_dropout": 0.1,
  "hp_lr": 0.001,
  "hp_weight_decay": 1e-05,
  "hp_hidden_dims": "[256, 256, 128]",
  "hp_hidden_size": 128,
  "hp_num_layers": 2,
  "hp_head_hidden": 64,
  "hp_head_layers": 1,
  "hp_d_model": 64,
  "hp_nhead": 2,
  "hp_ff_dim": 64,
  "hp_use_cls_token": false
}