{
  "trial_id": 1464,
  "trial_name": "trial_1464_transformer",
  "model": "transformer",
  "best_epoch": 43,
  "elapsed_sec": 89.72458219528198,
  "direct_mae": 0.00212608790025115,
  "direct_rmse": 0.0030493212398141623,
  "direct_r2": 0.9999903208163232,
  "direct_valid_ratio": 1.0,
  "direct_residual_mean": 0.0026079246308654547,
  "direct_residual_median": 0.001853644847869873,
  "direct_residual_p90": 0.005652770400047303,
  "plus_newton_mae": 2.3433616939987187e-08,
  "plus_newton_rmse": 2.991572954143849e-08,
  "plus_newton_r2": 0.9999999999999991,
  "plus_newton_valid_ratio": 1.0,
  "plus_newton_residual_mean": 3.034263545503724e-14,
  "plus_newton_residual_median": 1.1102230246251565e-16,
  "plus_newton_residual_p90": 4.042044476904042e-14,
  "plus_newton_newton_iter_mean": 2.0065,
  "plus_newton_newton_iter_median": 2.0,
  "plus_newton_newton_iter_p90": 2.0,
  "plus_newton_converged_ratio": 1.0,
  "hp_use_log_ab": false,
  "hp_optimizer": "adamw",
  "hp_criterion": "smoothl1",
  "hp_dropout": 0.0,
  "hp_lr": 0.0005,
  "hp_weight_decay": 0.0001,
  "hp_hidden_dims": "[256, 256, 128]",
  "hp_hidden_size": 128,
  "hp_num_layers": 1,
  "hp_head_hidden": 128,
  "hp_head_layers": 2,
  "hp_d_model": 32,
  "hp_nhead": 4,
  "hp_ff_dim": 128,
  "hp_use_cls_token": true
}{
  "trial_id": 1464,
  "trial_name": "trial_1464_transformer",
  "model": "transformer",
  "best_epoch": 43,
  "elapsed_sec": 89.72458219528198,
  "direct_mae": 0.00212608790025115,
  "direct_rmse": 0.0030493212398141623,
  "direct_r2": 0.9999903208163232,
  "direct_valid_ratio": 1.0,
  "direct_residual_mean": 0.0026079246308654547,
  "direct_residual_median": 0.001853644847869873,
  "direct_residual_p90": 0.005652770400047303,
  "plus_newton_mae": 2.3433616939987187e-08,
  "plus_newton_rmse": 2.991572954143849e-08,
  "plus_newton_r2": 0.9999999999999991,
  "plus_newton_valid_ratio": 1.0,
  "plus_newton_residual_mean": 3.034263545503724e-14,
  "plus_newton_residual_median": 1.1102230246251565e-16,
  "plus_newton_residual_p90": 4.042044476904042e-14,
  "plus_newton_newton_iter_mean": 2.0065,
  "plus_newton_newton_iter_median": 2.0,
  "plus_newton_newton_iter_p90": 2.0,
  "plus_newton_converged_ratio": 1.0,
  "hp_use_log_ab": false,
  "hp_optimizer": "adamw",
  "hp_criterion": "smoothl1",
  "hp_dropout": 0.0,
  "hp_lr": 0.0005,
  "hp_weight_decay": 0.0001,
  "hp_hidden_dims": "[256, 256, 128]",
  "hp_hidden_size": 128,
  "hp_num_layers": 1,
  "hp_head_hidden": 128,
  "hp_head_layers": 2,
  "hp_d_model": 32,
  "hp_nhead": 4,
  "hp_ff_dim": 128,
  "hp_use_cls_token": true
}