{
  "trial_id": 2015,
  "trial_name": "trial_2015_transformer",
  "model": "transformer",
  "best_epoch": 46,
  "elapsed_sec": 119.41232752799988,
  "direct_mae": 0.013146908953785896,
  "direct_rmse": 0.02088833786547184,
  "direct_r2": 0.9995458073099144,
  "direct_valid_ratio": 1.0,
  "direct_residual_mean": 0.015429917722940445,
  "direct_residual_median": 0.010466337203979492,
  "direct_residual_p90": 0.034143284708261494,
  "plus_newton_mae": 2.3433619456831147e-08,
  "plus_newton_rmse": 2.991573083654839e-08,
  "plus_newton_r2": 0.9999999999999991,
  "plus_newton_valid_ratio": 1.0,
  "plus_newton_residual_mean": 3.174626244689495e-14,
  "plus_newton_residual_median": 1.1102230246251565e-16,
  "plus_newton_residual_p90": 3.6204372833026395e-14,
  "plus_newton_newton_iter_mean": 2.2216,
  "plus_newton_newton_iter_median": 2.0,
  "plus_newton_newton_iter_p90": 3.0,
  "plus_newton_converged_ratio": 1.0,
  "hp_use_log_ab": false,
  "hp_optimizer": "adamw",
  "hp_criterion": "smoothl1",
  "hp_dropout": 0.1,
  "hp_lr": 0.0005,
  "hp_weight_decay": 0.0001,
  "hp_hidden_dims": "[256, 256, 128]",
  "hp_hidden_size": 128,
  "hp_num_layers": 2,
  "hp_head_hidden": 64,
  "hp_head_layers": 2,
  "hp_d_model": 64,
  "hp_nhead": 4,
  "hp_ff_dim": 128,
  "hp_use_cls_token": false
}{
  "trial_id": 2015,
  "trial_name": "trial_2015_transformer",
  "model": "transformer",
  "best_epoch": 46,
  "elapsed_sec": 119.41232752799988,
  "direct_mae": 0.013146908953785896,
  "direct_rmse": 0.02088833786547184,
  "direct_r2": 0.9995458073099144,
  "direct_valid_ratio": 1.0,
  "direct_residual_mean": 0.015429917722940445,
  "direct_residual_median": 0.010466337203979492,
  "direct_residual_p90": 0.034143284708261494,
  "plus_newton_mae": 2.3433619456831147e-08,
  "plus_newton_rmse": 2.991573083654839e-08,
  "plus_newton_r2": 0.9999999999999991,
  "plus_newton_valid_ratio": 1.0,
  "plus_newton_residual_mean": 3.174626244689495e-14,
  "plus_newton_residual_median": 1.1102230246251565e-16,
  "plus_newton_residual_p90": 3.6204372833026395e-14,
  "plus_newton_newton_iter_mean": 2.2216,
  "plus_newton_newton_iter_median": 2.0,
  "plus_newton_newton_iter_p90": 3.0,
  "plus_newton_converged_ratio": 1.0,
  "hp_use_log_ab": false,
  "hp_optimizer": "adamw",
  "hp_criterion": "smoothl1",
  "hp_dropout": 0.1,
  "hp_lr": 0.0005,
  "hp_weight_decay": 0.0001,
  "hp_hidden_dims": "[256, 256, 128]",
  "hp_hidden_size": 128,
  "hp_num_layers": 2,
  "hp_head_hidden": 64,
  "hp_head_layers": 2,
  "hp_d_model": 64,
  "hp_nhead": 4,
  "hp_ff_dim": 128,
  "hp_use_cls_token": false
}