{
  "trial_id": 309,
  "trial_name": "trial_309_lstm",
  "model": "lstm",
  "best_epoch": 44,
  "elapsed_sec": 145.5649175643921,
  "direct_mae": 0.09894311428070068,
  "direct_rmse": 0.12329775094985962,
  "direct_r2": 0.9841750357300043,
  "direct_valid_ratio": 1.0,
  "direct_residual_mean": 0.12375672906637192,
  "direct_residual_median": 0.10368818044662476,
  "direct_residual_p90": 0.24183733463287369,
  "plus_newton_mae": 2.3433619204891603e-08,
  "plus_newton_rmse": 2.991572962429566e-08,
  "plus_newton_r2": 0.9999999999999991,
  "plus_newton_valid_ratio": 1.0,
  "plus_newton_residual_mean": 3.500376751394178e-14,
  "plus_newton_residual_median": 1.1102230246251565e-16,
  "plus_newton_residual_p90": 5.341282971471632e-14,
  "plus_newton_newton_iter_mean": 2.6067,
  "plus_newton_newton_iter_median": 3.0,
  "plus_newton_newton_iter_p90": 3.0,
  "plus_newton_converged_ratio": 1.0,
  "hp_use_log_ab": true,
  "hp_optimizer": "adamw",
  "hp_criterion": "mse",
  "hp_dropout": 0.0,
  "hp_lr": 0.0005,
  "hp_weight_decay": 0.0001,
  "hp_hidden_dims": "[256, 256, 128]",
  "hp_hidden_size": 64,
  "hp_num_layers": 2,
  "hp_head_hidden": 64,
  "hp_head_layers": 1,
  "hp_d_model": 64,
  "hp_nhead": 4,
  "hp_ff_dim": 128,
  "hp_use_cls_token": false
}{
  "trial_id": 309,
  "trial_name": "trial_309_lstm",
  "model": "lstm",
  "best_epoch": 44,
  "elapsed_sec": 145.5649175643921,
  "direct_mae": 0.09894311428070068,
  "direct_rmse": 0.12329775094985962,
  "direct_r2": 0.9841750357300043,
  "direct_valid_ratio": 1.0,
  "direct_residual_mean": 0.12375672906637192,
  "direct_residual_median": 0.10368818044662476,
  "direct_residual_p90": 0.24183733463287369,
  "plus_newton_mae": 2.3433619204891603e-08,
  "plus_newton_rmse": 2.991572962429566e-08,
  "plus_newton_r2": 0.9999999999999991,
  "plus_newton_valid_ratio": 1.0,
  "plus_newton_residual_mean": 3.500376751394178e-14,
  "plus_newton_residual_median": 1.1102230246251565e-16,
  "plus_newton_residual_p90": 5.341282971471632e-14,
  "plus_newton_newton_iter_mean": 2.6067,
  "plus_newton_newton_iter_median": 3.0,
  "plus_newton_newton_iter_p90": 3.0,
  "plus_newton_converged_ratio": 1.0,
  "hp_use_log_ab": true,
  "hp_optimizer": "adamw",
  "hp_criterion": "mse",
  "hp_dropout": 0.0,
  "hp_lr": 0.0005,
  "hp_weight_decay": 0.0001,
  "hp_hidden_dims": "[256, 256, 128]",
  "hp_hidden_size": 64,
  "hp_num_layers": 2,
  "hp_head_hidden": 64,
  "hp_head_layers": 1,
  "hp_d_model": 64,
  "hp_nhead": 4,
  "hp_ff_dim": 128,
  "hp_use_cls_token": false
}