{
  "trial_id": 483,
  "trial_name": "trial_483_gru",
  "model": "gru",
  "best_epoch": 62,
  "elapsed_sec": 173.28715443611145,
  "direct_mae": 0.0909355953335762,
  "direct_rmse": 0.129973366856575,
  "direct_r2": 0.9824150502681732,
  "direct_valid_ratio": 1.0,
  "direct_residual_mean": 0.1186445951461792,
  "direct_residual_median": 0.07499344646930695,
  "direct_residual_p90": 0.27395746409893046,
  "plus_newton_mae": 2.343361775434218e-08,
  "plus_newton_rmse": 2.9915728125635964e-08,
  "plus_newton_r2": 0.9999999999999991,
  "plus_newton_valid_ratio": 1.0,
  "plus_newton_residual_mean": 5.340673781572785e-14,
  "plus_newton_residual_median": 1.1102230246251565e-16,
  "plus_newton_residual_p90": 1.4414858195976901e-13,
  "plus_newton_newton_iter_mean": 2.5551,
  "plus_newton_newton_iter_median": 2.0,
  "plus_newton_newton_iter_p90": 3.0,
  "plus_newton_converged_ratio": 1.0,
  "hp_use_log_ab": true,
  "hp_optimizer": "adamw",
  "hp_criterion": "smoothl1",
  "hp_dropout": 0.1,
  "hp_lr": 0.0005,
  "hp_weight_decay": 1e-05,
  "hp_hidden_dims": "[256, 256, 128]",
  "hp_hidden_size": 64,
  "hp_num_layers": 1,
  "hp_head_hidden": 128,
  "hp_head_layers": 1,
  "hp_d_model": 64,
  "hp_nhead": 4,
  "hp_ff_dim": 128,
  "hp_use_cls_token": false
}{
  "trial_id": 483,
  "trial_name": "trial_483_gru",
  "model": "gru",
  "best_epoch": 62,
  "elapsed_sec": 173.28715443611145,
  "direct_mae": 0.0909355953335762,
  "direct_rmse": 0.129973366856575,
  "direct_r2": 0.9824150502681732,
  "direct_valid_ratio": 1.0,
  "direct_residual_mean": 0.1186445951461792,
  "direct_residual_median": 0.07499344646930695,
  "direct_residual_p90": 0.27395746409893046,
  "plus_newton_mae": 2.343361775434218e-08,
  "plus_newton_rmse": 2.9915728125635964e-08,
  "plus_newton_r2": 0.9999999999999991,
  "plus_newton_valid_ratio": 1.0,
  "plus_newton_residual_mean": 5.340673781572785e-14,
  "plus_newton_residual_median": 1.1102230246251565e-16,
  "plus_newton_residual_p90": 1.4414858195976901e-13,
  "plus_newton_newton_iter_mean": 2.5551,
  "plus_newton_newton_iter_median": 2.0,
  "plus_newton_newton_iter_p90": 3.0,
  "plus_newton_converged_ratio": 1.0,
  "hp_use_log_ab": true,
  "hp_optimizer": "adamw",
  "hp_criterion": "smoothl1",
  "hp_dropout": 0.1,
  "hp_lr": 0.0005,
  "hp_weight_decay": 1e-05,
  "hp_hidden_dims": "[256, 256, 128]",
  "hp_hidden_size": 64,
  "hp_num_layers": 1,
  "hp_head_hidden": 128,
  "hp_head_layers": 1,
  "hp_d_model": 64,
  "hp_nhead": 4,
  "hp_ff_dim": 128,
  "hp_use_cls_token": false
}