{
  "trial_id": 1397,
  "trial_name": "trial_1397_transformer",
  "model": "transformer",
  "best_epoch": 84,
  "elapsed_sec": 178.89540934562683,
  "direct_mae": 0.0021492152009159327,
  "direct_rmse": 0.002891383832320571,
  "direct_r2": 0.9999912975035841,
  "direct_valid_ratio": 1.0,
  "direct_residual_mean": 0.002564989496022463,
  "direct_residual_median": 0.0021088868379592896,
  "direct_residual_p90": 0.00502856969833374,
  "plus_newton_mae": 2.3433616955769674e-08,
  "plus_newton_rmse": 2.991572914565816e-08,
  "plus_newton_r2": 0.9999999999999991,
  "plus_newton_valid_ratio": 1.0,
  "plus_newton_residual_mean": 2.4263633492073233e-14,
  "plus_newton_residual_median": 1.1102230246251565e-16,
  "plus_newton_residual_p90": 2.0883295093199235e-14,
  "plus_newton_newton_iter_mean": 2.0107,
  "plus_newton_newton_iter_median": 2.0,
  "plus_newton_newton_iter_p90": 2.0,
  "plus_newton_converged_ratio": 1.0,
  "hp_use_log_ab": false,
  "hp_optimizer": "adamw",
  "hp_criterion": "smoothl1",
  "hp_dropout": 0.0,
  "hp_lr": 0.0005,
  "hp_weight_decay": 1e-05,
  "hp_hidden_dims": "[256, 256, 128]",
  "hp_hidden_size": 128,
  "hp_num_layers": 2,
  "hp_head_hidden": 128,
  "hp_head_layers": 2,
  "hp_d_model": 32,
  "hp_nhead": 4,
  "hp_ff_dim": 64,
  "hp_use_cls_token": false
}{
  "trial_id": 1397,
  "trial_name": "trial_1397_transformer",
  "model": "transformer",
  "best_epoch": 84,
  "elapsed_sec": 178.89540934562683,
  "direct_mae": 0.0021492152009159327,
  "direct_rmse": 0.002891383832320571,
  "direct_r2": 0.9999912975035841,
  "direct_valid_ratio": 1.0,
  "direct_residual_mean": 0.002564989496022463,
  "direct_residual_median": 0.0021088868379592896,
  "direct_residual_p90": 0.00502856969833374,
  "plus_newton_mae": 2.3433616955769674e-08,
  "plus_newton_rmse": 2.991572914565816e-08,
  "plus_newton_r2": 0.9999999999999991,
  "plus_newton_valid_ratio": 1.0,
  "plus_newton_residual_mean": 2.4263633492073233e-14,
  "plus_newton_residual_median": 1.1102230246251565e-16,
  "plus_newton_residual_p90": 2.0883295093199235e-14,
  "plus_newton_newton_iter_mean": 2.0107,
  "plus_newton_newton_iter_median": 2.0,
  "plus_newton_newton_iter_p90": 2.0,
  "plus_newton_converged_ratio": 1.0,
  "hp_use_log_ab": false,
  "hp_optimizer": "adamw",
  "hp_criterion": "smoothl1",
  "hp_dropout": 0.0,
  "hp_lr": 0.0005,
  "hp_weight_decay": 1e-05,
  "hp_hidden_dims": "[256, 256, 128]",
  "hp_hidden_size": 128,
  "hp_num_layers": 2,
  "hp_head_hidden": 128,
  "hp_head_layers": 2,
  "hp_d_model": 32,
  "hp_nhead": 4,
  "hp_ff_dim": 64,
  "hp_use_cls_token": false
}