{
  "trial_id": 1670,
  "trial_name": "trial_1670_transformer",
  "model": "transformer",
  "best_epoch": 21,
  "elapsed_sec": 58.677677154541016,
  "direct_mae": 0.3399304747581482,
  "direct_rmse": 0.41890791058540344,
  "direct_r2": 0.8173290342092514,
  "direct_valid_ratio": 1.0,
  "direct_residual_mean": 0.38314369320869446,
  "direct_residual_median": 0.3549005389213562,
  "direct_residual_p90": 0.7540837943553925,
  "plus_newton_mae": 2.3433619857198958e-08,
  "plus_newton_rmse": 2.9915731503571925e-08,
  "plus_newton_r2": 0.9999999999999991,
  "plus_newton_valid_ratio": 1.0,
  "plus_newton_residual_mean": 4.347983289472026e-14,
  "plus_newton_residual_median": 2.220446049250313e-16,
  "plus_newton_residual_p90": 9.703349235223868e-14,
  "plus_newton_newton_iter_mean": 2.7515,
  "plus_newton_newton_iter_median": 3.0,
  "plus_newton_newton_iter_p90": 3.0,
  "plus_newton_converged_ratio": 1.0,
  "hp_use_log_ab": false,
  "hp_optimizer": "adamw",
  "hp_criterion": "smoothl1",
  "hp_dropout": 0.1,
  "hp_lr": 0.001,
  "hp_weight_decay": 0.0001,
  "hp_hidden_dims": "[256, 256, 128]",
  "hp_hidden_size": 128,
  "hp_num_layers": 1,
  "hp_head_hidden": 64,
  "hp_head_layers": 1,
  "hp_d_model": 32,
  "hp_nhead": 4,
  "hp_ff_dim": 64,
  "hp_use_cls_token": true
}{
  "trial_id": 1670,
  "trial_name": "trial_1670_transformer",
  "model": "transformer",
  "best_epoch": 21,
  "elapsed_sec": 58.677677154541016,
  "direct_mae": 0.3399304747581482,
  "direct_rmse": 0.41890791058540344,
  "direct_r2": 0.8173290342092514,
  "direct_valid_ratio": 1.0,
  "direct_residual_mean": 0.38314369320869446,
  "direct_residual_median": 0.3549005389213562,
  "direct_residual_p90": 0.7540837943553925,
  "plus_newton_mae": 2.3433619857198958e-08,
  "plus_newton_rmse": 2.9915731503571925e-08,
  "plus_newton_r2": 0.9999999999999991,
  "plus_newton_valid_ratio": 1.0,
  "plus_newton_residual_mean": 4.347983289472026e-14,
  "plus_newton_residual_median": 2.220446049250313e-16,
  "plus_newton_residual_p90": 9.703349235223868e-14,
  "plus_newton_newton_iter_mean": 2.7515,
  "plus_newton_newton_iter_median": 3.0,
  "plus_newton_newton_iter_p90": 3.0,
  "plus_newton_converged_ratio": 1.0,
  "hp_use_log_ab": false,
  "hp_optimizer": "adamw",
  "hp_criterion": "smoothl1",
  "hp_dropout": 0.1,
  "hp_lr": 0.001,
  "hp_weight_decay": 0.0001,
  "hp_hidden_dims": "[256, 256, 128]",
  "hp_hidden_size": 128,
  "hp_num_layers": 1,
  "hp_head_hidden": 64,
  "hp_head_layers": 1,
  "hp_d_model": 32,
  "hp_nhead": 4,
  "hp_ff_dim": 64,
  "hp_use_cls_token": true
}