{
  "trial_id": 1810,
  "trial_name": "trial_1810_transformer",
  "model": "transformer",
  "best_epoch": 60,
  "elapsed_sec": 116.6287636756897,
  "direct_mae": 0.008675151504576206,
  "direct_rmse": 0.014972939155995846,
  "direct_r2": 0.9997666292183567,
  "direct_valid_ratio": 1.0,
  "direct_residual_mean": 0.010177748277783394,
  "direct_residual_median": 0.005131393671035767,
  "direct_residual_p90": 0.026607739925384524,
  "plus_newton_mae": 2.34336178025602e-08,
  "plus_newton_rmse": 2.991572888387399e-08,
  "plus_newton_r2": 0.9999999999999991,
  "plus_newton_valid_ratio": 1.0,
  "plus_newton_residual_mean": 3.1693380958915164e-14,
  "plus_newton_residual_median": 1.1102230246251565e-16,
  "plus_newton_residual_p90": 2.731148640577885e-14,
  "plus_newton_newton_iter_mean": 2.1754,
  "plus_newton_newton_iter_median": 2.0,
  "plus_newton_newton_iter_p90": 3.0,
  "plus_newton_converged_ratio": 1.0,
  "hp_use_log_ab": false,
  "hp_optimizer": "adamw",
  "hp_criterion": "smoothl1",
  "hp_dropout": 0.1,
  "hp_lr": 0.0005,
  "hp_weight_decay": 1e-05,
  "hp_hidden_dims": "[256, 256, 128]",
  "hp_hidden_size": 128,
  "hp_num_layers": 1,
  "hp_head_hidden": 64,
  "hp_head_layers": 2,
  "hp_d_model": 32,
  "hp_nhead": 2,
  "hp_ff_dim": 64,
  "hp_use_cls_token": true
}{
  "trial_id": 1810,
  "trial_name": "trial_1810_transformer",
  "model": "transformer",
  "best_epoch": 60,
  "elapsed_sec": 116.6287636756897,
  "direct_mae": 0.008675151504576206,
  "direct_rmse": 0.014972939155995846,
  "direct_r2": 0.9997666292183567,
  "direct_valid_ratio": 1.0,
  "direct_residual_mean": 0.010177748277783394,
  "direct_residual_median": 0.005131393671035767,
  "direct_residual_p90": 0.026607739925384524,
  "plus_newton_mae": 2.34336178025602e-08,
  "plus_newton_rmse": 2.991572888387399e-08,
  "plus_newton_r2": 0.9999999999999991,
  "plus_newton_valid_ratio": 1.0,
  "plus_newton_residual_mean": 3.1693380958915164e-14,
  "plus_newton_residual_median": 1.1102230246251565e-16,
  "plus_newton_residual_p90": 2.731148640577885e-14,
  "plus_newton_newton_iter_mean": 2.1754,
  "plus_newton_newton_iter_median": 2.0,
  "plus_newton_newton_iter_p90": 3.0,
  "plus_newton_converged_ratio": 1.0,
  "hp_use_log_ab": false,
  "hp_optimizer": "adamw",
  "hp_criterion": "smoothl1",
  "hp_dropout": 0.1,
  "hp_lr": 0.0005,
  "hp_weight_decay": 1e-05,
  "hp_hidden_dims": "[256, 256, 128]",
  "hp_hidden_size": 128,
  "hp_num_layers": 1,
  "hp_head_hidden": 64,
  "hp_head_layers": 2,
  "hp_d_model": 32,
  "hp_nhead": 2,
  "hp_ff_dim": 64,
  "hp_use_cls_token": true
}