{
  "trial_id": 216,
  "trial_name": "trial_216_gru",
  "model": "gru",
  "best_epoch": 53,
  "elapsed_sec": 207.5721423625946,
  "direct_mae": 0.0066665168851614,
  "direct_rmse": 0.010080388747155666,
  "direct_r2": 0.9998942240490578,
  "direct_valid_ratio": 1.0,
  "direct_residual_mean": 0.007989054545760155,
  "direct_residual_median": 0.0052178651094436646,
  "direct_residual_p90": 0.01902740597724915,
  "plus_newton_mae": 2.3433618585952575e-08,
  "plus_newton_rmse": 2.9915729633698545e-08,
  "plus_newton_r2": 0.9999999999999991,
  "plus_newton_valid_ratio": 1.0,
  "plus_newton_residual_mean": 3.6057520845634945e-14,
  "plus_newton_residual_median": 1.1102230246251565e-16,
  "plus_newton_residual_p90": 6.150635556423367e-14,
  "plus_newton_newton_iter_mean": 2.1012,
  "plus_newton_newton_iter_median": 2.0,
  "plus_newton_newton_iter_p90": 3.0,
  "plus_newton_converged_ratio": 1.0,
  "hp_use_log_ab": false,
  "hp_optimizer": "adamw",
  "hp_criterion": "smoothl1",
  "hp_dropout": 0.1,
  "hp_lr": 0.001,
  "hp_weight_decay": 0.0001,
  "hp_hidden_dims": "[256, 256, 128]",
  "hp_hidden_size": 64,
  "hp_num_layers": 2,
  "hp_head_hidden": 128,
  "hp_head_layers": 2,
  "hp_d_model": 64,
  "hp_nhead": 4,
  "hp_ff_dim": 128,
  "hp_use_cls_token": false
}{
  "trial_id": 216,
  "trial_name": "trial_216_gru",
  "model": "gru",
  "best_epoch": 53,
  "elapsed_sec": 207.5721423625946,
  "direct_mae": 0.0066665168851614,
  "direct_rmse": 0.010080388747155666,
  "direct_r2": 0.9998942240490578,
  "direct_valid_ratio": 1.0,
  "direct_residual_mean": 0.007989054545760155,
  "direct_residual_median": 0.0052178651094436646,
  "direct_residual_p90": 0.01902740597724915,
  "plus_newton_mae": 2.3433618585952575e-08,
  "plus_newton_rmse": 2.9915729633698545e-08,
  "plus_newton_r2": 0.9999999999999991,
  "plus_newton_valid_ratio": 1.0,
  "plus_newton_residual_mean": 3.6057520845634945e-14,
  "plus_newton_residual_median": 1.1102230246251565e-16,
  "plus_newton_residual_p90": 6.150635556423367e-14,
  "plus_newton_newton_iter_mean": 2.1012,
  "plus_newton_newton_iter_median": 2.0,
  "plus_newton_newton_iter_p90": 3.0,
  "plus_newton_converged_ratio": 1.0,
  "hp_use_log_ab": false,
  "hp_optimizer": "adamw",
  "hp_criterion": "smoothl1",
  "hp_dropout": 0.1,
  "hp_lr": 0.001,
  "hp_weight_decay": 0.0001,
  "hp_hidden_dims": "[256, 256, 128]",
  "hp_hidden_size": 64,
  "hp_num_layers": 2,
  "hp_head_hidden": 128,
  "hp_head_layers": 2,
  "hp_d_model": 64,
  "hp_nhead": 4,
  "hp_ff_dim": 128,
  "hp_use_cls_token": false
}