{
  "trial_id": 111,
  "trial_name": "trial_111_gru",
  "model": "gru",
  "best_epoch": 86,
  "elapsed_sec": 277.98105812072754,
  "direct_mae": 0.3401529788970947,
  "direct_rmse": 0.41684913635253906,
  "direct_r2": 0.8191201388835907,
  "direct_valid_ratio": 1.0,
  "direct_residual_mean": 0.3830786645412445,
  "direct_residual_median": 0.359851598739624,
  "direct_residual_p90": 0.7235099136829383,
  "plus_newton_mae": 2.3433619356050658e-08,
  "plus_newton_rmse": 2.99157311616152e-08,
  "plus_newton_r2": 0.9999999999999991,
  "plus_newton_valid_ratio": 1.0,
  "plus_newton_residual_mean": 4.390357257457332e-14,
  "plus_newton_residual_median": 1.6653345369377348e-16,
  "plus_newton_residual_p90": 1.0491607582707729e-13,
  "plus_newton_newton_iter_mean": 2.755,
  "plus_newton_newton_iter_median": 3.0,
  "plus_newton_newton_iter_p90": 3.0,
  "plus_newton_converged_ratio": 1.0,
  "hp_use_log_ab": false,
  "hp_optimizer": "adamw",
  "hp_criterion": "mse",
  "hp_dropout": 0.1,
  "hp_lr": 0.0005,
  "hp_weight_decay": 1e-05,
  "hp_hidden_dims": "[256, 256, 128]",
  "hp_hidden_size": 128,
  "hp_num_layers": 2,
  "hp_head_hidden": 128,
  "hp_head_layers": 1,
  "hp_d_model": 64,
  "hp_nhead": 4,
  "hp_ff_dim": 128,
  "hp_use_cls_token": false
}{
  "trial_id": 111,
  "trial_name": "trial_111_gru",
  "model": "gru",
  "best_epoch": 86,
  "elapsed_sec": 277.98105812072754,
  "direct_mae": 0.3401529788970947,
  "direct_rmse": 0.41684913635253906,
  "direct_r2": 0.8191201388835907,
  "direct_valid_ratio": 1.0,
  "direct_residual_mean": 0.3830786645412445,
  "direct_residual_median": 0.359851598739624,
  "direct_residual_p90": 0.7235099136829383,
  "plus_newton_mae": 2.3433619356050658e-08,
  "plus_newton_rmse": 2.99157311616152e-08,
  "plus_newton_r2": 0.9999999999999991,
  "plus_newton_valid_ratio": 1.0,
  "plus_newton_residual_mean": 4.390357257457332e-14,
  "plus_newton_residual_median": 1.6653345369377348e-16,
  "plus_newton_residual_p90": 1.0491607582707729e-13,
  "plus_newton_newton_iter_mean": 2.755,
  "plus_newton_newton_iter_median": 3.0,
  "plus_newton_newton_iter_p90": 3.0,
  "plus_newton_converged_ratio": 1.0,
  "hp_use_log_ab": false,
  "hp_optimizer": "adamw",
  "hp_criterion": "mse",
  "hp_dropout": 0.1,
  "hp_lr": 0.0005,
  "hp_weight_decay": 1e-05,
  "hp_hidden_dims": "[256, 256, 128]",
  "hp_hidden_size": 128,
  "hp_num_layers": 2,
  "hp_head_hidden": 128,
  "hp_head_layers": 1,
  "hp_d_model": 64,
  "hp_nhead": 4,
  "hp_ff_dim": 128,
  "hp_use_cls_token": false
}