{
  "trial_id": 1915,
  "trial_name": "trial_1915_transformer",
  "model": "transformer",
  "best_epoch": 21,
  "elapsed_sec": 73.69783806800842,
  "direct_mae": 0.013118471950292587,
  "direct_rmse": 0.022731933742761612,
  "direct_r2": 0.999462095554918,
  "direct_valid_ratio": 1.0,
  "direct_residual_mean": 0.01551390066742897,
  "direct_residual_median": 0.009414538741111755,
  "direct_residual_p90": 0.03302596807479859,
  "plus_newton_mae": 2.343361717006151e-08,
  "plus_newton_rmse": 2.9915730082113705e-08,
  "plus_newton_r2": 0.9999999999999991,
  "plus_newton_valid_ratio": 1.0,
  "plus_newton_residual_mean": 3.0198931635170294e-14,
  "plus_newton_residual_median": 1.1102230246251565e-16,
  "plus_newton_residual_p90": 2.953748357015231e-14,
  "plus_newton_newton_iter_mean": 2.2311,
  "plus_newton_newton_iter_median": 2.0,
  "plus_newton_newton_iter_p90": 3.0,
  "plus_newton_converged_ratio": 1.0,
  "hp_use_log_ab": false,
  "hp_optimizer": "adamw",
  "hp_criterion": "smoothl1",
  "hp_dropout": 0.1,
  "hp_lr": 0.0005,
  "hp_weight_decay": 1e-05,
  "hp_hidden_dims": "[256, 256, 128]",
  "hp_hidden_size": 128,
  "hp_num_layers": 2,
  "hp_head_hidden": 128,
  "hp_head_layers": 2,
  "hp_d_model": 64,
  "hp_nhead": 2,
  "hp_ff_dim": 128,
  "hp_use_cls_token": false
}{
  "trial_id": 1915,
  "trial_name": "trial_1915_transformer",
  "model": "transformer",
  "best_epoch": 21,
  "elapsed_sec": 73.69783806800842,
  "direct_mae": 0.013118471950292587,
  "direct_rmse": 0.022731933742761612,
  "direct_r2": 0.999462095554918,
  "direct_valid_ratio": 1.0,
  "direct_residual_mean": 0.01551390066742897,
  "direct_residual_median": 0.009414538741111755,
  "direct_residual_p90": 0.03302596807479859,
  "plus_newton_mae": 2.343361717006151e-08,
  "plus_newton_rmse": 2.9915730082113705e-08,
  "plus_newton_r2": 0.9999999999999991,
  "plus_newton_valid_ratio": 1.0,
  "plus_newton_residual_mean": 3.0198931635170294e-14,
  "plus_newton_residual_median": 1.1102230246251565e-16,
  "plus_newton_residual_p90": 2.953748357015231e-14,
  "plus_newton_newton_iter_mean": 2.2311,
  "plus_newton_newton_iter_median": 2.0,
  "plus_newton_newton_iter_p90": 3.0,
  "plus_newton_converged_ratio": 1.0,
  "hp_use_log_ab": false,
  "hp_optimizer": "adamw",
  "hp_criterion": "smoothl1",
  "hp_dropout": 0.1,
  "hp_lr": 0.0005,
  "hp_weight_decay": 1e-05,
  "hp_hidden_dims": "[256, 256, 128]",
  "hp_hidden_size": 128,
  "hp_num_layers": 2,
  "hp_head_hidden": 128,
  "hp_head_layers": 2,
  "hp_d_model": 64,
  "hp_nhead": 2,
  "hp_ff_dim": 128,
  "hp_use_cls_token": false
}