{
  "trial_id": 1835,
  "trial_name": "trial_1835_transformer",
  "model": "transformer",
  "best_epoch": 11,
  "elapsed_sec": 43.48920798301697,
  "direct_mae": 0.3395288288593292,
  "direct_rmse": 0.41748374700546265,
  "direct_r2": 0.8185689896345139,
  "direct_valid_ratio": 1.0,
  "direct_residual_mean": 0.38356098532676697,
  "direct_residual_median": 0.35460686683654785,
  "direct_residual_p90": 0.7502031564712525,
  "plus_newton_mae": 2.3433618703371435e-08,
  "plus_newton_rmse": 2.9915730450768946e-08,
  "plus_newton_r2": 0.9999999999999991,
  "plus_newton_valid_ratio": 1.0,
  "plus_newton_residual_mean": 4.317150495505658e-14,
  "plus_newton_residual_median": 1.942890293094024e-16,
  "plus_newton_residual_p90": 9.572342918318108e-14,
  "plus_newton_newton_iter_mean": 2.7594,
  "plus_newton_newton_iter_median": 3.0,
  "plus_newton_newton_iter_p90": 3.0,
  "plus_newton_converged_ratio": 1.0,
  "hp_use_log_ab": false,
  "hp_optimizer": "adamw",
  "hp_criterion": "smoothl1",
  "hp_dropout": 0.1,
  "hp_lr": 0.0005,
  "hp_weight_decay": 1e-05,
  "hp_hidden_dims": "[256, 256, 128]",
  "hp_hidden_size": 128,
  "hp_num_layers": 1,
  "hp_head_hidden": 128,
  "hp_head_layers": 1,
  "hp_d_model": 64,
  "hp_nhead": 2,
  "hp_ff_dim": 128,
  "hp_use_cls_token": false
}{
  "trial_id": 1835,
  "trial_name": "trial_1835_transformer",
  "model": "transformer",
  "best_epoch": 11,
  "elapsed_sec": 43.48920798301697,
  "direct_mae": 0.3395288288593292,
  "direct_rmse": 0.41748374700546265,
  "direct_r2": 0.8185689896345139,
  "direct_valid_ratio": 1.0,
  "direct_residual_mean": 0.38356098532676697,
  "direct_residual_median": 0.35460686683654785,
  "direct_residual_p90": 0.7502031564712525,
  "plus_newton_mae": 2.3433618703371435e-08,
  "plus_newton_rmse": 2.9915730450768946e-08,
  "plus_newton_r2": 0.9999999999999991,
  "plus_newton_valid_ratio": 1.0,
  "plus_newton_residual_mean": 4.317150495505658e-14,
  "plus_newton_residual_median": 1.942890293094024e-16,
  "plus_newton_residual_p90": 9.572342918318108e-14,
  "plus_newton_newton_iter_mean": 2.7594,
  "plus_newton_newton_iter_median": 3.0,
  "plus_newton_newton_iter_p90": 3.0,
  "plus_newton_converged_ratio": 1.0,
  "hp_use_log_ab": false,
  "hp_optimizer": "adamw",
  "hp_criterion": "smoothl1",
  "hp_dropout": 0.1,
  "hp_lr": 0.0005,
  "hp_weight_decay": 1e-05,
  "hp_hidden_dims": "[256, 256, 128]",
  "hp_hidden_size": 128,
  "hp_num_layers": 1,
  "hp_head_hidden": 128,
  "hp_head_layers": 1,
  "hp_d_model": 64,
  "hp_nhead": 2,
  "hp_ff_dim": 128,
  "hp_use_cls_token": false
}