{
  "trial_id": 1895,
  "trial_name": "trial_1895_transformer",
  "model": "transformer",
  "best_epoch": 11,
  "elapsed_sec": 54.05800271034241,
  "direct_mae": 0.33987998962402344,
  "direct_rmse": 0.41759437322616577,
  "direct_r2": 0.8184728175401688,
  "direct_valid_ratio": 1.0,
  "direct_residual_mean": 0.3834901750087738,
  "direct_residual_median": 0.35706260800361633,
  "direct_residual_p90": 0.7457544803619385,
  "plus_newton_mae": 2.3433618836203443e-08,
  "plus_newton_rmse": 2.991573055162563e-08,
  "plus_newton_r2": 0.9999999999999991,
  "plus_newton_valid_ratio": 1.0,
  "plus_newton_residual_mean": 4.290388611340496e-14,
  "plus_newton_residual_median": 2.220446049250313e-16,
  "plus_newton_residual_p90": 9.204859097167177e-14,
  "plus_newton_newton_iter_mean": 2.756,
  "plus_newton_newton_iter_median": 3.0,
  "plus_newton_newton_iter_p90": 3.0,
  "plus_newton_converged_ratio": 1.0,
  "hp_use_log_ab": false,
  "hp_optimizer": "adamw",
  "hp_criterion": "smoothl1",
  "hp_dropout": 0.1,
  "hp_lr": 0.0005,
  "hp_weight_decay": 1e-05,
  "hp_hidden_dims": "[256, 256, 128]",
  "hp_hidden_size": 128,
  "hp_num_layers": 2,
  "hp_head_hidden": 128,
  "hp_head_layers": 1,
  "hp_d_model": 32,
  "hp_nhead": 4,
  "hp_ff_dim": 128,
  "hp_use_cls_token": false
}{
  "trial_id": 1895,
  "trial_name": "trial_1895_transformer",
  "model": "transformer",
  "best_epoch": 11,
  "elapsed_sec": 54.05800271034241,
  "direct_mae": 0.33987998962402344,
  "direct_rmse": 0.41759437322616577,
  "direct_r2": 0.8184728175401688,
  "direct_valid_ratio": 1.0,
  "direct_residual_mean": 0.3834901750087738,
  "direct_residual_median": 0.35706260800361633,
  "direct_residual_p90": 0.7457544803619385,
  "plus_newton_mae": 2.3433618836203443e-08,
  "plus_newton_rmse": 2.991573055162563e-08,
  "plus_newton_r2": 0.9999999999999991,
  "plus_newton_valid_ratio": 1.0,
  "plus_newton_residual_mean": 4.290388611340496e-14,
  "plus_newton_residual_median": 2.220446049250313e-16,
  "plus_newton_residual_p90": 9.204859097167177e-14,
  "plus_newton_newton_iter_mean": 2.756,
  "plus_newton_newton_iter_median": 3.0,
  "plus_newton_newton_iter_p90": 3.0,
  "plus_newton_converged_ratio": 1.0,
  "hp_use_log_ab": false,
  "hp_optimizer": "adamw",
  "hp_criterion": "smoothl1",
  "hp_dropout": 0.1,
  "hp_lr": 0.0005,
  "hp_weight_decay": 1e-05,
  "hp_hidden_dims": "[256, 256, 128]",
  "hp_hidden_size": 128,
  "hp_num_layers": 2,
  "hp_head_hidden": 128,
  "hp_head_layers": 1,
  "hp_d_model": 32,
  "hp_nhead": 4,
  "hp_ff_dim": 128,
  "hp_use_cls_token": false
}