{
  "trial_id": 1951,
  "trial_name": "trial_1951_transformer",
  "model": "transformer",
  "best_epoch": 30,
  "elapsed_sec": 71.8641984462738,
  "direct_mae": 0.022867772728204727,
  "direct_rmse": 0.033246882259845734,
  "direct_r2": 0.9988493737764657,
  "direct_valid_ratio": 1.0,
  "direct_residual_mean": 0.02651085890829563,
  "direct_residual_median": 0.021212637424468994,
  "direct_residual_p90": 0.047066286206245436,
  "plus_newton_mae": 2.34336188555512e-08,
  "plus_newton_rmse": 2.991573071443607e-08,
  "plus_newton_r2": 0.9999999999999991,
  "plus_newton_valid_ratio": 1.0,
  "plus_newton_residual_mean": 3.999721606714907e-14,
  "plus_newton_residual_median": 1.1102230246251565e-16,
  "plus_newton_residual_p90": 8.483214131160825e-14,
  "plus_newton_newton_iter_mean": 2.3023,
  "plus_newton_newton_iter_median": 2.0,
  "plus_newton_newton_iter_p90": 3.0,
  "plus_newton_converged_ratio": 1.0,
  "hp_use_log_ab": false,
  "hp_optimizer": "adamw",
  "hp_criterion": "smoothl1",
  "hp_dropout": 0.1,
  "hp_lr": 0.0005,
  "hp_weight_decay": 0.0001,
  "hp_hidden_dims": "[256, 256, 128]",
  "hp_hidden_size": 128,
  "hp_num_layers": 1,
  "hp_head_hidden": 64,
  "hp_head_layers": 2,
  "hp_d_model": 64,
  "hp_nhead": 4,
  "hp_ff_dim": 128,
  "hp_use_cls_token": false
}{
  "trial_id": 1951,
  "trial_name": "trial_1951_transformer",
  "model": "transformer",
  "best_epoch": 30,
  "elapsed_sec": 71.8641984462738,
  "direct_mae": 0.022867772728204727,
  "direct_rmse": 0.033246882259845734,
  "direct_r2": 0.9988493737764657,
  "direct_valid_ratio": 1.0,
  "direct_residual_mean": 0.02651085890829563,
  "direct_residual_median": 0.021212637424468994,
  "direct_residual_p90": 0.047066286206245436,
  "plus_newton_mae": 2.34336188555512e-08,
  "plus_newton_rmse": 2.991573071443607e-08,
  "plus_newton_r2": 0.9999999999999991,
  "plus_newton_valid_ratio": 1.0,
  "plus_newton_residual_mean": 3.999721606714907e-14,
  "plus_newton_residual_median": 1.1102230246251565e-16,
  "plus_newton_residual_p90": 8.483214131160825e-14,
  "plus_newton_newton_iter_mean": 2.3023,
  "plus_newton_newton_iter_median": 2.0,
  "plus_newton_newton_iter_p90": 3.0,
  "plus_newton_converged_ratio": 1.0,
  "hp_use_log_ab": false,
  "hp_optimizer": "adamw",
  "hp_criterion": "smoothl1",
  "hp_dropout": 0.1,
  "hp_lr": 0.0005,
  "hp_weight_decay": 0.0001,
  "hp_hidden_dims": "[256, 256, 128]",
  "hp_hidden_size": 128,
  "hp_num_layers": 1,
  "hp_head_hidden": 64,
  "hp_head_layers": 2,
  "hp_d_model": 64,
  "hp_nhead": 4,
  "hp_ff_dim": 128,
  "hp_use_cls_token": false
}