{
  "trial_id": 43,
  "trial_name": "trial_043_transformer",
  "model": "transformer",
  "best_epoch": 30,
  "elapsed_sec": 156.3135702610016,
  "direct_mae": 0.34057992696762085,
  "direct_rmse": 0.41697314381599426,
  "direct_r2": 0.8190124928951263,
  "direct_valid_ratio": 1.0,
  "direct_residual_mean": 0.3840213418006897,
  "direct_residual_median": 0.360948383808136,
  "direct_residual_p90": 0.7237914085388184,
  "plus_newton_mae": 2.343361946886417e-08,
  "plus_newton_rmse": 2.99157312753083e-08,
  "plus_newton_r2": 0.9999999999999991,
  "plus_newton_valid_ratio": 1.0,
  "plus_newton_residual_mean": 4.4740877736200086e-14,
  "plus_newton_residual_median": 1.1102230246251565e-16,
  "plus_newton_residual_p90": 1.0283995877102837e-13,
  "plus_newton_newton_iter_mean": 2.7586,
  "plus_newton_newton_iter_median": 3.0,
  "plus_newton_newton_iter_p90": 3.0,
  "plus_newton_converged_ratio": 1.0,
  "hp_use_log_ab": false,
  "hp_optimizer": "adamw",
  "hp_criterion": "mse",
  "hp_dropout": 0.0,
  "hp_lr": 0.001,
  "hp_weight_decay": 1e-05,
  "hp_hidden_dims": "[256, 256, 128]",
  "hp_hidden_size": 128,
  "hp_num_layers": 1,
  "hp_head_hidden": 128,
  "hp_head_layers": 1,
  "hp_d_model": 64,
  "hp_nhead": 2,
  "hp_ff_dim": 128,
  "hp_use_cls_token": false
}{
  "trial_id": 43,
  "trial_name": "trial_043_transformer",
  "model": "transformer",
  "best_epoch": 30,
  "elapsed_sec": 156.3135702610016,
  "direct_mae": 0.34057992696762085,
  "direct_rmse": 0.41697314381599426,
  "direct_r2": 0.8190124928951263,
  "direct_valid_ratio": 1.0,
  "direct_residual_mean": 0.3840213418006897,
  "direct_residual_median": 0.360948383808136,
  "direct_residual_p90": 0.7237914085388184,
  "plus_newton_mae": 2.343361946886417e-08,
  "plus_newton_rmse": 2.99157312753083e-08,
  "plus_newton_r2": 0.9999999999999991,
  "plus_newton_valid_ratio": 1.0,
  "plus_newton_residual_mean": 4.4740877736200086e-14,
  "plus_newton_residual_median": 1.1102230246251565e-16,
  "plus_newton_residual_p90": 1.0283995877102837e-13,
  "plus_newton_newton_iter_mean": 2.7586,
  "plus_newton_newton_iter_median": 3.0,
  "plus_newton_newton_iter_p90": 3.0,
  "plus_newton_converged_ratio": 1.0,
  "hp_use_log_ab": false,
  "hp_optimizer": "adamw",
  "hp_criterion": "mse",
  "hp_dropout": 0.0,
  "hp_lr": 0.001,
  "hp_weight_decay": 1e-05,
  "hp_hidden_dims": "[256, 256, 128]",
  "hp_hidden_size": 128,
  "hp_num_layers": 1,
  "hp_head_hidden": 128,
  "hp_head_layers": 1,
  "hp_d_model": 64,
  "hp_nhead": 2,
  "hp_ff_dim": 128,
  "hp_use_cls_token": false
}