{
  "trial_id": 400,
  "trial_name": "trial_400_lstm",
  "model": "lstm",
  "best_epoch": 82,
  "elapsed_sec": 243.10838198661804,
  "direct_mae": 0.0007901955395936966,
  "direct_rmse": 0.0010456902673467994,
  "direct_r2": 0.9999988617478266,
  "direct_valid_ratio": 1.0,
  "direct_residual_mean": 0.0009924879996106029,
  "direct_residual_median": 0.0006987452507019043,
  "direct_residual_p90": 0.002146744728088379,
  "plus_newton_mae": 2.3433617223143872e-08,
  "plus_newton_rmse": 2.991572965379282e-08,
  "plus_newton_r2": 0.9999999999999991,
  "plus_newton_valid_ratio": 1.0,
  "plus_newton_residual_mean": 3.306491034459389e-14,
  "plus_newton_residual_median": 5.551115123125783e-17,
  "plus_newton_residual_p90": 2.220446049250313e-14,
  "plus_newton_newton_iter_mean": 1.9488,
  "plus_newton_newton_iter_median": 2.0,
  "plus_newton_newton_iter_p90": 2.0,
  "plus_newton_converged_ratio": 1.0,
  "hp_use_log_ab": true,
  "hp_optimizer": "adamw",
  "hp_criterion": "smoothl1",
  "hp_dropout": 0.0,
  "hp_lr": 0.001,
  "hp_weight_decay": 1e-05,
  "hp_hidden_dims": "[256, 256, 128]",
  "hp_hidden_size": 128,
  "hp_num_layers": 2,
  "hp_head_hidden": 128,
  "hp_head_layers": 2,
  "hp_d_model": 64,
  "hp_nhead": 4,
  "hp_ff_dim": 128,
  "hp_use_cls_token": false
}{
  "trial_id": 400,
  "trial_name": "trial_400_lstm",
  "model": "lstm",
  "best_epoch": 82,
  "elapsed_sec": 243.10838198661804,
  "direct_mae": 0.0007901955395936966,
  "direct_rmse": 0.0010456902673467994,
  "direct_r2": 0.9999988617478266,
  "direct_valid_ratio": 1.0,
  "direct_residual_mean": 0.0009924879996106029,
  "direct_residual_median": 0.0006987452507019043,
  "direct_residual_p90": 0.002146744728088379,
  "plus_newton_mae": 2.3433617223143872e-08,
  "plus_newton_rmse": 2.991572965379282e-08,
  "plus_newton_r2": 0.9999999999999991,
  "plus_newton_valid_ratio": 1.0,
  "plus_newton_residual_mean": 3.306491034459389e-14,
  "plus_newton_residual_median": 5.551115123125783e-17,
  "plus_newton_residual_p90": 2.220446049250313e-14,
  "plus_newton_newton_iter_mean": 1.9488,
  "plus_newton_newton_iter_median": 2.0,
  "plus_newton_newton_iter_p90": 2.0,
  "plus_newton_converged_ratio": 1.0,
  "hp_use_log_ab": true,
  "hp_optimizer": "adamw",
  "hp_criterion": "smoothl1",
  "hp_dropout": 0.0,
  "hp_lr": 0.001,
  "hp_weight_decay": 1e-05,
  "hp_hidden_dims": "[256, 256, 128]",
  "hp_hidden_size": 128,
  "hp_num_layers": 2,
  "hp_head_hidden": 128,
  "hp_head_layers": 2,
  "hp_d_model": 64,
  "hp_nhead": 4,
  "hp_ff_dim": 128,
  "hp_use_cls_token": false
}