{
  "trial_id": 1473,
  "trial_name": "trial_1473_transformer",
  "model": "transformer",
  "best_epoch": 22,
  "elapsed_sec": 71.80812668800354,
  "direct_mae": 0.34139400720596313,
  "direct_rmse": 0.41760754585266113,
  "direct_r2": 0.8184613585472107,
  "direct_valid_ratio": 1.0,
  "direct_residual_mean": 0.3837583065032959,
  "direct_residual_median": 0.36104702949523926,
  "direct_residual_p90": 0.7237182438373566,
  "plus_newton_mae": 2.3433619768377862e-08,
  "plus_newton_rmse": 2.991573147378764e-08,
  "plus_newton_r2": 0.9999999999999991,
  "plus_newton_valid_ratio": 1.0,
  "plus_newton_residual_mean": 4.352248384896759e-14,
  "plus_newton_residual_median": 2.220446049250313e-16,
  "plus_newton_residual_p90": 1.0115207282890286e-13,
  "plus_newton_newton_iter_mean": 2.7498,
  "plus_newton_newton_iter_median": 3.0,
  "plus_newton_newton_iter_p90": 3.0,
  "plus_newton_converged_ratio": 1.0,
  "hp_use_log_ab": false,
  "hp_optimizer": "adamw",
  "hp_criterion": "smoothl1",
  "hp_dropout": 0.0,
  "hp_lr": 0.0005,
  "hp_weight_decay": 0.0001,
  "hp_hidden_dims": "[256, 256, 128]",
  "hp_hidden_size": 128,
  "hp_num_layers": 2,
  "hp_head_hidden": 64,
  "hp_head_layers": 1,
  "hp_d_model": 32,
  "hp_nhead": 2,
  "hp_ff_dim": 64,
  "hp_use_cls_token": false
}{
  "trial_id": 1473,
  "trial_name": "trial_1473_transformer",
  "model": "transformer",
  "best_epoch": 22,
  "elapsed_sec": 71.80812668800354,
  "direct_mae": 0.34139400720596313,
  "direct_rmse": 0.41760754585266113,
  "direct_r2": 0.8184613585472107,
  "direct_valid_ratio": 1.0,
  "direct_residual_mean": 0.3837583065032959,
  "direct_residual_median": 0.36104702949523926,
  "direct_residual_p90": 0.7237182438373566,
  "plus_newton_mae": 2.3433619768377862e-08,
  "plus_newton_rmse": 2.991573147378764e-08,
  "plus_newton_r2": 0.9999999999999991,
  "plus_newton_valid_ratio": 1.0,
  "plus_newton_residual_mean": 4.352248384896759e-14,
  "plus_newton_residual_median": 2.220446049250313e-16,
  "plus_newton_residual_p90": 1.0115207282890286e-13,
  "plus_newton_newton_iter_mean": 2.7498,
  "plus_newton_newton_iter_median": 3.0,
  "plus_newton_newton_iter_p90": 3.0,
  "plus_newton_converged_ratio": 1.0,
  "hp_use_log_ab": false,
  "hp_optimizer": "adamw",
  "hp_criterion": "smoothl1",
  "hp_dropout": 0.0,
  "hp_lr": 0.0005,
  "hp_weight_decay": 0.0001,
  "hp_hidden_dims": "[256, 256, 128]",
  "hp_hidden_size": 128,
  "hp_num_layers": 2,
  "hp_head_hidden": 64,
  "hp_head_layers": 1,
  "hp_d_model": 32,
  "hp_nhead": 2,
  "hp_ff_dim": 64,
  "hp_use_cls_token": false
}