{
  "trial_id": 523,
  "trial_name": "trial_523_transformer",
  "model": "transformer",
  "best_epoch": 38,
  "elapsed_sec": 94.08583188056946,
  "direct_mae": 0.34098681807518005,
  "direct_rmse": 0.41704103350639343,
  "direct_r2": 0.8189535737037659,
  "direct_valid_ratio": 1.0,
  "direct_residual_mean": 0.38445428013801575,
  "direct_residual_median": 0.3616648316383362,
  "direct_residual_p90": 0.7253076076507569,
  "plus_newton_mae": 2.343361888936848e-08,
  "plus_newton_rmse": 2.9915731081395815e-08,
  "plus_newton_r2": 0.9999999999999991,
  "plus_newton_valid_ratio": 1.0,
  "plus_newton_residual_mean": 4.3282414150329733e-14,
  "plus_newton_residual_median": 1.6653345369377348e-16,
  "plus_newton_residual_p90": 9.814371537686384e-14,
  "plus_newton_newton_iter_mean": 2.7588,
  "plus_newton_newton_iter_median": 3.0,
  "plus_newton_newton_iter_p90": 3.0,
  "plus_newton_converged_ratio": 1.0,
  "hp_use_log_ab": false,
  "hp_optimizer": "adamw",
  "hp_criterion": "mse",
  "hp_dropout": 0.1,
  "hp_lr": 0.001,
  "hp_weight_decay": 1e-05,
  "hp_hidden_dims": "[256, 256, 128]",
  "hp_hidden_size": 128,
  "hp_num_layers": 1,
  "hp_head_hidden": 64,
  "hp_head_layers": 1,
  "hp_d_model": 64,
  "hp_nhead": 2,
  "hp_ff_dim": 128,
  "hp_use_cls_token": false
}{
  "trial_id": 523,
  "trial_name": "trial_523_transformer",
  "model": "transformer",
  "best_epoch": 38,
  "elapsed_sec": 94.08583188056946,
  "direct_mae": 0.34098681807518005,
  "direct_rmse": 0.41704103350639343,
  "direct_r2": 0.8189535737037659,
  "direct_valid_ratio": 1.0,
  "direct_residual_mean": 0.38445428013801575,
  "direct_residual_median": 0.3616648316383362,
  "direct_residual_p90": 0.7253076076507569,
  "plus_newton_mae": 2.343361888936848e-08,
  "plus_newton_rmse": 2.9915731081395815e-08,
  "plus_newton_r2": 0.9999999999999991,
  "plus_newton_valid_ratio": 1.0,
  "plus_newton_residual_mean": 4.3282414150329733e-14,
  "plus_newton_residual_median": 1.6653345369377348e-16,
  "plus_newton_residual_p90": 9.814371537686384e-14,
  "plus_newton_newton_iter_mean": 2.7588,
  "plus_newton_newton_iter_median": 3.0,
  "plus_newton_newton_iter_p90": 3.0,
  "plus_newton_converged_ratio": 1.0,
  "hp_use_log_ab": false,
  "hp_optimizer": "adamw",
  "hp_criterion": "mse",
  "hp_dropout": 0.1,
  "hp_lr": 0.001,
  "hp_weight_decay": 1e-05,
  "hp_hidden_dims": "[256, 256, 128]",
  "hp_hidden_size": 128,
  "hp_num_layers": 1,
  "hp_head_hidden": 64,
  "hp_head_layers": 1,
  "hp_d_model": 64,
  "hp_nhead": 2,
  "hp_ff_dim": 128,
  "hp_use_cls_token": false
}