{
  "trial_id": 186,
  "trial_name": "trial_186_transformer",
  "model": "transformer",
  "best_epoch": 63,
  "elapsed_sec": 266.5082185268402,
  "direct_mae": 0.002754317596554756,
  "direct_rmse": 0.00421140855178237,
  "direct_r2": 0.9999815376449988,
  "direct_valid_ratio": 1.0,
  "direct_residual_mean": 0.0033420799300074577,
  "direct_residual_median": 0.002356976270675659,
  "direct_residual_p90": 0.006960538029670716,
  "plus_newton_mae": 2.343361862482428e-08,
  "plus_newton_rmse": 2.9915730942007874e-08,
  "plus_newton_r2": 0.9999999999999991,
  "plus_newton_valid_ratio": 1.0,
  "plus_newton_residual_mean": 2.9737463057772686e-14,
  "plus_newton_residual_median": 1.1102230246251565e-16,
  "plus_newton_residual_p90": 4.2915671016885446e-14,
  "plus_newton_newton_iter_mean": 2.0323,
  "plus_newton_newton_iter_median": 2.0,
  "plus_newton_newton_iter_p90": 2.0,
  "plus_newton_converged_ratio": 1.0,
  "hp_use_log_ab": false,
  "hp_optimizer": "adamw",
  "hp_criterion": "mse",
  "hp_dropout": 0.0,
  "hp_lr": 0.001,
  "hp_weight_decay": 0.0001,
  "hp_hidden_dims": "[256, 256, 128]",
  "hp_hidden_size": 128,
  "hp_num_layers": 1,
  "hp_head_hidden": 128,
  "hp_head_layers": 2,
  "hp_d_model": 64,
  "hp_nhead": 2,
  "hp_ff_dim": 64,
  "hp_use_cls_token": true
}{
  "trial_id": 186,
  "trial_name": "trial_186_transformer",
  "model": "transformer",
  "best_epoch": 63,
  "elapsed_sec": 266.5082185268402,
  "direct_mae": 0.002754317596554756,
  "direct_rmse": 0.00421140855178237,
  "direct_r2": 0.9999815376449988,
  "direct_valid_ratio": 1.0,
  "direct_residual_mean": 0.0033420799300074577,
  "direct_residual_median": 0.002356976270675659,
  "direct_residual_p90": 0.006960538029670716,
  "plus_newton_mae": 2.343361862482428e-08,
  "plus_newton_rmse": 2.9915730942007874e-08,
  "plus_newton_r2": 0.9999999999999991,
  "plus_newton_valid_ratio": 1.0,
  "plus_newton_residual_mean": 2.9737463057772686e-14,
  "plus_newton_residual_median": 1.1102230246251565e-16,
  "plus_newton_residual_p90": 4.2915671016885446e-14,
  "plus_newton_newton_iter_mean": 2.0323,
  "plus_newton_newton_iter_median": 2.0,
  "plus_newton_newton_iter_p90": 2.0,
  "plus_newton_converged_ratio": 1.0,
  "hp_use_log_ab": false,
  "hp_optimizer": "adamw",
  "hp_criterion": "mse",
  "hp_dropout": 0.0,
  "hp_lr": 0.001,
  "hp_weight_decay": 0.0001,
  "hp_hidden_dims": "[256, 256, 128]",
  "hp_hidden_size": 128,
  "hp_num_layers": 1,
  "hp_head_hidden": 128,
  "hp_head_layers": 2,
  "hp_d_model": 64,
  "hp_nhead": 2,
  "hp_ff_dim": 64,
  "hp_use_cls_token": true
}