{
  "trial_id": 25,
  "trial_name": "trial_025_mlp",
  "model": "mlp",
  "best_epoch": 49,
  "elapsed_sec": 207.09905862808228,
  "direct_mae": 0.0010806609643623233,
  "direct_rmse": 0.001541936886496842,
  "direct_r2": 0.9999975250548232,
  "direct_valid_ratio": 1.0,
  "direct_residual_mean": 0.0013981149531900883,
  "direct_residual_median": 0.000977933406829834,
  "direct_residual_p90": 0.0026705946773290636,
  "plus_newton_mae": 2.343361788075559e-08,
  "plus_newton_rmse": 2.991572937570683e-08,
  "plus_newton_r2": 0.9999999999999991,
  "plus_newton_valid_ratio": 1.0,
  "plus_newton_residual_mean": 1.5866249225551315e-14,
  "plus_newton_residual_median": 5.551115123125783e-17,
  "plus_newton_residual_p90": 6.136757768615563e-15,
  "plus_newton_newton_iter_mean": 2.0002,
  "plus_newton_newton_iter_median": 2.0,
  "plus_newton_newton_iter_p90": 2.0,
  "plus_newton_converged_ratio": 1.0,
  "hp_use_log_ab": false,
  "hp_optimizer": "adamw",
  "hp_criterion": "smoothl1",
  "hp_dropout": 0.0,
  "hp_lr": 0.001,
  "hp_weight_decay": 1e-05,
  "hp_hidden_dims": "[256, 256, 128]",
  "hp_hidden_size": 128,
  "hp_num_layers": 2,
  "hp_head_hidden": 128,
  "hp_head_layers": 2,
  "hp_d_model": 64,
  "hp_nhead": 4,
  "hp_ff_dim": 128,
  "hp_use_cls_token": false
}{
  "trial_id": 25,
  "trial_name": "trial_025_mlp",
  "model": "mlp",
  "best_epoch": 49,
  "elapsed_sec": 207.09905862808228,
  "direct_mae": 0.0010806609643623233,
  "direct_rmse": 0.001541936886496842,
  "direct_r2": 0.9999975250548232,
  "direct_valid_ratio": 1.0,
  "direct_residual_mean": 0.0013981149531900883,
  "direct_residual_median": 0.000977933406829834,
  "direct_residual_p90": 0.0026705946773290636,
  "plus_newton_mae": 2.343361788075559e-08,
  "plus_newton_rmse": 2.991572937570683e-08,
  "plus_newton_r2": 0.9999999999999991,
  "plus_newton_valid_ratio": 1.0,
  "plus_newton_residual_mean": 1.5866249225551315e-14,
  "plus_newton_residual_median": 5.551115123125783e-17,
  "plus_newton_residual_p90": 6.136757768615563e-15,
  "plus_newton_newton_iter_mean": 2.0002,
  "plus_newton_newton_iter_median": 2.0,
  "plus_newton_newton_iter_p90": 2.0,
  "plus_newton_converged_ratio": 1.0,
  "hp_use_log_ab": false,
  "hp_optimizer": "adamw",
  "hp_criterion": "smoothl1",
  "hp_dropout": 0.0,
  "hp_lr": 0.001,
  "hp_weight_decay": 1e-05,
  "hp_hidden_dims": "[256, 256, 128]",
  "hp_hidden_size": 128,
  "hp_num_layers": 2,
  "hp_head_hidden": 128,
  "hp_head_layers": 2,
  "hp_d_model": 64,
  "hp_nhead": 4,
  "hp_ff_dim": 128,
  "hp_use_cls_token": false
}