{
  "trial_id": 469,
  "trial_name": "trial_469_gru",
  "model": "gru",
  "best_epoch": 36,
  "elapsed_sec": 123.7494888305664,
  "direct_mae": 0.09353719651699066,
  "direct_rmse": 0.13884828984737396,
  "direct_r2": 0.9799315668642521,
  "direct_valid_ratio": 1.0,
  "direct_residual_mean": 0.12326119095087051,
  "direct_residual_median": 0.07226429879665375,
  "direct_residual_p90": 0.2933770537376405,
  "plus_newton_mae": 2.343362033333069e-08,
  "plus_newton_rmse": 2.991573056979005e-08,
  "plus_newton_r2": 0.9999999999999991,
  "plus_newton_valid_ratio": 1.0,
  "plus_newton_residual_mean": 6.369839524110975e-14,
  "plus_newton_residual_median": 1.1102230246251565e-16,
  "plus_newton_residual_p90": 2.0207169271202478e-13,
  "plus_newton_newton_iter_mean": 2.53,
  "plus_newton_newton_iter_median": 2.0,
  "plus_newton_newton_iter_p90": 3.0,
  "plus_newton_converged_ratio": 1.0,
  "hp_use_log_ab": true,
  "hp_optimizer": "adamw",
  "hp_criterion": "smoothl1",
  "hp_dropout": 0.1,
  "hp_lr": 0.001,
  "hp_weight_decay": 0.0001,
  "hp_hidden_dims": "[256, 256, 128]",
  "hp_hidden_size": 64,
  "hp_num_layers": 2,
  "hp_head_hidden": 64,
  "hp_head_layers": 1,
  "hp_d_model": 64,
  "hp_nhead": 4,
  "hp_ff_dim": 128,
  "hp_use_cls_token": false
}{
  "trial_id": 469,
  "trial_name": "trial_469_gru",
  "model": "gru",
  "best_epoch": 36,
  "elapsed_sec": 123.7494888305664,
  "direct_mae": 0.09353719651699066,
  "direct_rmse": 0.13884828984737396,
  "direct_r2": 0.9799315668642521,
  "direct_valid_ratio": 1.0,
  "direct_residual_mean": 0.12326119095087051,
  "direct_residual_median": 0.07226429879665375,
  "direct_residual_p90": 0.2933770537376405,
  "plus_newton_mae": 2.343362033333069e-08,
  "plus_newton_rmse": 2.991573056979005e-08,
  "plus_newton_r2": 0.9999999999999991,
  "plus_newton_valid_ratio": 1.0,
  "plus_newton_residual_mean": 6.369839524110975e-14,
  "plus_newton_residual_median": 1.1102230246251565e-16,
  "plus_newton_residual_p90": 2.0207169271202478e-13,
  "plus_newton_newton_iter_mean": 2.53,
  "plus_newton_newton_iter_median": 2.0,
  "plus_newton_newton_iter_p90": 3.0,
  "plus_newton_converged_ratio": 1.0,
  "hp_use_log_ab": true,
  "hp_optimizer": "adamw",
  "hp_criterion": "smoothl1",
  "hp_dropout": 0.1,
  "hp_lr": 0.001,
  "hp_weight_decay": 0.0001,
  "hp_hidden_dims": "[256, 256, 128]",
  "hp_hidden_size": 64,
  "hp_num_layers": 2,
  "hp_head_hidden": 64,
  "hp_head_layers": 1,
  "hp_d_model": 64,
  "hp_nhead": 4,
  "hp_ff_dim": 128,
  "hp_use_cls_token": false
}