{
  "trial_id": 1456,
  "trial_name": "trial_1456_transformer",
  "model": "transformer",
  "best_epoch": 42,
  "elapsed_sec": 86.85061240196228,
  "direct_mae": 0.3378632068634033,
  "direct_rmse": 0.4184063673019409,
  "direct_r2": 0.8177661895751953,
  "direct_valid_ratio": 1.0,
  "direct_residual_mean": 0.3808041512966156,
  "direct_residual_median": 0.3493218421936035,
  "direct_residual_p90": 0.7644409656524659,
  "plus_newton_mae": 2.3433619292170076e-08,
  "plus_newton_rmse": 2.9915730852611594e-08,
  "plus_newton_r2": 0.9999999999999991,
  "plus_newton_valid_ratio": 1.0,
  "plus_newton_residual_mean": 4.274322322314598e-14,
  "plus_newton_residual_median": 1.6653345369377348e-16,
  "plus_newton_residual_p90": 9.836575998178887e-14,
  "plus_newton_newton_iter_mean": 2.7531,
  "plus_newton_newton_iter_median": 3.0,
  "plus_newton_newton_iter_p90": 3.0,
  "plus_newton_converged_ratio": 1.0,
  "hp_use_log_ab": false,
  "hp_optimizer": "adamw",
  "hp_criterion": "smoothl1",
  "hp_dropout": 0.0,
  "hp_lr": 0.0005,
  "hp_weight_decay": 0.0001,
  "hp_hidden_dims": "[256, 256, 128]",
  "hp_hidden_size": 128,
  "hp_num_layers": 1,
  "hp_head_hidden": 128,
  "hp_head_layers": 1,
  "hp_d_model": 64,
  "hp_nhead": 4,
  "hp_ff_dim": 128,
  "hp_use_cls_token": true
}{
  "trial_id": 1456,
  "trial_name": "trial_1456_transformer",
  "model": "transformer",
  "best_epoch": 42,
  "elapsed_sec": 86.85061240196228,
  "direct_mae": 0.3378632068634033,
  "direct_rmse": 0.4184063673019409,
  "direct_r2": 0.8177661895751953,
  "direct_valid_ratio": 1.0,
  "direct_residual_mean": 0.3808041512966156,
  "direct_residual_median": 0.3493218421936035,
  "direct_residual_p90": 0.7644409656524659,
  "plus_newton_mae": 2.3433619292170076e-08,
  "plus_newton_rmse": 2.9915730852611594e-08,
  "plus_newton_r2": 0.9999999999999991,
  "plus_newton_valid_ratio": 1.0,
  "plus_newton_residual_mean": 4.274322322314598e-14,
  "plus_newton_residual_median": 1.6653345369377348e-16,
  "plus_newton_residual_p90": 9.836575998178887e-14,
  "plus_newton_newton_iter_mean": 2.7531,
  "plus_newton_newton_iter_median": 3.0,
  "plus_newton_newton_iter_p90": 3.0,
  "plus_newton_converged_ratio": 1.0,
  "hp_use_log_ab": false,
  "hp_optimizer": "adamw",
  "hp_criterion": "smoothl1",
  "hp_dropout": 0.0,
  "hp_lr": 0.0005,
  "hp_weight_decay": 0.0001,
  "hp_hidden_dims": "[256, 256, 128]",
  "hp_hidden_size": 128,
  "hp_num_layers": 1,
  "hp_head_hidden": 128,
  "hp_head_layers": 1,
  "hp_d_model": 64,
  "hp_nhead": 4,
  "hp_ff_dim": 128,
  "hp_use_cls_token": true
}