{
  "trial_id": 1697,
  "trial_name": "trial_1697_transformer",
  "model": "transformer",
  "best_epoch": 5,
  "elapsed_sec": 34.63436579704285,
  "direct_mae": 0.33943939208984375,
  "direct_rmse": 0.4184049963951111,
  "direct_r2": 0.817767396569252,
  "direct_valid_ratio": 1.0,
  "direct_residual_mean": 0.3849555253982544,
  "direct_residual_median": 0.3527153730392456,
  "direct_residual_p90": 0.7670366644859314,
  "plus_newton_mae": 2.3433620004808558e-08,
  "plus_newton_rmse": 2.9915730603922045e-08,
  "plus_newton_r2": 0.9999999999999991,
  "plus_newton_valid_ratio": 1.0,
  "plus_newton_residual_mean": 4.278180986936689e-14,
  "plus_newton_residual_median": 1.3877787807814457e-16,
  "plus_newton_residual_p90": 9.438075321277499e-14,
  "plus_newton_newton_iter_mean": 2.7651,
  "plus_newton_newton_iter_median": 3.0,
  "plus_newton_newton_iter_p90": 3.0,
  "plus_newton_converged_ratio": 1.0,
  "hp_use_log_ab": false,
  "hp_optimizer": "adamw",
  "hp_criterion": "smoothl1",
  "hp_dropout": 0.1,
  "hp_lr": 0.001,
  "hp_weight_decay": 0.0001,
  "hp_hidden_dims": "[256, 256, 128]",
  "hp_hidden_size": 128,
  "hp_num_layers": 1,
  "hp_head_hidden": 128,
  "hp_head_layers": 1,
  "hp_d_model": 32,
  "hp_nhead": 2,
  "hp_ff_dim": 64,
  "hp_use_cls_token": false
}{
  "trial_id": 1697,
  "trial_name": "trial_1697_transformer",
  "model": "transformer",
  "best_epoch": 5,
  "elapsed_sec": 34.63436579704285,
  "direct_mae": 0.33943939208984375,
  "direct_rmse": 0.4184049963951111,
  "direct_r2": 0.817767396569252,
  "direct_valid_ratio": 1.0,
  "direct_residual_mean": 0.3849555253982544,
  "direct_residual_median": 0.3527153730392456,
  "direct_residual_p90": 0.7670366644859314,
  "plus_newton_mae": 2.3433620004808558e-08,
  "plus_newton_rmse": 2.9915730603922045e-08,
  "plus_newton_r2": 0.9999999999999991,
  "plus_newton_valid_ratio": 1.0,
  "plus_newton_residual_mean": 4.278180986936689e-14,
  "plus_newton_residual_median": 1.3877787807814457e-16,
  "plus_newton_residual_p90": 9.438075321277499e-14,
  "plus_newton_newton_iter_mean": 2.7651,
  "plus_newton_newton_iter_median": 3.0,
  "plus_newton_newton_iter_p90": 3.0,
  "plus_newton_converged_ratio": 1.0,
  "hp_use_log_ab": false,
  "hp_optimizer": "adamw",
  "hp_criterion": "smoothl1",
  "hp_dropout": 0.1,
  "hp_lr": 0.001,
  "hp_weight_decay": 0.0001,
  "hp_hidden_dims": "[256, 256, 128]",
  "hp_hidden_size": 128,
  "hp_num_layers": 1,
  "hp_head_hidden": 128,
  "hp_head_layers": 1,
  "hp_d_model": 32,
  "hp_nhead": 2,
  "hp_ff_dim": 64,
  "hp_use_cls_token": false
}