{
  "trial_id": 2366,
  "trial_name": "trial_2366_transformer",
  "model": "transformer",
  "best_epoch": 115,
  "elapsed_sec": 170.12969636917114,
  "direct_mae": 0.0014941062545403838,
  "direct_rmse": 0.0019499905174598098,
  "direct_r2": 0.9999960418031151,
  "direct_valid_ratio": 1.0,
  "direct_residual_mean": 0.001814270974136889,
  "direct_residual_median": 0.001404106616973877,
  "direct_residual_p90": 0.0038419455289840703,
  "plus_newton_mae": 2.343361754008386e-08,
  "plus_newton_rmse": 2.991572980986555e-08,
  "plus_newton_r2": 0.9999999999999991,
  "plus_newton_valid_ratio": 1.0,
  "plus_newton_residual_mean": 3.085429755292078e-14,
  "plus_newton_residual_median": 1.1102230246251565e-16,
  "plus_newton_residual_p90": 3.823608096809055e-14,
  "plus_newton_newton_iter_mean": 1.9572,
  "plus_newton_newton_iter_median": 2.0,
  "plus_newton_newton_iter_p90": 2.0,
  "plus_newton_converged_ratio": 1.0,
  "hp_use_log_ab": true,
  "hp_optimizer": "adamw",
  "hp_criterion": "mse",
  "hp_dropout": 0.0,
  "hp_lr": 0.0005,
  "hp_weight_decay": 1e-05,
  "hp_hidden_dims": "[256, 256, 128]",
  "hp_hidden_size": 128,
  "hp_num_layers": 1,
  "hp_head_hidden": 128,
  "hp_head_layers": 2,
  "hp_d_model": 64,
  "hp_nhead": 4,
  "hp_ff_dim": 64,
  "hp_use_cls_token": true
}{
  "trial_id": 2366,
  "trial_name": "trial_2366_transformer",
  "model": "transformer",
  "best_epoch": 115,
  "elapsed_sec": 170.12969636917114,
  "direct_mae": 0.0014941062545403838,
  "direct_rmse": 0.0019499905174598098,
  "direct_r2": 0.9999960418031151,
  "direct_valid_ratio": 1.0,
  "direct_residual_mean": 0.001814270974136889,
  "direct_residual_median": 0.001404106616973877,
  "direct_residual_p90": 0.0038419455289840703,
  "plus_newton_mae": 2.343361754008386e-08,
  "plus_newton_rmse": 2.991572980986555e-08,
  "plus_newton_r2": 0.9999999999999991,
  "plus_newton_valid_ratio": 1.0,
  "plus_newton_residual_mean": 3.085429755292078e-14,
  "plus_newton_residual_median": 1.1102230246251565e-16,
  "plus_newton_residual_p90": 3.823608096809055e-14,
  "plus_newton_newton_iter_mean": 1.9572,
  "plus_newton_newton_iter_median": 2.0,
  "plus_newton_newton_iter_p90": 2.0,
  "plus_newton_converged_ratio": 1.0,
  "hp_use_log_ab": true,
  "hp_optimizer": "adamw",
  "hp_criterion": "mse",
  "hp_dropout": 0.0,
  "hp_lr": 0.0005,
  "hp_weight_decay": 1e-05,
  "hp_hidden_dims": "[256, 256, 128]",
  "hp_hidden_size": 128,
  "hp_num_layers": 1,
  "hp_head_hidden": 128,
  "hp_head_layers": 2,
  "hp_d_model": 64,
  "hp_nhead": 4,
  "hp_ff_dim": 64,
  "hp_use_cls_token": true
}