{
  "trial_id": 526,
  "trial_name": "trial_526_transformer",
  "model": "transformer",
  "best_epoch": 54,
  "elapsed_sec": 122.12125778198242,
  "direct_mae": 0.3402186334133148,
  "direct_rmse": 0.4169345796108246,
  "direct_r2": 0.8190459758043289,
  "direct_valid_ratio": 1.0,
  "direct_residual_mean": 0.38372546434402466,
  "direct_residual_median": 0.36030852794647217,
  "direct_residual_p90": 0.7273119509220127,
  "plus_newton_mae": 2.3433617859901777e-08,
  "plus_newton_rmse": 2.991573018235671e-08,
  "plus_newton_r2": 0.9999999999999991,
  "plus_newton_valid_ratio": 1.0,
  "plus_newton_residual_mean": 4.419576997572916e-14,
  "plus_newton_residual_median": 1.6653345369377348e-16,
  "plus_newton_residual_p90": 1.0353939927654234e-13,
  "plus_newton_newton_iter_mean": 2.7578,
  "plus_newton_newton_iter_median": 3.0,
  "plus_newton_newton_iter_p90": 3.0,
  "plus_newton_converged_ratio": 1.0,
  "hp_use_log_ab": false,
  "hp_optimizer": "adamw",
  "hp_criterion": "mse",
  "hp_dropout": 0.1,
  "hp_lr": 0.001,
  "hp_weight_decay": 1e-05,
  "hp_hidden_dims": "[256, 256, 128]",
  "hp_hidden_size": 128,
  "hp_num_layers": 1,
  "hp_head_hidden": 64,
  "hp_head_layers": 1,
  "hp_d_model": 64,
  "hp_nhead": 4,
  "hp_ff_dim": 64,
  "hp_use_cls_token": true
}{
  "trial_id": 526,
  "trial_name": "trial_526_transformer",
  "model": "transformer",
  "best_epoch": 54,
  "elapsed_sec": 122.12125778198242,
  "direct_mae": 0.3402186334133148,
  "direct_rmse": 0.4169345796108246,
  "direct_r2": 0.8190459758043289,
  "direct_valid_ratio": 1.0,
  "direct_residual_mean": 0.38372546434402466,
  "direct_residual_median": 0.36030852794647217,
  "direct_residual_p90": 0.7273119509220127,
  "plus_newton_mae": 2.3433617859901777e-08,
  "plus_newton_rmse": 2.991573018235671e-08,
  "plus_newton_r2": 0.9999999999999991,
  "plus_newton_valid_ratio": 1.0,
  "plus_newton_residual_mean": 4.419576997572916e-14,
  "plus_newton_residual_median": 1.6653345369377348e-16,
  "plus_newton_residual_p90": 1.0353939927654234e-13,
  "plus_newton_newton_iter_mean": 2.7578,
  "plus_newton_newton_iter_median": 3.0,
  "plus_newton_newton_iter_p90": 3.0,
  "plus_newton_converged_ratio": 1.0,
  "hp_use_log_ab": false,
  "hp_optimizer": "adamw",
  "hp_criterion": "mse",
  "hp_dropout": 0.1,
  "hp_lr": 0.001,
  "hp_weight_decay": 1e-05,
  "hp_hidden_dims": "[256, 256, 128]",
  "hp_hidden_size": 128,
  "hp_num_layers": 1,
  "hp_head_hidden": 64,
  "hp_head_layers": 1,
  "hp_d_model": 64,
  "hp_nhead": 4,
  "hp_ff_dim": 64,
  "hp_use_cls_token": true
}