{
  "trial_id": 74,
  "trial_name": "trial_074_mlp",
  "model": "mlp",
  "best_epoch": 47,
  "elapsed_sec": 172.21987581253052,
  "direct_mae": 0.000899636943358928,
  "direct_rmse": 0.0014502721605822444,
  "direct_r2": 0.9999978105679475,
  "direct_valid_ratio": 1.0,
  "direct_residual_mean": 0.0011903293197974563,
  "direct_residual_median": 0.0007728002965450287,
  "direct_residual_p90": 0.0019692659378051764,
  "plus_newton_mae": 2.3433618980770636e-08,
  "plus_newton_rmse": 2.991573086525551e-08,
  "plus_newton_r2": 0.9999999999999991,
  "plus_newton_valid_ratio": 1.0,
  "plus_newton_residual_mean": 1.1894350042368468e-14,
  "plus_newton_residual_median": 5.551115123125783e-17,
  "plus_newton_residual_p90": 6.109696082390327e-16,
  "plus_newton_newton_iter_mean": 2.0016,
  "plus_newton_newton_iter_median": 2.0,
  "plus_newton_newton_iter_p90": 2.0,
  "plus_newton_converged_ratio": 1.0,
  "hp_use_log_ab": true,
  "hp_optimizer": "adamw",
  "hp_criterion": "smoothl1",
  "hp_dropout": 0.0,
  "hp_lr": 0.001,
  "hp_weight_decay": 1e-05,
  "hp_hidden_dims": "[128, 128]",
  "hp_hidden_size": 128,
  "hp_num_layers": 2,
  "hp_head_hidden": 128,
  "hp_head_layers": 2,
  "hp_d_model": 64,
  "hp_nhead": 4,
  "hp_ff_dim": 128,
  "hp_use_cls_token": false
}{
  "trial_id": 74,
  "trial_name": "trial_074_mlp",
  "model": "mlp",
  "best_epoch": 47,
  "elapsed_sec": 172.21987581253052,
  "direct_mae": 0.000899636943358928,
  "direct_rmse": 0.0014502721605822444,
  "direct_r2": 0.9999978105679475,
  "direct_valid_ratio": 1.0,
  "direct_residual_mean": 0.0011903293197974563,
  "direct_residual_median": 0.0007728002965450287,
  "direct_residual_p90": 0.0019692659378051764,
  "plus_newton_mae": 2.3433618980770636e-08,
  "plus_newton_rmse": 2.991573086525551e-08,
  "plus_newton_r2": 0.9999999999999991,
  "plus_newton_valid_ratio": 1.0,
  "plus_newton_residual_mean": 1.1894350042368468e-14,
  "plus_newton_residual_median": 5.551115123125783e-17,
  "plus_newton_residual_p90": 6.109696082390327e-16,
  "plus_newton_newton_iter_mean": 2.0016,
  "plus_newton_newton_iter_median": 2.0,
  "plus_newton_newton_iter_p90": 2.0,
  "plus_newton_converged_ratio": 1.0,
  "hp_use_log_ab": true,
  "hp_optimizer": "adamw",
  "hp_criterion": "smoothl1",
  "hp_dropout": 0.0,
  "hp_lr": 0.001,
  "hp_weight_decay": 1e-05,
  "hp_hidden_dims": "[128, 128]",
  "hp_hidden_size": 128,
  "hp_num_layers": 2,
  "hp_head_hidden": 128,
  "hp_head_layers": 2,
  "hp_d_model": 64,
  "hp_nhead": 4,
  "hp_ff_dim": 128,
  "hp_use_cls_token": false
}