{
  "trial_id": 2411,
  "trial_name": "trial_2411_transformer",
  "model": "transformer",
  "best_epoch": 21,
  "elapsed_sec": 69.1563446521759,
  "direct_mae": 0.10562963783740997,
  "direct_rmse": 0.1327914148569107,
  "direct_r2": 0.9816442411392927,
  "direct_valid_ratio": 1.0,
  "direct_residual_mean": 0.13258096575737,
  "direct_residual_median": 0.10979913175106049,
  "direct_residual_p90": 0.2521406680345537,
  "plus_newton_mae": 2.3433618235030607e-08,
  "plus_newton_rmse": 2.9915729331134174e-08,
  "plus_newton_r2": 0.9999999999999991,
  "plus_newton_valid_ratio": 1.0,
  "plus_newton_residual_mean": 3.4760487529008914e-14,
  "plus_newton_residual_median": 1.1102230246251565e-16,
  "plus_newton_residual_p90": 5.129230373768223e-14,
  "plus_newton_newton_iter_mean": 2.6168,
  "plus_newton_newton_iter_median": 3.0,
  "plus_newton_newton_iter_p90": 3.0,
  "plus_newton_converged_ratio": 1.0,
  "hp_use_log_ab": true,
  "hp_optimizer": "adamw",
  "hp_criterion": "mse",
  "hp_dropout": 0.0,
  "hp_lr": 0.0005,
  "hp_weight_decay": 1e-05,
  "hp_hidden_dims": "[256, 256, 128]",
  "hp_hidden_size": 128,
  "hp_num_layers": 2,
  "hp_head_hidden": 128,
  "hp_head_layers": 1,
  "hp_d_model": 64,
  "hp_nhead": 2,
  "hp_ff_dim": 128,
  "hp_use_cls_token": false
}{
  "trial_id": 2411,
  "trial_name": "trial_2411_transformer",
  "model": "transformer",
  "best_epoch": 21,
  "elapsed_sec": 69.1563446521759,
  "direct_mae": 0.10562963783740997,
  "direct_rmse": 0.1327914148569107,
  "direct_r2": 0.9816442411392927,
  "direct_valid_ratio": 1.0,
  "direct_residual_mean": 0.13258096575737,
  "direct_residual_median": 0.10979913175106049,
  "direct_residual_p90": 0.2521406680345537,
  "plus_newton_mae": 2.3433618235030607e-08,
  "plus_newton_rmse": 2.9915729331134174e-08,
  "plus_newton_r2": 0.9999999999999991,
  "plus_newton_valid_ratio": 1.0,
  "plus_newton_residual_mean": 3.4760487529008914e-14,
  "plus_newton_residual_median": 1.1102230246251565e-16,
  "plus_newton_residual_p90": 5.129230373768223e-14,
  "plus_newton_newton_iter_mean": 2.6168,
  "plus_newton_newton_iter_median": 3.0,
  "plus_newton_newton_iter_p90": 3.0,
  "plus_newton_converged_ratio": 1.0,
  "hp_use_log_ab": true,
  "hp_optimizer": "adamw",
  "hp_criterion": "mse",
  "hp_dropout": 0.0,
  "hp_lr": 0.0005,
  "hp_weight_decay": 1e-05,
  "hp_hidden_dims": "[256, 256, 128]",
  "hp_hidden_size": 128,
  "hp_num_layers": 2,
  "hp_head_hidden": 128,
  "hp_head_layers": 1,
  "hp_d_model": 64,
  "hp_nhead": 2,
  "hp_ff_dim": 128,
  "hp_use_cls_token": false
}