{
  "trial_id": 934,
  "trial_name": "trial_934_transformer",
  "model": "transformer",
  "best_epoch": 48,
  "elapsed_sec": 95.51296591758728,
  "direct_mae": 0.34069696068763733,
  "direct_rmse": 0.4169776141643524,
  "direct_r2": 0.8190086185932159,
  "direct_valid_ratio": 1.0,
  "direct_residual_mean": 0.3843787610530853,
  "direct_residual_median": 0.3607448935508728,
  "direct_residual_p90": 0.7269313871860504,
  "plus_newton_mae": 2.3433619151236377e-08,
  "plus_newton_rmse": 2.991573107014199e-08,
  "plus_newton_r2": 0.9999999999999991,
  "plus_newton_valid_ratio": 1.0,
  "plus_newton_residual_mean": 4.4509032864530004e-14,
  "plus_newton_residual_median": 1.6653345369377348e-16,
  "plus_newton_residual_p90": 1.0283995877102837e-13,
  "plus_newton_newton_iter_mean": 2.7589,
  "plus_newton_newton_iter_median": 3.0,
  "plus_newton_newton_iter_p90": 3.0,
  "plus_newton_converged_ratio": 1.0,
  "hp_use_log_ab": false,
  "hp_optimizer": "adamw",
  "hp_criterion": "mse",
  "hp_dropout": 0.1,
  "hp_lr": 0.0005,
  "hp_weight_decay": 0.0001,
  "hp_hidden_dims": "[256, 256, 128]",
  "hp_hidden_size": 128,
  "hp_num_layers": 1,
  "hp_head_hidden": 128,
  "hp_head_layers": 1,
  "hp_d_model": 32,
  "hp_nhead": 4,
  "hp_ff_dim": 64,
  "hp_use_cls_token": true
}{
  "trial_id": 934,
  "trial_name": "trial_934_transformer",
  "model": "transformer",
  "best_epoch": 48,
  "elapsed_sec": 95.51296591758728,
  "direct_mae": 0.34069696068763733,
  "direct_rmse": 0.4169776141643524,
  "direct_r2": 0.8190086185932159,
  "direct_valid_ratio": 1.0,
  "direct_residual_mean": 0.3843787610530853,
  "direct_residual_median": 0.3607448935508728,
  "direct_residual_p90": 0.7269313871860504,
  "plus_newton_mae": 2.3433619151236377e-08,
  "plus_newton_rmse": 2.991573107014199e-08,
  "plus_newton_r2": 0.9999999999999991,
  "plus_newton_valid_ratio": 1.0,
  "plus_newton_residual_mean": 4.4509032864530004e-14,
  "plus_newton_residual_median": 1.6653345369377348e-16,
  "plus_newton_residual_p90": 1.0283995877102837e-13,
  "plus_newton_newton_iter_mean": 2.7589,
  "plus_newton_newton_iter_median": 3.0,
  "plus_newton_newton_iter_p90": 3.0,
  "plus_newton_converged_ratio": 1.0,
  "hp_use_log_ab": false,
  "hp_optimizer": "adamw",
  "hp_criterion": "mse",
  "hp_dropout": 0.1,
  "hp_lr": 0.0005,
  "hp_weight_decay": 0.0001,
  "hp_hidden_dims": "[256, 256, 128]",
  "hp_hidden_size": 128,
  "hp_num_layers": 1,
  "hp_head_hidden": 128,
  "hp_head_layers": 1,
  "hp_d_model": 32,
  "hp_nhead": 4,
  "hp_ff_dim": 64,
  "hp_use_cls_token": true
}