{
  "trial_id": 1563,
  "trial_name": "trial_1563_transformer",
  "model": "transformer",
  "best_epoch": 91,
  "elapsed_sec": 157.91172313690186,
  "direct_mae": 0.012249685823917389,
  "direct_rmse": 0.0178929902613163,
  "direct_r2": 0.999666728428565,
  "direct_valid_ratio": 1.0,
  "direct_residual_mean": 0.01505283359438181,
  "direct_residual_median": 0.009575895965099335,
  "direct_residual_p90": 0.035531389713287356,
  "plus_newton_mae": 2.343361943468112e-08,
  "plus_newton_rmse": 2.9915731705526695e-08,
  "plus_newton_r2": 0.9999999999999991,
  "plus_newton_valid_ratio": 1.0,
  "plus_newton_residual_mean": 2.5134214180317855e-14,
  "plus_newton_residual_median": 8.326672684688674e-17,
  "plus_newton_residual_p90": 1.9992341115937537e-14,
  "plus_newton_newton_iter_mean": 2.2494,
  "plus_newton_newton_iter_median": 2.0,
  "plus_newton_newton_iter_p90": 3.0,
  "plus_newton_converged_ratio": 1.0,
  "hp_use_log_ab": false,
  "hp_optimizer": "adamw",
  "hp_criterion": "smoothl1",
  "hp_dropout": 0.1,
  "hp_lr": 0.001,
  "hp_weight_decay": 1e-05,
  "hp_hidden_dims": "[256, 256, 128]",
  "hp_hidden_size": 128,
  "hp_num_layers": 1,
  "hp_head_hidden": 64,
  "hp_head_layers": 2,
  "hp_d_model": 64,
  "hp_nhead": 2,
  "hp_ff_dim": 128,
  "hp_use_cls_token": false
}{
  "trial_id": 1563,
  "trial_name": "trial_1563_transformer",
  "model": "transformer",
  "best_epoch": 91,
  "elapsed_sec": 157.91172313690186,
  "direct_mae": 0.012249685823917389,
  "direct_rmse": 0.0178929902613163,
  "direct_r2": 0.999666728428565,
  "direct_valid_ratio": 1.0,
  "direct_residual_mean": 0.01505283359438181,
  "direct_residual_median": 0.009575895965099335,
  "direct_residual_p90": 0.035531389713287356,
  "plus_newton_mae": 2.343361943468112e-08,
  "plus_newton_rmse": 2.9915731705526695e-08,
  "plus_newton_r2": 0.9999999999999991,
  "plus_newton_valid_ratio": 1.0,
  "plus_newton_residual_mean": 2.5134214180317855e-14,
  "plus_newton_residual_median": 8.326672684688674e-17,
  "plus_newton_residual_p90": 1.9992341115937537e-14,
  "plus_newton_newton_iter_mean": 2.2494,
  "plus_newton_newton_iter_median": 2.0,
  "plus_newton_newton_iter_p90": 3.0,
  "plus_newton_converged_ratio": 1.0,
  "hp_use_log_ab": false,
  "hp_optimizer": "adamw",
  "hp_criterion": "smoothl1",
  "hp_dropout": 0.1,
  "hp_lr": 0.001,
  "hp_weight_decay": 1e-05,
  "hp_hidden_dims": "[256, 256, 128]",
  "hp_hidden_size": 128,
  "hp_num_layers": 1,
  "hp_head_hidden": 64,
  "hp_head_layers": 2,
  "hp_d_model": 64,
  "hp_nhead": 2,
  "hp_ff_dim": 128,
  "hp_use_cls_token": false
}