{
  "trial_id": 507,
  "trial_name": "trial_507_lstm",
  "model": "lstm",
  "best_epoch": 8,
  "elapsed_sec": 48.12430548667908,
  "direct_mae": 0.1097143217921257,
  "direct_rmse": 0.14330892264842987,
  "direct_r2": 0.978621419519186,
  "direct_valid_ratio": 1.0,
  "direct_residual_mean": 0.13892433047294617,
  "direct_residual_median": 0.10268804430961609,
  "direct_residual_p90": 0.25769755840301517,
  "plus_newton_mae": 2.3433619720767864e-08,
  "plus_newton_rmse": 2.991573090398947e-08,
  "plus_newton_r2": 0.9999999999999991,
  "plus_newton_valid_ratio": 1.0,
  "plus_newton_residual_mean": 3.4603081891243104e-14,
  "plus_newton_residual_median": 1.1102230246251565e-16,
  "plus_newton_residual_p90": 5.234701561107613e-14,
  "plus_newton_newton_iter_mean": 2.5989,
  "plus_newton_newton_iter_median": 3.0,
  "plus_newton_newton_iter_p90": 3.0,
  "plus_newton_converged_ratio": 1.0,
  "hp_use_log_ab": true,
  "hp_optimizer": "adamw",
  "hp_criterion": "smoothl1",
  "hp_dropout": 0.1,
  "hp_lr": 0.0005,
  "hp_weight_decay": 0.0001,
  "hp_hidden_dims": "[256, 256, 128]",
  "hp_hidden_size": 128,
  "hp_num_layers": 1,
  "hp_head_hidden": 128,
  "hp_head_layers": 1,
  "hp_d_model": 64,
  "hp_nhead": 4,
  "hp_ff_dim": 128,
  "hp_use_cls_token": false
}{
  "trial_id": 507,
  "trial_name": "trial_507_lstm",
  "model": "lstm",
  "best_epoch": 8,
  "elapsed_sec": 48.12430548667908,
  "direct_mae": 0.1097143217921257,
  "direct_rmse": 0.14330892264842987,
  "direct_r2": 0.978621419519186,
  "direct_valid_ratio": 1.0,
  "direct_residual_mean": 0.13892433047294617,
  "direct_residual_median": 0.10268804430961609,
  "direct_residual_p90": 0.25769755840301517,
  "plus_newton_mae": 2.3433619720767864e-08,
  "plus_newton_rmse": 2.991573090398947e-08,
  "plus_newton_r2": 0.9999999999999991,
  "plus_newton_valid_ratio": 1.0,
  "plus_newton_residual_mean": 3.4603081891243104e-14,
  "plus_newton_residual_median": 1.1102230246251565e-16,
  "plus_newton_residual_p90": 5.234701561107613e-14,
  "plus_newton_newton_iter_mean": 2.5989,
  "plus_newton_newton_iter_median": 3.0,
  "plus_newton_newton_iter_p90": 3.0,
  "plus_newton_converged_ratio": 1.0,
  "hp_use_log_ab": true,
  "hp_optimizer": "adamw",
  "hp_criterion": "smoothl1",
  "hp_dropout": 0.1,
  "hp_lr": 0.0005,
  "hp_weight_decay": 0.0001,
  "hp_hidden_dims": "[256, 256, 128]",
  "hp_hidden_size": 128,
  "hp_num_layers": 1,
  "hp_head_hidden": 128,
  "hp_head_layers": 1,
  "hp_d_model": 64,
  "hp_nhead": 4,
  "hp_ff_dim": 128,
  "hp_use_cls_token": false
}