{
  "trial_id": 1996,
  "trial_name": "trial_1996_transformer",
  "model": "transformer",
  "best_epoch": 12,
  "elapsed_sec": 56.89193892478943,
  "direct_mae": 0.3382270634174347,
  "direct_rmse": 0.41999778151512146,
  "direct_r2": 0.8163772821426392,
  "direct_valid_ratio": 1.0,
  "direct_residual_mean": 0.38347434997558594,
  "direct_residual_median": 0.3479744493961334,
  "direct_residual_p90": 0.7834889113903046,
  "plus_newton_mae": 2.3433619117964208e-08,
  "plus_newton_rmse": 2.9915730398593695e-08,
  "plus_newton_r2": 0.9999999999999991,
  "plus_newton_valid_ratio": 1.0,
  "plus_newton_residual_mean": 4.3037117575529365e-14,
  "plus_newton_residual_median": 1.1102230246251565e-16,
  "plus_newton_residual_p90": 9.994227667675667e-14,
  "plus_newton_newton_iter_mean": 2.7696,
  "plus_newton_newton_iter_median": 3.0,
  "plus_newton_newton_iter_p90": 3.0,
  "plus_newton_converged_ratio": 1.0,
  "hp_use_log_ab": false,
  "hp_optimizer": "adamw",
  "hp_criterion": "smoothl1",
  "hp_dropout": 0.1,
  "hp_lr": 0.0005,
  "hp_weight_decay": 0.0001,
  "hp_hidden_dims": "[256, 256, 128]",
  "hp_hidden_size": 128,
  "hp_num_layers": 2,
  "hp_head_hidden": 64,
  "hp_head_layers": 1,
  "hp_d_model": 64,
  "hp_nhead": 2,
  "hp_ff_dim": 128,
  "hp_use_cls_token": true
}{
  "trial_id": 1996,
  "trial_name": "trial_1996_transformer",
  "model": "transformer",
  "best_epoch": 12,
  "elapsed_sec": 56.89193892478943,
  "direct_mae": 0.3382270634174347,
  "direct_rmse": 0.41999778151512146,
  "direct_r2": 0.8163772821426392,
  "direct_valid_ratio": 1.0,
  "direct_residual_mean": 0.38347434997558594,
  "direct_residual_median": 0.3479744493961334,
  "direct_residual_p90": 0.7834889113903046,
  "plus_newton_mae": 2.3433619117964208e-08,
  "plus_newton_rmse": 2.9915730398593695e-08,
  "plus_newton_r2": 0.9999999999999991,
  "plus_newton_valid_ratio": 1.0,
  "plus_newton_residual_mean": 4.3037117575529365e-14,
  "plus_newton_residual_median": 1.1102230246251565e-16,
  "plus_newton_residual_p90": 9.994227667675667e-14,
  "plus_newton_newton_iter_mean": 2.7696,
  "plus_newton_newton_iter_median": 3.0,
  "plus_newton_newton_iter_p90": 3.0,
  "plus_newton_converged_ratio": 1.0,
  "hp_use_log_ab": false,
  "hp_optimizer": "adamw",
  "hp_criterion": "smoothl1",
  "hp_dropout": 0.1,
  "hp_lr": 0.0005,
  "hp_weight_decay": 0.0001,
  "hp_hidden_dims": "[256, 256, 128]",
  "hp_hidden_size": 128,
  "hp_num_layers": 2,
  "hp_head_hidden": 64,
  "hp_head_layers": 1,
  "hp_d_model": 64,
  "hp_nhead": 2,
  "hp_ff_dim": 128,
  "hp_use_cls_token": true
}