{
  "trial_id": 260,
  "trial_name": "trial_260_transformer",
  "model": "transformer",
  "best_epoch": 31,
  "elapsed_sec": 132.69446754455566,
  "direct_mae": 0.34046387672424316,
  "direct_rmse": 0.41694602370262146,
  "direct_r2": 0.8190360516309738,
  "direct_valid_ratio": 1.0,
  "direct_residual_mean": 0.3835509419441223,
  "direct_residual_median": 0.3599562644958496,
  "direct_residual_p90": 0.7248936593532562,
  "plus_newton_mae": 2.3433619231433572e-08,
  "plus_newton_rmse": 2.991573108658989e-08,
  "plus_newton_r2": 0.9999999999999991,
  "plus_newton_valid_ratio": 1.0,
  "plus_newton_residual_mean": 4.46266343253261e-14,
  "plus_newton_residual_median": 1.5265566588595902e-16,
  "plus_newton_residual_p90": 1.0352968482507679e-13,
  "plus_newton_newton_iter_mean": 2.7553,
  "plus_newton_newton_iter_median": 3.0,
  "plus_newton_newton_iter_p90": 3.0,
  "plus_newton_converged_ratio": 1.0,
  "hp_use_log_ab": false,
  "hp_optimizer": "adamw",
  "hp_criterion": "mse",
  "hp_dropout": 0.0,
  "hp_lr": 0.0005,
  "hp_weight_decay": 1e-05,
  "hp_hidden_dims": "[256, 256, 128]",
  "hp_hidden_size": 128,
  "hp_num_layers": 1,
  "hp_head_hidden": 64,
  "hp_head_layers": 1,
  "hp_d_model": 32,
  "hp_nhead": 2,
  "hp_ff_dim": 128,
  "hp_use_cls_token": true
}{
  "trial_id": 260,
  "trial_name": "trial_260_transformer",
  "model": "transformer",
  "best_epoch": 31,
  "elapsed_sec": 132.69446754455566,
  "direct_mae": 0.34046387672424316,
  "direct_rmse": 0.41694602370262146,
  "direct_r2": 0.8190360516309738,
  "direct_valid_ratio": 1.0,
  "direct_residual_mean": 0.3835509419441223,
  "direct_residual_median": 0.3599562644958496,
  "direct_residual_p90": 0.7248936593532562,
  "plus_newton_mae": 2.3433619231433572e-08,
  "plus_newton_rmse": 2.991573108658989e-08,
  "plus_newton_r2": 0.9999999999999991,
  "plus_newton_valid_ratio": 1.0,
  "plus_newton_residual_mean": 4.46266343253261e-14,
  "plus_newton_residual_median": 1.5265566588595902e-16,
  "plus_newton_residual_p90": 1.0352968482507679e-13,
  "plus_newton_newton_iter_mean": 2.7553,
  "plus_newton_newton_iter_median": 3.0,
  "plus_newton_newton_iter_p90": 3.0,
  "plus_newton_converged_ratio": 1.0,
  "hp_use_log_ab": false,
  "hp_optimizer": "adamw",
  "hp_criterion": "mse",
  "hp_dropout": 0.0,
  "hp_lr": 0.0005,
  "hp_weight_decay": 1e-05,
  "hp_hidden_dims": "[256, 256, 128]",
  "hp_hidden_size": 128,
  "hp_num_layers": 1,
  "hp_head_hidden": 64,
  "hp_head_layers": 1,
  "hp_d_model": 32,
  "hp_nhead": 2,
  "hp_ff_dim": 128,
  "hp_use_cls_token": true
}