{
  "trial_id": 3150,
  "trial_name": "trial_3150_transformer",
  "model": "transformer",
  "best_epoch": 9,
  "elapsed_sec": 50.70690417289734,
  "direct_mae": 0.10762840509414673,
  "direct_rmse": 0.142897829413414,
  "direct_r2": 0.9787438940256834,
  "direct_valid_ratio": 1.0,
  "direct_residual_mean": 0.13871397078037262,
  "direct_residual_median": 0.10656911134719849,
  "direct_residual_p90": 0.2921780198812485,
  "plus_newton_mae": 2.3433619820576307e-08,
  "plus_newton_rmse": 2.9915729545751935e-08,
  "plus_newton_r2": 0.9999999999999991,
  "plus_newton_valid_ratio": 1.0,
  "plus_newton_residual_mean": 3.97849867380541e-14,
  "plus_newton_residual_median": 1.1102230246251565e-16,
  "plus_newton_residual_p90": 7.785994071696235e-14,
  "plus_newton_newton_iter_mean": 2.645,
  "plus_newton_newton_iter_median": 3.0,
  "plus_newton_newton_iter_p90": 3.0,
  "plus_newton_converged_ratio": 1.0,
  "hp_use_log_ab": true,
  "hp_optimizer": "adamw",
  "hp_criterion": "smoothl1",
  "hp_dropout": 0.0,
  "hp_lr": 0.001,
  "hp_weight_decay": 1e-05,
  "hp_hidden_dims": "[256, 256, 128]",
  "hp_hidden_size": 128,
  "hp_num_layers": 2,
  "hp_head_hidden": 64,
  "hp_head_layers": 1,
  "hp_d_model": 64,
  "hp_nhead": 4,
  "hp_ff_dim": 64,
  "hp_use_cls_token": true
}{
  "trial_id": 3150,
  "trial_name": "trial_3150_transformer",
  "model": "transformer",
  "best_epoch": 9,
  "elapsed_sec": 50.70690417289734,
  "direct_mae": 0.10762840509414673,
  "direct_rmse": 0.142897829413414,
  "direct_r2": 0.9787438940256834,
  "direct_valid_ratio": 1.0,
  "direct_residual_mean": 0.13871397078037262,
  "direct_residual_median": 0.10656911134719849,
  "direct_residual_p90": 0.2921780198812485,
  "plus_newton_mae": 2.3433619820576307e-08,
  "plus_newton_rmse": 2.9915729545751935e-08,
  "plus_newton_r2": 0.9999999999999991,
  "plus_newton_valid_ratio": 1.0,
  "plus_newton_residual_mean": 3.97849867380541e-14,
  "plus_newton_residual_median": 1.1102230246251565e-16,
  "plus_newton_residual_p90": 7.785994071696235e-14,
  "plus_newton_newton_iter_mean": 2.645,
  "plus_newton_newton_iter_median": 3.0,
  "plus_newton_newton_iter_p90": 3.0,
  "plus_newton_converged_ratio": 1.0,
  "hp_use_log_ab": true,
  "hp_optimizer": "adamw",
  "hp_criterion": "smoothl1",
  "hp_dropout": 0.0,
  "hp_lr": 0.001,
  "hp_weight_decay": 1e-05,
  "hp_hidden_dims": "[256, 256, 128]",
  "hp_hidden_size": 128,
  "hp_num_layers": 2,
  "hp_head_hidden": 64,
  "hp_head_layers": 1,
  "hp_d_model": 64,
  "hp_nhead": 4,
  "hp_ff_dim": 64,
  "hp_use_cls_token": true
}