{
  "trial_id": 872,
  "trial_name": "trial_872_transformer",
  "model": "transformer",
  "best_epoch": 23,
  "elapsed_sec": 81.79751253128052,
  "direct_mae": 0.3410538136959076,
  "direct_rmse": 0.41704055666923523,
  "direct_r2": 0.8189539909362793,
  "direct_valid_ratio": 1.0,
  "direct_residual_mean": 0.3851473033428192,
  "direct_residual_median": 0.3613428473472595,
  "direct_residual_p90": 0.7255143105983735,
  "plus_newton_mae": 2.3433618999831736e-08,
  "plus_newton_rmse": 2.9915730643544175e-08,
  "plus_newton_r2": 0.9999999999999991,
  "plus_newton_valid_ratio": 1.0,
  "plus_newton_residual_mean": 4.462867532422675e-14,
  "plus_newton_residual_median": 1.6653345369377348e-16,
  "plus_newton_residual_p90": 1.0480505352461478e-13,
  "plus_newton_newton_iter_mean": 2.7631,
  "plus_newton_newton_iter_median": 3.0,
  "plus_newton_newton_iter_p90": 3.0,
  "plus_newton_converged_ratio": 1.0,
  "hp_use_log_ab": false,
  "hp_optimizer": "adamw",
  "hp_criterion": "mse",
  "hp_dropout": 0.1,
  "hp_lr": 0.0005,
  "hp_weight_decay": 1e-05,
  "hp_hidden_dims": "[256, 256, 128]",
  "hp_hidden_size": 128,
  "hp_num_layers": 2,
  "hp_head_hidden": 128,
  "hp_head_layers": 1,
  "hp_d_model": 32,
  "hp_nhead": 4,
  "hp_ff_dim": 128,
  "hp_use_cls_token": true
}{
  "trial_id": 872,
  "trial_name": "trial_872_transformer",
  "model": "transformer",
  "best_epoch": 23,
  "elapsed_sec": 81.79751253128052,
  "direct_mae": 0.3410538136959076,
  "direct_rmse": 0.41704055666923523,
  "direct_r2": 0.8189539909362793,
  "direct_valid_ratio": 1.0,
  "direct_residual_mean": 0.3851473033428192,
  "direct_residual_median": 0.3613428473472595,
  "direct_residual_p90": 0.7255143105983735,
  "plus_newton_mae": 2.3433618999831736e-08,
  "plus_newton_rmse": 2.9915730643544175e-08,
  "plus_newton_r2": 0.9999999999999991,
  "plus_newton_valid_ratio": 1.0,
  "plus_newton_residual_mean": 4.462867532422675e-14,
  "plus_newton_residual_median": 1.6653345369377348e-16,
  "plus_newton_residual_p90": 1.0480505352461478e-13,
  "plus_newton_newton_iter_mean": 2.7631,
  "plus_newton_newton_iter_median": 3.0,
  "plus_newton_newton_iter_p90": 3.0,
  "plus_newton_converged_ratio": 1.0,
  "hp_use_log_ab": false,
  "hp_optimizer": "adamw",
  "hp_criterion": "mse",
  "hp_dropout": 0.1,
  "hp_lr": 0.0005,
  "hp_weight_decay": 1e-05,
  "hp_hidden_dims": "[256, 256, 128]",
  "hp_hidden_size": 128,
  "hp_num_layers": 2,
  "hp_head_hidden": 128,
  "hp_head_layers": 1,
  "hp_d_model": 32,
  "hp_nhead": 4,
  "hp_ff_dim": 128,
  "hp_use_cls_token": true
}