{
  "trial_id": 3234,
  "trial_name": "trial_3234_transformer",
  "model": "transformer",
  "best_epoch": 9,
  "elapsed_sec": 40.50051236152649,
  "direct_mae": 0.10206497460603714,
  "direct_rmse": 0.14325465261936188,
  "direct_r2": 0.9786376114934683,
  "direct_valid_ratio": 1.0,
  "direct_residual_mean": 0.1332777887582779,
  "direct_residual_median": 0.09070739150047302,
  "direct_residual_p90": 0.2931124985218049,
  "plus_newton_mae": 2.3433618579542157e-08,
  "plus_newton_rmse": 2.9915729012895743e-08,
  "plus_newton_r2": 0.9999999999999991,
  "plus_newton_valid_ratio": 1.0,
  "plus_newton_residual_mean": 4.1684432039416914e-14,
  "plus_newton_residual_median": 1.1102230246251565e-16,
  "plus_newton_residual_p90": 7.597256157509958e-14,
  "plus_newton_newton_iter_mean": 2.6207,
  "plus_newton_newton_iter_median": 3.0,
  "plus_newton_newton_iter_p90": 3.0,
  "plus_newton_converged_ratio": 1.0,
  "hp_use_log_ab": true,
  "hp_optimizer": "adamw",
  "hp_criterion": "smoothl1",
  "hp_dropout": 0.0,
  "hp_lr": 0.001,
  "hp_weight_decay": 0.0001,
  "hp_hidden_dims": "[256, 256, 128]",
  "hp_hidden_size": 128,
  "hp_num_layers": 1,
  "hp_head_hidden": 128,
  "hp_head_layers": 1,
  "hp_d_model": 32,
  "hp_nhead": 2,
  "hp_ff_dim": 64,
  "hp_use_cls_token": true
}{
  "trial_id": 3234,
  "trial_name": "trial_3234_transformer",
  "model": "transformer",
  "best_epoch": 9,
  "elapsed_sec": 40.50051236152649,
  "direct_mae": 0.10206497460603714,
  "direct_rmse": 0.14325465261936188,
  "direct_r2": 0.9786376114934683,
  "direct_valid_ratio": 1.0,
  "direct_residual_mean": 0.1332777887582779,
  "direct_residual_median": 0.09070739150047302,
  "direct_residual_p90": 0.2931124985218049,
  "plus_newton_mae": 2.3433618579542157e-08,
  "plus_newton_rmse": 2.9915729012895743e-08,
  "plus_newton_r2": 0.9999999999999991,
  "plus_newton_valid_ratio": 1.0,
  "plus_newton_residual_mean": 4.1684432039416914e-14,
  "plus_newton_residual_median": 1.1102230246251565e-16,
  "plus_newton_residual_p90": 7.597256157509958e-14,
  "plus_newton_newton_iter_mean": 2.6207,
  "plus_newton_newton_iter_median": 3.0,
  "plus_newton_newton_iter_p90": 3.0,
  "plus_newton_converged_ratio": 1.0,
  "hp_use_log_ab": true,
  "hp_optimizer": "adamw",
  "hp_criterion": "smoothl1",
  "hp_dropout": 0.0,
  "hp_lr": 0.001,
  "hp_weight_decay": 0.0001,
  "hp_hidden_dims": "[256, 256, 128]",
  "hp_hidden_size": 128,
  "hp_num_layers": 1,
  "hp_head_hidden": 128,
  "hp_head_layers": 1,
  "hp_d_model": 32,
  "hp_nhead": 2,
  "hp_ff_dim": 64,
  "hp_use_cls_token": true
}