{
  "trial_id": 1290,
  "trial_name": "trial_1290_transformer",
  "model": "transformer",
  "best_epoch": 10,
  "elapsed_sec": 42.105756521224976,
  "direct_mae": 0.33942532539367676,
  "direct_rmse": 0.4176711440086365,
  "direct_r2": 0.8184060603380203,
  "direct_valid_ratio": 1.0,
  "direct_residual_mean": 0.3835776448249817,
  "direct_residual_median": 0.35463809967041016,
  "direct_residual_p90": 0.752035665512085,
  "plus_newton_mae": 2.3433618775583734e-08,
  "plus_newton_rmse": 2.9915730488822106e-08,
  "plus_newton_r2": 0.9999999999999991,
  "plus_newton_valid_ratio": 1.0,
  "plus_newton_residual_mean": 4.3945039523297087e-14,
  "plus_newton_residual_median": 1.9081958235744878e-16,
  "plus_newton_residual_p90": 1.0444978215673485e-13,
  "plus_newton_newton_iter_mean": 2.7602,
  "plus_newton_newton_iter_median": 3.0,
  "plus_newton_newton_iter_p90": 3.0,
  "plus_newton_converged_ratio": 1.0,
  "hp_use_log_ab": false,
  "hp_optimizer": "adamw",
  "hp_criterion": "smoothl1",
  "hp_dropout": 0.0,
  "hp_lr": 0.0005,
  "hp_weight_decay": 1e-05,
  "hp_hidden_dims": "[256, 256, 128]",
  "hp_hidden_size": 128,
  "hp_num_layers": 1,
  "hp_head_hidden": 64,
  "hp_head_layers": 1,
  "hp_d_model": 64,
  "hp_nhead": 2,
  "hp_ff_dim": 64,
  "hp_use_cls_token": true
}{
  "trial_id": 1290,
  "trial_name": "trial_1290_transformer",
  "model": "transformer",
  "best_epoch": 10,
  "elapsed_sec": 42.105756521224976,
  "direct_mae": 0.33942532539367676,
  "direct_rmse": 0.4176711440086365,
  "direct_r2": 0.8184060603380203,
  "direct_valid_ratio": 1.0,
  "direct_residual_mean": 0.3835776448249817,
  "direct_residual_median": 0.35463809967041016,
  "direct_residual_p90": 0.752035665512085,
  "plus_newton_mae": 2.3433618775583734e-08,
  "plus_newton_rmse": 2.9915730488822106e-08,
  "plus_newton_r2": 0.9999999999999991,
  "plus_newton_valid_ratio": 1.0,
  "plus_newton_residual_mean": 4.3945039523297087e-14,
  "plus_newton_residual_median": 1.9081958235744878e-16,
  "plus_newton_residual_p90": 1.0444978215673485e-13,
  "plus_newton_newton_iter_mean": 2.7602,
  "plus_newton_newton_iter_median": 3.0,
  "plus_newton_newton_iter_p90": 3.0,
  "plus_newton_converged_ratio": 1.0,
  "hp_use_log_ab": false,
  "hp_optimizer": "adamw",
  "hp_criterion": "smoothl1",
  "hp_dropout": 0.0,
  "hp_lr": 0.0005,
  "hp_weight_decay": 1e-05,
  "hp_hidden_dims": "[256, 256, 128]",
  "hp_hidden_size": 128,
  "hp_num_layers": 1,
  "hp_head_hidden": 64,
  "hp_head_layers": 1,
  "hp_d_model": 64,
  "hp_nhead": 2,
  "hp_ff_dim": 64,
  "hp_use_cls_token": true
}