{
  "trial_id": 3120,
  "trial_name": "trial_3120_transformer",
  "model": "transformer",
  "best_epoch": 24,
  "elapsed_sec": 61.76343083381653,
  "direct_mae": 0.0963338166475296,
  "direct_rmse": 0.14326068758964539,
  "direct_r2": 0.9786358065903187,
  "direct_valid_ratio": 1.0,
  "direct_residual_mean": 0.12666358053684235,
  "direct_residual_median": 0.07609343528747559,
  "direct_residual_p90": 0.2900854825973511,
  "plus_newton_mae": 2.3433617519514963e-08,
  "plus_newton_rmse": 2.99157285644712e-08,
  "plus_newton_r2": 0.9999999999999991,
  "plus_newton_valid_ratio": 1.0,
  "plus_newton_residual_mean": 5.0166099901852827e-14,
  "plus_newton_residual_median": 1.1102230246251565e-16,
  "plus_newton_residual_p90": 1.1569079028106446e-13,
  "plus_newton_newton_iter_mean": 2.56,
  "plus_newton_newton_iter_median": 2.0,
  "plus_newton_newton_iter_p90": 3.0,
  "plus_newton_converged_ratio": 1.0,
  "hp_use_log_ab": true,
  "hp_optimizer": "adamw",
  "hp_criterion": "smoothl1",
  "hp_dropout": 0.0,
  "hp_lr": 0.001,
  "hp_weight_decay": 1e-05,
  "hp_hidden_dims": "[256, 256, 128]",
  "hp_hidden_size": 128,
  "hp_num_layers": 1,
  "hp_head_hidden": 128,
  "hp_head_layers": 1,
  "hp_d_model": 64,
  "hp_nhead": 4,
  "hp_ff_dim": 128,
  "hp_use_cls_token": true
}{
  "trial_id": 3120,
  "trial_name": "trial_3120_transformer",
  "model": "transformer",
  "best_epoch": 24,
  "elapsed_sec": 61.76343083381653,
  "direct_mae": 0.0963338166475296,
  "direct_rmse": 0.14326068758964539,
  "direct_r2": 0.9786358065903187,
  "direct_valid_ratio": 1.0,
  "direct_residual_mean": 0.12666358053684235,
  "direct_residual_median": 0.07609343528747559,
  "direct_residual_p90": 0.2900854825973511,
  "plus_newton_mae": 2.3433617519514963e-08,
  "plus_newton_rmse": 2.99157285644712e-08,
  "plus_newton_r2": 0.9999999999999991,
  "plus_newton_valid_ratio": 1.0,
  "plus_newton_residual_mean": 5.0166099901852827e-14,
  "plus_newton_residual_median": 1.1102230246251565e-16,
  "plus_newton_residual_p90": 1.1569079028106446e-13,
  "plus_newton_newton_iter_mean": 2.56,
  "plus_newton_newton_iter_median": 2.0,
  "plus_newton_newton_iter_p90": 3.0,
  "plus_newton_converged_ratio": 1.0,
  "hp_use_log_ab": true,
  "hp_optimizer": "adamw",
  "hp_criterion": "smoothl1",
  "hp_dropout": 0.0,
  "hp_lr": 0.001,
  "hp_weight_decay": 1e-05,
  "hp_hidden_dims": "[256, 256, 128]",
  "hp_hidden_size": 128,
  "hp_num_layers": 1,
  "hp_head_hidden": 128,
  "hp_head_layers": 1,
  "hp_d_model": 64,
  "hp_nhead": 4,
  "hp_ff_dim": 128,
  "hp_use_cls_token": true
}