{
  "trial_id": 2842,
  "trial_name": "trial_2842_transformer",
  "model": "transformer",
  "best_epoch": 39,
  "elapsed_sec": 361.084349155426,
  "direct_mae": 0.01026722602546215,
  "direct_rmse": 0.013092122972011566,
  "direct_r2": 0.9998215763189364,
  "direct_valid_ratio": 1.0,
  "direct_residual_mean": 0.01274422649294138,
  "direct_residual_median": 0.00972631573677063,
  "direct_residual_p90": 0.025681143999099734,
  "plus_newton_mae": 2.3433620283779193e-08,
  "plus_newton_rmse": 2.9915731256170356e-08,
  "plus_newton_r2": 0.9999999999999991,
  "plus_newton_valid_ratio": 1.0,
  "plus_newton_residual_mean": 4.3691024353836737e-14,
  "plus_newton_residual_median": 1.1102230246251565e-16,
  "plus_newton_residual_p90": 9.718337246056342e-14,
  "plus_newton_newton_iter_mean": 2.1861,
  "plus_newton_newton_iter_median": 2.0,
  "plus_newton_newton_iter_p90": 3.0,
  "plus_newton_converged_ratio": 1.0,
  "hp_use_log_ab": true,
  "hp_optimizer": "adamw",
  "hp_criterion": "mse",
  "hp_dropout": 0.1,
  "hp_lr": 0.0005,
  "hp_weight_decay": 1e-05,
  "hp_hidden_dims": "[256, 256, 128]",
  "hp_hidden_size": 128,
  "hp_num_layers": 1,
  "hp_head_hidden": 64,
  "hp_head_layers": 2,
  "hp_d_model": 64,
  "hp_nhead": 2,
  "hp_ff_dim": 64,
  "hp_use_cls_token": true
}{
  "trial_id": 2842,
  "trial_name": "trial_2842_transformer",
  "model": "transformer",
  "best_epoch": 39,
  "elapsed_sec": 361.084349155426,
  "direct_mae": 0.01026722602546215,
  "direct_rmse": 0.013092122972011566,
  "direct_r2": 0.9998215763189364,
  "direct_valid_ratio": 1.0,
  "direct_residual_mean": 0.01274422649294138,
  "direct_residual_median": 0.00972631573677063,
  "direct_residual_p90": 0.025681143999099734,
  "plus_newton_mae": 2.3433620283779193e-08,
  "plus_newton_rmse": 2.9915731256170356e-08,
  "plus_newton_r2": 0.9999999999999991,
  "plus_newton_valid_ratio": 1.0,
  "plus_newton_residual_mean": 4.3691024353836737e-14,
  "plus_newton_residual_median": 1.1102230246251565e-16,
  "plus_newton_residual_p90": 9.718337246056342e-14,
  "plus_newton_newton_iter_mean": 2.1861,
  "plus_newton_newton_iter_median": 2.0,
  "plus_newton_newton_iter_p90": 3.0,
  "plus_newton_converged_ratio": 1.0,
  "hp_use_log_ab": true,
  "hp_optimizer": "adamw",
  "hp_criterion": "mse",
  "hp_dropout": 0.1,
  "hp_lr": 0.0005,
  "hp_weight_decay": 1e-05,
  "hp_hidden_dims": "[256, 256, 128]",
  "hp_hidden_size": 128,
  "hp_num_layers": 1,
  "hp_head_hidden": 64,
  "hp_head_layers": 2,
  "hp_d_model": 64,
  "hp_nhead": 2,
  "hp_ff_dim": 64,
  "hp_use_cls_token": true
}