{
  "trial_id": 1971,
  "trial_name": "trial_1971_transformer",
  "model": "transformer",
  "best_epoch": 60,
  "elapsed_sec": 115.44646000862122,
  "direct_mae": 0.009222706779837608,
  "direct_rmse": 0.013224608264863491,
  "direct_r2": 0.9998179469257593,
  "direct_valid_ratio": 1.0,
  "direct_residual_mean": 0.01079469732940197,
  "direct_residual_median": 0.009013921022415161,
  "direct_residual_p90": 0.021831154823303223,
  "plus_newton_mae": 2.3433617758373486e-08,
  "plus_newton_rmse": 2.991572987009492e-08,
  "plus_newton_r2": 0.9999999999999991,
  "plus_newton_valid_ratio": 1.0,
  "plus_newton_residual_mean": 4.0690945469448495e-14,
  "plus_newton_residual_median": 1.1102230246251565e-16,
  "plus_newton_residual_p90": 6.958253417899132e-14,
  "plus_newton_newton_iter_mean": 2.1657,
  "plus_newton_newton_iter_median": 2.0,
  "plus_newton_newton_iter_p90": 3.0,
  "plus_newton_converged_ratio": 1.0,
  "hp_use_log_ab": false,
  "hp_optimizer": "adamw",
  "hp_criterion": "smoothl1",
  "hp_dropout": 0.1,
  "hp_lr": 0.0005,
  "hp_weight_decay": 0.0001,
  "hp_hidden_dims": "[256, 256, 128]",
  "hp_hidden_size": 128,
  "hp_num_layers": 1,
  "hp_head_hidden": 128,
  "hp_head_layers": 2,
  "hp_d_model": 32,
  "hp_nhead": 2,
  "hp_ff_dim": 128,
  "hp_use_cls_token": false
}{
  "trial_id": 1971,
  "trial_name": "trial_1971_transformer",
  "model": "transformer",
  "best_epoch": 60,
  "elapsed_sec": 115.44646000862122,
  "direct_mae": 0.009222706779837608,
  "direct_rmse": 0.013224608264863491,
  "direct_r2": 0.9998179469257593,
  "direct_valid_ratio": 1.0,
  "direct_residual_mean": 0.01079469732940197,
  "direct_residual_median": 0.009013921022415161,
  "direct_residual_p90": 0.021831154823303223,
  "plus_newton_mae": 2.3433617758373486e-08,
  "plus_newton_rmse": 2.991572987009492e-08,
  "plus_newton_r2": 0.9999999999999991,
  "plus_newton_valid_ratio": 1.0,
  "plus_newton_residual_mean": 4.0690945469448495e-14,
  "plus_newton_residual_median": 1.1102230246251565e-16,
  "plus_newton_residual_p90": 6.958253417899132e-14,
  "plus_newton_newton_iter_mean": 2.1657,
  "plus_newton_newton_iter_median": 2.0,
  "plus_newton_newton_iter_p90": 3.0,
  "plus_newton_converged_ratio": 1.0,
  "hp_use_log_ab": false,
  "hp_optimizer": "adamw",
  "hp_criterion": "smoothl1",
  "hp_dropout": 0.1,
  "hp_lr": 0.0005,
  "hp_weight_decay": 0.0001,
  "hp_hidden_dims": "[256, 256, 128]",
  "hp_hidden_size": 128,
  "hp_num_layers": 1,
  "hp_head_hidden": 128,
  "hp_head_layers": 2,
  "hp_d_model": 32,
  "hp_nhead": 2,
  "hp_ff_dim": 128,
  "hp_use_cls_token": false
}