{
  "trial_id": 600,
  "trial_name": "trial_600_transformer",
  "model": "transformer",
  "best_epoch": 56,
  "elapsed_sec": 153.56486678123474,
  "direct_mae": 0.011349460110068321,
  "direct_rmse": 0.016347339376807213,
  "direct_r2": 0.9997218195640016,
  "direct_valid_ratio": 1.0,
  "direct_residual_mean": 0.013165608048439026,
  "direct_residual_median": 0.009487181901931763,
  "direct_residual_p90": 0.031641089916229256,
  "plus_newton_mae": 2.343361713698932e-08,
  "plus_newton_rmse": 2.99157297215152e-08,
  "plus_newton_r2": 0.9999999999999991,
  "plus_newton_valid_ratio": 1.0,
  "plus_newton_residual_mean": 3.491074705235892e-14,
  "plus_newton_residual_median": 1.1102230246251565e-16,
  "plus_newton_residual_p90": 6.402101071500971e-14,
  "plus_newton_newton_iter_mean": 2.1831,
  "plus_newton_newton_iter_median": 2.0,
  "plus_newton_newton_iter_p90": 3.0,
  "plus_newton_converged_ratio": 1.0,
  "hp_use_log_ab": false,
  "hp_optimizer": "adamw",
  "hp_criterion": "mse",
  "hp_dropout": 0.1,
  "hp_lr": 0.001,
  "hp_weight_decay": 1e-05,
  "hp_hidden_dims": "[256, 256, 128]",
  "hp_hidden_size": 128,
  "hp_num_layers": 2,
  "hp_head_hidden": 64,
  "hp_head_layers": 2,
  "hp_d_model": 32,
  "hp_nhead": 4,
  "hp_ff_dim": 128,
  "hp_use_cls_token": true
}{
  "trial_id": 600,
  "trial_name": "trial_600_transformer",
  "model": "transformer",
  "best_epoch": 56,
  "elapsed_sec": 153.56486678123474,
  "direct_mae": 0.011349460110068321,
  "direct_rmse": 0.016347339376807213,
  "direct_r2": 0.9997218195640016,
  "direct_valid_ratio": 1.0,
  "direct_residual_mean": 0.013165608048439026,
  "direct_residual_median": 0.009487181901931763,
  "direct_residual_p90": 0.031641089916229256,
  "plus_newton_mae": 2.343361713698932e-08,
  "plus_newton_rmse": 2.99157297215152e-08,
  "plus_newton_r2": 0.9999999999999991,
  "plus_newton_valid_ratio": 1.0,
  "plus_newton_residual_mean": 3.491074705235892e-14,
  "plus_newton_residual_median": 1.1102230246251565e-16,
  "plus_newton_residual_p90": 6.402101071500971e-14,
  "plus_newton_newton_iter_mean": 2.1831,
  "plus_newton_newton_iter_median": 2.0,
  "plus_newton_newton_iter_p90": 3.0,
  "plus_newton_converged_ratio": 1.0,
  "hp_use_log_ab": false,
  "hp_optimizer": "adamw",
  "hp_criterion": "mse",
  "hp_dropout": 0.1,
  "hp_lr": 0.001,
  "hp_weight_decay": 1e-05,
  "hp_hidden_dims": "[256, 256, 128]",
  "hp_hidden_size": 128,
  "hp_num_layers": 2,
  "hp_head_hidden": 64,
  "hp_head_layers": 2,
  "hp_d_model": 32,
  "hp_nhead": 4,
  "hp_ff_dim": 128,
  "hp_use_cls_token": true
}