{
  "trial_id": 1155,
  "trial_name": "trial_1155_transformer",
  "model": "transformer",
  "best_epoch": 20,
  "elapsed_sec": 53.890353202819824,
  "direct_mae": 0.338573157787323,
  "direct_rmse": 0.41883817315101624,
  "direct_r2": 0.8173898458480835,
  "direct_valid_ratio": 1.0,
  "direct_residual_mean": 0.3826964795589447,
  "direct_residual_median": 0.35135188698768616,
  "direct_residual_p90": 0.7677343606948858,
  "plus_newton_mae": 2.343361888187459e-08,
  "plus_newton_rmse": 2.991573074934504e-08,
  "plus_newton_r2": 0.9999999999999991,
  "plus_newton_valid_ratio": 1.0,
  "plus_newton_residual_mean": 4.414424244992559e-14,
  "plus_newton_residual_median": 1.5612511283791264e-16,
  "plus_newton_residual_p90": 1.037281371907285e-13,
  "plus_newton_newton_iter_mean": 2.7595,
  "plus_newton_newton_iter_median": 3.0,
  "plus_newton_newton_iter_p90": 3.0,
  "plus_newton_converged_ratio": 1.0,
  "hp_use_log_ab": false,
  "hp_optimizer": "adamw",
  "hp_criterion": "smoothl1",
  "hp_dropout": 0.0,
  "hp_lr": 0.001,
  "hp_weight_decay": 0.0001,
  "hp_hidden_dims": "[256, 256, 128]",
  "hp_hidden_size": 128,
  "hp_num_layers": 1,
  "hp_head_hidden": 64,
  "hp_head_layers": 1,
  "hp_d_model": 32,
  "hp_nhead": 2,
  "hp_ff_dim": 128,
  "hp_use_cls_token": false
}{
  "trial_id": 1155,
  "trial_name": "trial_1155_transformer",
  "model": "transformer",
  "best_epoch": 20,
  "elapsed_sec": 53.890353202819824,
  "direct_mae": 0.338573157787323,
  "direct_rmse": 0.41883817315101624,
  "direct_r2": 0.8173898458480835,
  "direct_valid_ratio": 1.0,
  "direct_residual_mean": 0.3826964795589447,
  "direct_residual_median": 0.35135188698768616,
  "direct_residual_p90": 0.7677343606948858,
  "plus_newton_mae": 2.343361888187459e-08,
  "plus_newton_rmse": 2.991573074934504e-08,
  "plus_newton_r2": 0.9999999999999991,
  "plus_newton_valid_ratio": 1.0,
  "plus_newton_residual_mean": 4.414424244992559e-14,
  "plus_newton_residual_median": 1.5612511283791264e-16,
  "plus_newton_residual_p90": 1.037281371907285e-13,
  "plus_newton_newton_iter_mean": 2.7595,
  "plus_newton_newton_iter_median": 3.0,
  "plus_newton_newton_iter_p90": 3.0,
  "plus_newton_converged_ratio": 1.0,
  "hp_use_log_ab": false,
  "hp_optimizer": "adamw",
  "hp_criterion": "smoothl1",
  "hp_dropout": 0.0,
  "hp_lr": 0.001,
  "hp_weight_decay": 0.0001,
  "hp_hidden_dims": "[256, 256, 128]",
  "hp_hidden_size": 128,
  "hp_num_layers": 1,
  "hp_head_hidden": 64,
  "hp_head_layers": 1,
  "hp_d_model": 32,
  "hp_nhead": 2,
  "hp_ff_dim": 128,
  "hp_use_cls_token": false
}