{
  "trial_id": 1315,
  "trial_name": "trial_1315_transformer",
  "model": "transformer",
  "best_epoch": 16,
  "elapsed_sec": 49.00005030632019,
  "direct_mae": 0.33877071738243103,
  "direct_rmse": 0.4182920753955841,
  "direct_r2": 0.8178657293319702,
  "direct_valid_ratio": 1.0,
  "direct_residual_mean": 0.3822161555290222,
  "direct_residual_median": 0.35234183073043823,
  "direct_residual_p90": 0.760071384906769,
  "plus_newton_mae": 2.343361890849733e-08,
  "plus_newton_rmse": 2.991573067857369e-08,
  "plus_newton_r2": 0.9999999999999991,
  "plus_newton_valid_ratio": 1.0,
  "plus_newton_residual_mean": 4.229031622887553e-14,
  "plus_newton_residual_median": 1.6653345369377348e-16,
  "plus_newton_residual_p90": 9.39498479013424e-14,
  "plus_newton_newton_iter_mean": 2.757,
  "plus_newton_newton_iter_median": 3.0,
  "plus_newton_newton_iter_p90": 3.0,
  "plus_newton_converged_ratio": 1.0,
  "hp_use_log_ab": false,
  "hp_optimizer": "adamw",
  "hp_criterion": "smoothl1",
  "hp_dropout": 0.0,
  "hp_lr": 0.0005,
  "hp_weight_decay": 1e-05,
  "hp_hidden_dims": "[256, 256, 128]",
  "hp_hidden_size": 128,
  "hp_num_layers": 1,
  "hp_head_hidden": 128,
  "hp_head_layers": 1,
  "hp_d_model": 32,
  "hp_nhead": 2,
  "hp_ff_dim": 128,
  "hp_use_cls_token": false
}{
  "trial_id": 1315,
  "trial_name": "trial_1315_transformer",
  "model": "transformer",
  "best_epoch": 16,
  "elapsed_sec": 49.00005030632019,
  "direct_mae": 0.33877071738243103,
  "direct_rmse": 0.4182920753955841,
  "direct_r2": 0.8178657293319702,
  "direct_valid_ratio": 1.0,
  "direct_residual_mean": 0.3822161555290222,
  "direct_residual_median": 0.35234183073043823,
  "direct_residual_p90": 0.760071384906769,
  "plus_newton_mae": 2.343361890849733e-08,
  "plus_newton_rmse": 2.991573067857369e-08,
  "plus_newton_r2": 0.9999999999999991,
  "plus_newton_valid_ratio": 1.0,
  "plus_newton_residual_mean": 4.229031622887553e-14,
  "plus_newton_residual_median": 1.6653345369377348e-16,
  "plus_newton_residual_p90": 9.39498479013424e-14,
  "plus_newton_newton_iter_mean": 2.757,
  "plus_newton_newton_iter_median": 3.0,
  "plus_newton_newton_iter_p90": 3.0,
  "plus_newton_converged_ratio": 1.0,
  "hp_use_log_ab": false,
  "hp_optimizer": "adamw",
  "hp_criterion": "smoothl1",
  "hp_dropout": 0.0,
  "hp_lr": 0.0005,
  "hp_weight_decay": 1e-05,
  "hp_hidden_dims": "[256, 256, 128]",
  "hp_hidden_size": 128,
  "hp_num_layers": 1,
  "hp_head_hidden": 128,
  "hp_head_layers": 1,
  "hp_d_model": 32,
  "hp_nhead": 2,
  "hp_ff_dim": 128,
  "hp_use_cls_token": false
}