{
  "trial_id": 183,
  "trial_name": "trial_183_transformer",
  "model": "transformer",
  "best_epoch": 61,
  "elapsed_sec": 248.0607626438141,
  "direct_mae": 0.002585755893960595,
  "direct_rmse": 0.0032829097472131252,
  "direct_r2": 0.9999887811009103,
  "direct_valid_ratio": 1.0,
  "direct_residual_mean": 0.003158574691042304,
  "direct_residual_median": 0.002468109130859375,
  "direct_residual_p90": 0.006526166200637818,
  "plus_newton_mae": 2.343361742175657e-08,
  "plus_newton_rmse": 2.991572994990268e-08,
  "plus_newton_r2": 0.9999999999999991,
  "plus_newton_valid_ratio": 1.0,
  "plus_newton_residual_mean": 2.354665976504844e-14,
  "plus_newton_residual_median": 1.1102230246251565e-16,
  "plus_newton_residual_p90": 1.8435253323900745e-14,
  "plus_newton_newton_iter_mean": 2.0359,
  "plus_newton_newton_iter_median": 2.0,
  "plus_newton_newton_iter_p90": 2.0,
  "plus_newton_converged_ratio": 1.0,
  "hp_use_log_ab": false,
  "hp_optimizer": "adamw",
  "hp_criterion": "mse",
  "hp_dropout": 0.0,
  "hp_lr": 0.001,
  "hp_weight_decay": 0.0001,
  "hp_hidden_dims": "[256, 256, 128]",
  "hp_hidden_size": 128,
  "hp_num_layers": 1,
  "hp_head_hidden": 128,
  "hp_head_layers": 2,
  "hp_d_model": 32,
  "hp_nhead": 4,
  "hp_ff_dim": 128,
  "hp_use_cls_token": false
}{
  "trial_id": 183,
  "trial_name": "trial_183_transformer",
  "model": "transformer",
  "best_epoch": 61,
  "elapsed_sec": 248.0607626438141,
  "direct_mae": 0.002585755893960595,
  "direct_rmse": 0.0032829097472131252,
  "direct_r2": 0.9999887811009103,
  "direct_valid_ratio": 1.0,
  "direct_residual_mean": 0.003158574691042304,
  "direct_residual_median": 0.002468109130859375,
  "direct_residual_p90": 0.006526166200637818,
  "plus_newton_mae": 2.343361742175657e-08,
  "plus_newton_rmse": 2.991572994990268e-08,
  "plus_newton_r2": 0.9999999999999991,
  "plus_newton_valid_ratio": 1.0,
  "plus_newton_residual_mean": 2.354665976504844e-14,
  "plus_newton_residual_median": 1.1102230246251565e-16,
  "plus_newton_residual_p90": 1.8435253323900745e-14,
  "plus_newton_newton_iter_mean": 2.0359,
  "plus_newton_newton_iter_median": 2.0,
  "plus_newton_newton_iter_p90": 2.0,
  "plus_newton_converged_ratio": 1.0,
  "hp_use_log_ab": false,
  "hp_optimizer": "adamw",
  "hp_criterion": "mse",
  "hp_dropout": 0.0,
  "hp_lr": 0.001,
  "hp_weight_decay": 0.0001,
  "hp_hidden_dims": "[256, 256, 128]",
  "hp_hidden_size": 128,
  "hp_num_layers": 1,
  "hp_head_hidden": 128,
  "hp_head_layers": 2,
  "hp_d_model": 32,
  "hp_nhead": 4,
  "hp_ff_dim": 128,
  "hp_use_cls_token": false
}