{
  "trial_id": 416,
  "trial_name": "trial_416_transformer",
  "model": "transformer",
  "best_epoch": 104,
  "elapsed_sec": 328.14016819000244,
  "direct_mae": 0.0029344498179852962,
  "direct_rmse": 0.0039011237677186728,
  "direct_r2": 0.9999841579337954,
  "direct_valid_ratio": 1.0,
  "direct_residual_mean": 0.003536475356668234,
  "direct_residual_median": 0.00254783034324646,
  "direct_residual_p90": 0.007726692780852319,
  "plus_newton_mae": 2.3433617073972638e-08,
  "plus_newton_rmse": 2.9915729106649565e-08,
  "plus_newton_r2": 0.9999999999999991,
  "plus_newton_valid_ratio": 1.0,
  "plus_newton_residual_mean": 2.966264193254199e-14,
  "plus_newton_residual_median": 1.1102230246251565e-16,
  "plus_newton_residual_p90": 3.5946245979801016e-14,
  "plus_newton_newton_iter_mean": 2.0409,
  "plus_newton_newton_iter_median": 2.0,
  "plus_newton_newton_iter_p90": 2.0,
  "plus_newton_converged_ratio": 1.0,
  "hp_use_log_ab": false,
  "hp_optimizer": "adamw",
  "hp_criterion": "mse",
  "hp_dropout": 0.0,
  "hp_lr": 0.0005,
  "hp_weight_decay": 0.0001,
  "hp_hidden_dims": "[256, 256, 128]",
  "hp_hidden_size": 128,
  "hp_num_layers": 1,
  "hp_head_hidden": 64,
  "hp_head_layers": 2,
  "hp_d_model": 64,
  "hp_nhead": 4,
  "hp_ff_dim": 128,
  "hp_use_cls_token": true
}{
  "trial_id": 416,
  "trial_name": "trial_416_transformer",
  "model": "transformer",
  "best_epoch": 104,
  "elapsed_sec": 328.14016819000244,
  "direct_mae": 0.0029344498179852962,
  "direct_rmse": 0.0039011237677186728,
  "direct_r2": 0.9999841579337954,
  "direct_valid_ratio": 1.0,
  "direct_residual_mean": 0.003536475356668234,
  "direct_residual_median": 0.00254783034324646,
  "direct_residual_p90": 0.007726692780852319,
  "plus_newton_mae": 2.3433617073972638e-08,
  "plus_newton_rmse": 2.9915729106649565e-08,
  "plus_newton_r2": 0.9999999999999991,
  "plus_newton_valid_ratio": 1.0,
  "plus_newton_residual_mean": 2.966264193254199e-14,
  "plus_newton_residual_median": 1.1102230246251565e-16,
  "plus_newton_residual_p90": 3.5946245979801016e-14,
  "plus_newton_newton_iter_mean": 2.0409,
  "plus_newton_newton_iter_median": 2.0,
  "plus_newton_newton_iter_p90": 2.0,
  "plus_newton_converged_ratio": 1.0,
  "hp_use_log_ab": false,
  "hp_optimizer": "adamw",
  "hp_criterion": "mse",
  "hp_dropout": 0.0,
  "hp_lr": 0.0005,
  "hp_weight_decay": 0.0001,
  "hp_hidden_dims": "[256, 256, 128]",
  "hp_hidden_size": 128,
  "hp_num_layers": 1,
  "hp_head_hidden": 64,
  "hp_head_layers": 2,
  "hp_d_model": 64,
  "hp_nhead": 4,
  "hp_ff_dim": 128,
  "hp_use_cls_token": true
}