{
  "trial_id": 201,
  "trial_name": "trial_201_gru",
  "model": "gru",
  "best_epoch": 21,
  "elapsed_sec": 103.78301501274109,
  "direct_mae": 0.3382740020751953,
  "direct_rmse": 0.41998958587646484,
  "direct_r2": 0.8163844645023346,
  "direct_valid_ratio": 1.0,
  "direct_residual_mean": 0.38305941224098206,
  "direct_residual_median": 0.3461865782737732,
  "direct_residual_p90": 0.7808731079101563,
  "plus_newton_mae": 2.343361891216252e-08,
  "plus_newton_rmse": 2.991573069346505e-08,
  "plus_newton_r2": 0.9999999999999991,
  "plus_newton_valid_ratio": 1.0,
  "plus_newton_residual_mean": 4.5175417613154534e-14,
  "plus_newton_residual_median": 1.1102230246251565e-16,
  "plus_newton_residual_p90": 1.0880185641326534e-13,
  "plus_newton_newton_iter_mean": 2.7667,
  "plus_newton_newton_iter_median": 3.0,
  "plus_newton_newton_iter_p90": 3.0,
  "plus_newton_converged_ratio": 1.0,
  "hp_use_log_ab": false,
  "hp_optimizer": "adamw",
  "hp_criterion": "smoothl1",
  "hp_dropout": 0.1,
  "hp_lr": 0.001,
  "hp_weight_decay": 1e-05,
  "hp_hidden_dims": "[256, 256, 128]",
  "hp_hidden_size": 128,
  "hp_num_layers": 1,
  "hp_head_hidden": 64,
  "hp_head_layers": 1,
  "hp_d_model": 64,
  "hp_nhead": 4,
  "hp_ff_dim": 128,
  "hp_use_cls_token": false
}{
  "trial_id": 201,
  "trial_name": "trial_201_gru",
  "model": "gru",
  "best_epoch": 21,
  "elapsed_sec": 103.78301501274109,
  "direct_mae": 0.3382740020751953,
  "direct_rmse": 0.41998958587646484,
  "direct_r2": 0.8163844645023346,
  "direct_valid_ratio": 1.0,
  "direct_residual_mean": 0.38305941224098206,
  "direct_residual_median": 0.3461865782737732,
  "direct_residual_p90": 0.7808731079101563,
  "plus_newton_mae": 2.343361891216252e-08,
  "plus_newton_rmse": 2.991573069346505e-08,
  "plus_newton_r2": 0.9999999999999991,
  "plus_newton_valid_ratio": 1.0,
  "plus_newton_residual_mean": 4.5175417613154534e-14,
  "plus_newton_residual_median": 1.1102230246251565e-16,
  "plus_newton_residual_p90": 1.0880185641326534e-13,
  "plus_newton_newton_iter_mean": 2.7667,
  "plus_newton_newton_iter_median": 3.0,
  "plus_newton_newton_iter_p90": 3.0,
  "plus_newton_converged_ratio": 1.0,
  "hp_use_log_ab": false,
  "hp_optimizer": "adamw",
  "hp_criterion": "smoothl1",
  "hp_dropout": 0.1,
  "hp_lr": 0.001,
  "hp_weight_decay": 1e-05,
  "hp_hidden_dims": "[256, 256, 128]",
  "hp_hidden_size": 128,
  "hp_num_layers": 1,
  "hp_head_hidden": 64,
  "hp_head_layers": 1,
  "hp_d_model": 64,
  "hp_nhead": 4,
  "hp_ff_dim": 128,
  "hp_use_cls_token": false
}