{
  "trial_id": 27,
  "trial_name": "trial_027_mlp",
  "model": "mlp",
  "best_epoch": 30,
  "elapsed_sec": 146.6725471019745,
  "direct_mae": 0.0011973751243203878,
  "direct_rmse": 0.001946918899193406,
  "direct_r2": 0.9999960542631925,
  "direct_valid_ratio": 1.0,
  "direct_residual_mean": 0.0016350307269021869,
  "direct_residual_median": 0.0009431838989257812,
  "direct_residual_p90": 0.003164231777191163,
  "plus_newton_mae": 2.3433618476908366e-08,
  "plus_newton_rmse": 2.991573079295868e-08,
  "plus_newton_r2": 0.9999999999999991,
  "plus_newton_valid_ratio": 1.0,
  "plus_newton_residual_mean": 3.326981755624511e-14,
  "plus_newton_residual_median": 1.1102230246251565e-16,
  "plus_newton_residual_p90": 4.030109579389318e-14,
  "plus_newton_newton_iter_mean": 1.9683,
  "plus_newton_newton_iter_median": 2.0,
  "plus_newton_newton_iter_p90": 2.0,
  "plus_newton_converged_ratio": 1.0,
  "hp_use_log_ab": false,
  "hp_optimizer": "adamw",
  "hp_criterion": "smoothl1",
  "hp_dropout": 0.0,
  "hp_lr": 0.001,
  "hp_weight_decay": 1e-05,
  "hp_hidden_dims": "[256, 128, 64]",
  "hp_hidden_size": 128,
  "hp_num_layers": 2,
  "hp_head_hidden": 128,
  "hp_head_layers": 2,
  "hp_d_model": 64,
  "hp_nhead": 4,
  "hp_ff_dim": 128,
  "hp_use_cls_token": false
}{
  "trial_id": 27,
  "trial_name": "trial_027_mlp",
  "model": "mlp",
  "best_epoch": 30,
  "elapsed_sec": 146.6725471019745,
  "direct_mae": 0.0011973751243203878,
  "direct_rmse": 0.001946918899193406,
  "direct_r2": 0.9999960542631925,
  "direct_valid_ratio": 1.0,
  "direct_residual_mean": 0.0016350307269021869,
  "direct_residual_median": 0.0009431838989257812,
  "direct_residual_p90": 0.003164231777191163,
  "plus_newton_mae": 2.3433618476908366e-08,
  "plus_newton_rmse": 2.991573079295868e-08,
  "plus_newton_r2": 0.9999999999999991,
  "plus_newton_valid_ratio": 1.0,
  "plus_newton_residual_mean": 3.326981755624511e-14,
  "plus_newton_residual_median": 1.1102230246251565e-16,
  "plus_newton_residual_p90": 4.030109579389318e-14,
  "plus_newton_newton_iter_mean": 1.9683,
  "plus_newton_newton_iter_median": 2.0,
  "plus_newton_newton_iter_p90": 2.0,
  "plus_newton_converged_ratio": 1.0,
  "hp_use_log_ab": false,
  "hp_optimizer": "adamw",
  "hp_criterion": "smoothl1",
  "hp_dropout": 0.0,
  "hp_lr": 0.001,
  "hp_weight_decay": 1e-05,
  "hp_hidden_dims": "[256, 128, 64]",
  "hp_hidden_size": 128,
  "hp_num_layers": 2,
  "hp_head_hidden": 128,
  "hp_head_layers": 2,
  "hp_d_model": 64,
  "hp_nhead": 4,
  "hp_ff_dim": 128,
  "hp_use_cls_token": false
}