{
  "trial_id": 2064,
  "trial_name": "trial_2064_transformer",
  "model": "transformer",
  "best_epoch": 17,
  "elapsed_sec": 51.987351179122925,
  "direct_mae": 0.10532285273075104,
  "direct_rmse": 0.13441534340381622,
  "direct_r2": 0.9811925441026688,
  "direct_valid_ratio": 1.0,
  "direct_residual_mean": 0.1325155347585678,
  "direct_residual_median": 0.1062307059764862,
  "direct_residual_p90": 0.2537669807672501,
  "plus_newton_mae": 2.3433618282263778e-08,
  "plus_newton_rmse": 2.991572974493165e-08,
  "plus_newton_r2": 0.9999999999999991,
  "plus_newton_valid_ratio": 1.0,
  "plus_newton_residual_mean": 3.1817566221479464e-14,
  "plus_newton_residual_median": 1.1102230246251565e-16,
  "plus_newton_residual_p90": 3.907985046680551e-14,
  "plus_newton_newton_iter_mean": 2.613,
  "plus_newton_newton_iter_median": 3.0,
  "plus_newton_newton_iter_p90": 3.0,
  "plus_newton_converged_ratio": 1.0,
  "hp_use_log_ab": true,
  "hp_optimizer": "adamw",
  "hp_criterion": "mse",
  "hp_dropout": 0.0,
  "hp_lr": 0.001,
  "hp_weight_decay": 1e-05,
  "hp_hidden_dims": "[256, 256, 128]",
  "hp_hidden_size": 128,
  "hp_num_layers": 1,
  "hp_head_hidden": 64,
  "hp_head_layers": 1,
  "hp_d_model": 64,
  "hp_nhead": 4,
  "hp_ff_dim": 128,
  "hp_use_cls_token": true
}{
  "trial_id": 2064,
  "trial_name": "trial_2064_transformer",
  "model": "transformer",
  "best_epoch": 17,
  "elapsed_sec": 51.987351179122925,
  "direct_mae": 0.10532285273075104,
  "direct_rmse": 0.13441534340381622,
  "direct_r2": 0.9811925441026688,
  "direct_valid_ratio": 1.0,
  "direct_residual_mean": 0.1325155347585678,
  "direct_residual_median": 0.1062307059764862,
  "direct_residual_p90": 0.2537669807672501,
  "plus_newton_mae": 2.3433618282263778e-08,
  "plus_newton_rmse": 2.991572974493165e-08,
  "plus_newton_r2": 0.9999999999999991,
  "plus_newton_valid_ratio": 1.0,
  "plus_newton_residual_mean": 3.1817566221479464e-14,
  "plus_newton_residual_median": 1.1102230246251565e-16,
  "plus_newton_residual_p90": 3.907985046680551e-14,
  "plus_newton_newton_iter_mean": 2.613,
  "plus_newton_newton_iter_median": 3.0,
  "plus_newton_newton_iter_p90": 3.0,
  "plus_newton_converged_ratio": 1.0,
  "hp_use_log_ab": true,
  "hp_optimizer": "adamw",
  "hp_criterion": "mse",
  "hp_dropout": 0.0,
  "hp_lr": 0.001,
  "hp_weight_decay": 1e-05,
  "hp_hidden_dims": "[256, 256, 128]",
  "hp_hidden_size": 128,
  "hp_num_layers": 1,
  "hp_head_hidden": 64,
  "hp_head_layers": 1,
  "hp_d_model": 64,
  "hp_nhead": 4,
  "hp_ff_dim": 128,
  "hp_use_cls_token": true
}