{
  "trial_id": 3072,
  "trial_name": "trial_3072_transformer",
  "model": "transformer",
  "best_epoch": 42,
  "elapsed_sec": 113.96078205108643,
  "direct_mae": 0.006931441370397806,
  "direct_rmse": 0.009075089357793331,
  "direct_r2": 0.9999142697270145,
  "direct_valid_ratio": 1.0,
  "direct_residual_mean": 0.008383463136851788,
  "direct_residual_median": 0.006445646286010742,
  "direct_residual_p90": 0.01761008501052857,
  "plus_newton_mae": 2.3433617701108805e-08,
  "plus_newton_rmse": 2.99157294786066e-08,
  "plus_newton_r2": 0.9999999999999991,
  "plus_newton_valid_ratio": 1.0,
  "plus_newton_residual_mean": 4.3952001428968586e-14,
  "plus_newton_residual_median": 1.1102230246251565e-16,
  "plus_newton_residual_p90": 8.978373600143669e-14,
  "plus_newton_newton_iter_mean": 2.1468,
  "plus_newton_newton_iter_median": 2.0,
  "plus_newton_newton_iter_p90": 3.0,
  "plus_newton_converged_ratio": 1.0,
  "hp_use_log_ab": true,
  "hp_optimizer": "adamw",
  "hp_criterion": "mse",
  "hp_dropout": 0.1,
  "hp_lr": 0.0005,
  "hp_weight_decay": 0.0001,
  "hp_hidden_dims": "[256, 256, 128]",
  "hp_hidden_size": 128,
  "hp_num_layers": 2,
  "hp_head_hidden": 128,
  "hp_head_layers": 2,
  "hp_d_model": 64,
  "hp_nhead": 4,
  "hp_ff_dim": 128,
  "hp_use_cls_token": true
}{
  "trial_id": 3072,
  "trial_name": "trial_3072_transformer",
  "model": "transformer",
  "best_epoch": 42,
  "elapsed_sec": 113.96078205108643,
  "direct_mae": 0.006931441370397806,
  "direct_rmse": 0.009075089357793331,
  "direct_r2": 0.9999142697270145,
  "direct_valid_ratio": 1.0,
  "direct_residual_mean": 0.008383463136851788,
  "direct_residual_median": 0.006445646286010742,
  "direct_residual_p90": 0.01761008501052857,
  "plus_newton_mae": 2.3433617701108805e-08,
  "plus_newton_rmse": 2.99157294786066e-08,
  "plus_newton_r2": 0.9999999999999991,
  "plus_newton_valid_ratio": 1.0,
  "plus_newton_residual_mean": 4.3952001428968586e-14,
  "plus_newton_residual_median": 1.1102230246251565e-16,
  "plus_newton_residual_p90": 8.978373600143669e-14,
  "plus_newton_newton_iter_mean": 2.1468,
  "plus_newton_newton_iter_median": 2.0,
  "plus_newton_newton_iter_p90": 3.0,
  "plus_newton_converged_ratio": 1.0,
  "hp_use_log_ab": true,
  "hp_optimizer": "adamw",
  "hp_criterion": "mse",
  "hp_dropout": 0.1,
  "hp_lr": 0.0005,
  "hp_weight_decay": 0.0001,
  "hp_hidden_dims": "[256, 256, 128]",
  "hp_hidden_size": 128,
  "hp_num_layers": 2,
  "hp_head_hidden": 128,
  "hp_head_layers": 2,
  "hp_d_model": 64,
  "hp_nhead": 4,
  "hp_ff_dim": 128,
  "hp_use_cls_token": true
}