{
  "trial_id": 214,
  "trial_name": "trial_214_transformer",
  "model": "transformer",
  "best_epoch": 117,
  "elapsed_sec": 507.6370937824249,
  "direct_mae": 0.0028931533452123404,
  "direct_rmse": 0.003756613004952669,
  "direct_r2": 0.9999853098806852,
  "direct_valid_ratio": 1.0,
  "direct_residual_mean": 0.0034734420478343964,
  "direct_residual_median": 0.0027399063110351562,
  "direct_residual_p90": 0.007471331954002382,
  "plus_newton_mae": 2.3433618761396355e-08,
  "plus_newton_rmse": 2.991573059964246e-08,
  "plus_newton_r2": 0.9999999999999991,
  "plus_newton_valid_ratio": 1.0,
  "plus_newton_residual_mean": 2.946626712313998e-14,
  "plus_newton_residual_median": 1.1102230246251565e-16,
  "plus_newton_residual_p90": 4.0190073491430667e-14,
  "plus_newton_newton_iter_mean": 2.0383,
  "plus_newton_newton_iter_median": 2.0,
  "plus_newton_newton_iter_p90": 2.0,
  "plus_newton_converged_ratio": 1.0,
  "hp_use_log_ab": false,
  "hp_optimizer": "adamw",
  "hp_criterion": "mse",
  "hp_dropout": 0.0,
  "hp_lr": 0.001,
  "hp_weight_decay": 0.0001,
  "hp_hidden_dims": "[256, 256, 128]",
  "hp_hidden_size": 128,
  "hp_num_layers": 2,
  "hp_head_hidden": 64,
  "hp_head_layers": 2,
  "hp_d_model": 32,
  "hp_nhead": 4,
  "hp_ff_dim": 64,
  "hp_use_cls_token": true
}{
  "trial_id": 214,
  "trial_name": "trial_214_transformer",
  "model": "transformer",
  "best_epoch": 117,
  "elapsed_sec": 507.6370937824249,
  "direct_mae": 0.0028931533452123404,
  "direct_rmse": 0.003756613004952669,
  "direct_r2": 0.9999853098806852,
  "direct_valid_ratio": 1.0,
  "direct_residual_mean": 0.0034734420478343964,
  "direct_residual_median": 0.0027399063110351562,
  "direct_residual_p90": 0.007471331954002382,
  "plus_newton_mae": 2.3433618761396355e-08,
  "plus_newton_rmse": 2.991573059964246e-08,
  "plus_newton_r2": 0.9999999999999991,
  "plus_newton_valid_ratio": 1.0,
  "plus_newton_residual_mean": 2.946626712313998e-14,
  "plus_newton_residual_median": 1.1102230246251565e-16,
  "plus_newton_residual_p90": 4.0190073491430667e-14,
  "plus_newton_newton_iter_mean": 2.0383,
  "plus_newton_newton_iter_median": 2.0,
  "plus_newton_newton_iter_p90": 2.0,
  "plus_newton_converged_ratio": 1.0,
  "hp_use_log_ab": false,
  "hp_optimizer": "adamw",
  "hp_criterion": "mse",
  "hp_dropout": 0.0,
  "hp_lr": 0.001,
  "hp_weight_decay": 0.0001,
  "hp_hidden_dims": "[256, 256, 128]",
  "hp_hidden_size": 128,
  "hp_num_layers": 2,
  "hp_head_hidden": 64,
  "hp_head_layers": 2,
  "hp_d_model": 32,
  "hp_nhead": 4,
  "hp_ff_dim": 64,
  "hp_use_cls_token": true
}