{
  "trial_id": 2919,
  "trial_name": "trial_2919_transformer",
  "model": "transformer",
  "best_epoch": 59,
  "elapsed_sec": 676.8007826805115,
  "direct_mae": 0.10395416617393494,
  "direct_rmse": 0.13103127479553223,
  "direct_r2": 0.9821276236325502,
  "direct_valid_ratio": 1.0,
  "direct_residual_mean": 0.1311572939157486,
  "direct_residual_median": 0.1065000370144844,
  "direct_residual_p90": 0.2575398713350297,
  "plus_newton_mae": 2.3433618636455624e-08,
  "plus_newton_rmse": 2.9915730089411654e-08,
  "plus_newton_r2": 0.9999999999999991,
  "plus_newton_valid_ratio": 1.0,
  "plus_newton_residual_mean": 3.367887153479744e-14,
  "plus_newton_residual_median": 1.1102230246251565e-16,
  "plus_newton_residual_p90": 4.518607710224387e-14,
  "plus_newton_newton_iter_mean": 2.6101,
  "plus_newton_newton_iter_median": 3.0,
  "plus_newton_newton_iter_p90": 3.0,
  "plus_newton_converged_ratio": 1.0,
  "hp_use_log_ab": true,
  "hp_optimizer": "adamw",
  "hp_criterion": "mse",
  "hp_dropout": 0.1,
  "hp_lr": 0.0005,
  "hp_weight_decay": 1e-05,
  "hp_hidden_dims": "[256, 256, 128]",
  "hp_hidden_size": 128,
  "hp_num_layers": 2,
  "hp_head_hidden": 128,
  "hp_head_layers": 1,
  "hp_d_model": 32,
  "hp_nhead": 4,
  "hp_ff_dim": 128,
  "hp_use_cls_token": false
}{
  "trial_id": 2919,
  "trial_name": "trial_2919_transformer",
  "model": "transformer",
  "best_epoch": 59,
  "elapsed_sec": 676.8007826805115,
  "direct_mae": 0.10395416617393494,
  "direct_rmse": 0.13103127479553223,
  "direct_r2": 0.9821276236325502,
  "direct_valid_ratio": 1.0,
  "direct_residual_mean": 0.1311572939157486,
  "direct_residual_median": 0.1065000370144844,
  "direct_residual_p90": 0.2575398713350297,
  "plus_newton_mae": 2.3433618636455624e-08,
  "plus_newton_rmse": 2.9915730089411654e-08,
  "plus_newton_r2": 0.9999999999999991,
  "plus_newton_valid_ratio": 1.0,
  "plus_newton_residual_mean": 3.367887153479744e-14,
  "plus_newton_residual_median": 1.1102230246251565e-16,
  "plus_newton_residual_p90": 4.518607710224387e-14,
  "plus_newton_newton_iter_mean": 2.6101,
  "plus_newton_newton_iter_median": 3.0,
  "plus_newton_newton_iter_p90": 3.0,
  "plus_newton_converged_ratio": 1.0,
  "hp_use_log_ab": true,
  "hp_optimizer": "adamw",
  "hp_criterion": "mse",
  "hp_dropout": 0.1,
  "hp_lr": 0.0005,
  "hp_weight_decay": 1e-05,
  "hp_hidden_dims": "[256, 256, 128]",
  "hp_hidden_size": 128,
  "hp_num_layers": 2,
  "hp_head_hidden": 128,
  "hp_head_layers": 1,
  "hp_d_model": 32,
  "hp_nhead": 4,
  "hp_ff_dim": 128,
  "hp_use_cls_token": false
}