{
  "trial_id": 99,
  "trial_name": "trial_099_gru",
  "model": "gru",
  "best_epoch": 77,
  "elapsed_sec": 252.12649083137512,
  "direct_mae": 0.3401544392108917,
  "direct_rmse": 0.4168926775455475,
  "direct_r2": 0.8190823644399643,
  "direct_valid_ratio": 1.0,
  "direct_residual_mean": 0.38348448276519775,
  "direct_residual_median": 0.3604305386543274,
  "direct_residual_p90": 0.7266927361488342,
  "plus_newton_mae": 2.34336177712838e-08,
  "plus_newton_rmse": 2.9915730105266814e-08,
  "plus_newton_r2": 0.9999999999999991,
  "plus_newton_valid_ratio": 1.0,
  "plus_newton_residual_mean": 4.385224350960572e-14,
  "plus_newton_residual_median": 1.6653345369377348e-16,
  "plus_newton_residual_p90": 1.0226264279822321e-13,
  "plus_newton_newton_iter_mean": 2.7568,
  "plus_newton_newton_iter_median": 3.0,
  "plus_newton_newton_iter_p90": 3.0,
  "plus_newton_converged_ratio": 1.0,
  "hp_use_log_ab": false,
  "hp_optimizer": "adamw",
  "hp_criterion": "mse",
  "hp_dropout": 0.1,
  "hp_lr": 0.0005,
  "hp_weight_decay": 1e-05,
  "hp_hidden_dims": "[256, 256, 128]",
  "hp_hidden_size": 64,
  "hp_num_layers": 1,
  "hp_head_hidden": 128,
  "hp_head_layers": 1,
  "hp_d_model": 64,
  "hp_nhead": 4,
  "hp_ff_dim": 128,
  "hp_use_cls_token": false
}{
  "trial_id": 99,
  "trial_name": "trial_099_gru",
  "model": "gru",
  "best_epoch": 77,
  "elapsed_sec": 252.12649083137512,
  "direct_mae": 0.3401544392108917,
  "direct_rmse": 0.4168926775455475,
  "direct_r2": 0.8190823644399643,
  "direct_valid_ratio": 1.0,
  "direct_residual_mean": 0.38348448276519775,
  "direct_residual_median": 0.3604305386543274,
  "direct_residual_p90": 0.7266927361488342,
  "plus_newton_mae": 2.34336177712838e-08,
  "plus_newton_rmse": 2.9915730105266814e-08,
  "plus_newton_r2": 0.9999999999999991,
  "plus_newton_valid_ratio": 1.0,
  "plus_newton_residual_mean": 4.385224350960572e-14,
  "plus_newton_residual_median": 1.6653345369377348e-16,
  "plus_newton_residual_p90": 1.0226264279822321e-13,
  "plus_newton_newton_iter_mean": 2.7568,
  "plus_newton_newton_iter_median": 3.0,
  "plus_newton_newton_iter_p90": 3.0,
  "plus_newton_converged_ratio": 1.0,
  "hp_use_log_ab": false,
  "hp_optimizer": "adamw",
  "hp_criterion": "mse",
  "hp_dropout": 0.1,
  "hp_lr": 0.0005,
  "hp_weight_decay": 1e-05,
  "hp_hidden_dims": "[256, 256, 128]",
  "hp_hidden_size": 64,
  "hp_num_layers": 1,
  "hp_head_hidden": 128,
  "hp_head_layers": 1,
  "hp_d_model": 64,
  "hp_nhead": 4,
  "hp_ff_dim": 128,
  "hp_use_cls_token": false
}