{
  "trial_id": 809,
  "trial_name": "trial_809_transformer",
  "model": "transformer",
  "best_epoch": 27,
  "elapsed_sec": 73.03816747665405,
  "direct_mae": 0.3412501811981201,
  "direct_rmse": 0.4170078933238983,
  "direct_r2": 0.8189823478460312,
  "direct_valid_ratio": 1.0,
  "direct_residual_mean": 0.38483738899230957,
  "direct_residual_median": 0.3619164824485779,
  "direct_residual_p90": 0.7210668683052064,
  "plus_newton_mae": 2.3433618875528063e-08,
  "plus_newton_rmse": 2.991573122354646e-08,
  "plus_newton_r2": 0.9999999999999991,
  "plus_newton_valid_ratio": 1.0,
  "plus_newton_residual_mean": 4.249955707072556e-14,
  "plus_newton_residual_median": 1.6653345369377348e-16,
  "plus_newton_residual_p90": 9.808126533172885e-14,
  "plus_newton_newton_iter_mean": 2.7591,
  "plus_newton_newton_iter_median": 3.0,
  "plus_newton_newton_iter_p90": 3.0,
  "plus_newton_converged_ratio": 1.0,
  "hp_use_log_ab": false,
  "hp_optimizer": "adamw",
  "hp_criterion": "mse",
  "hp_dropout": 0.1,
  "hp_lr": 0.0005,
  "hp_weight_decay": 1e-05,
  "hp_hidden_dims": "[256, 256, 128]",
  "hp_hidden_size": 128,
  "hp_num_layers": 1,
  "hp_head_hidden": 128,
  "hp_head_layers": 1,
  "hp_d_model": 64,
  "hp_nhead": 2,
  "hp_ff_dim": 64,
  "hp_use_cls_token": false
}{
  "trial_id": 809,
  "trial_name": "trial_809_transformer",
  "model": "transformer",
  "best_epoch": 27,
  "elapsed_sec": 73.03816747665405,
  "direct_mae": 0.3412501811981201,
  "direct_rmse": 0.4170078933238983,
  "direct_r2": 0.8189823478460312,
  "direct_valid_ratio": 1.0,
  "direct_residual_mean": 0.38483738899230957,
  "direct_residual_median": 0.3619164824485779,
  "direct_residual_p90": 0.7210668683052064,
  "plus_newton_mae": 2.3433618875528063e-08,
  "plus_newton_rmse": 2.991573122354646e-08,
  "plus_newton_r2": 0.9999999999999991,
  "plus_newton_valid_ratio": 1.0,
  "plus_newton_residual_mean": 4.249955707072556e-14,
  "plus_newton_residual_median": 1.6653345369377348e-16,
  "plus_newton_residual_p90": 9.808126533172885e-14,
  "plus_newton_newton_iter_mean": 2.7591,
  "plus_newton_newton_iter_median": 3.0,
  "plus_newton_newton_iter_p90": 3.0,
  "plus_newton_converged_ratio": 1.0,
  "hp_use_log_ab": false,
  "hp_optimizer": "adamw",
  "hp_criterion": "mse",
  "hp_dropout": 0.1,
  "hp_lr": 0.0005,
  "hp_weight_decay": 1e-05,
  "hp_hidden_dims": "[256, 256, 128]",
  "hp_hidden_size": 128,
  "hp_num_layers": 1,
  "hp_head_hidden": 128,
  "hp_head_layers": 1,
  "hp_d_model": 64,
  "hp_nhead": 2,
  "hp_ff_dim": 64,
  "hp_use_cls_token": false
}