{
  "trial_id": 77,
  "trial_name": "trial_077_transformer",
  "model": "transformer",
  "best_epoch": 34,
  "elapsed_sec": 185.37186765670776,
  "direct_mae": 0.34108835458755493,
  "direct_rmse": 0.4170662760734558,
  "direct_r2": 0.8189316540956497,
  "direct_valid_ratio": 1.0,
  "direct_residual_mean": 0.38448888063430786,
  "direct_residual_median": 0.36141064763069153,
  "direct_residual_p90": 0.7213949799537659,
  "plus_newton_mae": 2.343361979160629e-08,
  "plus_newton_rmse": 2.991573173642764e-08,
  "plus_newton_r2": 0.9999999999999991,
  "plus_newton_valid_ratio": 1.0,
  "plus_newton_residual_mean": 4.3784162567144725e-14,
  "plus_newton_residual_median": 1.1102230246251565e-16,
  "plus_newton_residual_p90": 1.0199757705109415e-13,
  "plus_newton_newton_iter_mean": 2.7593,
  "plus_newton_newton_iter_median": 3.0,
  "plus_newton_newton_iter_p90": 3.0,
  "plus_newton_converged_ratio": 1.0,
  "hp_use_log_ab": false,
  "hp_optimizer": "adamw",
  "hp_criterion": "mse",
  "hp_dropout": 0.0,
  "hp_lr": 0.001,
  "hp_weight_decay": 1e-05,
  "hp_hidden_dims": "[256, 256, 128]",
  "hp_hidden_size": 128,
  "hp_num_layers": 2,
  "hp_head_hidden": 64,
  "hp_head_layers": 1,
  "hp_d_model": 64,
  "hp_nhead": 4,
  "hp_ff_dim": 64,
  "hp_use_cls_token": false
}{
  "trial_id": 77,
  "trial_name": "trial_077_transformer",
  "model": "transformer",
  "best_epoch": 34,
  "elapsed_sec": 185.37186765670776,
  "direct_mae": 0.34108835458755493,
  "direct_rmse": 0.4170662760734558,
  "direct_r2": 0.8189316540956497,
  "direct_valid_ratio": 1.0,
  "direct_residual_mean": 0.38448888063430786,
  "direct_residual_median": 0.36141064763069153,
  "direct_residual_p90": 0.7213949799537659,
  "plus_newton_mae": 2.343361979160629e-08,
  "plus_newton_rmse": 2.991573173642764e-08,
  "plus_newton_r2": 0.9999999999999991,
  "plus_newton_valid_ratio": 1.0,
  "plus_newton_residual_mean": 4.3784162567144725e-14,
  "plus_newton_residual_median": 1.1102230246251565e-16,
  "plus_newton_residual_p90": 1.0199757705109415e-13,
  "plus_newton_newton_iter_mean": 2.7593,
  "plus_newton_newton_iter_median": 3.0,
  "plus_newton_newton_iter_p90": 3.0,
  "plus_newton_converged_ratio": 1.0,
  "hp_use_log_ab": false,
  "hp_optimizer": "adamw",
  "hp_criterion": "mse",
  "hp_dropout": 0.0,
  "hp_lr": 0.001,
  "hp_weight_decay": 1e-05,
  "hp_hidden_dims": "[256, 256, 128]",
  "hp_hidden_size": 128,
  "hp_num_layers": 2,
  "hp_head_hidden": 64,
  "hp_head_layers": 1,
  "hp_d_model": 64,
  "hp_nhead": 4,
  "hp_ff_dim": 64,
  "hp_use_cls_token": false
}