{
  "trial_id": 1264,
  "trial_name": "trial_1264_transformer",
  "model": "transformer",
  "best_epoch": 5,
  "elapsed_sec": 42.92279839515686,
  "direct_mae": 0.33988407254219055,
  "direct_rmse": 0.41833314299583435,
  "direct_r2": 0.817829966545105,
  "direct_valid_ratio": 1.0,
  "direct_residual_mean": 0.3855597674846649,
  "direct_residual_median": 0.35477975010871887,
  "direct_residual_p90": 0.763971769809723,
  "plus_newton_mae": 2.3433619909188894e-08,
  "plus_newton_rmse": 2.991573111317885e-08,
  "plus_newton_r2": 0.9999999999999991,
  "plus_newton_valid_ratio": 1.0,
  "plus_newton_residual_mean": 4.512904023655861e-14,
  "plus_newton_residual_median": 1.6653345369377348e-16,
  "plus_newton_residual_p90": 1.057043341745612e-13,
  "plus_newton_newton_iter_mean": 2.7691,
  "plus_newton_newton_iter_median": 3.0,
  "plus_newton_newton_iter_p90": 3.0,
  "plus_newton_converged_ratio": 1.0,
  "hp_use_log_ab": false,
  "hp_optimizer": "adamw",
  "hp_criterion": "smoothl1",
  "hp_dropout": 0.0,
  "hp_lr": 0.001,
  "hp_weight_decay": 0.0001,
  "hp_hidden_dims": "[256, 256, 128]",
  "hp_hidden_size": 128,
  "hp_num_layers": 2,
  "hp_head_hidden": 128,
  "hp_head_layers": 1,
  "hp_d_model": 64,
  "hp_nhead": 4,
  "hp_ff_dim": 128,
  "hp_use_cls_token": true
}{
  "trial_id": 1264,
  "trial_name": "trial_1264_transformer",
  "model": "transformer",
  "best_epoch": 5,
  "elapsed_sec": 42.92279839515686,
  "direct_mae": 0.33988407254219055,
  "direct_rmse": 0.41833314299583435,
  "direct_r2": 0.817829966545105,
  "direct_valid_ratio": 1.0,
  "direct_residual_mean": 0.3855597674846649,
  "direct_residual_median": 0.35477975010871887,
  "direct_residual_p90": 0.763971769809723,
  "plus_newton_mae": 2.3433619909188894e-08,
  "plus_newton_rmse": 2.991573111317885e-08,
  "plus_newton_r2": 0.9999999999999991,
  "plus_newton_valid_ratio": 1.0,
  "plus_newton_residual_mean": 4.512904023655861e-14,
  "plus_newton_residual_median": 1.6653345369377348e-16,
  "plus_newton_residual_p90": 1.057043341745612e-13,
  "plus_newton_newton_iter_mean": 2.7691,
  "plus_newton_newton_iter_median": 3.0,
  "plus_newton_newton_iter_p90": 3.0,
  "plus_newton_converged_ratio": 1.0,
  "hp_use_log_ab": false,
  "hp_optimizer": "adamw",
  "hp_criterion": "smoothl1",
  "hp_dropout": 0.0,
  "hp_lr": 0.001,
  "hp_weight_decay": 0.0001,
  "hp_hidden_dims": "[256, 256, 128]",
  "hp_hidden_size": 128,
  "hp_num_layers": 2,
  "hp_head_hidden": 128,
  "hp_head_layers": 1,
  "hp_d_model": 64,
  "hp_nhead": 4,
  "hp_ff_dim": 128,
  "hp_use_cls_token": true
}