{
  "trial_id": 2236,
  "trial_name": "trial_2236_transformer",
  "model": "transformer",
  "best_epoch": 73,
  "elapsed_sec": 132.15262055397034,
  "direct_mae": 0.0013727694749832153,
  "direct_rmse": 0.001726725953631103,
  "direct_r2": 0.9999968963036281,
  "direct_valid_ratio": 1.0,
  "direct_residual_mean": 0.0016462341882288456,
  "direct_residual_median": 0.0013492368161678314,
  "direct_residual_p90": 0.003457385301589966,
  "plus_newton_mae": 2.3433617495278842e-08,
  "plus_newton_rmse": 2.9915729870387834e-08,
  "plus_newton_r2": 0.9999999999999991,
  "plus_newton_valid_ratio": 1.0,
  "plus_newton_residual_mean": 2.395654782583778e-14,
  "plus_newton_residual_median": 8.326672684688674e-17,
  "plus_newton_residual_p90": 1.5332179970073452e-14,
  "plus_newton_newton_iter_mean": 1.9817,
  "plus_newton_newton_iter_median": 2.0,
  "plus_newton_newton_iter_p90": 2.0,
  "plus_newton_converged_ratio": 1.0,
  "hp_use_log_ab": true,
  "hp_optimizer": "adamw",
  "hp_criterion": "mse",
  "hp_dropout": 0.0,
  "hp_lr": 0.001,
  "hp_weight_decay": 0.0001,
  "hp_hidden_dims": "[256, 256, 128]",
  "hp_hidden_size": 128,
  "hp_num_layers": 1,
  "hp_head_hidden": 128,
  "hp_head_layers": 2,
  "hp_d_model": 64,
  "hp_nhead": 2,
  "hp_ff_dim": 128,
  "hp_use_cls_token": true
}{
  "trial_id": 2236,
  "trial_name": "trial_2236_transformer",
  "model": "transformer",
  "best_epoch": 73,
  "elapsed_sec": 132.15262055397034,
  "direct_mae": 0.0013727694749832153,
  "direct_rmse": 0.001726725953631103,
  "direct_r2": 0.9999968963036281,
  "direct_valid_ratio": 1.0,
  "direct_residual_mean": 0.0016462341882288456,
  "direct_residual_median": 0.0013492368161678314,
  "direct_residual_p90": 0.003457385301589966,
  "plus_newton_mae": 2.3433617495278842e-08,
  "plus_newton_rmse": 2.9915729870387834e-08,
  "plus_newton_r2": 0.9999999999999991,
  "plus_newton_valid_ratio": 1.0,
  "plus_newton_residual_mean": 2.395654782583778e-14,
  "plus_newton_residual_median": 8.326672684688674e-17,
  "plus_newton_residual_p90": 1.5332179970073452e-14,
  "plus_newton_newton_iter_mean": 1.9817,
  "plus_newton_newton_iter_median": 2.0,
  "plus_newton_newton_iter_p90": 2.0,
  "plus_newton_converged_ratio": 1.0,
  "hp_use_log_ab": true,
  "hp_optimizer": "adamw",
  "hp_criterion": "mse",
  "hp_dropout": 0.0,
  "hp_lr": 0.001,
  "hp_weight_decay": 0.0001,
  "hp_hidden_dims": "[256, 256, 128]",
  "hp_hidden_size": 128,
  "hp_num_layers": 1,
  "hp_head_hidden": 128,
  "hp_head_layers": 2,
  "hp_d_model": 64,
  "hp_nhead": 2,
  "hp_ff_dim": 128,
  "hp_use_cls_token": true
}