{
  "trial_id": 1674,
  "trial_name": "trial_1674_transformer",
  "model": "transformer",
  "best_epoch": 27,
  "elapsed_sec": 66.028648853302,
  "direct_mae": 0.3434460163116455,
  "direct_rmse": 0.41803479194641113,
  "direct_r2": 0.8180897235870361,
  "direct_valid_ratio": 1.0,
  "direct_residual_mean": 0.3858698010444641,
  "direct_residual_median": 0.36859259009361267,
  "direct_residual_p90": 0.7098753869533541,
  "plus_newton_mae": 2.3433619357226985e-08,
  "plus_newton_rmse": 2.991573183404636e-08,
  "plus_newton_r2": 0.9999999999999991,
  "plus_newton_valid_ratio": 1.0,
  "plus_newton_residual_mean": 4.689549064430649e-14,
  "plus_newton_residual_median": 2.220446049250313e-16,
  "plus_newton_residual_p90": 1.2989609388114332e-13,
  "plus_newton_newton_iter_mean": 2.7453,
  "plus_newton_newton_iter_median": 3.0,
  "plus_newton_newton_iter_p90": 3.0,
  "plus_newton_converged_ratio": 1.0,
  "hp_use_log_ab": false,
  "hp_optimizer": "adamw",
  "hp_criterion": "smoothl1",
  "hp_dropout": 0.1,
  "hp_lr": 0.001,
  "hp_weight_decay": 0.0001,
  "hp_hidden_dims": "[256, 256, 128]",
  "hp_hidden_size": 128,
  "hp_num_layers": 1,
  "hp_head_hidden": 64,
  "hp_head_layers": 1,
  "hp_d_model": 64,
  "hp_nhead": 2,
  "hp_ff_dim": 64,
  "hp_use_cls_token": true
}{
  "trial_id": 1674,
  "trial_name": "trial_1674_transformer",
  "model": "transformer",
  "best_epoch": 27,
  "elapsed_sec": 66.028648853302,
  "direct_mae": 0.3434460163116455,
  "direct_rmse": 0.41803479194641113,
  "direct_r2": 0.8180897235870361,
  "direct_valid_ratio": 1.0,
  "direct_residual_mean": 0.3858698010444641,
  "direct_residual_median": 0.36859259009361267,
  "direct_residual_p90": 0.7098753869533541,
  "plus_newton_mae": 2.3433619357226985e-08,
  "plus_newton_rmse": 2.991573183404636e-08,
  "plus_newton_r2": 0.9999999999999991,
  "plus_newton_valid_ratio": 1.0,
  "plus_newton_residual_mean": 4.689549064430649e-14,
  "plus_newton_residual_median": 2.220446049250313e-16,
  "plus_newton_residual_p90": 1.2989609388114332e-13,
  "plus_newton_newton_iter_mean": 2.7453,
  "plus_newton_newton_iter_median": 3.0,
  "plus_newton_newton_iter_p90": 3.0,
  "plus_newton_converged_ratio": 1.0,
  "hp_use_log_ab": false,
  "hp_optimizer": "adamw",
  "hp_criterion": "smoothl1",
  "hp_dropout": 0.1,
  "hp_lr": 0.001,
  "hp_weight_decay": 0.0001,
  "hp_hidden_dims": "[256, 256, 128]",
  "hp_hidden_size": 128,
  "hp_num_layers": 1,
  "hp_head_hidden": 64,
  "hp_head_layers": 1,
  "hp_d_model": 64,
  "hp_nhead": 2,
  "hp_ff_dim": 64,
  "hp_use_cls_token": true
}