{
  "trial_id": 2529,
  "trial_name": "trial_2529_transformer",
  "model": "transformer",
  "best_epoch": 56,
  "elapsed_sec": 130.4348042011261,
  "direct_mae": 0.10486243665218353,
  "direct_rmse": 0.13123397529125214,
  "direct_r2": 0.9820722844451666,
  "direct_valid_ratio": 1.0,
  "direct_residual_mean": 0.13211245834827423,
  "direct_residual_median": 0.10984504222869873,
  "direct_residual_p90": 0.254908698797226,
  "plus_newton_mae": 2.3433619536267538e-08,
  "plus_newton_rmse": 2.991573071976265e-08,
  "plus_newton_r2": 0.9999999999999991,
  "plus_newton_valid_ratio": 1.0,
  "plus_newton_residual_mean": 3.607775920543753e-14,
  "plus_newton_residual_median": 1.1102230246251565e-16,
  "plus_newton_residual_p90": 5.675182546127661e-14,
  "plus_newton_newton_iter_mean": 2.6175,
  "plus_newton_newton_iter_median": 3.0,
  "plus_newton_newton_iter_p90": 3.0,
  "plus_newton_converged_ratio": 1.0,
  "hp_use_log_ab": true,
  "hp_optimizer": "adamw",
  "hp_criterion": "mse",
  "hp_dropout": 0.0,
  "hp_lr": 0.0005,
  "hp_weight_decay": 0.0001,
  "hp_hidden_dims": "[256, 256, 128]",
  "hp_hidden_size": 128,
  "hp_num_layers": 2,
  "hp_head_hidden": 128,
  "hp_head_layers": 1,
  "hp_d_model": 32,
  "hp_nhead": 2,
  "hp_ff_dim": 64,
  "hp_use_cls_token": false
}{
  "trial_id": 2529,
  "trial_name": "trial_2529_transformer",
  "model": "transformer",
  "best_epoch": 56,
  "elapsed_sec": 130.4348042011261,
  "direct_mae": 0.10486243665218353,
  "direct_rmse": 0.13123397529125214,
  "direct_r2": 0.9820722844451666,
  "direct_valid_ratio": 1.0,
  "direct_residual_mean": 0.13211245834827423,
  "direct_residual_median": 0.10984504222869873,
  "direct_residual_p90": 0.254908698797226,
  "plus_newton_mae": 2.3433619536267538e-08,
  "plus_newton_rmse": 2.991573071976265e-08,
  "plus_newton_r2": 0.9999999999999991,
  "plus_newton_valid_ratio": 1.0,
  "plus_newton_residual_mean": 3.607775920543753e-14,
  "plus_newton_residual_median": 1.1102230246251565e-16,
  "plus_newton_residual_p90": 5.675182546127661e-14,
  "plus_newton_newton_iter_mean": 2.6175,
  "plus_newton_newton_iter_median": 3.0,
  "plus_newton_newton_iter_p90": 3.0,
  "plus_newton_converged_ratio": 1.0,
  "hp_use_log_ab": true,
  "hp_optimizer": "adamw",
  "hp_criterion": "mse",
  "hp_dropout": 0.0,
  "hp_lr": 0.0005,
  "hp_weight_decay": 0.0001,
  "hp_hidden_dims": "[256, 256, 128]",
  "hp_hidden_size": 128,
  "hp_num_layers": 2,
  "hp_head_hidden": 128,
  "hp_head_layers": 1,
  "hp_d_model": 32,
  "hp_nhead": 2,
  "hp_ff_dim": 64,
  "hp_use_cls_token": false
}