{
  "trial_id": 1809,
  "trial_name": "trial_1809_transformer",
  "model": "transformer",
  "best_epoch": 58,
  "elapsed_sec": 111.85927295684814,
  "direct_mae": 0.012135259807109833,
  "direct_rmse": 0.017658986151218414,
  "direct_r2": 0.999675388506148,
  "direct_valid_ratio": 1.0,
  "direct_residual_mean": 0.014494028873741627,
  "direct_residual_median": 0.011398836970329285,
  "direct_residual_p90": 0.029802469909191144,
  "plus_newton_mae": 2.3433618084703428e-08,
  "plus_newton_rmse": 2.991573031979643e-08,
  "plus_newton_r2": 0.9999999999999991,
  "plus_newton_valid_ratio": 1.0,
  "plus_newton_residual_mean": 3.2334230055692805e-14,
  "plus_newton_residual_median": 1.1102230246251565e-16,
  "plus_newton_residual_p90": 5.474509734426651e-14,
  "plus_newton_newton_iter_mean": 2.2092,
  "plus_newton_newton_iter_median": 2.0,
  "plus_newton_newton_iter_p90": 3.0,
  "plus_newton_converged_ratio": 1.0,
  "hp_use_log_ab": false,
  "hp_optimizer": "adamw",
  "hp_criterion": "smoothl1",
  "hp_dropout": 0.1,
  "hp_lr": 0.0005,
  "hp_weight_decay": 1e-05,
  "hp_hidden_dims": "[256, 256, 128]",
  "hp_hidden_size": 128,
  "hp_num_layers": 1,
  "hp_head_hidden": 64,
  "hp_head_layers": 2,
  "hp_d_model": 32,
  "hp_nhead": 2,
  "hp_ff_dim": 64,
  "hp_use_cls_token": false
}{
  "trial_id": 1809,
  "trial_name": "trial_1809_transformer",
  "model": "transformer",
  "best_epoch": 58,
  "elapsed_sec": 111.85927295684814,
  "direct_mae": 0.012135259807109833,
  "direct_rmse": 0.017658986151218414,
  "direct_r2": 0.999675388506148,
  "direct_valid_ratio": 1.0,
  "direct_residual_mean": 0.014494028873741627,
  "direct_residual_median": 0.011398836970329285,
  "direct_residual_p90": 0.029802469909191144,
  "plus_newton_mae": 2.3433618084703428e-08,
  "plus_newton_rmse": 2.991573031979643e-08,
  "plus_newton_r2": 0.9999999999999991,
  "plus_newton_valid_ratio": 1.0,
  "plus_newton_residual_mean": 3.2334230055692805e-14,
  "plus_newton_residual_median": 1.1102230246251565e-16,
  "plus_newton_residual_p90": 5.474509734426651e-14,
  "plus_newton_newton_iter_mean": 2.2092,
  "plus_newton_newton_iter_median": 2.0,
  "plus_newton_newton_iter_p90": 3.0,
  "plus_newton_converged_ratio": 1.0,
  "hp_use_log_ab": false,
  "hp_optimizer": "adamw",
  "hp_criterion": "smoothl1",
  "hp_dropout": 0.1,
  "hp_lr": 0.0005,
  "hp_weight_decay": 1e-05,
  "hp_hidden_dims": "[256, 256, 128]",
  "hp_hidden_size": 128,
  "hp_num_layers": 1,
  "hp_head_hidden": 64,
  "hp_head_layers": 2,
  "hp_d_model": 32,
  "hp_nhead": 2,
  "hp_ff_dim": 64,
  "hp_use_cls_token": false
}