{
  "trial_id": 1416,
  "trial_name": "trial_1416_transformer",
  "model": "transformer",
  "best_epoch": 24,
  "elapsed_sec": 60.73968195915222,
  "direct_mae": 0.3385448753833771,
  "direct_rmse": 0.41808977723121643,
  "direct_r2": 0.8180418759584427,
  "direct_valid_ratio": 1.0,
  "direct_residual_mean": 0.3815918564796448,
  "direct_residual_median": 0.3528587520122528,
  "direct_residual_p90": 0.7572385251522066,
  "plus_newton_mae": 2.3433618586467452e-08,
  "plus_newton_rmse": 2.9915730259159565e-08,
  "plus_newton_r2": 0.9999999999999991,
  "plus_newton_valid_ratio": 1.0,
  "plus_newton_residual_mean": 4.1930521015741724e-14,
  "plus_newton_residual_median": 1.3877787807814457e-16,
  "plus_newton_residual_p90": 9.31310584206816e-14,
  "plus_newton_newton_iter_mean": 2.7548,
  "plus_newton_newton_iter_median": 3.0,
  "plus_newton_newton_iter_p90": 3.0,
  "plus_newton_converged_ratio": 1.0,
  "hp_use_log_ab": false,
  "hp_optimizer": "adamw",
  "hp_criterion": "smoothl1",
  "hp_dropout": 0.0,
  "hp_lr": 0.0005,
  "hp_weight_decay": 0.0001,
  "hp_hidden_dims": "[256, 256, 128]",
  "hp_hidden_size": 128,
  "hp_num_layers": 1,
  "hp_head_hidden": 64,
  "hp_head_layers": 1,
  "hp_d_model": 32,
  "hp_nhead": 4,
  "hp_ff_dim": 128,
  "hp_use_cls_token": true
}{
  "trial_id": 1416,
  "trial_name": "trial_1416_transformer",
  "model": "transformer",
  "best_epoch": 24,
  "elapsed_sec": 60.73968195915222,
  "direct_mae": 0.3385448753833771,
  "direct_rmse": 0.41808977723121643,
  "direct_r2": 0.8180418759584427,
  "direct_valid_ratio": 1.0,
  "direct_residual_mean": 0.3815918564796448,
  "direct_residual_median": 0.3528587520122528,
  "direct_residual_p90": 0.7572385251522066,
  "plus_newton_mae": 2.3433618586467452e-08,
  "plus_newton_rmse": 2.9915730259159565e-08,
  "plus_newton_r2": 0.9999999999999991,
  "plus_newton_valid_ratio": 1.0,
  "plus_newton_residual_mean": 4.1930521015741724e-14,
  "plus_newton_residual_median": 1.3877787807814457e-16,
  "plus_newton_residual_p90": 9.31310584206816e-14,
  "plus_newton_newton_iter_mean": 2.7548,
  "plus_newton_newton_iter_median": 3.0,
  "plus_newton_newton_iter_p90": 3.0,
  "plus_newton_converged_ratio": 1.0,
  "hp_use_log_ab": false,
  "hp_optimizer": "adamw",
  "hp_criterion": "smoothl1",
  "hp_dropout": 0.0,
  "hp_lr": 0.0005,
  "hp_weight_decay": 0.0001,
  "hp_hidden_dims": "[256, 256, 128]",
  "hp_hidden_size": 128,
  "hp_num_layers": 1,
  "hp_head_hidden": 64,
  "hp_head_layers": 1,
  "hp_d_model": 32,
  "hp_nhead": 4,
  "hp_ff_dim": 128,
  "hp_use_cls_token": true
}