{
  "trial_id": 1,
  "trial_name": "trial_001_gru",
  "model": "gru",
  "best_epoch": 47,
  "elapsed_sec": 156.32216477394104,
  "direct_mae": 0.34091880917549133,
  "direct_rmse": 0.41696977615356445,
  "direct_r2": 0.8190154284238815,
  "direct_valid_ratio": 1.0,
  "direct_residual_mean": 0.3837975561618805,
  "direct_residual_median": 0.3619161546230316,
  "direct_residual_p90": 0.7201452493667604,
  "plus_newton_mae": 2.3433620267463476e-08,
  "plus_newton_rmse": 2.991573201363455e-08,
  "plus_newton_r2": 0.9999999999999991,
  "plus_newton_valid_ratio": 1.0,
  "plus_newton_residual_mean": 4.3471396448937293e-14,
  "plus_newton_residual_median": 1.8735013540549517e-16,
  "plus_newton_residual_p90": 9.980904991380157e-14,
  "plus_newton_newton_iter_mean": 2.7539,
  "plus_newton_newton_iter_median": 3.0,
  "plus_newton_newton_iter_p90": 3.0,
  "plus_newton_converged_ratio": 1.0,
  "hp_use_log_ab": false,
  "hp_optimizer": "adamw",
  "hp_criterion": "mse",
  "hp_dropout": 0.0,
  "hp_lr": 0.001,
  "hp_weight_decay": 1e-05,
  "hp_hidden_dims": "[256, 256, 128]",
  "hp_hidden_size": 64,
  "hp_num_layers": 1,
  "hp_head_hidden": 64,
  "hp_head_layers": 1,
  "hp_d_model": 64,
  "hp_nhead": 4,
  "hp_ff_dim": 128,
  "hp_use_cls_token": false
}{
  "trial_id": 1,
  "trial_name": "trial_001_gru",
  "model": "gru",
  "best_epoch": 47,
  "elapsed_sec": 156.32216477394104,
  "direct_mae": 0.34091880917549133,
  "direct_rmse": 0.41696977615356445,
  "direct_r2": 0.8190154284238815,
  "direct_valid_ratio": 1.0,
  "direct_residual_mean": 0.3837975561618805,
  "direct_residual_median": 0.3619161546230316,
  "direct_residual_p90": 0.7201452493667604,
  "plus_newton_mae": 2.3433620267463476e-08,
  "plus_newton_rmse": 2.991573201363455e-08,
  "plus_newton_r2": 0.9999999999999991,
  "plus_newton_valid_ratio": 1.0,
  "plus_newton_residual_mean": 4.3471396448937293e-14,
  "plus_newton_residual_median": 1.8735013540549517e-16,
  "plus_newton_residual_p90": 9.980904991380157e-14,
  "plus_newton_newton_iter_mean": 2.7539,
  "plus_newton_newton_iter_median": 3.0,
  "plus_newton_newton_iter_p90": 3.0,
  "plus_newton_converged_ratio": 1.0,
  "hp_use_log_ab": false,
  "hp_optimizer": "adamw",
  "hp_criterion": "mse",
  "hp_dropout": 0.0,
  "hp_lr": 0.001,
  "hp_weight_decay": 1e-05,
  "hp_hidden_dims": "[256, 256, 128]",
  "hp_hidden_size": 64,
  "hp_num_layers": 1,
  "hp_head_hidden": 64,
  "hp_head_layers": 1,
  "hp_d_model": 64,
  "hp_nhead": 4,
  "hp_ff_dim": 128,
  "hp_use_cls_token": false
}