{
  "trial_id": 350,
  "trial_name": "trial_350_transformer",
  "model": "transformer",
  "best_epoch": 115,
  "elapsed_sec": 393.56889128685,
  "direct_mae": 0.0030361358076334,
  "direct_rmse": 0.00379104632884264,
  "direct_r2": 0.9999850393460292,
  "direct_valid_ratio": 1.0,
  "direct_residual_mean": 0.0036701324861496687,
  "direct_residual_median": 0.003113850951194763,
  "direct_residual_p90": 0.007301628589630129,
  "plus_newton_mae": 2.3433618702576756e-08,
  "plus_newton_rmse": 2.991573166228846e-08,
  "plus_newton_r2": 0.9999999999999991,
  "plus_newton_valid_ratio": 1.0,
  "plus_newton_residual_mean": 2.2630906733493783e-14,
  "plus_newton_residual_median": 1.1102230246251565e-16,
  "plus_newton_residual_p90": 2.2426505097428162e-14,
  "plus_newton_newton_iter_mean": 2.0509,
  "plus_newton_newton_iter_median": 2.0,
  "plus_newton_newton_iter_p90": 2.0,
  "plus_newton_converged_ratio": 1.0,
  "hp_use_log_ab": false,
  "hp_optimizer": "adamw",
  "hp_criterion": "mse",
  "hp_dropout": 0.0,
  "hp_lr": 0.0005,
  "hp_weight_decay": 1e-05,
  "hp_hidden_dims": "[256, 256, 128]",
  "hp_hidden_size": 128,
  "hp_num_layers": 2,
  "hp_head_hidden": 64,
  "hp_head_layers": 2,
  "hp_d_model": 64,
  "hp_nhead": 4,
  "hp_ff_dim": 64,
  "hp_use_cls_token": true
}{
  "trial_id": 350,
  "trial_name": "trial_350_transformer",
  "model": "transformer",
  "best_epoch": 115,
  "elapsed_sec": 393.56889128685,
  "direct_mae": 0.0030361358076334,
  "direct_rmse": 0.00379104632884264,
  "direct_r2": 0.9999850393460292,
  "direct_valid_ratio": 1.0,
  "direct_residual_mean": 0.0036701324861496687,
  "direct_residual_median": 0.003113850951194763,
  "direct_residual_p90": 0.007301628589630129,
  "plus_newton_mae": 2.3433618702576756e-08,
  "plus_newton_rmse": 2.991573166228846e-08,
  "plus_newton_r2": 0.9999999999999991,
  "plus_newton_valid_ratio": 1.0,
  "plus_newton_residual_mean": 2.2630906733493783e-14,
  "plus_newton_residual_median": 1.1102230246251565e-16,
  "plus_newton_residual_p90": 2.2426505097428162e-14,
  "plus_newton_newton_iter_mean": 2.0509,
  "plus_newton_newton_iter_median": 2.0,
  "plus_newton_newton_iter_p90": 2.0,
  "plus_newton_converged_ratio": 1.0,
  "hp_use_log_ab": false,
  "hp_optimizer": "adamw",
  "hp_criterion": "mse",
  "hp_dropout": 0.0,
  "hp_lr": 0.0005,
  "hp_weight_decay": 1e-05,
  "hp_hidden_dims": "[256, 256, 128]",
  "hp_hidden_size": 128,
  "hp_num_layers": 2,
  "hp_head_hidden": 64,
  "hp_head_layers": 2,
  "hp_d_model": 64,
  "hp_nhead": 4,
  "hp_ff_dim": 64,
  "hp_use_cls_token": true
}