{
  "trial_id": 1029,
  "trial_name": "trial_1029_transformer",
  "model": "transformer",
  "best_epoch": 5,
  "elapsed_sec": 33.848694801330566,
  "direct_mae": 0.3398658335208893,
  "direct_rmse": 0.4186899960041046,
  "direct_r2": 0.8175190538167953,
  "direct_valid_ratio": 1.0,
  "direct_residual_mean": 0.385651171207428,
  "direct_residual_median": 0.35462743043899536,
  "direct_residual_p90": 0.7695675253868104,
  "plus_newton_mae": 2.3433620431394593e-08,
  "plus_newton_rmse": 2.991573100418335e-08,
  "plus_newton_r2": 0.9999999999999991,
  "plus_newton_valid_ratio": 1.0,
  "plus_newton_residual_mean": 4.2350071532879067e-14,
  "plus_newton_residual_median": 1.3877787807814457e-16,
  "plus_newton_residual_p90": 9.259537581129963e-14,
  "plus_newton_newton_iter_mean": 2.7685,
  "plus_newton_newton_iter_median": 3.0,
  "plus_newton_newton_iter_p90": 3.0,
  "plus_newton_converged_ratio": 1.0,
  "hp_use_log_ab": false,
  "hp_optimizer": "adamw",
  "hp_criterion": "smoothl1",
  "hp_dropout": 0.0,
  "hp_lr": 0.001,
  "hp_weight_decay": 1e-05,
  "hp_hidden_dims": "[256, 256, 128]",
  "hp_hidden_size": 128,
  "hp_num_layers": 1,
  "hp_head_hidden": 64,
  "hp_head_layers": 1,
  "hp_d_model": 32,
  "hp_nhead": 4,
  "hp_ff_dim": 64,
  "hp_use_cls_token": false
}{
  "trial_id": 1029,
  "trial_name": "trial_1029_transformer",
  "model": "transformer",
  "best_epoch": 5,
  "elapsed_sec": 33.848694801330566,
  "direct_mae": 0.3398658335208893,
  "direct_rmse": 0.4186899960041046,
  "direct_r2": 0.8175190538167953,
  "direct_valid_ratio": 1.0,
  "direct_residual_mean": 0.385651171207428,
  "direct_residual_median": 0.35462743043899536,
  "direct_residual_p90": 0.7695675253868104,
  "plus_newton_mae": 2.3433620431394593e-08,
  "plus_newton_rmse": 2.991573100418335e-08,
  "plus_newton_r2": 0.9999999999999991,
  "plus_newton_valid_ratio": 1.0,
  "plus_newton_residual_mean": 4.2350071532879067e-14,
  "plus_newton_residual_median": 1.3877787807814457e-16,
  "plus_newton_residual_p90": 9.259537581129963e-14,
  "plus_newton_newton_iter_mean": 2.7685,
  "plus_newton_newton_iter_median": 3.0,
  "plus_newton_newton_iter_p90": 3.0,
  "plus_newton_converged_ratio": 1.0,
  "hp_use_log_ab": false,
  "hp_optimizer": "adamw",
  "hp_criterion": "smoothl1",
  "hp_dropout": 0.0,
  "hp_lr": 0.001,
  "hp_weight_decay": 1e-05,
  "hp_hidden_dims": "[256, 256, 128]",
  "hp_hidden_size": 128,
  "hp_num_layers": 1,
  "hp_head_hidden": 64,
  "hp_head_layers": 1,
  "hp_d_model": 32,
  "hp_nhead": 4,
  "hp_ff_dim": 64,
  "hp_use_cls_token": false
}