{
  "trial_id": 2102,
  "trial_name": "trial_2102_transformer",
  "model": "transformer",
  "best_epoch": 118,
  "elapsed_sec": 172.4211347103119,
  "direct_mae": 0.0012123782653361559,
  "direct_rmse": 0.0015670399880036712,
  "direct_r2": 0.9999974438135268,
  "direct_valid_ratio": 1.0,
  "direct_residual_mean": 0.0014761240454390645,
  "direct_residual_median": 0.001142352819442749,
  "direct_residual_p90": 0.0031491637229919436,
  "plus_newton_mae": 2.343361926207153e-08,
  "plus_newton_rmse": 2.991573068065097e-08,
  "plus_newton_r2": 0.9999999999999991,
  "plus_newton_valid_ratio": 1.0,
  "plus_newton_residual_mean": 2.7165619590549928e-14,
  "plus_newton_residual_median": 1.1102230246251565e-16,
  "plus_newton_residual_p90": 2.156885781090524e-14,
  "plus_newton_newton_iter_mean": 1.9639,
  "plus_newton_newton_iter_median": 2.0,
  "plus_newton_newton_iter_p90": 2.0,
  "plus_newton_converged_ratio": 1.0,
  "hp_use_log_ab": true,
  "hp_optimizer": "adamw",
  "hp_criterion": "mse",
  "hp_dropout": 0.0,
  "hp_lr": 0.001,
  "hp_weight_decay": 1e-05,
  "hp_hidden_dims": "[256, 256, 128]",
  "hp_hidden_size": 128,
  "hp_num_layers": 1,
  "hp_head_hidden": 128,
  "hp_head_layers": 2,
  "hp_d_model": 32,
  "hp_nhead": 4,
  "hp_ff_dim": 64,
  "hp_use_cls_token": true
}{
  "trial_id": 2102,
  "trial_name": "trial_2102_transformer",
  "model": "transformer",
  "best_epoch": 118,
  "elapsed_sec": 172.4211347103119,
  "direct_mae": 0.0012123782653361559,
  "direct_rmse": 0.0015670399880036712,
  "direct_r2": 0.9999974438135268,
  "direct_valid_ratio": 1.0,
  "direct_residual_mean": 0.0014761240454390645,
  "direct_residual_median": 0.001142352819442749,
  "direct_residual_p90": 0.0031491637229919436,
  "plus_newton_mae": 2.343361926207153e-08,
  "plus_newton_rmse": 2.991573068065097e-08,
  "plus_newton_r2": 0.9999999999999991,
  "plus_newton_valid_ratio": 1.0,
  "plus_newton_residual_mean": 2.7165619590549928e-14,
  "plus_newton_residual_median": 1.1102230246251565e-16,
  "plus_newton_residual_p90": 2.156885781090524e-14,
  "plus_newton_newton_iter_mean": 1.9639,
  "plus_newton_newton_iter_median": 2.0,
  "plus_newton_newton_iter_p90": 2.0,
  "plus_newton_converged_ratio": 1.0,
  "hp_use_log_ab": true,
  "hp_optimizer": "adamw",
  "hp_criterion": "mse",
  "hp_dropout": 0.0,
  "hp_lr": 0.001,
  "hp_weight_decay": 1e-05,
  "hp_hidden_dims": "[256, 256, 128]",
  "hp_hidden_size": 128,
  "hp_num_layers": 1,
  "hp_head_hidden": 128,
  "hp_head_layers": 2,
  "hp_d_model": 32,
  "hp_nhead": 4,
  "hp_ff_dim": 64,
  "hp_use_cls_token": true
}