{
  "trial_id": 1339,
  "trial_name": "trial_1339_transformer",
  "model": "transformer",
  "best_epoch": 81,
  "elapsed_sec": 140.9018428325653,
  "direct_mae": 0.0019631236791610718,
  "direct_rmse": 0.0027119386941194534,
  "direct_r2": 0.9999923441728242,
  "direct_valid_ratio": 1.0,
  "direct_residual_mean": 0.0023452965542674065,
  "direct_residual_median": 0.0018282998353242874,
  "direct_residual_p90": 0.004732348769903184,
  "plus_newton_mae": 2.3433618703546026e-08,
  "plus_newton_rmse": 2.9915730366038116e-08,
  "plus_newton_r2": 0.9999999999999991,
  "plus_newton_valid_ratio": 1.0,
  "plus_newton_residual_mean": 2.506563506982849e-14,
  "plus_newton_residual_median": 1.1102230246251565e-16,
  "plus_newton_residual_p90": 2.398081733190338e-14,
  "plus_newton_newton_iter_mean": 1.9925,
  "plus_newton_newton_iter_median": 2.0,
  "plus_newton_newton_iter_p90": 2.0,
  "plus_newton_converged_ratio": 1.0,
  "hp_use_log_ab": false,
  "hp_optimizer": "adamw",
  "hp_criterion": "smoothl1",
  "hp_dropout": 0.0,
  "hp_lr": 0.0005,
  "hp_weight_decay": 1e-05,
  "hp_hidden_dims": "[256, 256, 128]",
  "hp_hidden_size": 128,
  "hp_num_layers": 1,
  "hp_head_hidden": 128,
  "hp_head_layers": 2,
  "hp_d_model": 64,
  "hp_nhead": 2,
  "hp_ff_dim": 128,
  "hp_use_cls_token": false
}{
  "trial_id": 1339,
  "trial_name": "trial_1339_transformer",
  "model": "transformer",
  "best_epoch": 81,
  "elapsed_sec": 140.9018428325653,
  "direct_mae": 0.0019631236791610718,
  "direct_rmse": 0.0027119386941194534,
  "direct_r2": 0.9999923441728242,
  "direct_valid_ratio": 1.0,
  "direct_residual_mean": 0.0023452965542674065,
  "direct_residual_median": 0.0018282998353242874,
  "direct_residual_p90": 0.004732348769903184,
  "plus_newton_mae": 2.3433618703546026e-08,
  "plus_newton_rmse": 2.9915730366038116e-08,
  "plus_newton_r2": 0.9999999999999991,
  "plus_newton_valid_ratio": 1.0,
  "plus_newton_residual_mean": 2.506563506982849e-14,
  "plus_newton_residual_median": 1.1102230246251565e-16,
  "plus_newton_residual_p90": 2.398081733190338e-14,
  "plus_newton_newton_iter_mean": 1.9925,
  "plus_newton_newton_iter_median": 2.0,
  "plus_newton_newton_iter_p90": 2.0,
  "plus_newton_converged_ratio": 1.0,
  "hp_use_log_ab": false,
  "hp_optimizer": "adamw",
  "hp_criterion": "smoothl1",
  "hp_dropout": 0.0,
  "hp_lr": 0.0005,
  "hp_weight_decay": 1e-05,
  "hp_hidden_dims": "[256, 256, 128]",
  "hp_hidden_size": 128,
  "hp_num_layers": 1,
  "hp_head_hidden": 128,
  "hp_head_layers": 2,
  "hp_d_model": 64,
  "hp_nhead": 2,
  "hp_ff_dim": 128,
  "hp_use_cls_token": false
}