{
  "trial_id": 22,
  "trial_name": "trial_022_mlp",
  "model": "mlp",
  "best_epoch": 20,
  "elapsed_sec": 102.04163026809692,
  "direct_mae": 0.006796268280595541,
  "direct_rmse": 0.009370039217174053,
  "direct_r2": 0.9999086065145093,
  "direct_valid_ratio": 1.0,
  "direct_residual_mean": 0.00867807399481535,
  "direct_residual_median": 0.00613061897456646,
  "direct_residual_p90": 0.017701482772827154,
  "plus_newton_mae": 2.3433617604127013e-08,
  "plus_newton_rmse": 2.991573088099297e-08,
  "plus_newton_r2": 0.9999999999999991,
  "plus_newton_valid_ratio": 1.0,
  "plus_newton_residual_mean": 3.186745112457933e-14,
  "plus_newton_residual_median": 1.1102230246251565e-16,
  "plus_newton_residual_p90": 4.9971138338378336e-14,
  "plus_newton_newton_iter_mean": 2.1321,
  "plus_newton_newton_iter_median": 2.0,
  "plus_newton_newton_iter_p90": 3.0,
  "plus_newton_converged_ratio": 1.0,
  "hp_use_log_ab": false,
  "hp_optimizer": "adamw",
  "hp_criterion": "mse",
  "hp_dropout": 0.1,
  "hp_lr": 0.0005,
  "hp_weight_decay": 0.0001,
  "hp_hidden_dims": "[256, 256, 128]",
  "hp_hidden_size": 128,
  "hp_num_layers": 2,
  "hp_head_hidden": 128,
  "hp_head_layers": 2,
  "hp_d_model": 64,
  "hp_nhead": 4,
  "hp_ff_dim": 128,
  "hp_use_cls_token": false
}{
  "trial_id": 22,
  "trial_name": "trial_022_mlp",
  "model": "mlp",
  "best_epoch": 20,
  "elapsed_sec": 102.04163026809692,
  "direct_mae": 0.006796268280595541,
  "direct_rmse": 0.009370039217174053,
  "direct_r2": 0.9999086065145093,
  "direct_valid_ratio": 1.0,
  "direct_residual_mean": 0.00867807399481535,
  "direct_residual_median": 0.00613061897456646,
  "direct_residual_p90": 0.017701482772827154,
  "plus_newton_mae": 2.3433617604127013e-08,
  "plus_newton_rmse": 2.991573088099297e-08,
  "plus_newton_r2": 0.9999999999999991,
  "plus_newton_valid_ratio": 1.0,
  "plus_newton_residual_mean": 3.186745112457933e-14,
  "plus_newton_residual_median": 1.1102230246251565e-16,
  "plus_newton_residual_p90": 4.9971138338378336e-14,
  "plus_newton_newton_iter_mean": 2.1321,
  "plus_newton_newton_iter_median": 2.0,
  "plus_newton_newton_iter_p90": 3.0,
  "plus_newton_converged_ratio": 1.0,
  "hp_use_log_ab": false,
  "hp_optimizer": "adamw",
  "hp_criterion": "mse",
  "hp_dropout": 0.1,
  "hp_lr": 0.0005,
  "hp_weight_decay": 0.0001,
  "hp_hidden_dims": "[256, 256, 128]",
  "hp_hidden_size": 128,
  "hp_num_layers": 2,
  "hp_head_hidden": 128,
  "hp_head_layers": 2,
  "hp_d_model": 64,
  "hp_nhead": 4,
  "hp_ff_dim": 128,
  "hp_use_cls_token": false
}