{
  "trial_id": 39,
  "trial_name": "trial_039_mlp",
  "model": "mlp",
  "best_epoch": 23,
  "elapsed_sec": 129.50566506385803,
  "direct_mae": 0.007630570326000452,
  "direct_rmse": 0.010905260220170021,
  "direct_r2": 0.9998762046161573,
  "direct_valid_ratio": 1.0,
  "direct_residual_mean": 0.010188345797359943,
  "direct_residual_median": 0.0061133019626140594,
  "direct_residual_p90": 0.023281520605087286,
  "plus_newton_mae": 2.343362055221855e-08,
  "plus_newton_rmse": 2.991573284625938e-08,
  "plus_newton_r2": 0.9999999999999991,
  "plus_newton_valid_ratio": 1.0,
  "plus_newton_residual_mean": 2.788119206105979e-14,
  "plus_newton_residual_median": 1.1102230246251565e-16,
  "plus_newton_residual_p90": 3.064215547965432e-14,
  "plus_newton_newton_iter_mean": 2.1725,
  "plus_newton_newton_iter_median": 2.0,
  "plus_newton_newton_iter_p90": 3.0,
  "plus_newton_converged_ratio": 1.0,
  "hp_use_log_ab": false,
  "hp_optimizer": "adamw",
  "hp_criterion": "smoothl1",
  "hp_dropout": 0.1,
  "hp_lr": 0.001,
  "hp_weight_decay": 1e-05,
  "hp_hidden_dims": "[256, 128, 64]",
  "hp_hidden_size": 128,
  "hp_num_layers": 2,
  "hp_head_hidden": 128,
  "hp_head_layers": 2,
  "hp_d_model": 64,
  "hp_nhead": 4,
  "hp_ff_dim": 128,
  "hp_use_cls_token": false
}{
  "trial_id": 39,
  "trial_name": "trial_039_mlp",
  "model": "mlp",
  "best_epoch": 23,
  "elapsed_sec": 129.50566506385803,
  "direct_mae": 0.007630570326000452,
  "direct_rmse": 0.010905260220170021,
  "direct_r2": 0.9998762046161573,
  "direct_valid_ratio": 1.0,
  "direct_residual_mean": 0.010188345797359943,
  "direct_residual_median": 0.0061133019626140594,
  "direct_residual_p90": 0.023281520605087286,
  "plus_newton_mae": 2.343362055221855e-08,
  "plus_newton_rmse": 2.991573284625938e-08,
  "plus_newton_r2": 0.9999999999999991,
  "plus_newton_valid_ratio": 1.0,
  "plus_newton_residual_mean": 2.788119206105979e-14,
  "plus_newton_residual_median": 1.1102230246251565e-16,
  "plus_newton_residual_p90": 3.064215547965432e-14,
  "plus_newton_newton_iter_mean": 2.1725,
  "plus_newton_newton_iter_median": 2.0,
  "plus_newton_newton_iter_p90": 3.0,
  "plus_newton_converged_ratio": 1.0,
  "hp_use_log_ab": false,
  "hp_optimizer": "adamw",
  "hp_criterion": "smoothl1",
  "hp_dropout": 0.1,
  "hp_lr": 0.001,
  "hp_weight_decay": 1e-05,
  "hp_hidden_dims": "[256, 128, 64]",
  "hp_hidden_size": 128,
  "hp_num_layers": 2,
  "hp_head_hidden": 128,
  "hp_head_layers": 2,
  "hp_d_model": 64,
  "hp_nhead": 4,
  "hp_ff_dim": 128,
  "hp_use_cls_token": false
}