{
  "trial_id": 1005,
  "trial_name": "trial_1005_transformer",
  "model": "transformer",
  "best_epoch": 34,
  "elapsed_sec": 94.14365863800049,
  "direct_mae": 0.3408581614494324,
  "direct_rmse": 0.4169827401638031,
  "direct_r2": 0.819004163146019,
  "direct_valid_ratio": 1.0,
  "direct_residual_mean": 0.3838740289211273,
  "direct_residual_median": 0.36089223623275757,
  "direct_residual_p90": 0.7194027185440064,
  "plus_newton_mae": 2.3433619611520132e-08,
  "plus_newton_rmse": 2.991573183132837e-08,
  "plus_newton_r2": 0.9999999999999991,
  "plus_newton_valid_ratio": 1.0,
  "plus_newton_residual_mean": 4.333279374235484e-14,
  "plus_newton_residual_median": 1.3877787807814457e-16,
  "plus_newton_residual_p90": 1.0051959264956183e-13,
  "plus_newton_newton_iter_mean": 2.7566,
  "plus_newton_newton_iter_median": 3.0,
  "plus_newton_newton_iter_p90": 3.0,
  "plus_newton_converged_ratio": 1.0,
  "hp_use_log_ab": false,
  "hp_optimizer": "adamw",
  "hp_criterion": "mse",
  "hp_dropout": 0.1,
  "hp_lr": 0.0005,
  "hp_weight_decay": 0.0001,
  "hp_hidden_dims": "[256, 256, 128]",
  "hp_hidden_size": 128,
  "hp_num_layers": 2,
  "hp_head_hidden": 128,
  "hp_head_layers": 1,
  "hp_d_model": 64,
  "hp_nhead": 4,
  "hp_ff_dim": 64,
  "hp_use_cls_token": false
}{
  "trial_id": 1005,
  "trial_name": "trial_1005_transformer",
  "model": "transformer",
  "best_epoch": 34,
  "elapsed_sec": 94.14365863800049,
  "direct_mae": 0.3408581614494324,
  "direct_rmse": 0.4169827401638031,
  "direct_r2": 0.819004163146019,
  "direct_valid_ratio": 1.0,
  "direct_residual_mean": 0.3838740289211273,
  "direct_residual_median": 0.36089223623275757,
  "direct_residual_p90": 0.7194027185440064,
  "plus_newton_mae": 2.3433619611520132e-08,
  "plus_newton_rmse": 2.991573183132837e-08,
  "plus_newton_r2": 0.9999999999999991,
  "plus_newton_valid_ratio": 1.0,
  "plus_newton_residual_mean": 4.333279374235484e-14,
  "plus_newton_residual_median": 1.3877787807814457e-16,
  "plus_newton_residual_p90": 1.0051959264956183e-13,
  "plus_newton_newton_iter_mean": 2.7566,
  "plus_newton_newton_iter_median": 3.0,
  "plus_newton_newton_iter_p90": 3.0,
  "plus_newton_converged_ratio": 1.0,
  "hp_use_log_ab": false,
  "hp_optimizer": "adamw",
  "hp_criterion": "mse",
  "hp_dropout": 0.1,
  "hp_lr": 0.0005,
  "hp_weight_decay": 0.0001,
  "hp_hidden_dims": "[256, 256, 128]",
  "hp_hidden_size": 128,
  "hp_num_layers": 2,
  "hp_head_hidden": 128,
  "hp_head_layers": 1,
  "hp_d_model": 64,
  "hp_nhead": 4,
  "hp_ff_dim": 64,
  "hp_use_cls_token": false
}