{
  "trial_id": 444,
  "trial_name": "trial_444_lstm",
  "model": "lstm",
  "best_epoch": 118,
  "elapsed_sec": 255.5853898525238,
  "direct_mae": 0.0012151394039392471,
  "direct_rmse": 0.0015590632101520896,
  "direct_r2": 0.9999974697709604,
  "direct_valid_ratio": 1.0,
  "direct_residual_mean": 0.0014831385342404246,
  "direct_residual_median": 0.0011634007096290588,
  "direct_residual_p90": 0.0032365441322326667,
  "plus_newton_mae": 2.3433616576752797e-08,
  "plus_newton_rmse": 2.991572902876281e-08,
  "plus_newton_r2": 0.9999999999999991,
  "plus_newton_valid_ratio": 1.0,
  "plus_newton_residual_mean": 3.269373268941647e-14,
  "plus_newton_residual_median": 1.1102230246251565e-16,
  "plus_newton_residual_p90": 3.098632461728816e-14,
  "plus_newton_newton_iter_mean": 1.9534,
  "plus_newton_newton_iter_median": 2.0,
  "plus_newton_newton_iter_p90": 2.0,
  "plus_newton_converged_ratio": 1.0,
  "hp_use_log_ab": true,
  "hp_optimizer": "adamw",
  "hp_criterion": "smoothl1",
  "hp_dropout": 0.0,
  "hp_lr": 0.0005,
  "hp_weight_decay": 0.0001,
  "hp_hidden_dims": "[256, 256, 128]",
  "hp_hidden_size": 128,
  "hp_num_layers": 1,
  "hp_head_hidden": 128,
  "hp_head_layers": 2,
  "hp_d_model": 64,
  "hp_nhead": 4,
  "hp_ff_dim": 128,
  "hp_use_cls_token": false
}{
  "trial_id": 444,
  "trial_name": "trial_444_lstm",
  "model": "lstm",
  "best_epoch": 118,
  "elapsed_sec": 255.5853898525238,
  "direct_mae": 0.0012151394039392471,
  "direct_rmse": 0.0015590632101520896,
  "direct_r2": 0.9999974697709604,
  "direct_valid_ratio": 1.0,
  "direct_residual_mean": 0.0014831385342404246,
  "direct_residual_median": 0.0011634007096290588,
  "direct_residual_p90": 0.0032365441322326667,
  "plus_newton_mae": 2.3433616576752797e-08,
  "plus_newton_rmse": 2.991572902876281e-08,
  "plus_newton_r2": 0.9999999999999991,
  "plus_newton_valid_ratio": 1.0,
  "plus_newton_residual_mean": 3.269373268941647e-14,
  "plus_newton_residual_median": 1.1102230246251565e-16,
  "plus_newton_residual_p90": 3.098632461728816e-14,
  "plus_newton_newton_iter_mean": 1.9534,
  "plus_newton_newton_iter_median": 2.0,
  "plus_newton_newton_iter_p90": 2.0,
  "plus_newton_converged_ratio": 1.0,
  "hp_use_log_ab": true,
  "hp_optimizer": "adamw",
  "hp_criterion": "smoothl1",
  "hp_dropout": 0.0,
  "hp_lr": 0.0005,
  "hp_weight_decay": 0.0001,
  "hp_hidden_dims": "[256, 256, 128]",
  "hp_hidden_size": 128,
  "hp_num_layers": 1,
  "hp_head_hidden": 128,
  "hp_head_layers": 2,
  "hp_d_model": 64,
  "hp_nhead": 4,
  "hp_ff_dim": 128,
  "hp_use_cls_token": false
}