{
  "trial_id": 163,
  "trial_name": "trial_163_lstm",
  "model": "lstm",
  "best_epoch": 9,
  "elapsed_sec": 71.64003705978394,
  "direct_mae": 0.33889514207839966,
  "direct_rmse": 0.4200972616672516,
  "direct_r2": 0.8162902891635895,
  "direct_valid_ratio": 1.0,
  "direct_residual_mean": 0.3865661323070526,
  "direct_residual_median": 0.3497120141983032,
  "direct_residual_p90": 0.7892963230609897,
  "plus_newton_mae": 2.3433620375877697e-08,
  "plus_newton_rmse": 2.9915730954354246e-08,
  "plus_newton_r2": 0.9999999999999991,
  "plus_newton_valid_ratio": 1.0,
  "plus_newton_residual_mean": 4.289298120295661e-14,
  "plus_newton_residual_median": 1.1102230246251565e-16,
  "plus_newton_residual_p90": 9.449108162584711e-14,
  "plus_newton_newton_iter_mean": 2.7782,
  "plus_newton_newton_iter_median": 3.0,
  "plus_newton_newton_iter_p90": 4.0,
  "plus_newton_converged_ratio": 1.0,
  "hp_use_log_ab": false,
  "hp_optimizer": "adamw",
  "hp_criterion": "smoothl1",
  "hp_dropout": 0.0,
  "hp_lr": 0.0005,
  "hp_weight_decay": 1e-05,
  "hp_hidden_dims": "[256, 256, 128]",
  "hp_hidden_size": 64,
  "hp_num_layers": 1,
  "hp_head_hidden": 128,
  "hp_head_layers": 1,
  "hp_d_model": 64,
  "hp_nhead": 4,
  "hp_ff_dim": 128,
  "hp_use_cls_token": false
}{
  "trial_id": 163,
  "trial_name": "trial_163_lstm",
  "model": "lstm",
  "best_epoch": 9,
  "elapsed_sec": 71.64003705978394,
  "direct_mae": 0.33889514207839966,
  "direct_rmse": 0.4200972616672516,
  "direct_r2": 0.8162902891635895,
  "direct_valid_ratio": 1.0,
  "direct_residual_mean": 0.3865661323070526,
  "direct_residual_median": 0.3497120141983032,
  "direct_residual_p90": 0.7892963230609897,
  "plus_newton_mae": 2.3433620375877697e-08,
  "plus_newton_rmse": 2.9915730954354246e-08,
  "plus_newton_r2": 0.9999999999999991,
  "plus_newton_valid_ratio": 1.0,
  "plus_newton_residual_mean": 4.289298120295661e-14,
  "plus_newton_residual_median": 1.1102230246251565e-16,
  "plus_newton_residual_p90": 9.449108162584711e-14,
  "plus_newton_newton_iter_mean": 2.7782,
  "plus_newton_newton_iter_median": 3.0,
  "plus_newton_newton_iter_p90": 4.0,
  "plus_newton_converged_ratio": 1.0,
  "hp_use_log_ab": false,
  "hp_optimizer": "adamw",
  "hp_criterion": "smoothl1",
  "hp_dropout": 0.0,
  "hp_lr": 0.0005,
  "hp_weight_decay": 1e-05,
  "hp_hidden_dims": "[256, 256, 128]",
  "hp_hidden_size": 64,
  "hp_num_layers": 1,
  "hp_head_hidden": 128,
  "hp_head_layers": 1,
  "hp_d_model": 64,
  "hp_nhead": 4,
  "hp_ff_dim": 128,
  "hp_use_cls_token": false
}