{
  "trial_id": 1804,
  "trial_name": "trial_1804_transformer",
  "model": "transformer",
  "best_epoch": 12,
  "elapsed_sec": 45.08206224441528,
  "direct_mae": 0.33768680691719055,
  "direct_rmse": 0.4211896061897278,
  "direct_r2": 0.8153336942195892,
  "direct_valid_ratio": 1.0,
  "direct_residual_mean": 0.38338524103164673,
  "direct_residual_median": 0.3437090218067169,
  "direct_residual_p90": 0.7966341197490693,
  "plus_newton_mae": 2.3433619748996736e-08,
  "plus_newton_rmse": 2.991573119728308e-08,
  "plus_newton_r2": 0.9999999999999991,
  "plus_newton_valid_ratio": 1.0,
  "plus_newton_residual_mean": 4.216605157789414e-14,
  "plus_newton_residual_median": 1.1102230246251565e-16,
  "plus_newton_residual_p90": 9.439116155363089e-14,
  "plus_newton_newton_iter_mean": 2.7707,
  "plus_newton_newton_iter_median": 3.0,
  "plus_newton_newton_iter_p90": 3.0,
  "plus_newton_converged_ratio": 1.0,
  "hp_use_log_ab": false,
  "hp_optimizer": "adamw",
  "hp_criterion": "smoothl1",
  "hp_dropout": 0.1,
  "hp_lr": 0.0005,
  "hp_weight_decay": 1e-05,
  "hp_hidden_dims": "[256, 256, 128]",
  "hp_hidden_size": 128,
  "hp_num_layers": 1,
  "hp_head_hidden": 64,
  "hp_head_layers": 1,
  "hp_d_model": 64,
  "hp_nhead": 2,
  "hp_ff_dim": 128,
  "hp_use_cls_token": true
}{
  "trial_id": 1804,
  "trial_name": "trial_1804_transformer",
  "model": "transformer",
  "best_epoch": 12,
  "elapsed_sec": 45.08206224441528,
  "direct_mae": 0.33768680691719055,
  "direct_rmse": 0.4211896061897278,
  "direct_r2": 0.8153336942195892,
  "direct_valid_ratio": 1.0,
  "direct_residual_mean": 0.38338524103164673,
  "direct_residual_median": 0.3437090218067169,
  "direct_residual_p90": 0.7966341197490693,
  "plus_newton_mae": 2.3433619748996736e-08,
  "plus_newton_rmse": 2.991573119728308e-08,
  "plus_newton_r2": 0.9999999999999991,
  "plus_newton_valid_ratio": 1.0,
  "plus_newton_residual_mean": 4.216605157789414e-14,
  "plus_newton_residual_median": 1.1102230246251565e-16,
  "plus_newton_residual_p90": 9.439116155363089e-14,
  "plus_newton_newton_iter_mean": 2.7707,
  "plus_newton_newton_iter_median": 3.0,
  "plus_newton_newton_iter_p90": 3.0,
  "plus_newton_converged_ratio": 1.0,
  "hp_use_log_ab": false,
  "hp_optimizer": "adamw",
  "hp_criterion": "smoothl1",
  "hp_dropout": 0.1,
  "hp_lr": 0.0005,
  "hp_weight_decay": 1e-05,
  "hp_hidden_dims": "[256, 256, 128]",
  "hp_hidden_size": 128,
  "hp_num_layers": 1,
  "hp_head_hidden": 64,
  "hp_head_layers": 1,
  "hp_d_model": 64,
  "hp_nhead": 2,
  "hp_ff_dim": 128,
  "hp_use_cls_token": true
}