{
  "trial_id": 19,
  "trial_name": "trial_019_lstm",
  "model": "lstm",
  "best_epoch": 41,
  "elapsed_sec": 177.52425408363342,
  "direct_mae": 0.3408562242984772,
  "direct_rmse": 0.4169501066207886,
  "direct_r2": 0.8190325200557709,
  "direct_valid_ratio": 1.0,
  "direct_residual_mean": 0.38388341665267944,
  "direct_residual_median": 0.36075133085250854,
  "direct_residual_p90": 0.7185528934001926,
  "plus_newton_mae": 2.3433619108241024e-08,
  "plus_newton_rmse": 2.991573128913529e-08,
  "plus_newton_r2": 0.9999999999999991,
  "plus_newton_valid_ratio": 1.0,
  "plus_newton_residual_mean": 4.370217592154988e-14,
  "plus_newton_residual_median": 1.6653345369377348e-16,
  "plus_newton_residual_p90": 1.0551282070281337e-13,
  "plus_newton_newton_iter_mean": 2.7548,
  "plus_newton_newton_iter_median": 3.0,
  "plus_newton_newton_iter_p90": 3.0,
  "plus_newton_converged_ratio": 1.0,
  "hp_use_log_ab": false,
  "hp_optimizer": "adamw",
  "hp_criterion": "mse",
  "hp_dropout": 0.0,
  "hp_lr": 0.001,
  "hp_weight_decay": 0.0001,
  "hp_hidden_dims": "[256, 256, 128]",
  "hp_hidden_size": 64,
  "hp_num_layers": 1,
  "hp_head_hidden": 128,
  "hp_head_layers": 1,
  "hp_d_model": 64,
  "hp_nhead": 4,
  "hp_ff_dim": 128,
  "hp_use_cls_token": false
}{
  "trial_id": 19,
  "trial_name": "trial_019_lstm",
  "model": "lstm",
  "best_epoch": 41,
  "elapsed_sec": 177.52425408363342,
  "direct_mae": 0.3408562242984772,
  "direct_rmse": 0.4169501066207886,
  "direct_r2": 0.8190325200557709,
  "direct_valid_ratio": 1.0,
  "direct_residual_mean": 0.38388341665267944,
  "direct_residual_median": 0.36075133085250854,
  "direct_residual_p90": 0.7185528934001926,
  "plus_newton_mae": 2.3433619108241024e-08,
  "plus_newton_rmse": 2.991573128913529e-08,
  "plus_newton_r2": 0.9999999999999991,
  "plus_newton_valid_ratio": 1.0,
  "plus_newton_residual_mean": 4.370217592154988e-14,
  "plus_newton_residual_median": 1.6653345369377348e-16,
  "plus_newton_residual_p90": 1.0551282070281337e-13,
  "plus_newton_newton_iter_mean": 2.7548,
  "plus_newton_newton_iter_median": 3.0,
  "plus_newton_newton_iter_p90": 3.0,
  "plus_newton_converged_ratio": 1.0,
  "hp_use_log_ab": false,
  "hp_optimizer": "adamw",
  "hp_criterion": "mse",
  "hp_dropout": 0.0,
  "hp_lr": 0.001,
  "hp_weight_decay": 0.0001,
  "hp_hidden_dims": "[256, 256, 128]",
  "hp_hidden_size": 64,
  "hp_num_layers": 1,
  "hp_head_hidden": 128,
  "hp_head_layers": 1,
  "hp_d_model": 64,
  "hp_nhead": 4,
  "hp_ff_dim": 128,
  "hp_use_cls_token": false
}