{
  "trial_id": 2822,
  "trial_name": "trial_2822_transformer",
  "model": "transformer",
  "best_epoch": 48,
  "elapsed_sec": 434.12682604789734,
  "direct_mae": 0.10550112277269363,
  "direct_rmse": 0.13210467994213104,
  "direct_r2": 0.981833603233099,
  "direct_valid_ratio": 1.0,
  "direct_residual_mean": 0.13255718350410461,
  "direct_residual_median": 0.10942310094833374,
  "direct_residual_p90": 0.2538258641958237,
  "plus_newton_mae": 2.3433618900321018e-08,
  "plus_newton_rmse": 2.991572954191342e-08,
  "plus_newton_r2": 0.9999999999999991,
  "plus_newton_valid_ratio": 1.0,
  "plus_newton_residual_mean": 3.42222429680202e-14,
  "plus_newton_residual_median": 1.1102230246251565e-16,
  "plus_newton_residual_p90": 5.2302606690091165e-14,
  "plus_newton_newton_iter_mean": 2.6101,
  "plus_newton_newton_iter_median": 3.0,
  "plus_newton_newton_iter_p90": 3.0,
  "plus_newton_converged_ratio": 1.0,
  "hp_use_log_ab": true,
  "hp_optimizer": "adamw",
  "hp_criterion": "mse",
  "hp_dropout": 0.1,
  "hp_lr": 0.0005,
  "hp_weight_decay": 1e-05,
  "hp_hidden_dims": "[256, 256, 128]",
  "hp_hidden_size": 128,
  "hp_num_layers": 1,
  "hp_head_hidden": 64,
  "hp_head_layers": 1,
  "hp_d_model": 32,
  "hp_nhead": 4,
  "hp_ff_dim": 64,
  "hp_use_cls_token": true
}{
  "trial_id": 2822,
  "trial_name": "trial_2822_transformer",
  "model": "transformer",
  "best_epoch": 48,
  "elapsed_sec": 434.12682604789734,
  "direct_mae": 0.10550112277269363,
  "direct_rmse": 0.13210467994213104,
  "direct_r2": 0.981833603233099,
  "direct_valid_ratio": 1.0,
  "direct_residual_mean": 0.13255718350410461,
  "direct_residual_median": 0.10942310094833374,
  "direct_residual_p90": 0.2538258641958237,
  "plus_newton_mae": 2.3433618900321018e-08,
  "plus_newton_rmse": 2.991572954191342e-08,
  "plus_newton_r2": 0.9999999999999991,
  "plus_newton_valid_ratio": 1.0,
  "plus_newton_residual_mean": 3.42222429680202e-14,
  "plus_newton_residual_median": 1.1102230246251565e-16,
  "plus_newton_residual_p90": 5.2302606690091165e-14,
  "plus_newton_newton_iter_mean": 2.6101,
  "plus_newton_newton_iter_median": 3.0,
  "plus_newton_newton_iter_p90": 3.0,
  "plus_newton_converged_ratio": 1.0,
  "hp_use_log_ab": true,
  "hp_optimizer": "adamw",
  "hp_criterion": "mse",
  "hp_dropout": 0.1,
  "hp_lr": 0.0005,
  "hp_weight_decay": 1e-05,
  "hp_hidden_dims": "[256, 256, 128]",
  "hp_hidden_size": 128,
  "hp_num_layers": 1,
  "hp_head_hidden": 64,
  "hp_head_layers": 1,
  "hp_d_model": 32,
  "hp_nhead": 4,
  "hp_ff_dim": 64,
  "hp_use_cls_token": true
}