{
  "trial_id": 3277,
  "trial_name": "trial_3277_transformer",
  "model": "transformer",
  "best_epoch": 4,
  "elapsed_sec": 42.098620653152466,
  "direct_mae": 0.1072487160563469,
  "direct_rmse": 0.1423715204000473,
  "direct_r2": 0.9789001867175102,
  "direct_valid_ratio": 1.0,
  "direct_residual_mean": 0.1382620930671692,
  "direct_residual_median": 0.10426361858844757,
  "direct_residual_p90": 0.2772699117660523,
  "plus_newton_mae": 2.343361894533512e-08,
  "plus_newton_rmse": 2.991572966059569e-08,
  "plus_newton_r2": 0.9999999999999991,
  "plus_newton_valid_ratio": 1.0,
  "plus_newton_residual_mean": 3.5578396096844784e-14,
  "plus_newton_residual_median": 1.1102230246251565e-16,
  "plus_newton_residual_p90": 5.130201818914779e-14,
  "plus_newton_newton_iter_mean": 2.6264,
  "plus_newton_newton_iter_median": 3.0,
  "plus_newton_newton_iter_p90": 3.0,
  "plus_newton_converged_ratio": 1.0,
  "hp_use_log_ab": true,
  "hp_optimizer": "adamw",
  "hp_criterion": "smoothl1",
  "hp_dropout": 0.0,
  "hp_lr": 0.001,
  "hp_weight_decay": 0.0001,
  "hp_hidden_dims": "[256, 256, 128]",
  "hp_hidden_size": 128,
  "hp_num_layers": 2,
  "hp_head_hidden": 64,
  "hp_head_layers": 1,
  "hp_d_model": 64,
  "hp_nhead": 4,
  "hp_ff_dim": 64,
  "hp_use_cls_token": false
}{
  "trial_id": 3277,
  "trial_name": "trial_3277_transformer",
  "model": "transformer",
  "best_epoch": 4,
  "elapsed_sec": 42.098620653152466,
  "direct_mae": 0.1072487160563469,
  "direct_rmse": 0.1423715204000473,
  "direct_r2": 0.9789001867175102,
  "direct_valid_ratio": 1.0,
  "direct_residual_mean": 0.1382620930671692,
  "direct_residual_median": 0.10426361858844757,
  "direct_residual_p90": 0.2772699117660523,
  "plus_newton_mae": 2.343361894533512e-08,
  "plus_newton_rmse": 2.991572966059569e-08,
  "plus_newton_r2": 0.9999999999999991,
  "plus_newton_valid_ratio": 1.0,
  "plus_newton_residual_mean": 3.5578396096844784e-14,
  "plus_newton_residual_median": 1.1102230246251565e-16,
  "plus_newton_residual_p90": 5.130201818914779e-14,
  "plus_newton_newton_iter_mean": 2.6264,
  "plus_newton_newton_iter_median": 3.0,
  "plus_newton_newton_iter_p90": 3.0,
  "plus_newton_converged_ratio": 1.0,
  "hp_use_log_ab": true,
  "hp_optimizer": "adamw",
  "hp_criterion": "smoothl1",
  "hp_dropout": 0.0,
  "hp_lr": 0.001,
  "hp_weight_decay": 0.0001,
  "hp_hidden_dims": "[256, 256, 128]",
  "hp_hidden_size": 128,
  "hp_num_layers": 2,
  "hp_head_hidden": 64,
  "hp_head_layers": 1,
  "hp_d_model": 64,
  "hp_nhead": 4,
  "hp_ff_dim": 64,
  "hp_use_cls_token": false
}