{
  "trial_id": 375,
  "trial_name": "trial_375_gru",
  "model": "gru",
  "best_epoch": 69,
  "elapsed_sec": 193.0033597946167,
  "direct_mae": 0.10138024389743805,
  "direct_rmse": 0.12821970880031586,
  "direct_r2": 0.9828863777220249,
  "direct_valid_ratio": 1.0,
  "direct_residual_mean": 0.12721282243728638,
  "direct_residual_median": 0.10343697667121887,
  "direct_residual_p90": 0.24681105762720115,
  "plus_newton_mae": 2.3433618198027413e-08,
  "plus_newton_rmse": 2.991572964006944e-08,
  "plus_newton_r2": 0.9999999999999991,
  "plus_newton_valid_ratio": 1.0,
  "plus_newton_residual_mean": 3.36804726982877e-14,
  "plus_newton_residual_median": 1.1102230246251565e-16,
  "plus_newton_residual_p90": 4.713451851046104e-14,
  "plus_newton_newton_iter_mean": 2.6075,
  "plus_newton_newton_iter_median": 3.0,
  "plus_newton_newton_iter_p90": 3.0,
  "plus_newton_converged_ratio": 1.0,
  "hp_use_log_ab": true,
  "hp_optimizer": "adamw",
  "hp_criterion": "mse",
  "hp_dropout": 0.1,
  "hp_lr": 0.0005,
  "hp_weight_decay": 0.0001,
  "hp_hidden_dims": "[256, 256, 128]",
  "hp_hidden_size": 64,
  "hp_num_layers": 2,
  "hp_head_hidden": 128,
  "hp_head_layers": 1,
  "hp_d_model": 64,
  "hp_nhead": 4,
  "hp_ff_dim": 128,
  "hp_use_cls_token": false
}{
  "trial_id": 375,
  "trial_name": "trial_375_gru",
  "model": "gru",
  "best_epoch": 69,
  "elapsed_sec": 193.0033597946167,
  "direct_mae": 0.10138024389743805,
  "direct_rmse": 0.12821970880031586,
  "direct_r2": 0.9828863777220249,
  "direct_valid_ratio": 1.0,
  "direct_residual_mean": 0.12721282243728638,
  "direct_residual_median": 0.10343697667121887,
  "direct_residual_p90": 0.24681105762720115,
  "plus_newton_mae": 2.3433618198027413e-08,
  "plus_newton_rmse": 2.991572964006944e-08,
  "plus_newton_r2": 0.9999999999999991,
  "plus_newton_valid_ratio": 1.0,
  "plus_newton_residual_mean": 3.36804726982877e-14,
  "plus_newton_residual_median": 1.1102230246251565e-16,
  "plus_newton_residual_p90": 4.713451851046104e-14,
  "plus_newton_newton_iter_mean": 2.6075,
  "plus_newton_newton_iter_median": 3.0,
  "plus_newton_newton_iter_p90": 3.0,
  "plus_newton_converged_ratio": 1.0,
  "hp_use_log_ab": true,
  "hp_optimizer": "adamw",
  "hp_criterion": "mse",
  "hp_dropout": 0.1,
  "hp_lr": 0.0005,
  "hp_weight_decay": 0.0001,
  "hp_hidden_dims": "[256, 256, 128]",
  "hp_hidden_size": 64,
  "hp_num_layers": 2,
  "hp_head_hidden": 128,
  "hp_head_layers": 1,
  "hp_d_model": 64,
  "hp_nhead": 4,
  "hp_ff_dim": 128,
  "hp_use_cls_token": false
}