{
  "trial_id": 2438,
  "trial_name": "trial_2438_transformer",
  "model": "transformer",
  "best_epoch": 42,
  "elapsed_sec": 86.14987325668335,
  "direct_mae": 0.10246284306049347,
  "direct_rmse": 0.13284531235694885,
  "direct_r2": 0.9816293362528086,
  "direct_valid_ratio": 1.0,
  "direct_residual_mean": 0.12973624467849731,
  "direct_residual_median": 0.09928485751152039,
  "direct_residual_p90": 0.25434929132461553,
  "plus_newton_mae": 2.343361764449276e-08,
  "plus_newton_rmse": 2.991572905205754e-08,
  "plus_newton_r2": 0.9999999999999991,
  "plus_newton_valid_ratio": 1.0,
  "plus_newton_residual_mean": 3.5684750471546935e-14,
  "plus_newton_residual_median": 1.1102230246251565e-16,
  "plus_newton_residual_p90": 4.7700949093454364e-14,
  "plus_newton_newton_iter_mean": 2.5979,
  "plus_newton_newton_iter_median": 3.0,
  "plus_newton_newton_iter_p90": 3.0,
  "plus_newton_converged_ratio": 1.0,
  "hp_use_log_ab": true,
  "hp_optimizer": "adamw",
  "hp_criterion": "mse",
  "hp_dropout": 0.0,
  "hp_lr": 0.0005,
  "hp_weight_decay": 0.0001,
  "hp_hidden_dims": "[256, 256, 128]",
  "hp_hidden_size": 128,
  "hp_num_layers": 1,
  "hp_head_hidden": 64,
  "hp_head_layers": 1,
  "hp_d_model": 32,
  "hp_nhead": 4,
  "hp_ff_dim": 64,
  "hp_use_cls_token": true
}{
  "trial_id": 2438,
  "trial_name": "trial_2438_transformer",
  "model": "transformer",
  "best_epoch": 42,
  "elapsed_sec": 86.14987325668335,
  "direct_mae": 0.10246284306049347,
  "direct_rmse": 0.13284531235694885,
  "direct_r2": 0.9816293362528086,
  "direct_valid_ratio": 1.0,
  "direct_residual_mean": 0.12973624467849731,
  "direct_residual_median": 0.09928485751152039,
  "direct_residual_p90": 0.25434929132461553,
  "plus_newton_mae": 2.343361764449276e-08,
  "plus_newton_rmse": 2.991572905205754e-08,
  "plus_newton_r2": 0.9999999999999991,
  "plus_newton_valid_ratio": 1.0,
  "plus_newton_residual_mean": 3.5684750471546935e-14,
  "plus_newton_residual_median": 1.1102230246251565e-16,
  "plus_newton_residual_p90": 4.7700949093454364e-14,
  "plus_newton_newton_iter_mean": 2.5979,
  "plus_newton_newton_iter_median": 3.0,
  "plus_newton_newton_iter_p90": 3.0,
  "plus_newton_converged_ratio": 1.0,
  "hp_use_log_ab": true,
  "hp_optimizer": "adamw",
  "hp_criterion": "mse",
  "hp_dropout": 0.0,
  "hp_lr": 0.0005,
  "hp_weight_decay": 0.0001,
  "hp_hidden_dims": "[256, 256, 128]",
  "hp_hidden_size": 128,
  "hp_num_layers": 1,
  "hp_head_hidden": 64,
  "hp_head_layers": 1,
  "hp_d_model": 32,
  "hp_nhead": 4,
  "hp_ff_dim": 64,
  "hp_use_cls_token": true
}