{
  "trial_id": 2045,
  "trial_name": "trial_2045_transformer",
  "model": "transformer",
  "best_epoch": 61,
  "elapsed_sec": 143.87006759643555,
  "direct_mae": 0.00850561261177063,
  "direct_rmse": 0.012372931465506554,
  "direct_r2": 0.999840640637558,
  "direct_valid_ratio": 1.0,
  "direct_residual_mean": 0.010314946994185448,
  "direct_residual_median": 0.008092105388641357,
  "direct_residual_p90": 0.02033655643463135,
  "plus_newton_mae": 2.3433617998234347e-08,
  "plus_newton_rmse": 2.991572976553799e-08,
  "plus_newton_r2": 0.9999999999999991,
  "plus_newton_valid_ratio": 1.0,
  "plus_newton_residual_mean": 4.014607532670675e-14,
  "plus_newton_residual_median": 1.1102230246251565e-16,
  "plus_newton_residual_p90": 7.37188088351104e-14,
  "plus_newton_newton_iter_mean": 2.1708,
  "plus_newton_newton_iter_median": 2.0,
  "plus_newton_newton_iter_p90": 3.0,
  "plus_newton_converged_ratio": 1.0,
  "hp_use_log_ab": false,
  "hp_optimizer": "adamw",
  "hp_criterion": "smoothl1",
  "hp_dropout": 0.1,
  "hp_lr": 0.0005,
  "hp_weight_decay": 0.0001,
  "hp_hidden_dims": "[256, 256, 128]",
  "hp_hidden_size": 128,
  "hp_num_layers": 2,
  "hp_head_hidden": 128,
  "hp_head_layers": 2,
  "hp_d_model": 64,
  "hp_nhead": 4,
  "hp_ff_dim": 64,
  "hp_use_cls_token": false
}{
  "trial_id": 2045,
  "trial_name": "trial_2045_transformer",
  "model": "transformer",
  "best_epoch": 61,
  "elapsed_sec": 143.87006759643555,
  "direct_mae": 0.00850561261177063,
  "direct_rmse": 0.012372931465506554,
  "direct_r2": 0.999840640637558,
  "direct_valid_ratio": 1.0,
  "direct_residual_mean": 0.010314946994185448,
  "direct_residual_median": 0.008092105388641357,
  "direct_residual_p90": 0.02033655643463135,
  "plus_newton_mae": 2.3433617998234347e-08,
  "plus_newton_rmse": 2.991572976553799e-08,
  "plus_newton_r2": 0.9999999999999991,
  "plus_newton_valid_ratio": 1.0,
  "plus_newton_residual_mean": 4.014607532670675e-14,
  "plus_newton_residual_median": 1.1102230246251565e-16,
  "plus_newton_residual_p90": 7.37188088351104e-14,
  "plus_newton_newton_iter_mean": 2.1708,
  "plus_newton_newton_iter_median": 2.0,
  "plus_newton_newton_iter_p90": 3.0,
  "plus_newton_converged_ratio": 1.0,
  "hp_use_log_ab": false,
  "hp_optimizer": "adamw",
  "hp_criterion": "smoothl1",
  "hp_dropout": 0.1,
  "hp_lr": 0.0005,
  "hp_weight_decay": 0.0001,
  "hp_hidden_dims": "[256, 256, 128]",
  "hp_hidden_size": 128,
  "hp_num_layers": 2,
  "hp_head_hidden": 128,
  "hp_head_layers": 2,
  "hp_d_model": 64,
  "hp_nhead": 4,
  "hp_ff_dim": 64,
  "hp_use_cls_token": false
}