{
  "trial_id": 3014,
  "trial_name": "trial_3014_transformer",
  "model": "transformer",
  "best_epoch": 50,
  "elapsed_sec": 123.7678964138031,
  "direct_mae": 0.10572275519371033,
  "direct_rmse": 0.13163144886493683,
  "direct_r2": 0.9819635227322578,
  "direct_valid_ratio": 1.0,
  "direct_residual_mean": 0.13261869549751282,
  "direct_residual_median": 0.11170083284378052,
  "direct_residual_p90": 0.25190820991992957,
  "plus_newton_mae": 2.343362028229497e-08,
  "plus_newton_rmse": 2.991573120328066e-08,
  "plus_newton_r2": 0.9999999999999991,
  "plus_newton_valid_ratio": 1.0,
  "plus_newton_residual_mean": 3.46549968434793e-14,
  "plus_newton_residual_median": 1.1102230246251565e-16,
  "plus_newton_residual_p90": 5.2642612491382594e-14,
  "plus_newton_newton_iter_mean": 2.6176,
  "plus_newton_newton_iter_median": 3.0,
  "plus_newton_newton_iter_p90": 3.0,
  "plus_newton_converged_ratio": 1.0,
  "hp_use_log_ab": true,
  "hp_optimizer": "adamw",
  "hp_criterion": "mse",
  "hp_dropout": 0.1,
  "hp_lr": 0.0005,
  "hp_weight_decay": 0.0001,
  "hp_hidden_dims": "[256, 256, 128]",
  "hp_hidden_size": 128,
  "hp_num_layers": 2,
  "hp_head_hidden": 64,
  "hp_head_layers": 1,
  "hp_d_model": 32,
  "hp_nhead": 4,
  "hp_ff_dim": 64,
  "hp_use_cls_token": true
}{
  "trial_id": 3014,
  "trial_name": "trial_3014_transformer",
  "model": "transformer",
  "best_epoch": 50,
  "elapsed_sec": 123.7678964138031,
  "direct_mae": 0.10572275519371033,
  "direct_rmse": 0.13163144886493683,
  "direct_r2": 0.9819635227322578,
  "direct_valid_ratio": 1.0,
  "direct_residual_mean": 0.13261869549751282,
  "direct_residual_median": 0.11170083284378052,
  "direct_residual_p90": 0.25190820991992957,
  "plus_newton_mae": 2.343362028229497e-08,
  "plus_newton_rmse": 2.991573120328066e-08,
  "plus_newton_r2": 0.9999999999999991,
  "plus_newton_valid_ratio": 1.0,
  "plus_newton_residual_mean": 3.46549968434793e-14,
  "plus_newton_residual_median": 1.1102230246251565e-16,
  "plus_newton_residual_p90": 5.2642612491382594e-14,
  "plus_newton_newton_iter_mean": 2.6176,
  "plus_newton_newton_iter_median": 3.0,
  "plus_newton_newton_iter_p90": 3.0,
  "plus_newton_converged_ratio": 1.0,
  "hp_use_log_ab": true,
  "hp_optimizer": "adamw",
  "hp_criterion": "mse",
  "hp_dropout": 0.1,
  "hp_lr": 0.0005,
  "hp_weight_decay": 0.0001,
  "hp_hidden_dims": "[256, 256, 128]",
  "hp_hidden_size": 128,
  "hp_num_layers": 2,
  "hp_head_hidden": 64,
  "hp_head_layers": 1,
  "hp_d_model": 32,
  "hp_nhead": 4,
  "hp_ff_dim": 64,
  "hp_use_cls_token": true
}