{
  "trial_id": 1324,
  "trial_name": "trial_1324_transformer",
  "model": "transformer",
  "best_epoch": 28,
  "elapsed_sec": 66.32000160217285,
  "direct_mae": 0.3398005962371826,
  "direct_rmse": 0.41726014018058777,
  "direct_r2": 0.8187632858753204,
  "direct_valid_ratio": 1.0,
  "direct_residual_mean": 0.3818056285381317,
  "direct_residual_median": 0.35671940445899963,
  "direct_residual_p90": 0.7314772427082062,
  "plus_newton_mae": 2.3433620527774237e-08,
  "plus_newton_rmse": 2.991573193116362e-08,
  "plus_newton_r2": 0.9999999999999991,
  "plus_newton_valid_ratio": 1.0,
  "plus_newton_residual_mean": 4.257215800630387e-14,
  "plus_newton_residual_median": 2.220446049250313e-16,
  "plus_newton_residual_p90": 8.998912726099208e-14,
  "plus_newton_newton_iter_mean": 2.7487,
  "plus_newton_newton_iter_median": 3.0,
  "plus_newton_newton_iter_p90": 3.0,
  "plus_newton_converged_ratio": 1.0,
  "hp_use_log_ab": false,
  "hp_optimizer": "adamw",
  "hp_criterion": "smoothl1",
  "hp_dropout": 0.0,
  "hp_lr": 0.0005,
  "hp_weight_decay": 1e-05,
  "hp_hidden_dims": "[256, 256, 128]",
  "hp_hidden_size": 128,
  "hp_num_layers": 1,
  "hp_head_hidden": 128,
  "hp_head_layers": 1,
  "hp_d_model": 64,
  "hp_nhead": 2,
  "hp_ff_dim": 128,
  "hp_use_cls_token": true
}{
  "trial_id": 1324,
  "trial_name": "trial_1324_transformer",
  "model": "transformer",
  "best_epoch": 28,
  "elapsed_sec": 66.32000160217285,
  "direct_mae": 0.3398005962371826,
  "direct_rmse": 0.41726014018058777,
  "direct_r2": 0.8187632858753204,
  "direct_valid_ratio": 1.0,
  "direct_residual_mean": 0.3818056285381317,
  "direct_residual_median": 0.35671940445899963,
  "direct_residual_p90": 0.7314772427082062,
  "plus_newton_mae": 2.3433620527774237e-08,
  "plus_newton_rmse": 2.991573193116362e-08,
  "plus_newton_r2": 0.9999999999999991,
  "plus_newton_valid_ratio": 1.0,
  "plus_newton_residual_mean": 4.257215800630387e-14,
  "plus_newton_residual_median": 2.220446049250313e-16,
  "plus_newton_residual_p90": 8.998912726099208e-14,
  "plus_newton_newton_iter_mean": 2.7487,
  "plus_newton_newton_iter_median": 3.0,
  "plus_newton_newton_iter_p90": 3.0,
  "plus_newton_converged_ratio": 1.0,
  "hp_use_log_ab": false,
  "hp_optimizer": "adamw",
  "hp_criterion": "smoothl1",
  "hp_dropout": 0.0,
  "hp_lr": 0.0005,
  "hp_weight_decay": 1e-05,
  "hp_hidden_dims": "[256, 256, 128]",
  "hp_hidden_size": 128,
  "hp_num_layers": 1,
  "hp_head_hidden": 128,
  "hp_head_layers": 1,
  "hp_d_model": 64,
  "hp_nhead": 2,
  "hp_ff_dim": 128,
  "hp_use_cls_token": true
}