{
  "trial_id": 62,
  "trial_name": "trial_062_transformer",
  "model": "transformer",
  "best_epoch": 67,
  "elapsed_sec": 275.29522013664246,
  "direct_mae": 0.0023821766953915358,
  "direct_rmse": 0.0034336308017373085,
  "direct_r2": 0.9999877273157836,
  "direct_valid_ratio": 1.0,
  "direct_residual_mean": 0.0029202194418758154,
  "direct_residual_median": 0.0019519031047821045,
  "direct_residual_p90": 0.006593215465545655,
  "plus_newton_mae": 2.3433618020310193e-08,
  "plus_newton_rmse": 2.991572965382155e-08,
  "plus_newton_r2": 0.9999999999999991,
  "plus_newton_valid_ratio": 1.0,
  "plus_newton_residual_mean": 3.7935734770321745e-14,
  "plus_newton_residual_median": 1.1102230246251565e-16,
  "plus_newton_residual_p90": 7.600031715071511e-14,
  "plus_newton_newton_iter_mean": 2.0126,
  "plus_newton_newton_iter_median": 2.0,
  "plus_newton_newton_iter_p90": 2.0,
  "plus_newton_converged_ratio": 1.0,
  "hp_use_log_ab": false,
  "hp_optimizer": "adamw",
  "hp_criterion": "mse",
  "hp_dropout": 0.0,
  "hp_lr": 0.001,
  "hp_weight_decay": 1e-05,
  "hp_hidden_dims": "[256, 256, 128]",
  "hp_hidden_size": 128,
  "hp_num_layers": 1,
  "hp_head_hidden": 128,
  "hp_head_layers": 2,
  "hp_d_model": 64,
  "hp_nhead": 4,
  "hp_ff_dim": 64,
  "hp_use_cls_token": true
}{
  "trial_id": 62,
  "trial_name": "trial_062_transformer",
  "model": "transformer",
  "best_epoch": 67,
  "elapsed_sec": 275.29522013664246,
  "direct_mae": 0.0023821766953915358,
  "direct_rmse": 0.0034336308017373085,
  "direct_r2": 0.9999877273157836,
  "direct_valid_ratio": 1.0,
  "direct_residual_mean": 0.0029202194418758154,
  "direct_residual_median": 0.0019519031047821045,
  "direct_residual_p90": 0.006593215465545655,
  "plus_newton_mae": 2.3433618020310193e-08,
  "plus_newton_rmse": 2.991572965382155e-08,
  "plus_newton_r2": 0.9999999999999991,
  "plus_newton_valid_ratio": 1.0,
  "plus_newton_residual_mean": 3.7935734770321745e-14,
  "plus_newton_residual_median": 1.1102230246251565e-16,
  "plus_newton_residual_p90": 7.600031715071511e-14,
  "plus_newton_newton_iter_mean": 2.0126,
  "plus_newton_newton_iter_median": 2.0,
  "plus_newton_newton_iter_p90": 2.0,
  "plus_newton_converged_ratio": 1.0,
  "hp_use_log_ab": false,
  "hp_optimizer": "adamw",
  "hp_criterion": "mse",
  "hp_dropout": 0.0,
  "hp_lr": 0.001,
  "hp_weight_decay": 1e-05,
  "hp_hidden_dims": "[256, 256, 128]",
  "hp_hidden_size": 128,
  "hp_num_layers": 1,
  "hp_head_hidden": 128,
  "hp_head_layers": 2,
  "hp_d_model": 64,
  "hp_nhead": 4,
  "hp_ff_dim": 64,
  "hp_use_cls_token": true
}