{
  "trial_id": 2109,
  "trial_name": "trial_2109_transformer",
  "model": "transformer",
  "best_epoch": 119,
  "elapsed_sec": 166.80674982070923,
  "direct_mae": 0.0012556323781609535,
  "direct_rmse": 0.0016320180147886276,
  "direct_r2": 0.9999972274315496,
  "direct_valid_ratio": 1.0,
  "direct_residual_mean": 0.001576569164171815,
  "direct_residual_median": 0.0011105090379714966,
  "direct_residual_p90": 0.003617560863494873,
  "plus_newton_mae": 2.3433616461414005e-08,
  "plus_newton_rmse": 2.9915729838791804e-08,
  "plus_newton_r2": 0.9999999999999991,
  "plus_newton_valid_ratio": 1.0,
  "plus_newton_residual_mean": 4.278122400352822e-14,
  "plus_newton_residual_median": 1.1102230246251565e-16,
  "plus_newton_residual_p90": 8.065215162389468e-14,
  "plus_newton_newton_iter_mean": 1.9563,
  "plus_newton_newton_iter_median": 2.0,
  "plus_newton_newton_iter_p90": 2.0,
  "plus_newton_converged_ratio": 1.0,
  "hp_use_log_ab": true,
  "hp_optimizer": "adamw",
  "hp_criterion": "mse",
  "hp_dropout": 0.0,
  "hp_lr": 0.001,
  "hp_weight_decay": 1e-05,
  "hp_hidden_dims": "[256, 256, 128]",
  "hp_hidden_size": 128,
  "hp_num_layers": 1,
  "hp_head_hidden": 128,
  "hp_head_layers": 2,
  "hp_d_model": 64,
  "hp_nhead": 4,
  "hp_ff_dim": 64,
  "hp_use_cls_token": false
}{
  "trial_id": 2109,
  "trial_name": "trial_2109_transformer",
  "model": "transformer",
  "best_epoch": 119,
  "elapsed_sec": 166.80674982070923,
  "direct_mae": 0.0012556323781609535,
  "direct_rmse": 0.0016320180147886276,
  "direct_r2": 0.9999972274315496,
  "direct_valid_ratio": 1.0,
  "direct_residual_mean": 0.001576569164171815,
  "direct_residual_median": 0.0011105090379714966,
  "direct_residual_p90": 0.003617560863494873,
  "plus_newton_mae": 2.3433616461414005e-08,
  "plus_newton_rmse": 2.9915729838791804e-08,
  "plus_newton_r2": 0.9999999999999991,
  "plus_newton_valid_ratio": 1.0,
  "plus_newton_residual_mean": 4.278122400352822e-14,
  "plus_newton_residual_median": 1.1102230246251565e-16,
  "plus_newton_residual_p90": 8.065215162389468e-14,
  "plus_newton_newton_iter_mean": 1.9563,
  "plus_newton_newton_iter_median": 2.0,
  "plus_newton_newton_iter_p90": 2.0,
  "plus_newton_converged_ratio": 1.0,
  "hp_use_log_ab": true,
  "hp_optimizer": "adamw",
  "hp_criterion": "mse",
  "hp_dropout": 0.0,
  "hp_lr": 0.001,
  "hp_weight_decay": 1e-05,
  "hp_hidden_dims": "[256, 256, 128]",
  "hp_hidden_size": 128,
  "hp_num_layers": 1,
  "hp_head_hidden": 128,
  "hp_head_layers": 2,
  "hp_d_model": 64,
  "hp_nhead": 4,
  "hp_ff_dim": 64,
  "hp_use_cls_token": false
}