{
  "trial_id": 1979,
  "trial_name": "trial_1979_transformer",
  "model": "transformer",
  "best_epoch": 25,
  "elapsed_sec": 64.41490459442139,
  "direct_mae": 0.01258748397231102,
  "direct_rmse": 0.01917843520641327,
  "direct_r2": 0.9996171234815847,
  "direct_valid_ratio": 1.0,
  "direct_residual_mean": 0.014583257958292961,
  "direct_residual_median": 0.009586870670318604,
  "direct_residual_p90": 0.03375674486160279,
  "plus_newton_mae": 2.3433617825796326e-08,
  "plus_newton_rmse": 2.9915730001885986e-08,
  "plus_newton_r2": 0.9999999999999991,
  "plus_newton_valid_ratio": 1.0,
  "plus_newton_residual_mean": 3.8518666526420264e-14,
  "plus_newton_residual_median": 1.1102230246251565e-16,
  "plus_newton_residual_p90": 7.761569165154473e-14,
  "plus_newton_newton_iter_mean": 2.1985,
  "plus_newton_newton_iter_median": 2.0,
  "plus_newton_newton_iter_p90": 3.0,
  "plus_newton_converged_ratio": 1.0,
  "hp_use_log_ab": false,
  "hp_optimizer": "adamw",
  "hp_criterion": "smoothl1",
  "hp_dropout": 0.1,
  "hp_lr": 0.0005,
  "hp_weight_decay": 0.0001,
  "hp_hidden_dims": "[256, 256, 128]",
  "hp_hidden_size": 128,
  "hp_num_layers": 1,
  "hp_head_hidden": 128,
  "hp_head_layers": 2,
  "hp_d_model": 64,
  "hp_nhead": 2,
  "hp_ff_dim": 128,
  "hp_use_cls_token": false
}{
  "trial_id": 1979,
  "trial_name": "trial_1979_transformer",
  "model": "transformer",
  "best_epoch": 25,
  "elapsed_sec": 64.41490459442139,
  "direct_mae": 0.01258748397231102,
  "direct_rmse": 0.01917843520641327,
  "direct_r2": 0.9996171234815847,
  "direct_valid_ratio": 1.0,
  "direct_residual_mean": 0.014583257958292961,
  "direct_residual_median": 0.009586870670318604,
  "direct_residual_p90": 0.03375674486160279,
  "plus_newton_mae": 2.3433617825796326e-08,
  "plus_newton_rmse": 2.9915730001885986e-08,
  "plus_newton_r2": 0.9999999999999991,
  "plus_newton_valid_ratio": 1.0,
  "plus_newton_residual_mean": 3.8518666526420264e-14,
  "plus_newton_residual_median": 1.1102230246251565e-16,
  "plus_newton_residual_p90": 7.761569165154473e-14,
  "plus_newton_newton_iter_mean": 2.1985,
  "plus_newton_newton_iter_median": 2.0,
  "plus_newton_newton_iter_p90": 3.0,
  "plus_newton_converged_ratio": 1.0,
  "hp_use_log_ab": false,
  "hp_optimizer": "adamw",
  "hp_criterion": "smoothl1",
  "hp_dropout": 0.1,
  "hp_lr": 0.0005,
  "hp_weight_decay": 0.0001,
  "hp_hidden_dims": "[256, 256, 128]",
  "hp_hidden_size": 128,
  "hp_num_layers": 1,
  "hp_head_hidden": 128,
  "hp_head_layers": 2,
  "hp_d_model": 64,
  "hp_nhead": 2,
  "hp_ff_dim": 128,
  "hp_use_cls_token": false
}