{
  "trial_id": 2395,
  "trial_name": "trial_2395_transformer",
  "model": "transformer",
  "best_epoch": 92,
  "elapsed_sec": 194.02829957008362,
  "direct_mae": 0.0025198282673954964,
  "direct_rmse": 0.003280669217929244,
  "direct_r2": 0.9999887964077061,
  "direct_valid_ratio": 1.0,
  "direct_residual_mean": 0.003103692317381501,
  "direct_residual_median": 0.0023447275161743164,
  "direct_residual_p90": 0.006699329614639284,
  "plus_newton_mae": 2.343361801076652e-08,
  "plus_newton_rmse": 2.991573007272448e-08,
  "plus_newton_r2": 0.9999999999999991,
  "plus_newton_valid_ratio": 1.0,
  "plus_newton_residual_mean": 2.9160016756243175e-14,
  "plus_newton_residual_median": 1.1102230246251565e-16,
  "plus_newton_residual_p90": 1.9106938253798984e-14,
  "plus_newton_newton_iter_mean": 2.04,
  "plus_newton_newton_iter_median": 2.0,
  "plus_newton_newton_iter_p90": 2.0,
  "plus_newton_converged_ratio": 1.0,
  "hp_use_log_ab": true,
  "hp_optimizer": "adamw",
  "hp_criterion": "mse",
  "hp_dropout": 0.0,
  "hp_lr": 0.0005,
  "hp_weight_decay": 1e-05,
  "hp_hidden_dims": "[256, 256, 128]",
  "hp_hidden_size": 128,
  "hp_num_layers": 2,
  "hp_head_hidden": 64,
  "hp_head_layers": 2,
  "hp_d_model": 64,
  "hp_nhead": 2,
  "hp_ff_dim": 128,
  "hp_use_cls_token": false
}{
  "trial_id": 2395,
  "trial_name": "trial_2395_transformer",
  "model": "transformer",
  "best_epoch": 92,
  "elapsed_sec": 194.02829957008362,
  "direct_mae": 0.0025198282673954964,
  "direct_rmse": 0.003280669217929244,
  "direct_r2": 0.9999887964077061,
  "direct_valid_ratio": 1.0,
  "direct_residual_mean": 0.003103692317381501,
  "direct_residual_median": 0.0023447275161743164,
  "direct_residual_p90": 0.006699329614639284,
  "plus_newton_mae": 2.343361801076652e-08,
  "plus_newton_rmse": 2.991573007272448e-08,
  "plus_newton_r2": 0.9999999999999991,
  "plus_newton_valid_ratio": 1.0,
  "plus_newton_residual_mean": 2.9160016756243175e-14,
  "plus_newton_residual_median": 1.1102230246251565e-16,
  "plus_newton_residual_p90": 1.9106938253798984e-14,
  "plus_newton_newton_iter_mean": 2.04,
  "plus_newton_newton_iter_median": 2.0,
  "plus_newton_newton_iter_p90": 2.0,
  "plus_newton_converged_ratio": 1.0,
  "hp_use_log_ab": true,
  "hp_optimizer": "adamw",
  "hp_criterion": "mse",
  "hp_dropout": 0.0,
  "hp_lr": 0.0005,
  "hp_weight_decay": 1e-05,
  "hp_hidden_dims": "[256, 256, 128]",
  "hp_hidden_size": 128,
  "hp_num_layers": 2,
  "hp_head_hidden": 64,
  "hp_head_layers": 2,
  "hp_d_model": 64,
  "hp_nhead": 2,
  "hp_ff_dim": 128,
  "hp_use_cls_token": false
}