{
  "trial_id": 2631,
  "trial_name": "trial_2631_transformer",
  "model": "transformer",
  "best_epoch": 51,
  "elapsed_sec": 125.45983457565308,
  "direct_mae": 0.10284758359193802,
  "direct_rmse": 0.132425919175148,
  "direct_r2": 0.981745146214962,
  "direct_valid_ratio": 1.0,
  "direct_residual_mean": 0.12970012426376343,
  "direct_residual_median": 0.10184797644615173,
  "direct_residual_p90": 0.25358542799949646,
  "plus_newton_mae": 2.3433618415848222e-08,
  "plus_newton_rmse": 2.9915729574158866e-08,
  "plus_newton_r2": 0.9999999999999991,
  "plus_newton_valid_ratio": 1.0,
  "plus_newton_residual_mean": 3.6066418852376356e-14,
  "plus_newton_residual_median": 1.1102230246251565e-16,
  "plus_newton_residual_p90": 4.9296677850918523e-14,
  "plus_newton_newton_iter_mean": 2.6031,
  "plus_newton_newton_iter_median": 3.0,
  "plus_newton_newton_iter_p90": 3.0,
  "plus_newton_converged_ratio": 1.0,
  "hp_use_log_ab": true,
  "hp_optimizer": "adamw",
  "hp_criterion": "mse",
  "hp_dropout": 0.1,
  "hp_lr": 0.001,
  "hp_weight_decay": 1e-05,
  "hp_hidden_dims": "[256, 256, 128]",
  "hp_hidden_size": 128,
  "hp_num_layers": 2,
  "hp_head_hidden": 64,
  "hp_head_layers": 1,
  "hp_d_model": 32,
  "hp_nhead": 4,
  "hp_ff_dim": 128,
  "hp_use_cls_token": false
}{
  "trial_id": 2631,
  "trial_name": "trial_2631_transformer",
  "model": "transformer",
  "best_epoch": 51,
  "elapsed_sec": 125.45983457565308,
  "direct_mae": 0.10284758359193802,
  "direct_rmse": 0.132425919175148,
  "direct_r2": 0.981745146214962,
  "direct_valid_ratio": 1.0,
  "direct_residual_mean": 0.12970012426376343,
  "direct_residual_median": 0.10184797644615173,
  "direct_residual_p90": 0.25358542799949646,
  "plus_newton_mae": 2.3433618415848222e-08,
  "plus_newton_rmse": 2.9915729574158866e-08,
  "plus_newton_r2": 0.9999999999999991,
  "plus_newton_valid_ratio": 1.0,
  "plus_newton_residual_mean": 3.6066418852376356e-14,
  "plus_newton_residual_median": 1.1102230246251565e-16,
  "plus_newton_residual_p90": 4.9296677850918523e-14,
  "plus_newton_newton_iter_mean": 2.6031,
  "plus_newton_newton_iter_median": 3.0,
  "plus_newton_newton_iter_p90": 3.0,
  "plus_newton_converged_ratio": 1.0,
  "hp_use_log_ab": true,
  "hp_optimizer": "adamw",
  "hp_criterion": "mse",
  "hp_dropout": 0.1,
  "hp_lr": 0.001,
  "hp_weight_decay": 1e-05,
  "hp_hidden_dims": "[256, 256, 128]",
  "hp_hidden_size": 128,
  "hp_num_layers": 2,
  "hp_head_hidden": 64,
  "hp_head_layers": 1,
  "hp_d_model": 32,
  "hp_nhead": 4,
  "hp_ff_dim": 128,
  "hp_use_cls_token": false
}