{
  "trial_id": 167,
  "trial_name": "trial_167_gru",
  "model": "gru",
  "best_epoch": 74,
  "elapsed_sec": 248.38099145889282,
  "direct_mae": 0.3398789167404175,
  "direct_rmse": 0.4166328012943268,
  "direct_r2": 0.8193078339099884,
  "direct_valid_ratio": 1.0,
  "direct_residual_mean": 0.38111981749534607,
  "direct_residual_median": 0.3583078384399414,
  "direct_residual_p90": 0.7162207007408143,
  "plus_newton_mae": 2.3433619153998022e-08,
  "plus_newton_rmse": 2.9915731508049334e-08,
  "plus_newton_r2": 0.9999999999999991,
  "plus_newton_valid_ratio": 1.0,
  "plus_newton_residual_mean": 4.2839667699628715e-14,
  "plus_newton_residual_median": 1.6653345369377348e-16,
  "plus_newton_residual_p90": 9.250933352689127e-14,
  "plus_newton_newton_iter_mean": 2.7479,
  "plus_newton_newton_iter_median": 3.0,
  "plus_newton_newton_iter_p90": 3.0,
  "plus_newton_converged_ratio": 1.0,
  "hp_use_log_ab": false,
  "hp_optimizer": "adamw",
  "hp_criterion": "smoothl1",
  "hp_dropout": 0.0,
  "hp_lr": 0.0005,
  "hp_weight_decay": 1e-05,
  "hp_hidden_dims": "[256, 256, 128]",
  "hp_hidden_size": 64,
  "hp_num_layers": 2,
  "hp_head_hidden": 128,
  "hp_head_layers": 1,
  "hp_d_model": 64,
  "hp_nhead": 4,
  "hp_ff_dim": 128,
  "hp_use_cls_token": false
}{
  "trial_id": 167,
  "trial_name": "trial_167_gru",
  "model": "gru",
  "best_epoch": 74,
  "elapsed_sec": 248.38099145889282,
  "direct_mae": 0.3398789167404175,
  "direct_rmse": 0.4166328012943268,
  "direct_r2": 0.8193078339099884,
  "direct_valid_ratio": 1.0,
  "direct_residual_mean": 0.38111981749534607,
  "direct_residual_median": 0.3583078384399414,
  "direct_residual_p90": 0.7162207007408143,
  "plus_newton_mae": 2.3433619153998022e-08,
  "plus_newton_rmse": 2.9915731508049334e-08,
  "plus_newton_r2": 0.9999999999999991,
  "plus_newton_valid_ratio": 1.0,
  "plus_newton_residual_mean": 4.2839667699628715e-14,
  "plus_newton_residual_median": 1.6653345369377348e-16,
  "plus_newton_residual_p90": 9.250933352689127e-14,
  "plus_newton_newton_iter_mean": 2.7479,
  "plus_newton_newton_iter_median": 3.0,
  "plus_newton_newton_iter_p90": 3.0,
  "plus_newton_converged_ratio": 1.0,
  "hp_use_log_ab": false,
  "hp_optimizer": "adamw",
  "hp_criterion": "smoothl1",
  "hp_dropout": 0.0,
  "hp_lr": 0.0005,
  "hp_weight_decay": 1e-05,
  "hp_hidden_dims": "[256, 256, 128]",
  "hp_hidden_size": 64,
  "hp_num_layers": 2,
  "hp_head_hidden": 128,
  "hp_head_layers": 1,
  "hp_d_model": 64,
  "hp_nhead": 4,
  "hp_ff_dim": 128,
  "hp_use_cls_token": false
}