{
  "trial_id": 700,
  "trial_name": "trial_700_transformer",
  "model": "transformer",
  "best_epoch": 66,
  "elapsed_sec": 141.09454441070557,
  "direct_mae": 0.007845897227525711,
  "direct_rmse": 0.01116212923079729,
  "direct_r2": 0.999870304032811,
  "direct_valid_ratio": 1.0,
  "direct_residual_mean": 0.009160610847175121,
  "direct_residual_median": 0.00683949887752533,
  "direct_residual_p90": 0.019574213027954104,
  "plus_newton_mae": 2.3433617644324262e-08,
  "plus_newton_rmse": 2.9915729906202895e-08,
  "plus_newton_r2": 0.9999999999999991,
  "plus_newton_valid_ratio": 1.0,
  "plus_newton_residual_mean": 3.4081808551926975e-14,
  "plus_newton_residual_median": 1.1102230246251565e-16,
  "plus_newton_residual_p90": 5.81354409057156e-14,
  "plus_newton_newton_iter_mean": 2.1308,
  "plus_newton_newton_iter_median": 2.0,
  "plus_newton_newton_iter_p90": 3.0,
  "plus_newton_converged_ratio": 1.0,
  "hp_use_log_ab": false,
  "hp_optimizer": "adamw",
  "hp_criterion": "mse",
  "hp_dropout": 0.1,
  "hp_lr": 0.001,
  "hp_weight_decay": 0.0001,
  "hp_hidden_dims": "[256, 256, 128]",
  "hp_hidden_size": 128,
  "hp_num_layers": 1,
  "hp_head_hidden": 128,
  "hp_head_layers": 2,
  "hp_d_model": 64,
  "hp_nhead": 2,
  "hp_ff_dim": 128,
  "hp_use_cls_token": true
}{
  "trial_id": 700,
  "trial_name": "trial_700_transformer",
  "model": "transformer",
  "best_epoch": 66,
  "elapsed_sec": 141.09454441070557,
  "direct_mae": 0.007845897227525711,
  "direct_rmse": 0.01116212923079729,
  "direct_r2": 0.999870304032811,
  "direct_valid_ratio": 1.0,
  "direct_residual_mean": 0.009160610847175121,
  "direct_residual_median": 0.00683949887752533,
  "direct_residual_p90": 0.019574213027954104,
  "plus_newton_mae": 2.3433617644324262e-08,
  "plus_newton_rmse": 2.9915729906202895e-08,
  "plus_newton_r2": 0.9999999999999991,
  "plus_newton_valid_ratio": 1.0,
  "plus_newton_residual_mean": 3.4081808551926975e-14,
  "plus_newton_residual_median": 1.1102230246251565e-16,
  "plus_newton_residual_p90": 5.81354409057156e-14,
  "plus_newton_newton_iter_mean": 2.1308,
  "plus_newton_newton_iter_median": 2.0,
  "plus_newton_newton_iter_p90": 3.0,
  "plus_newton_converged_ratio": 1.0,
  "hp_use_log_ab": false,
  "hp_optimizer": "adamw",
  "hp_criterion": "mse",
  "hp_dropout": 0.1,
  "hp_lr": 0.001,
  "hp_weight_decay": 0.0001,
  "hp_hidden_dims": "[256, 256, 128]",
  "hp_hidden_size": 128,
  "hp_num_layers": 1,
  "hp_head_hidden": 128,
  "hp_head_layers": 2,
  "hp_d_model": 64,
  "hp_nhead": 2,
  "hp_ff_dim": 128,
  "hp_use_cls_token": true
}