{
  "trial_id": 2180,
  "trial_name": "trial_2180_transformer",
  "model": "transformer",
  "best_epoch": 41,
  "elapsed_sec": 85.44080972671509,
  "direct_mae": 0.10443352907896042,
  "direct_rmse": 0.13183455169200897,
  "direct_r2": 0.9819078240543604,
  "direct_valid_ratio": 1.0,
  "direct_residual_mean": 0.13140089809894562,
  "direct_residual_median": 0.10810396075248718,
  "direct_residual_p90": 0.25311002731323246,
  "plus_newton_mae": 2.3433619228317676e-08,
  "plus_newton_rmse": 2.991573029268979e-08,
  "plus_newton_r2": 0.9999999999999991,
  "plus_newton_valid_ratio": 1.0,
  "plus_newton_residual_mean": 3.450523381865573e-14,
  "plus_newton_residual_median": 1.1102230246251565e-16,
  "plus_newton_residual_p90": 5.2194359945190525e-14,
  "plus_newton_newton_iter_mean": 2.6145,
  "plus_newton_newton_iter_median": 3.0,
  "plus_newton_newton_iter_p90": 3.0,
  "plus_newton_converged_ratio": 1.0,
  "hp_use_log_ab": true,
  "hp_optimizer": "adamw",
  "hp_criterion": "mse",
  "hp_dropout": 0.0,
  "hp_lr": 0.001,
  "hp_weight_decay": 0.0001,
  "hp_hidden_dims": "[256, 256, 128]",
  "hp_hidden_size": 128,
  "hp_num_layers": 1,
  "hp_head_hidden": 64,
  "hp_head_layers": 1,
  "hp_d_model": 32,
  "hp_nhead": 2,
  "hp_ff_dim": 128,
  "hp_use_cls_token": true
}{
  "trial_id": 2180,
  "trial_name": "trial_2180_transformer",
  "model": "transformer",
  "best_epoch": 41,
  "elapsed_sec": 85.44080972671509,
  "direct_mae": 0.10443352907896042,
  "direct_rmse": 0.13183455169200897,
  "direct_r2": 0.9819078240543604,
  "direct_valid_ratio": 1.0,
  "direct_residual_mean": 0.13140089809894562,
  "direct_residual_median": 0.10810396075248718,
  "direct_residual_p90": 0.25311002731323246,
  "plus_newton_mae": 2.3433619228317676e-08,
  "plus_newton_rmse": 2.991573029268979e-08,
  "plus_newton_r2": 0.9999999999999991,
  "plus_newton_valid_ratio": 1.0,
  "plus_newton_residual_mean": 3.450523381865573e-14,
  "plus_newton_residual_median": 1.1102230246251565e-16,
  "plus_newton_residual_p90": 5.2194359945190525e-14,
  "plus_newton_newton_iter_mean": 2.6145,
  "plus_newton_newton_iter_median": 3.0,
  "plus_newton_newton_iter_p90": 3.0,
  "plus_newton_converged_ratio": 1.0,
  "hp_use_log_ab": true,
  "hp_optimizer": "adamw",
  "hp_criterion": "mse",
  "hp_dropout": 0.0,
  "hp_lr": 0.001,
  "hp_weight_decay": 0.0001,
  "hp_hidden_dims": "[256, 256, 128]",
  "hp_hidden_size": 128,
  "hp_num_layers": 1,
  "hp_head_hidden": 64,
  "hp_head_layers": 1,
  "hp_d_model": 32,
  "hp_nhead": 2,
  "hp_ff_dim": 128,
  "hp_use_cls_token": true
}