{
  "trial_id": 2513,
  "trial_name": "trial_2513_transformer",
  "model": "transformer",
  "best_epoch": 116,
  "elapsed_sec": 209.26967120170593,
  "direct_mae": 0.0024915605317801237,
  "direct_rmse": 0.0031938361935317516,
  "direct_r2": 0.9999893816348049,
  "direct_valid_ratio": 1.0,
  "direct_residual_mean": 0.003064814954996109,
  "direct_residual_median": 0.0023662149906158447,
  "direct_residual_p90": 0.006657922267913819,
  "plus_newton_mae": 2.3433618835468903e-08,
  "plus_newton_rmse": 2.9915730313730106e-08,
  "plus_newton_r2": 0.9999999999999991,
  "plus_newton_valid_ratio": 1.0,
  "plus_newton_residual_mean": 2.9550706342299795e-14,
  "plus_newton_residual_median": 1.1102230246251565e-16,
  "plus_newton_residual_p90": 2.16344303582972e-14,
  "plus_newton_newton_iter_mean": 2.0404,
  "plus_newton_newton_iter_median": 2.0,
  "plus_newton_newton_iter_p90": 2.0,
  "plus_newton_converged_ratio": 1.0,
  "hp_use_log_ab": true,
  "hp_optimizer": "adamw",
  "hp_criterion": "mse",
  "hp_dropout": 0.0,
  "hp_lr": 0.0005,
  "hp_weight_decay": 0.0001,
  "hp_hidden_dims": "[256, 256, 128]",
  "hp_hidden_size": 128,
  "hp_num_layers": 2,
  "hp_head_hidden": 64,
  "hp_head_layers": 2,
  "hp_d_model": 32,
  "hp_nhead": 2,
  "hp_ff_dim": 64,
  "hp_use_cls_token": false
}{
  "trial_id": 2513,
  "trial_name": "trial_2513_transformer",
  "model": "transformer",
  "best_epoch": 116,
  "elapsed_sec": 209.26967120170593,
  "direct_mae": 0.0024915605317801237,
  "direct_rmse": 0.0031938361935317516,
  "direct_r2": 0.9999893816348049,
  "direct_valid_ratio": 1.0,
  "direct_residual_mean": 0.003064814954996109,
  "direct_residual_median": 0.0023662149906158447,
  "direct_residual_p90": 0.006657922267913819,
  "plus_newton_mae": 2.3433618835468903e-08,
  "plus_newton_rmse": 2.9915730313730106e-08,
  "plus_newton_r2": 0.9999999999999991,
  "plus_newton_valid_ratio": 1.0,
  "plus_newton_residual_mean": 2.9550706342299795e-14,
  "plus_newton_residual_median": 1.1102230246251565e-16,
  "plus_newton_residual_p90": 2.16344303582972e-14,
  "plus_newton_newton_iter_mean": 2.0404,
  "plus_newton_newton_iter_median": 2.0,
  "plus_newton_newton_iter_p90": 2.0,
  "plus_newton_converged_ratio": 1.0,
  "hp_use_log_ab": true,
  "hp_optimizer": "adamw",
  "hp_criterion": "mse",
  "hp_dropout": 0.0,
  "hp_lr": 0.0005,
  "hp_weight_decay": 0.0001,
  "hp_hidden_dims": "[256, 256, 128]",
  "hp_hidden_size": 128,
  "hp_num_layers": 2,
  "hp_head_hidden": 64,
  "hp_head_layers": 2,
  "hp_d_model": 32,
  "hp_nhead": 2,
  "hp_ff_dim": 64,
  "hp_use_cls_token": false
}