{
  "trial_id": 1747,
  "trial_name": "trial_1747_transformer",
  "model": "transformer",
  "best_epoch": 50,
  "elapsed_sec": 124.6052508354187,
  "direct_mae": 0.011484446935355663,
  "direct_rmse": 0.017016101628541946,
  "direct_r2": 0.9996985936013516,
  "direct_valid_ratio": 1.0,
  "direct_residual_mean": 0.013450756669044495,
  "direct_residual_median": 0.008674681186676025,
  "direct_residual_p90": 0.03427013158798218,
  "plus_newton_mae": 2.3433620024994382e-08,
  "plus_newton_rmse": 2.991573027234386e-08,
  "plus_newton_r2": 0.9999999999999991,
  "plus_newton_valid_ratio": 1.0,
  "plus_newton_residual_mean": 4.442277745451945e-14,
  "plus_newton_residual_median": 1.1102230246251565e-16,
  "plus_newton_residual_p90": 9.54958334631329e-14,
  "plus_newton_newton_iter_mean": 2.1801,
  "plus_newton_newton_iter_median": 2.0,
  "plus_newton_newton_iter_p90": 3.0,
  "plus_newton_converged_ratio": 1.0,
  "hp_use_log_ab": false,
  "hp_optimizer": "adamw",
  "hp_criterion": "smoothl1",
  "hp_dropout": 0.1,
  "hp_lr": 0.001,
  "hp_weight_decay": 0.0001,
  "hp_hidden_dims": "[256, 256, 128]",
  "hp_hidden_size": 128,
  "hp_num_layers": 2,
  "hp_head_hidden": 64,
  "hp_head_layers": 2,
  "hp_d_model": 32,
  "hp_nhead": 2,
  "hp_ff_dim": 128,
  "hp_use_cls_token": false
}{
  "trial_id": 1747,
  "trial_name": "trial_1747_transformer",
  "model": "transformer",
  "best_epoch": 50,
  "elapsed_sec": 124.6052508354187,
  "direct_mae": 0.011484446935355663,
  "direct_rmse": 0.017016101628541946,
  "direct_r2": 0.9996985936013516,
  "direct_valid_ratio": 1.0,
  "direct_residual_mean": 0.013450756669044495,
  "direct_residual_median": 0.008674681186676025,
  "direct_residual_p90": 0.03427013158798218,
  "plus_newton_mae": 2.3433620024994382e-08,
  "plus_newton_rmse": 2.991573027234386e-08,
  "plus_newton_r2": 0.9999999999999991,
  "plus_newton_valid_ratio": 1.0,
  "plus_newton_residual_mean": 4.442277745451945e-14,
  "plus_newton_residual_median": 1.1102230246251565e-16,
  "plus_newton_residual_p90": 9.54958334631329e-14,
  "plus_newton_newton_iter_mean": 2.1801,
  "plus_newton_newton_iter_median": 2.0,
  "plus_newton_newton_iter_p90": 3.0,
  "plus_newton_converged_ratio": 1.0,
  "hp_use_log_ab": false,
  "hp_optimizer": "adamw",
  "hp_criterion": "smoothl1",
  "hp_dropout": 0.1,
  "hp_lr": 0.001,
  "hp_weight_decay": 0.0001,
  "hp_hidden_dims": "[256, 256, 128]",
  "hp_hidden_size": 128,
  "hp_num_layers": 2,
  "hp_head_hidden": 64,
  "hp_head_layers": 2,
  "hp_d_model": 32,
  "hp_nhead": 2,
  "hp_ff_dim": 128,
  "hp_use_cls_token": false
}