{
  "trial_id": 360,
  "trial_name": "trial_360_gru",
  "model": "gru",
  "best_epoch": 32,
  "elapsed_sec": 119.01793837547302,
  "direct_mae": 0.00663738464936614,
  "direct_rmse": 0.008424281142652035,
  "direct_r2": 0.9999261248885887,
  "direct_valid_ratio": 1.0,
  "direct_residual_mean": 0.008151432499289513,
  "direct_residual_median": 0.00638425350189209,
  "direct_residual_p90": 0.015709223225712776,
  "plus_newton_mae": 2.3433617524775114e-08,
  "plus_newton_rmse": 2.991572925002817e-08,
  "plus_newton_r2": 0.9999999999999991,
  "plus_newton_valid_ratio": 1.0,
  "plus_newton_residual_mean": 3.734567878671525e-14,
  "plus_newton_residual_median": 1.1102230246251565e-16,
  "plus_newton_residual_p90": 7.106537580625631e-14,
  "plus_newton_newton_iter_mean": 2.0974,
  "plus_newton_newton_iter_median": 2.0,
  "plus_newton_newton_iter_p90": 2.100000000000364,
  "plus_newton_converged_ratio": 1.0,
  "hp_use_log_ab": true,
  "hp_optimizer": "adamw",
  "hp_criterion": "mse",
  "hp_dropout": 0.1,
  "hp_lr": 0.0005,
  "hp_weight_decay": 1e-05,
  "hp_hidden_dims": "[256, 256, 128]",
  "hp_hidden_size": 64,
  "hp_num_layers": 2,
  "hp_head_hidden": 128,
  "hp_head_layers": 2,
  "hp_d_model": 64,
  "hp_nhead": 4,
  "hp_ff_dim": 128,
  "hp_use_cls_token": false
}{
  "trial_id": 360,
  "trial_name": "trial_360_gru",
  "model": "gru",
  "best_epoch": 32,
  "elapsed_sec": 119.01793837547302,
  "direct_mae": 0.00663738464936614,
  "direct_rmse": 0.008424281142652035,
  "direct_r2": 0.9999261248885887,
  "direct_valid_ratio": 1.0,
  "direct_residual_mean": 0.008151432499289513,
  "direct_residual_median": 0.00638425350189209,
  "direct_residual_p90": 0.015709223225712776,
  "plus_newton_mae": 2.3433617524775114e-08,
  "plus_newton_rmse": 2.991572925002817e-08,
  "plus_newton_r2": 0.9999999999999991,
  "plus_newton_valid_ratio": 1.0,
  "plus_newton_residual_mean": 3.734567878671525e-14,
  "plus_newton_residual_median": 1.1102230246251565e-16,
  "plus_newton_residual_p90": 7.106537580625631e-14,
  "plus_newton_newton_iter_mean": 2.0974,
  "plus_newton_newton_iter_median": 2.0,
  "plus_newton_newton_iter_p90": 2.100000000000364,
  "plus_newton_converged_ratio": 1.0,
  "hp_use_log_ab": true,
  "hp_optimizer": "adamw",
  "hp_criterion": "mse",
  "hp_dropout": 0.1,
  "hp_lr": 0.0005,
  "hp_weight_decay": 1e-05,
  "hp_hidden_dims": "[256, 256, 128]",
  "hp_hidden_size": 64,
  "hp_num_layers": 2,
  "hp_head_hidden": 128,
  "hp_head_layers": 2,
  "hp_d_model": 64,
  "hp_nhead": 4,
  "hp_ff_dim": 128,
  "hp_use_cls_token": false
}