{
  "trial_id": 548,
  "trial_name": "trial_548_transformer",
  "model": "transformer",
  "best_epoch": 43,
  "elapsed_sec": 99.38683438301086,
  "direct_mae": 0.34131574630737305,
  "direct_rmse": 0.4169978201389313,
  "direct_r2": 0.818991094827652,
  "direct_valid_ratio": 1.0,
  "direct_residual_mean": 0.3846595585346222,
  "direct_residual_median": 0.36191853880882263,
  "direct_residual_p90": 0.7166783213615422,
  "plus_newton_mae": 2.3433619344281313e-08,
  "plus_newton_rmse": 2.991573118919773e-08,
  "plus_newton_r2": 0.9999999999999991,
  "plus_newton_valid_ratio": 1.0,
  "plus_newton_residual_mean": 4.510523356411847e-14,
  "plus_newton_residual_median": 2.220446049250313e-16,
  "plus_newton_residual_p90": 1.0859646515370975e-13,
  "plus_newton_newton_iter_mean": 2.7564,
  "plus_newton_newton_iter_median": 3.0,
  "plus_newton_newton_iter_p90": 3.0,
  "plus_newton_converged_ratio": 1.0,
  "hp_use_log_ab": false,
  "hp_optimizer": "adamw",
  "hp_criterion": "mse",
  "hp_dropout": 0.1,
  "hp_lr": 0.001,
  "hp_weight_decay": 1e-05,
  "hp_hidden_dims": "[256, 256, 128]",
  "hp_hidden_size": 128,
  "hp_num_layers": 1,
  "hp_head_hidden": 128,
  "hp_head_layers": 1,
  "hp_d_model": 32,
  "hp_nhead": 2,
  "hp_ff_dim": 128,
  "hp_use_cls_token": true
}{
  "trial_id": 548,
  "trial_name": "trial_548_transformer",
  "model": "transformer",
  "best_epoch": 43,
  "elapsed_sec": 99.38683438301086,
  "direct_mae": 0.34131574630737305,
  "direct_rmse": 0.4169978201389313,
  "direct_r2": 0.818991094827652,
  "direct_valid_ratio": 1.0,
  "direct_residual_mean": 0.3846595585346222,
  "direct_residual_median": 0.36191853880882263,
  "direct_residual_p90": 0.7166783213615422,
  "plus_newton_mae": 2.3433619344281313e-08,
  "plus_newton_rmse": 2.991573118919773e-08,
  "plus_newton_r2": 0.9999999999999991,
  "plus_newton_valid_ratio": 1.0,
  "plus_newton_residual_mean": 4.510523356411847e-14,
  "plus_newton_residual_median": 2.220446049250313e-16,
  "plus_newton_residual_p90": 1.0859646515370975e-13,
  "plus_newton_newton_iter_mean": 2.7564,
  "plus_newton_newton_iter_median": 3.0,
  "plus_newton_newton_iter_p90": 3.0,
  "plus_newton_converged_ratio": 1.0,
  "hp_use_log_ab": false,
  "hp_optimizer": "adamw",
  "hp_criterion": "mse",
  "hp_dropout": 0.1,
  "hp_lr": 0.001,
  "hp_weight_decay": 1e-05,
  "hp_hidden_dims": "[256, 256, 128]",
  "hp_hidden_size": 128,
  "hp_num_layers": 1,
  "hp_head_hidden": 128,
  "hp_head_layers": 1,
  "hp_d_model": 32,
  "hp_nhead": 2,
  "hp_ff_dim": 128,
  "hp_use_cls_token": true
}