{
  "trial_id": 1382,
  "trial_name": "trial_1382_transformer",
  "model": "transformer",
  "best_epoch": 8,
  "elapsed_sec": 48.01042604446411,
  "direct_mae": 0.3410896360874176,
  "direct_rmse": 0.41822201013565063,
  "direct_r2": 0.8179267346858978,
  "direct_valid_ratio": 1.0,
  "direct_residual_mean": 0.38777846097946167,
  "direct_residual_median": 0.35847169160842896,
  "direct_residual_p90": 0.7576873362064362,
  "plus_newton_mae": 2.343361913136512e-08,
  "plus_newton_rmse": 2.9915730787918857e-08,
  "plus_newton_r2": 0.9999999999999991,
  "plus_newton_valid_ratio": 1.0,
  "plus_newton_residual_mean": 4.524791249055168e-14,
  "plus_newton_residual_median": 1.6653345369377348e-16,
  "plus_newton_residual_p90": 1.0482170686998422e-13,
  "plus_newton_newton_iter_mean": 2.7728,
  "plus_newton_newton_iter_median": 3.0,
  "plus_newton_newton_iter_p90": 3.0,
  "plus_newton_converged_ratio": 1.0,
  "hp_use_log_ab": false,
  "hp_optimizer": "adamw",
  "hp_criterion": "smoothl1",
  "hp_dropout": 0.0,
  "hp_lr": 0.0005,
  "hp_weight_decay": 1e-05,
  "hp_hidden_dims": "[256, 256, 128]",
  "hp_hidden_size": 128,
  "hp_num_layers": 2,
  "hp_head_hidden": 128,
  "hp_head_layers": 1,
  "hp_d_model": 32,
  "hp_nhead": 4,
  "hp_ff_dim": 64,
  "hp_use_cls_token": true
}{
  "trial_id": 1382,
  "trial_name": "trial_1382_transformer",
  "model": "transformer",
  "best_epoch": 8,
  "elapsed_sec": 48.01042604446411,
  "direct_mae": 0.3410896360874176,
  "direct_rmse": 0.41822201013565063,
  "direct_r2": 0.8179267346858978,
  "direct_valid_ratio": 1.0,
  "direct_residual_mean": 0.38777846097946167,
  "direct_residual_median": 0.35847169160842896,
  "direct_residual_p90": 0.7576873362064362,
  "plus_newton_mae": 2.343361913136512e-08,
  "plus_newton_rmse": 2.9915730787918857e-08,
  "plus_newton_r2": 0.9999999999999991,
  "plus_newton_valid_ratio": 1.0,
  "plus_newton_residual_mean": 4.524791249055168e-14,
  "plus_newton_residual_median": 1.6653345369377348e-16,
  "plus_newton_residual_p90": 1.0482170686998422e-13,
  "plus_newton_newton_iter_mean": 2.7728,
  "plus_newton_newton_iter_median": 3.0,
  "plus_newton_newton_iter_p90": 3.0,
  "plus_newton_converged_ratio": 1.0,
  "hp_use_log_ab": false,
  "hp_optimizer": "adamw",
  "hp_criterion": "smoothl1",
  "hp_dropout": 0.0,
  "hp_lr": 0.0005,
  "hp_weight_decay": 1e-05,
  "hp_hidden_dims": "[256, 256, 128]",
  "hp_hidden_size": 128,
  "hp_num_layers": 2,
  "hp_head_hidden": 128,
  "hp_head_layers": 1,
  "hp_d_model": 32,
  "hp_nhead": 4,
  "hp_ff_dim": 64,
  "hp_use_cls_token": true
}