{
  "trial_id": 3160,
  "trial_name": "trial_3160_transformer",
  "model": "transformer",
  "best_epoch": 105,
  "elapsed_sec": 213.26000785827637,
  "direct_mae": 0.0016612134641036391,
  "direct_rmse": 0.0021502654999494553,
  "direct_r2": 0.9999951869926917,
  "direct_valid_ratio": 1.0,
  "direct_residual_mean": 0.002117510885000229,
  "direct_residual_median": 0.0015595555305480957,
  "direct_residual_p90": 0.004662823677062989,
  "plus_newton_mae": 2.3433617000929814e-08,
  "plus_newton_rmse": 2.991573094709587e-08,
  "plus_newton_r2": 0.9999999999999991,
  "plus_newton_valid_ratio": 1.0,
  "plus_newton_residual_mean": 3.833615648364267e-14,
  "plus_newton_residual_median": 1.1102230246251565e-16,
  "plus_newton_residual_p90": 6.108447081487619e-14,
  "plus_newton_newton_iter_mean": 1.9898,
  "plus_newton_newton_iter_median": 2.0,
  "plus_newton_newton_iter_p90": 2.0,
  "plus_newton_converged_ratio": 1.0,
  "hp_use_log_ab": true,
  "hp_optimizer": "adamw",
  "hp_criterion": "smoothl1",
  "hp_dropout": 0.0,
  "hp_lr": 0.001,
  "hp_weight_decay": 1e-05,
  "hp_hidden_dims": "[256, 256, 128]",
  "hp_hidden_size": 128,
  "hp_num_layers": 2,
  "hp_head_hidden": 64,
  "hp_head_layers": 2,
  "hp_d_model": 32,
  "hp_nhead": 4,
  "hp_ff_dim": 128,
  "hp_use_cls_token": true
}{
  "trial_id": 3160,
  "trial_name": "trial_3160_transformer",
  "model": "transformer",
  "best_epoch": 105,
  "elapsed_sec": 213.26000785827637,
  "direct_mae": 0.0016612134641036391,
  "direct_rmse": 0.0021502654999494553,
  "direct_r2": 0.9999951869926917,
  "direct_valid_ratio": 1.0,
  "direct_residual_mean": 0.002117510885000229,
  "direct_residual_median": 0.0015595555305480957,
  "direct_residual_p90": 0.004662823677062989,
  "plus_newton_mae": 2.3433617000929814e-08,
  "plus_newton_rmse": 2.991573094709587e-08,
  "plus_newton_r2": 0.9999999999999991,
  "plus_newton_valid_ratio": 1.0,
  "plus_newton_residual_mean": 3.833615648364267e-14,
  "plus_newton_residual_median": 1.1102230246251565e-16,
  "plus_newton_residual_p90": 6.108447081487619e-14,
  "plus_newton_newton_iter_mean": 1.9898,
  "plus_newton_newton_iter_median": 2.0,
  "plus_newton_newton_iter_p90": 2.0,
  "plus_newton_converged_ratio": 1.0,
  "hp_use_log_ab": true,
  "hp_optimizer": "adamw",
  "hp_criterion": "smoothl1",
  "hp_dropout": 0.0,
  "hp_lr": 0.001,
  "hp_weight_decay": 1e-05,
  "hp_hidden_dims": "[256, 256, 128]",
  "hp_hidden_size": 128,
  "hp_num_layers": 2,
  "hp_head_hidden": 64,
  "hp_head_layers": 2,
  "hp_d_model": 32,
  "hp_nhead": 4,
  "hp_ff_dim": 128,
  "hp_use_cls_token": true
}