{
  "trial_id": 3019,
  "trial_name": "trial_3019_transformer",
  "model": "transformer",
  "best_epoch": 27,
  "elapsed_sec": 82.19062995910645,
  "direct_mae": 0.10600225627422333,
  "direct_rmse": 0.1379871368408203,
  "direct_r2": 0.9801797289401293,
  "direct_valid_ratio": 1.0,
  "direct_residual_mean": 0.13455097377300262,
  "direct_residual_median": 0.10253694653511047,
  "direct_residual_p90": 0.2632537305355072,
  "plus_newton_mae": 2.3433619195368478e-08,
  "plus_newton_rmse": 2.991573023257663e-08,
  "plus_newton_r2": 0.9999999999999991,
  "plus_newton_valid_ratio": 1.0,
  "plus_newton_residual_mean": 3.484305162203608e-14,
  "plus_newton_residual_median": 1.1102230246251565e-16,
  "plus_newton_residual_p90": 4.207745263329343e-14,
  "plus_newton_newton_iter_mean": 2.6077,
  "plus_newton_newton_iter_median": 3.0,
  "plus_newton_newton_iter_p90": 3.0,
  "plus_newton_converged_ratio": 1.0,
  "hp_use_log_ab": true,
  "hp_optimizer": "adamw",
  "hp_criterion": "mse",
  "hp_dropout": 0.1,
  "hp_lr": 0.0005,
  "hp_weight_decay": 0.0001,
  "hp_hidden_dims": "[256, 256, 128]",
  "hp_hidden_size": 128,
  "hp_num_layers": 2,
  "hp_head_hidden": 64,
  "hp_head_layers": 1,
  "hp_d_model": 64,
  "hp_nhead": 2,
  "hp_ff_dim": 128,
  "hp_use_cls_token": false
}{
  "trial_id": 3019,
  "trial_name": "trial_3019_transformer",
  "model": "transformer",
  "best_epoch": 27,
  "elapsed_sec": 82.19062995910645,
  "direct_mae": 0.10600225627422333,
  "direct_rmse": 0.1379871368408203,
  "direct_r2": 0.9801797289401293,
  "direct_valid_ratio": 1.0,
  "direct_residual_mean": 0.13455097377300262,
  "direct_residual_median": 0.10253694653511047,
  "direct_residual_p90": 0.2632537305355072,
  "plus_newton_mae": 2.3433619195368478e-08,
  "plus_newton_rmse": 2.991573023257663e-08,
  "plus_newton_r2": 0.9999999999999991,
  "plus_newton_valid_ratio": 1.0,
  "plus_newton_residual_mean": 3.484305162203608e-14,
  "plus_newton_residual_median": 1.1102230246251565e-16,
  "plus_newton_residual_p90": 4.207745263329343e-14,
  "plus_newton_newton_iter_mean": 2.6077,
  "plus_newton_newton_iter_median": 3.0,
  "plus_newton_newton_iter_p90": 3.0,
  "plus_newton_converged_ratio": 1.0,
  "hp_use_log_ab": true,
  "hp_optimizer": "adamw",
  "hp_criterion": "mse",
  "hp_dropout": 0.1,
  "hp_lr": 0.0005,
  "hp_weight_decay": 0.0001,
  "hp_hidden_dims": "[256, 256, 128]",
  "hp_hidden_size": 128,
  "hp_num_layers": 2,
  "hp_head_hidden": 64,
  "hp_head_layers": 1,
  "hp_d_model": 64,
  "hp_nhead": 2,
  "hp_ff_dim": 128,
  "hp_use_cls_token": false
}