{
  "trial_id": 321,
  "trial_name": "trial_321_lstm",
  "model": "lstm",
  "best_epoch": 51,
  "elapsed_sec": 152.13443398475647,
  "direct_mae": 0.10262883454561234,
  "direct_rmse": 0.13133570551872253,
  "direct_r2": 0.982044480741024,
  "direct_valid_ratio": 1.0,
  "direct_residual_mean": 0.1292310357093811,
  "direct_residual_median": 0.10290953516960144,
  "direct_residual_p90": 0.252780705690384,
  "plus_newton_mae": 2.3433618568794665e-08,
  "plus_newton_rmse": 2.991572942452931e-08,
  "plus_newton_r2": 0.9999999999999991,
  "plus_newton_valid_ratio": 1.0,
  "plus_newton_residual_mean": 3.508000795502276e-14,
  "plus_newton_residual_median": 1.1102230246251565e-16,
  "plus_newton_residual_p90": 4.9144022185032615e-14,
  "plus_newton_newton_iter_mean": 2.6083,
  "plus_newton_newton_iter_median": 3.0,
  "plus_newton_newton_iter_p90": 3.0,
  "plus_newton_converged_ratio": 1.0,
  "hp_use_log_ab": true,
  "hp_optimizer": "adamw",
  "hp_criterion": "mse",
  "hp_dropout": 0.1,
  "hp_lr": 0.001,
  "hp_weight_decay": 1e-05,
  "hp_hidden_dims": "[256, 256, 128]",
  "hp_hidden_size": 64,
  "hp_num_layers": 1,
  "hp_head_hidden": 64,
  "hp_head_layers": 1,
  "hp_d_model": 64,
  "hp_nhead": 4,
  "hp_ff_dim": 128,
  "hp_use_cls_token": false
}{
  "trial_id": 321,
  "trial_name": "trial_321_lstm",
  "model": "lstm",
  "best_epoch": 51,
  "elapsed_sec": 152.13443398475647,
  "direct_mae": 0.10262883454561234,
  "direct_rmse": 0.13133570551872253,
  "direct_r2": 0.982044480741024,
  "direct_valid_ratio": 1.0,
  "direct_residual_mean": 0.1292310357093811,
  "direct_residual_median": 0.10290953516960144,
  "direct_residual_p90": 0.252780705690384,
  "plus_newton_mae": 2.3433618568794665e-08,
  "plus_newton_rmse": 2.991572942452931e-08,
  "plus_newton_r2": 0.9999999999999991,
  "plus_newton_valid_ratio": 1.0,
  "plus_newton_residual_mean": 3.508000795502276e-14,
  "plus_newton_residual_median": 1.1102230246251565e-16,
  "plus_newton_residual_p90": 4.9144022185032615e-14,
  "plus_newton_newton_iter_mean": 2.6083,
  "plus_newton_newton_iter_median": 3.0,
  "plus_newton_newton_iter_p90": 3.0,
  "plus_newton_converged_ratio": 1.0,
  "hp_use_log_ab": true,
  "hp_optimizer": "adamw",
  "hp_criterion": "mse",
  "hp_dropout": 0.1,
  "hp_lr": 0.001,
  "hp_weight_decay": 1e-05,
  "hp_hidden_dims": "[256, 256, 128]",
  "hp_hidden_size": 64,
  "hp_num_layers": 1,
  "hp_head_hidden": 64,
  "hp_head_layers": 1,
  "hp_d_model": 64,
  "hp_nhead": 4,
  "hp_ff_dim": 128,
  "hp_use_cls_token": false
}