{
  "trial_id": 1203,
  "trial_name": "trial_1203_transformer",
  "model": "transformer",
  "best_epoch": 103,
  "elapsed_sec": 166.8032808303833,
  "direct_mae": 0.0021481818985193968,
  "direct_rmse": 0.002875462407246232,
  "direct_r2": 0.9999913930796538,
  "direct_valid_ratio": 1.0,
  "direct_residual_mean": 0.0026050193700939417,
  "direct_residual_median": 0.0021177828311920166,
  "direct_residual_p90": 0.005182582139968872,
  "plus_newton_mae": 2.3433619160828817e-08,
  "plus_newton_rmse": 2.991573035120089e-08,
  "plus_newton_r2": 0.9999999999999991,
  "plus_newton_valid_ratio": 1.0,
  "plus_newton_residual_mean": 2.5945296532586393e-14,
  "plus_newton_residual_median": 1.1102230246251565e-16,
  "plus_newton_residual_p90": 2.5424107263916085e-14,
  "plus_newton_newton_iter_mean": 2.0255,
  "plus_newton_newton_iter_median": 2.0,
  "plus_newton_newton_iter_p90": 2.0,
  "plus_newton_converged_ratio": 1.0,
  "hp_use_log_ab": false,
  "hp_optimizer": "adamw",
  "hp_criterion": "smoothl1",
  "hp_dropout": 0.0,
  "hp_lr": 0.001,
  "hp_weight_decay": 0.0001,
  "hp_hidden_dims": "[256, 256, 128]",
  "hp_hidden_size": 128,
  "hp_num_layers": 1,
  "hp_head_hidden": 128,
  "hp_head_layers": 2,
  "hp_d_model": 32,
  "hp_nhead": 2,
  "hp_ff_dim": 128,
  "hp_use_cls_token": false
}{
  "trial_id": 1203,
  "trial_name": "trial_1203_transformer",
  "model": "transformer",
  "best_epoch": 103,
  "elapsed_sec": 166.8032808303833,
  "direct_mae": 0.0021481818985193968,
  "direct_rmse": 0.002875462407246232,
  "direct_r2": 0.9999913930796538,
  "direct_valid_ratio": 1.0,
  "direct_residual_mean": 0.0026050193700939417,
  "direct_residual_median": 0.0021177828311920166,
  "direct_residual_p90": 0.005182582139968872,
  "plus_newton_mae": 2.3433619160828817e-08,
  "plus_newton_rmse": 2.991573035120089e-08,
  "plus_newton_r2": 0.9999999999999991,
  "plus_newton_valid_ratio": 1.0,
  "plus_newton_residual_mean": 2.5945296532586393e-14,
  "plus_newton_residual_median": 1.1102230246251565e-16,
  "plus_newton_residual_p90": 2.5424107263916085e-14,
  "plus_newton_newton_iter_mean": 2.0255,
  "plus_newton_newton_iter_median": 2.0,
  "plus_newton_newton_iter_p90": 2.0,
  "plus_newton_converged_ratio": 1.0,
  "hp_use_log_ab": false,
  "hp_optimizer": "adamw",
  "hp_criterion": "smoothl1",
  "hp_dropout": 0.0,
  "hp_lr": 0.001,
  "hp_weight_decay": 0.0001,
  "hp_hidden_dims": "[256, 256, 128]",
  "hp_hidden_size": 128,
  "hp_num_layers": 1,
  "hp_head_hidden": 128,
  "hp_head_layers": 2,
  "hp_d_model": 32,
  "hp_nhead": 2,
  "hp_ff_dim": 128,
  "hp_use_cls_token": false
}