{
  "trial_id": 616,
  "trial_name": "trial_616_transformer",
  "model": "transformer",
  "best_epoch": 77,
  "elapsed_sec": 190.8803482055664,
  "direct_mae": 0.34031596779823303,
  "direct_rmse": 0.416924387216568,
  "direct_r2": 0.8190548270940781,
  "direct_valid_ratio": 1.0,
  "direct_residual_mean": 0.3836716413497925,
  "direct_residual_median": 0.3606242537498474,
  "direct_residual_p90": 0.725558477640152,
  "plus_newton_mae": 2.3433619136626604e-08,
  "plus_newton_rmse": 2.991573080849466e-08,
  "plus_newton_r2": 0.9999999999999991,
  "plus_newton_valid_ratio": 1.0,
  "plus_newton_residual_mean": 4.5376433598051826e-14,
  "plus_newton_residual_median": 1.734723475976807e-16,
  "plus_newton_residual_p90": 1.0789702464819638e-13,
  "plus_newton_newton_iter_mean": 2.7569,
  "plus_newton_newton_iter_median": 3.0,
  "plus_newton_newton_iter_p90": 3.0,
  "plus_newton_converged_ratio": 1.0,
  "hp_use_log_ab": false,
  "hp_optimizer": "adamw",
  "hp_criterion": "mse",
  "hp_dropout": 0.1,
  "hp_lr": 0.001,
  "hp_weight_decay": 1e-05,
  "hp_hidden_dims": "[256, 256, 128]",
  "hp_hidden_size": 128,
  "hp_num_layers": 2,
  "hp_head_hidden": 128,
  "hp_head_layers": 1,
  "hp_d_model": 32,
  "hp_nhead": 4,
  "hp_ff_dim": 128,
  "hp_use_cls_token": true
}{
  "trial_id": 616,
  "trial_name": "trial_616_transformer",
  "model": "transformer",
  "best_epoch": 77,
  "elapsed_sec": 190.8803482055664,
  "direct_mae": 0.34031596779823303,
  "direct_rmse": 0.416924387216568,
  "direct_r2": 0.8190548270940781,
  "direct_valid_ratio": 1.0,
  "direct_residual_mean": 0.3836716413497925,
  "direct_residual_median": 0.3606242537498474,
  "direct_residual_p90": 0.725558477640152,
  "plus_newton_mae": 2.3433619136626604e-08,
  "plus_newton_rmse": 2.991573080849466e-08,
  "plus_newton_r2": 0.9999999999999991,
  "plus_newton_valid_ratio": 1.0,
  "plus_newton_residual_mean": 4.5376433598051826e-14,
  "plus_newton_residual_median": 1.734723475976807e-16,
  "plus_newton_residual_p90": 1.0789702464819638e-13,
  "plus_newton_newton_iter_mean": 2.7569,
  "plus_newton_newton_iter_median": 3.0,
  "plus_newton_newton_iter_p90": 3.0,
  "plus_newton_converged_ratio": 1.0,
  "hp_use_log_ab": false,
  "hp_optimizer": "adamw",
  "hp_criterion": "mse",
  "hp_dropout": 0.1,
  "hp_lr": 0.001,
  "hp_weight_decay": 1e-05,
  "hp_hidden_dims": "[256, 256, 128]",
  "hp_hidden_size": 128,
  "hp_num_layers": 2,
  "hp_head_hidden": 128,
  "hp_head_layers": 1,
  "hp_d_model": 32,
  "hp_nhead": 4,
  "hp_ff_dim": 128,
  "hp_use_cls_token": true
}