{
  "trial_id": 1785,
  "trial_name": "trial_1785_transformer",
  "model": "transformer",
  "best_epoch": 23,
  "elapsed_sec": 76.15287852287292,
  "direct_mae": 0.011628805659711361,
  "direct_rmse": 0.017124155536293983,
  "direct_r2": 0.9996947534673382,
  "direct_valid_ratio": 1.0,
  "direct_residual_mean": 0.01403788011521101,
  "direct_residual_median": 0.009026218205690384,
  "direct_residual_p90": 0.03168867826461792,
  "plus_newton_mae": 2.3433618961644344e-08,
  "plus_newton_rmse": 2.9915730041003126e-08,
  "plus_newton_r2": 0.9999999999999991,
  "plus_newton_valid_ratio": 1.0,
  "plus_newton_residual_mean": 3.5299358313229296e-14,
  "plus_newton_residual_median": 1.1102230246251565e-16,
  "plus_newton_residual_p90": 5.565548022445922e-14,
  "plus_newton_newton_iter_mean": 2.1824,
  "plus_newton_newton_iter_median": 2.0,
  "plus_newton_newton_iter_p90": 3.0,
  "plus_newton_converged_ratio": 1.0,
  "hp_use_log_ab": false,
  "hp_optimizer": "adamw",
  "hp_criterion": "smoothl1",
  "hp_dropout": 0.1,
  "hp_lr": 0.001,
  "hp_weight_decay": 0.0001,
  "hp_hidden_dims": "[256, 256, 128]",
  "hp_hidden_size": 128,
  "hp_num_layers": 2,
  "hp_head_hidden": 128,
  "hp_head_layers": 2,
  "hp_d_model": 64,
  "hp_nhead": 2,
  "hp_ff_dim": 64,
  "hp_use_cls_token": false
}{
  "trial_id": 1785,
  "trial_name": "trial_1785_transformer",
  "model": "transformer",
  "best_epoch": 23,
  "elapsed_sec": 76.15287852287292,
  "direct_mae": 0.011628805659711361,
  "direct_rmse": 0.017124155536293983,
  "direct_r2": 0.9996947534673382,
  "direct_valid_ratio": 1.0,
  "direct_residual_mean": 0.01403788011521101,
  "direct_residual_median": 0.009026218205690384,
  "direct_residual_p90": 0.03168867826461792,
  "plus_newton_mae": 2.3433618961644344e-08,
  "plus_newton_rmse": 2.9915730041003126e-08,
  "plus_newton_r2": 0.9999999999999991,
  "plus_newton_valid_ratio": 1.0,
  "plus_newton_residual_mean": 3.5299358313229296e-14,
  "plus_newton_residual_median": 1.1102230246251565e-16,
  "plus_newton_residual_p90": 5.565548022445922e-14,
  "plus_newton_newton_iter_mean": 2.1824,
  "plus_newton_newton_iter_median": 2.0,
  "plus_newton_newton_iter_p90": 3.0,
  "plus_newton_converged_ratio": 1.0,
  "hp_use_log_ab": false,
  "hp_optimizer": "adamw",
  "hp_criterion": "smoothl1",
  "hp_dropout": 0.1,
  "hp_lr": 0.001,
  "hp_weight_decay": 0.0001,
  "hp_hidden_dims": "[256, 256, 128]",
  "hp_hidden_size": 128,
  "hp_num_layers": 2,
  "hp_head_hidden": 128,
  "hp_head_layers": 2,
  "hp_d_model": 64,
  "hp_nhead": 2,
  "hp_ff_dim": 64,
  "hp_use_cls_token": false
}