{
  "trial_id": 1244,
  "trial_name": "trial_1244_transformer",
  "model": "transformer",
  "best_epoch": 67,
  "elapsed_sec": 153.18661284446716,
  "direct_mae": 0.0025339219719171524,
  "direct_rmse": 0.0031378050334751606,
  "direct_r2": 0.999989750934219,
  "direct_valid_ratio": 1.0,
  "direct_residual_mean": 0.00319666531868279,
  "direct_residual_median": 0.0024498701095581055,
  "direct_residual_p90": 0.007014453411102295,
  "plus_newton_mae": 2.3433618584271684e-08,
  "plus_newton_rmse": 2.991573006754938e-08,
  "plus_newton_r2": 0.9999999999999991,
  "plus_newton_valid_ratio": 1.0,
  "plus_newton_residual_mean": 3.2265088243090074e-14,
  "plus_newton_residual_median": 1.1102230246251565e-16,
  "plus_newton_residual_p90": 4.7589709950557396e-14,
  "plus_newton_newton_iter_mean": 2.0515,
  "plus_newton_newton_iter_median": 2.0,
  "plus_newton_newton_iter_p90": 2.0,
  "plus_newton_converged_ratio": 1.0,
  "hp_use_log_ab": false,
  "hp_optimizer": "adamw",
  "hp_criterion": "smoothl1",
  "hp_dropout": 0.0,
  "hp_lr": 0.001,
  "hp_weight_decay": 0.0001,
  "hp_hidden_dims": "[256, 256, 128]",
  "hp_hidden_size": 128,
  "hp_num_layers": 2,
  "hp_head_hidden": 64,
  "hp_head_layers": 2,
  "hp_d_model": 64,
  "hp_nhead": 2,
  "hp_ff_dim": 128,
  "hp_use_cls_token": true
}{
  "trial_id": 1244,
  "trial_name": "trial_1244_transformer",
  "model": "transformer",
  "best_epoch": 67,
  "elapsed_sec": 153.18661284446716,
  "direct_mae": 0.0025339219719171524,
  "direct_rmse": 0.0031378050334751606,
  "direct_r2": 0.999989750934219,
  "direct_valid_ratio": 1.0,
  "direct_residual_mean": 0.00319666531868279,
  "direct_residual_median": 0.0024498701095581055,
  "direct_residual_p90": 0.007014453411102295,
  "plus_newton_mae": 2.3433618584271684e-08,
  "plus_newton_rmse": 2.991573006754938e-08,
  "plus_newton_r2": 0.9999999999999991,
  "plus_newton_valid_ratio": 1.0,
  "plus_newton_residual_mean": 3.2265088243090074e-14,
  "plus_newton_residual_median": 1.1102230246251565e-16,
  "plus_newton_residual_p90": 4.7589709950557396e-14,
  "plus_newton_newton_iter_mean": 2.0515,
  "plus_newton_newton_iter_median": 2.0,
  "plus_newton_newton_iter_p90": 2.0,
  "plus_newton_converged_ratio": 1.0,
  "hp_use_log_ab": false,
  "hp_optimizer": "adamw",
  "hp_criterion": "smoothl1",
  "hp_dropout": 0.0,
  "hp_lr": 0.001,
  "hp_weight_decay": 0.0001,
  "hp_hidden_dims": "[256, 256, 128]",
  "hp_hidden_size": 128,
  "hp_num_layers": 2,
  "hp_head_hidden": 64,
  "hp_head_layers": 2,
  "hp_d_model": 64,
  "hp_nhead": 2,
  "hp_ff_dim": 128,
  "hp_use_cls_token": true
}