{
  "trial_id": 564,
  "trial_name": "trial_564_transformer",
  "model": "transformer",
  "best_epoch": 79,
  "elapsed_sec": 160.68823504447937,
  "direct_mae": 0.007274024188518524,
  "direct_rmse": 0.010089128278195858,
  "direct_r2": 0.9998940405639587,
  "direct_valid_ratio": 1.0,
  "direct_residual_mean": 0.0084746815264225,
  "direct_residual_median": 0.006641611456871033,
  "direct_residual_p90": 0.020547413825988778,
  "plus_newton_mae": 2.3433616954802928e-08,
  "plus_newton_rmse": 2.991572796289873e-08,
  "plus_newton_r2": 0.9999999999999991,
  "plus_newton_valid_ratio": 1.0,
  "plus_newton_residual_mean": 4.4202411489324896e-14,
  "plus_newton_residual_median": 1.1102230246251565e-16,
  "plus_newton_residual_p90": 9.870437800429956e-14,
  "plus_newton_newton_iter_mean": 2.0983,
  "plus_newton_newton_iter_median": 2.0,
  "plus_newton_newton_iter_p90": 3.0,
  "plus_newton_converged_ratio": 1.0,
  "hp_use_log_ab": false,
  "hp_optimizer": "adamw",
  "hp_criterion": "mse",
  "hp_dropout": 0.1,
  "hp_lr": 0.001,
  "hp_weight_decay": 1e-05,
  "hp_hidden_dims": "[256, 256, 128]",
  "hp_hidden_size": 128,
  "hp_num_layers": 1,
  "hp_head_hidden": 128,
  "hp_head_layers": 2,
  "hp_d_model": 32,
  "hp_nhead": 2,
  "hp_ff_dim": 128,
  "hp_use_cls_token": true
}{
  "trial_id": 564,
  "trial_name": "trial_564_transformer",
  "model": "transformer",
  "best_epoch": 79,
  "elapsed_sec": 160.68823504447937,
  "direct_mae": 0.007274024188518524,
  "direct_rmse": 0.010089128278195858,
  "direct_r2": 0.9998940405639587,
  "direct_valid_ratio": 1.0,
  "direct_residual_mean": 0.0084746815264225,
  "direct_residual_median": 0.006641611456871033,
  "direct_residual_p90": 0.020547413825988778,
  "plus_newton_mae": 2.3433616954802928e-08,
  "plus_newton_rmse": 2.991572796289873e-08,
  "plus_newton_r2": 0.9999999999999991,
  "plus_newton_valid_ratio": 1.0,
  "plus_newton_residual_mean": 4.4202411489324896e-14,
  "plus_newton_residual_median": 1.1102230246251565e-16,
  "plus_newton_residual_p90": 9.870437800429956e-14,
  "plus_newton_newton_iter_mean": 2.0983,
  "plus_newton_newton_iter_median": 2.0,
  "plus_newton_newton_iter_p90": 3.0,
  "plus_newton_converged_ratio": 1.0,
  "hp_use_log_ab": false,
  "hp_optimizer": "adamw",
  "hp_criterion": "mse",
  "hp_dropout": 0.1,
  "hp_lr": 0.001,
  "hp_weight_decay": 1e-05,
  "hp_hidden_dims": "[256, 256, 128]",
  "hp_hidden_size": 128,
  "hp_num_layers": 1,
  "hp_head_hidden": 128,
  "hp_head_layers": 2,
  "hp_d_model": 32,
  "hp_nhead": 2,
  "hp_ff_dim": 128,
  "hp_use_cls_token": true
}