{
  "trial_id": 414,
  "trial_name": "trial_414_transformer",
  "model": "transformer",
  "best_epoch": 74,
  "elapsed_sec": 260.45232462882996,
  "direct_mae": 0.0027500533033162355,
  "direct_rmse": 0.004025551490485668,
  "direct_r2": 0.9999831312416063,
  "direct_valid_ratio": 1.0,
  "direct_residual_mean": 0.003373781917616725,
  "direct_residual_median": 0.002498272806406021,
  "direct_residual_p90": 0.00685962736606598,
  "plus_newton_mae": 2.3433619331221607e-08,
  "plus_newton_rmse": 2.991573166312397e-08,
  "plus_newton_r2": 0.9999999999999991,
  "plus_newton_valid_ratio": 1.0,
  "plus_newton_residual_mean": 2.8260919776582266e-14,
  "plus_newton_residual_median": 1.1102230246251565e-16,
  "plus_newton_residual_p90": 3.642086632282828e-14,
  "plus_newton_newton_iter_mean": 2.034,
  "plus_newton_newton_iter_median": 2.0,
  "plus_newton_newton_iter_p90": 2.0,
  "plus_newton_converged_ratio": 1.0,
  "hp_use_log_ab": false,
  "hp_optimizer": "adamw",
  "hp_criterion": "mse",
  "hp_dropout": 0.0,
  "hp_lr": 0.0005,
  "hp_weight_decay": 0.0001,
  "hp_hidden_dims": "[256, 256, 128]",
  "hp_hidden_size": 128,
  "hp_num_layers": 1,
  "hp_head_hidden": 64,
  "hp_head_layers": 2,
  "hp_d_model": 64,
  "hp_nhead": 4,
  "hp_ff_dim": 64,
  "hp_use_cls_token": true
}{
  "trial_id": 414,
  "trial_name": "trial_414_transformer",
  "model": "transformer",
  "best_epoch": 74,
  "elapsed_sec": 260.45232462882996,
  "direct_mae": 0.0027500533033162355,
  "direct_rmse": 0.004025551490485668,
  "direct_r2": 0.9999831312416063,
  "direct_valid_ratio": 1.0,
  "direct_residual_mean": 0.003373781917616725,
  "direct_residual_median": 0.002498272806406021,
  "direct_residual_p90": 0.00685962736606598,
  "plus_newton_mae": 2.3433619331221607e-08,
  "plus_newton_rmse": 2.991573166312397e-08,
  "plus_newton_r2": 0.9999999999999991,
  "plus_newton_valid_ratio": 1.0,
  "plus_newton_residual_mean": 2.8260919776582266e-14,
  "plus_newton_residual_median": 1.1102230246251565e-16,
  "plus_newton_residual_p90": 3.642086632282828e-14,
  "plus_newton_newton_iter_mean": 2.034,
  "plus_newton_newton_iter_median": 2.0,
  "plus_newton_newton_iter_p90": 2.0,
  "plus_newton_converged_ratio": 1.0,
  "hp_use_log_ab": false,
  "hp_optimizer": "adamw",
  "hp_criterion": "mse",
  "hp_dropout": 0.0,
  "hp_lr": 0.0005,
  "hp_weight_decay": 0.0001,
  "hp_hidden_dims": "[256, 256, 128]",
  "hp_hidden_size": 128,
  "hp_num_layers": 1,
  "hp_head_hidden": 64,
  "hp_head_layers": 2,
  "hp_d_model": 64,
  "hp_nhead": 4,
  "hp_ff_dim": 64,
  "hp_use_cls_token": true
}