{
  "trial_id": 1496,
  "trial_name": "trial_1496_transformer",
  "model": "transformer",
  "best_epoch": 86,
  "elapsed_sec": 185.4261875152588,
  "direct_mae": 0.0031642040703445673,
  "direct_rmse": 0.004000656772404909,
  "direct_r2": 0.9999833392357687,
  "direct_valid_ratio": 1.0,
  "direct_residual_mean": 0.0037930835969746113,
  "direct_residual_median": 0.003178700804710388,
  "direct_residual_p90": 0.007993531227111817,
  "plus_newton_mae": 2.3433618802897624e-08,
  "plus_newton_rmse": 2.9915730403742206e-08,
  "plus_newton_r2": 0.9999999999999991,
  "plus_newton_valid_ratio": 1.0,
  "plus_newton_residual_mean": 2.494027812361362e-14,
  "plus_newton_residual_median": 1.1102230246251565e-16,
  "plus_newton_residual_p90": 2.8001212459827265e-14,
  "plus_newton_newton_iter_mean": 2.0469,
  "plus_newton_newton_iter_median": 2.0,
  "plus_newton_newton_iter_p90": 2.0,
  "plus_newton_converged_ratio": 1.0,
  "hp_use_log_ab": false,
  "hp_optimizer": "adamw",
  "hp_criterion": "smoothl1",
  "hp_dropout": 0.0,
  "hp_lr": 0.0005,
  "hp_weight_decay": 0.0001,
  "hp_hidden_dims": "[256, 256, 128]",
  "hp_hidden_size": 128,
  "hp_num_layers": 2,
  "hp_head_hidden": 64,
  "hp_head_layers": 2,
  "hp_d_model": 32,
  "hp_nhead": 4,
  "hp_ff_dim": 128,
  "hp_use_cls_token": true
}{
  "trial_id": 1496,
  "trial_name": "trial_1496_transformer",
  "model": "transformer",
  "best_epoch": 86,
  "elapsed_sec": 185.4261875152588,
  "direct_mae": 0.0031642040703445673,
  "direct_rmse": 0.004000656772404909,
  "direct_r2": 0.9999833392357687,
  "direct_valid_ratio": 1.0,
  "direct_residual_mean": 0.0037930835969746113,
  "direct_residual_median": 0.003178700804710388,
  "direct_residual_p90": 0.007993531227111817,
  "plus_newton_mae": 2.3433618802897624e-08,
  "plus_newton_rmse": 2.9915730403742206e-08,
  "plus_newton_r2": 0.9999999999999991,
  "plus_newton_valid_ratio": 1.0,
  "plus_newton_residual_mean": 2.494027812361362e-14,
  "plus_newton_residual_median": 1.1102230246251565e-16,
  "plus_newton_residual_p90": 2.8001212459827265e-14,
  "plus_newton_newton_iter_mean": 2.0469,
  "plus_newton_newton_iter_median": 2.0,
  "plus_newton_newton_iter_p90": 2.0,
  "plus_newton_converged_ratio": 1.0,
  "hp_use_log_ab": false,
  "hp_optimizer": "adamw",
  "hp_criterion": "smoothl1",
  "hp_dropout": 0.0,
  "hp_lr": 0.0005,
  "hp_weight_decay": 0.0001,
  "hp_hidden_dims": "[256, 256, 128]",
  "hp_hidden_size": 128,
  "hp_num_layers": 2,
  "hp_head_hidden": 64,
  "hp_head_layers": 2,
  "hp_d_model": 32,
  "hp_nhead": 4,
  "hp_ff_dim": 128,
  "hp_use_cls_token": true
}