{
  "trial_id": 413,
  "trial_name": "trial_413_lstm",
  "model": "lstm",
  "best_epoch": 49,
  "elapsed_sec": 161.5155804157257,
  "direct_mae": 0.09178753942251205,
  "direct_rmse": 0.13187476992607117,
  "direct_r2": 0.9818967804312706,
  "direct_valid_ratio": 1.0,
  "direct_residual_mean": 0.11982432752847672,
  "direct_residual_median": 0.07683152705430984,
  "direct_residual_p90": 0.27451080679893497,
  "plus_newton_mae": 2.3433618912598076e-08,
  "plus_newton_rmse": 2.991572983679737e-08,
  "plus_newton_r2": 0.9999999999999991,
  "plus_newton_valid_ratio": 1.0,
  "plus_newton_residual_mean": 5.0528580258218525e-14,
  "plus_newton_residual_median": 1.1102230246251565e-16,
  "plus_newton_residual_p90": 1.2098655410852653e-13,
  "plus_newton_newton_iter_mean": 2.5652,
  "plus_newton_newton_iter_median": 2.0,
  "plus_newton_newton_iter_p90": 3.0,
  "plus_newton_converged_ratio": 1.0,
  "hp_use_log_ab": true,
  "hp_optimizer": "adamw",
  "hp_criterion": "smoothl1",
  "hp_dropout": 0.0,
  "hp_lr": 0.001,
  "hp_weight_decay": 0.0001,
  "hp_hidden_dims": "[256, 256, 128]",
  "hp_hidden_size": 128,
  "hp_num_layers": 2,
  "hp_head_hidden": 64,
  "hp_head_layers": 1,
  "hp_d_model": 64,
  "hp_nhead": 4,
  "hp_ff_dim": 128,
  "hp_use_cls_token": false
}{
  "trial_id": 413,
  "trial_name": "trial_413_lstm",
  "model": "lstm",
  "best_epoch": 49,
  "elapsed_sec": 161.5155804157257,
  "direct_mae": 0.09178753942251205,
  "direct_rmse": 0.13187476992607117,
  "direct_r2": 0.9818967804312706,
  "direct_valid_ratio": 1.0,
  "direct_residual_mean": 0.11982432752847672,
  "direct_residual_median": 0.07683152705430984,
  "direct_residual_p90": 0.27451080679893497,
  "plus_newton_mae": 2.3433618912598076e-08,
  "plus_newton_rmse": 2.991572983679737e-08,
  "plus_newton_r2": 0.9999999999999991,
  "plus_newton_valid_ratio": 1.0,
  "plus_newton_residual_mean": 5.0528580258218525e-14,
  "plus_newton_residual_median": 1.1102230246251565e-16,
  "plus_newton_residual_p90": 1.2098655410852653e-13,
  "plus_newton_newton_iter_mean": 2.5652,
  "plus_newton_newton_iter_median": 2.0,
  "plus_newton_newton_iter_p90": 3.0,
  "plus_newton_converged_ratio": 1.0,
  "hp_use_log_ab": true,
  "hp_optimizer": "adamw",
  "hp_criterion": "smoothl1",
  "hp_dropout": 0.0,
  "hp_lr": 0.001,
  "hp_weight_decay": 0.0001,
  "hp_hidden_dims": "[256, 256, 128]",
  "hp_hidden_size": 128,
  "hp_num_layers": 2,
  "hp_head_hidden": 64,
  "hp_head_layers": 1,
  "hp_d_model": 64,
  "hp_nhead": 4,
  "hp_ff_dim": 128,
  "hp_use_cls_token": false
}