{
  "trial_id": 870,
  "trial_name": "trial_870_transformer",
  "model": "transformer",
  "best_epoch": 86,
  "elapsed_sec": 200.23104643821716,
  "direct_mae": 0.3404023349285126,
  "direct_rmse": 0.416807621717453,
  "direct_r2": 0.8191561698913574,
  "direct_valid_ratio": 1.0,
  "direct_residual_mean": 0.38287559151649475,
  "direct_residual_median": 0.36036932468414307,
  "direct_residual_p90": 0.7190199553966523,
  "plus_newton_mae": 2.343361972016904e-08,
  "plus_newton_rmse": 2.991573155265308e-08,
  "plus_newton_r2": 0.9999999999999991,
  "plus_newton_valid_ratio": 1.0,
  "plus_newton_residual_mean": 4.4164288265756147e-14,
  "plus_newton_residual_median": 2.0816681711721685e-16,
  "plus_newton_residual_p90": 1.0391687510491465e-13,
  "plus_newton_newton_iter_mean": 2.7526,
  "plus_newton_newton_iter_median": 3.0,
  "plus_newton_newton_iter_p90": 3.0,
  "plus_newton_converged_ratio": 1.0,
  "hp_use_log_ab": false,
  "hp_optimizer": "adamw",
  "hp_criterion": "mse",
  "hp_dropout": 0.1,
  "hp_lr": 0.0005,
  "hp_weight_decay": 1e-05,
  "hp_hidden_dims": "[256, 256, 128]",
  "hp_hidden_size": 128,
  "hp_num_layers": 2,
  "hp_head_hidden": 128,
  "hp_head_layers": 1,
  "hp_d_model": 32,
  "hp_nhead": 4,
  "hp_ff_dim": 64,
  "hp_use_cls_token": true
}{
  "trial_id": 870,
  "trial_name": "trial_870_transformer",
  "model": "transformer",
  "best_epoch": 86,
  "elapsed_sec": 200.23104643821716,
  "direct_mae": 0.3404023349285126,
  "direct_rmse": 0.416807621717453,
  "direct_r2": 0.8191561698913574,
  "direct_valid_ratio": 1.0,
  "direct_residual_mean": 0.38287559151649475,
  "direct_residual_median": 0.36036932468414307,
  "direct_residual_p90": 0.7190199553966523,
  "plus_newton_mae": 2.343361972016904e-08,
  "plus_newton_rmse": 2.991573155265308e-08,
  "plus_newton_r2": 0.9999999999999991,
  "plus_newton_valid_ratio": 1.0,
  "plus_newton_residual_mean": 4.4164288265756147e-14,
  "plus_newton_residual_median": 2.0816681711721685e-16,
  "plus_newton_residual_p90": 1.0391687510491465e-13,
  "plus_newton_newton_iter_mean": 2.7526,
  "plus_newton_newton_iter_median": 3.0,
  "plus_newton_newton_iter_p90": 3.0,
  "plus_newton_converged_ratio": 1.0,
  "hp_use_log_ab": false,
  "hp_optimizer": "adamw",
  "hp_criterion": "mse",
  "hp_dropout": 0.1,
  "hp_lr": 0.0005,
  "hp_weight_decay": 1e-05,
  "hp_hidden_dims": "[256, 256, 128]",
  "hp_hidden_size": 128,
  "hp_num_layers": 2,
  "hp_head_hidden": 128,
  "hp_head_layers": 1,
  "hp_d_model": 32,
  "hp_nhead": 4,
  "hp_ff_dim": 64,
  "hp_use_cls_token": true
}