{
  "trial_id": 3136,
  "trial_name": "trial_3136_transformer",
  "model": "transformer",
  "best_epoch": 77,
  "elapsed_sec": 138.82869124412537,
  "direct_mae": 0.0009650737047195435,
  "direct_rmse": 0.0012538377195596695,
  "direct_r2": 0.9999983635036642,
  "direct_valid_ratio": 1.0,
  "direct_residual_mean": 0.0011978395050391555,
  "direct_residual_median": 0.000880897045135498,
  "direct_residual_p90": 0.0026049971580505375,
  "plus_newton_mae": 2.3433617228866423e-08,
  "plus_newton_rmse": 2.991572882848211e-08,
  "plus_newton_r2": 0.9999999999999991,
  "plus_newton_valid_ratio": 1.0,
  "plus_newton_residual_mean": 3.1335831861757006e-14,
  "plus_newton_residual_median": 1.1102230246251565e-16,
  "plus_newton_residual_p90": 4.75175454539567e-14,
  "plus_newton_newton_iter_mean": 1.9356,
  "plus_newton_newton_iter_median": 2.0,
  "plus_newton_newton_iter_p90": 2.0,
  "plus_newton_converged_ratio": 1.0,
  "hp_use_log_ab": true,
  "hp_optimizer": "adamw",
  "hp_criterion": "smoothl1",
  "hp_dropout": 0.0,
  "hp_lr": 0.001,
  "hp_weight_decay": 1e-05,
  "hp_hidden_dims": "[256, 256, 128]",
  "hp_hidden_size": 128,
  "hp_num_layers": 1,
  "hp_head_hidden": 128,
  "hp_head_layers": 2,
  "hp_d_model": 64,
  "hp_nhead": 4,
  "hp_ff_dim": 128,
  "hp_use_cls_token": true
}{
  "trial_id": 3136,
  "trial_name": "trial_3136_transformer",
  "model": "transformer",
  "best_epoch": 77,
  "elapsed_sec": 138.82869124412537,
  "direct_mae": 0.0009650737047195435,
  "direct_rmse": 0.0012538377195596695,
  "direct_r2": 0.9999983635036642,
  "direct_valid_ratio": 1.0,
  "direct_residual_mean": 0.0011978395050391555,
  "direct_residual_median": 0.000880897045135498,
  "direct_residual_p90": 0.0026049971580505375,
  "plus_newton_mae": 2.3433617228866423e-08,
  "plus_newton_rmse": 2.991572882848211e-08,
  "plus_newton_r2": 0.9999999999999991,
  "plus_newton_valid_ratio": 1.0,
  "plus_newton_residual_mean": 3.1335831861757006e-14,
  "plus_newton_residual_median": 1.1102230246251565e-16,
  "plus_newton_residual_p90": 4.75175454539567e-14,
  "plus_newton_newton_iter_mean": 1.9356,
  "plus_newton_newton_iter_median": 2.0,
  "plus_newton_newton_iter_p90": 2.0,
  "plus_newton_converged_ratio": 1.0,
  "hp_use_log_ab": true,
  "hp_optimizer": "adamw",
  "hp_criterion": "smoothl1",
  "hp_dropout": 0.0,
  "hp_lr": 0.001,
  "hp_weight_decay": 1e-05,
  "hp_hidden_dims": "[256, 256, 128]",
  "hp_hidden_size": 128,
  "hp_num_layers": 1,
  "hp_head_hidden": 128,
  "hp_head_layers": 2,
  "hp_d_model": 64,
  "hp_nhead": 4,
  "hp_ff_dim": 128,
  "hp_use_cls_token": true
}