{
  "trial_id": 3130,
  "trial_name": "trial_3130_transformer",
  "model": "transformer",
  "best_epoch": 114,
  "elapsed_sec": 172.02422666549683,
  "direct_mae": 0.0009767473675310612,
  "direct_rmse": 0.0012513307156041265,
  "direct_r2": 0.9999983700413395,
  "direct_valid_ratio": 1.0,
  "direct_residual_mean": 0.001226759166456759,
  "direct_residual_median": 0.0009164512157440186,
  "direct_residual_p90": 0.002653121948242188,
  "plus_newton_mae": 2.343361896522552e-08,
  "plus_newton_rmse": 2.991573272847778e-08,
  "plus_newton_r2": 0.9999999999999991,
  "plus_newton_valid_ratio": 1.0,
  "plus_newton_residual_mean": 3.3249812593237114e-14,
  "plus_newton_residual_median": 8.239936510889834e-17,
  "plus_newton_residual_p90": 4.0745185003743245e-14,
  "plus_newton_newton_iter_mean": 1.9593,
  "plus_newton_newton_iter_median": 2.0,
  "plus_newton_newton_iter_p90": 2.0,
  "plus_newton_converged_ratio": 1.0,
  "hp_use_log_ab": true,
  "hp_optimizer": "adamw",
  "hp_criterion": "smoothl1",
  "hp_dropout": 0.0,
  "hp_lr": 0.001,
  "hp_weight_decay": 1e-05,
  "hp_hidden_dims": "[256, 256, 128]",
  "hp_hidden_size": 128,
  "hp_num_layers": 1,
  "hp_head_hidden": 128,
  "hp_head_layers": 2,
  "hp_d_model": 64,
  "hp_nhead": 2,
  "hp_ff_dim": 64,
  "hp_use_cls_token": true
}{
  "trial_id": 3130,
  "trial_name": "trial_3130_transformer",
  "model": "transformer",
  "best_epoch": 114,
  "elapsed_sec": 172.02422666549683,
  "direct_mae": 0.0009767473675310612,
  "direct_rmse": 0.0012513307156041265,
  "direct_r2": 0.9999983700413395,
  "direct_valid_ratio": 1.0,
  "direct_residual_mean": 0.001226759166456759,
  "direct_residual_median": 0.0009164512157440186,
  "direct_residual_p90": 0.002653121948242188,
  "plus_newton_mae": 2.343361896522552e-08,
  "plus_newton_rmse": 2.991573272847778e-08,
  "plus_newton_r2": 0.9999999999999991,
  "plus_newton_valid_ratio": 1.0,
  "plus_newton_residual_mean": 3.3249812593237114e-14,
  "plus_newton_residual_median": 8.239936510889834e-17,
  "plus_newton_residual_p90": 4.0745185003743245e-14,
  "plus_newton_newton_iter_mean": 1.9593,
  "plus_newton_newton_iter_median": 2.0,
  "plus_newton_newton_iter_p90": 2.0,
  "plus_newton_converged_ratio": 1.0,
  "hp_use_log_ab": true,
  "hp_optimizer": "adamw",
  "hp_criterion": "smoothl1",
  "hp_dropout": 0.0,
  "hp_lr": 0.001,
  "hp_weight_decay": 1e-05,
  "hp_hidden_dims": "[256, 256, 128]",
  "hp_hidden_size": 128,
  "hp_num_layers": 1,
  "hp_head_hidden": 128,
  "hp_head_layers": 2,
  "hp_d_model": 64,
  "hp_nhead": 2,
  "hp_ff_dim": 64,
  "hp_use_cls_token": true
}