{
  "trial_id": 150,
  "trial_name": "trial_150_gru",
  "model": "gru",
  "best_epoch": 115,
  "elapsed_sec": 320.5461435317993,
  "direct_mae": 0.0029952062759548426,
  "direct_rmse": 0.0037734087090939283,
  "direct_r2": 0.9999851782295082,
  "direct_valid_ratio": 1.0,
  "direct_residual_mean": 0.0036383396945893764,
  "direct_residual_median": 0.0029666274785995483,
  "direct_residual_p90": 0.0077172577381134045,
  "plus_newton_mae": 2.3433616830479687e-08,
  "plus_newton_rmse": 2.9915729148498174e-08,
  "plus_newton_r2": 0.9999999999999991,
  "plus_newton_valid_ratio": 1.0,
  "plus_newton_residual_mean": 2.8620338767072944e-14,
  "plus_newton_residual_median": 1.1102230246251565e-16,
  "plus_newton_residual_p90": 2.354783035229961e-14,
  "plus_newton_newton_iter_mean": 2.0579,
  "plus_newton_newton_iter_median": 2.0,
  "plus_newton_newton_iter_p90": 2.0,
  "plus_newton_converged_ratio": 1.0,
  "hp_use_log_ab": false,
  "hp_optimizer": "adamw",
  "hp_criterion": "smoothl1",
  "hp_dropout": 0.0,
  "hp_lr": 0.001,
  "hp_weight_decay": 0.0001,
  "hp_hidden_dims": "[256, 256, 128]",
  "hp_hidden_size": 64,
  "hp_num_layers": 2,
  "hp_head_hidden": 64,
  "hp_head_layers": 2,
  "hp_d_model": 64,
  "hp_nhead": 4,
  "hp_ff_dim": 128,
  "hp_use_cls_token": false
}{
  "trial_id": 150,
  "trial_name": "trial_150_gru",
  "model": "gru",
  "best_epoch": 115,
  "elapsed_sec": 320.5461435317993,
  "direct_mae": 0.0029952062759548426,
  "direct_rmse": 0.0037734087090939283,
  "direct_r2": 0.9999851782295082,
  "direct_valid_ratio": 1.0,
  "direct_residual_mean": 0.0036383396945893764,
  "direct_residual_median": 0.0029666274785995483,
  "direct_residual_p90": 0.0077172577381134045,
  "plus_newton_mae": 2.3433616830479687e-08,
  "plus_newton_rmse": 2.9915729148498174e-08,
  "plus_newton_r2": 0.9999999999999991,
  "plus_newton_valid_ratio": 1.0,
  "plus_newton_residual_mean": 2.8620338767072944e-14,
  "plus_newton_residual_median": 1.1102230246251565e-16,
  "plus_newton_residual_p90": 2.354783035229961e-14,
  "plus_newton_newton_iter_mean": 2.0579,
  "plus_newton_newton_iter_median": 2.0,
  "plus_newton_newton_iter_p90": 2.0,
  "plus_newton_converged_ratio": 1.0,
  "hp_use_log_ab": false,
  "hp_optimizer": "adamw",
  "hp_criterion": "smoothl1",
  "hp_dropout": 0.0,
  "hp_lr": 0.001,
  "hp_weight_decay": 0.0001,
  "hp_hidden_dims": "[256, 256, 128]",
  "hp_hidden_size": 64,
  "hp_num_layers": 2,
  "hp_head_hidden": 64,
  "hp_head_layers": 2,
  "hp_d_model": 64,
  "hp_nhead": 4,
  "hp_ff_dim": 128,
  "hp_use_cls_token": false
}