{
  "trial_id": 2199,
  "trial_name": "trial_2199_transformer",
  "model": "transformer",
  "best_epoch": 102,
  "elapsed_sec": 167.57060647010803,
  "direct_mae": 0.002546614268794656,
  "direct_rmse": 0.003300516400486231,
  "direct_r2": 0.9999886604400672,
  "direct_valid_ratio": 1.0,
  "direct_residual_mean": 0.0031628713477402925,
  "direct_residual_median": 0.002325117588043213,
  "direct_residual_p90": 0.006958377361297608,
  "plus_newton_mae": 2.3433619881790492e-08,
  "plus_newton_rmse": 2.991573216169601e-08,
  "plus_newton_r2": 0.9999999999999991,
  "plus_newton_valid_ratio": 1.0,
  "plus_newton_residual_mean": 3.4843105851541757e-14,
  "plus_newton_residual_median": 1.1102230246251565e-16,
  "plus_newton_residual_p90": 5.301037386828975e-14,
  "plus_newton_newton_iter_mean": 2.0349,
  "plus_newton_newton_iter_median": 2.0,
  "plus_newton_newton_iter_p90": 2.0,
  "plus_newton_converged_ratio": 1.0,
  "hp_use_log_ab": true,
  "hp_optimizer": "adamw",
  "hp_criterion": "mse",
  "hp_dropout": 0.0,
  "hp_lr": 0.001,
  "hp_weight_decay": 0.0001,
  "hp_hidden_dims": "[256, 256, 128]",
  "hp_hidden_size": 128,
  "hp_num_layers": 1,
  "hp_head_hidden": 64,
  "hp_head_layers": 2,
  "hp_d_model": 32,
  "hp_nhead": 4,
  "hp_ff_dim": 128,
  "hp_use_cls_token": false
}{
  "trial_id": 2199,
  "trial_name": "trial_2199_transformer",
  "model": "transformer",
  "best_epoch": 102,
  "elapsed_sec": 167.57060647010803,
  "direct_mae": 0.002546614268794656,
  "direct_rmse": 0.003300516400486231,
  "direct_r2": 0.9999886604400672,
  "direct_valid_ratio": 1.0,
  "direct_residual_mean": 0.0031628713477402925,
  "direct_residual_median": 0.002325117588043213,
  "direct_residual_p90": 0.006958377361297608,
  "plus_newton_mae": 2.3433619881790492e-08,
  "plus_newton_rmse": 2.991573216169601e-08,
  "plus_newton_r2": 0.9999999999999991,
  "plus_newton_valid_ratio": 1.0,
  "plus_newton_residual_mean": 3.4843105851541757e-14,
  "plus_newton_residual_median": 1.1102230246251565e-16,
  "plus_newton_residual_p90": 5.301037386828975e-14,
  "plus_newton_newton_iter_mean": 2.0349,
  "plus_newton_newton_iter_median": 2.0,
  "plus_newton_newton_iter_p90": 2.0,
  "plus_newton_converged_ratio": 1.0,
  "hp_use_log_ab": true,
  "hp_optimizer": "adamw",
  "hp_criterion": "mse",
  "hp_dropout": 0.0,
  "hp_lr": 0.001,
  "hp_weight_decay": 0.0001,
  "hp_hidden_dims": "[256, 256, 128]",
  "hp_hidden_size": 128,
  "hp_num_layers": 1,
  "hp_head_hidden": 64,
  "hp_head_layers": 2,
  "hp_d_model": 32,
  "hp_nhead": 4,
  "hp_ff_dim": 128,
  "hp_use_cls_token": false
}