{
  "trial_id": 1272,
  "trial_name": "trial_1272_transformer",
  "model": "transformer",
  "best_epoch": 36,
  "elapsed_sec": 97.8740611076355,
  "direct_mae": 0.002546524628996849,
  "direct_rmse": 0.0034363523591309786,
  "direct_r2": 0.9999877078525969,
  "direct_valid_ratio": 1.0,
  "direct_residual_mean": 0.003100767731666565,
  "direct_residual_median": 0.002471446990966797,
  "direct_residual_p90": 0.006249749660491945,
  "plus_newton_mae": 2.3433619805549023e-08,
  "plus_newton_rmse": 2.991573164791276e-08,
  "plus_newton_r2": 0.9999999999999991,
  "plus_newton_valid_ratio": 1.0,
  "plus_newton_residual_mean": 3.564677217497665e-14,
  "plus_newton_residual_median": 1.1102230246251565e-16,
  "plus_newton_residual_p90": 4.596323321948148e-14,
  "plus_newton_newton_iter_mean": 2.0246,
  "plus_newton_newton_iter_median": 2.0,
  "plus_newton_newton_iter_p90": 2.0,
  "plus_newton_converged_ratio": 1.0,
  "hp_use_log_ab": false,
  "hp_optimizer": "adamw",
  "hp_criterion": "smoothl1",
  "hp_dropout": 0.0,
  "hp_lr": 0.001,
  "hp_weight_decay": 0.0001,
  "hp_hidden_dims": "[256, 256, 128]",
  "hp_hidden_size": 128,
  "hp_num_layers": 2,
  "hp_head_hidden": 128,
  "hp_head_layers": 2,
  "hp_d_model": 32,
  "hp_nhead": 4,
  "hp_ff_dim": 128,
  "hp_use_cls_token": true
}{
  "trial_id": 1272,
  "trial_name": "trial_1272_transformer",
  "model": "transformer",
  "best_epoch": 36,
  "elapsed_sec": 97.8740611076355,
  "direct_mae": 0.002546524628996849,
  "direct_rmse": 0.0034363523591309786,
  "direct_r2": 0.9999877078525969,
  "direct_valid_ratio": 1.0,
  "direct_residual_mean": 0.003100767731666565,
  "direct_residual_median": 0.002471446990966797,
  "direct_residual_p90": 0.006249749660491945,
  "plus_newton_mae": 2.3433619805549023e-08,
  "plus_newton_rmse": 2.991573164791276e-08,
  "plus_newton_r2": 0.9999999999999991,
  "plus_newton_valid_ratio": 1.0,
  "plus_newton_residual_mean": 3.564677217497665e-14,
  "plus_newton_residual_median": 1.1102230246251565e-16,
  "plus_newton_residual_p90": 4.596323321948148e-14,
  "plus_newton_newton_iter_mean": 2.0246,
  "plus_newton_newton_iter_median": 2.0,
  "plus_newton_newton_iter_p90": 2.0,
  "plus_newton_converged_ratio": 1.0,
  "hp_use_log_ab": false,
  "hp_optimizer": "adamw",
  "hp_criterion": "smoothl1",
  "hp_dropout": 0.0,
  "hp_lr": 0.001,
  "hp_weight_decay": 0.0001,
  "hp_hidden_dims": "[256, 256, 128]",
  "hp_hidden_size": 128,
  "hp_num_layers": 2,
  "hp_head_hidden": 128,
  "hp_head_layers": 2,
  "hp_d_model": 32,
  "hp_nhead": 4,
  "hp_ff_dim": 128,
  "hp_use_cls_token": true
}