{
  "trial_id": 2139,
  "trial_name": "trial_2139_transformer",
  "model": "transformer",
  "best_epoch": 114,
  "elapsed_sec": 207.5299038887024,
  "direct_mae": 0.0018637437606230378,
  "direct_rmse": 0.002329498529434204,
  "direct_r2": 0.9999943511861602,
  "direct_valid_ratio": 1.0,
  "direct_residual_mean": 0.0022768292110413313,
  "direct_residual_median": 0.0018725991249084473,
  "direct_residual_p90": 0.004763931035995485,
  "plus_newton_mae": 2.3433620254578235e-08,
  "plus_newton_rmse": 2.991573102943792e-08,
  "plus_newton_r2": 0.9999999999999991,
  "plus_newton_valid_ratio": 1.0,
  "plus_newton_residual_mean": 3.263490714722111e-14,
  "plus_newton_residual_median": 1.1102230246251565e-16,
  "plus_newton_residual_p90": 3.6992631180510297e-14,
  "plus_newton_newton_iter_mean": 1.9975,
  "plus_newton_newton_iter_median": 2.0,
  "plus_newton_newton_iter_p90": 2.0,
  "plus_newton_converged_ratio": 1.0,
  "hp_use_log_ab": true,
  "hp_optimizer": "adamw",
  "hp_criterion": "mse",
  "hp_dropout": 0.0,
  "hp_lr": 0.001,
  "hp_weight_decay": 1e-05,
  "hp_hidden_dims": "[256, 256, 128]",
  "hp_hidden_size": 128,
  "hp_num_layers": 2,
  "hp_head_hidden": 64,
  "hp_head_layers": 2,
  "hp_d_model": 64,
  "hp_nhead": 2,
  "hp_ff_dim": 128,
  "hp_use_cls_token": false
}{
  "trial_id": 2139,
  "trial_name": "trial_2139_transformer",
  "model": "transformer",
  "best_epoch": 114,
  "elapsed_sec": 207.5299038887024,
  "direct_mae": 0.0018637437606230378,
  "direct_rmse": 0.002329498529434204,
  "direct_r2": 0.9999943511861602,
  "direct_valid_ratio": 1.0,
  "direct_residual_mean": 0.0022768292110413313,
  "direct_residual_median": 0.0018725991249084473,
  "direct_residual_p90": 0.004763931035995485,
  "plus_newton_mae": 2.3433620254578235e-08,
  "plus_newton_rmse": 2.991573102943792e-08,
  "plus_newton_r2": 0.9999999999999991,
  "plus_newton_valid_ratio": 1.0,
  "plus_newton_residual_mean": 3.263490714722111e-14,
  "plus_newton_residual_median": 1.1102230246251565e-16,
  "plus_newton_residual_p90": 3.6992631180510297e-14,
  "plus_newton_newton_iter_mean": 1.9975,
  "plus_newton_newton_iter_median": 2.0,
  "plus_newton_newton_iter_p90": 2.0,
  "plus_newton_converged_ratio": 1.0,
  "hp_use_log_ab": true,
  "hp_optimizer": "adamw",
  "hp_criterion": "mse",
  "hp_dropout": 0.0,
  "hp_lr": 0.001,
  "hp_weight_decay": 1e-05,
  "hp_hidden_dims": "[256, 256, 128]",
  "hp_hidden_size": 128,
  "hp_num_layers": 2,
  "hp_head_hidden": 64,
  "hp_head_layers": 2,
  "hp_d_model": 64,
  "hp_nhead": 2,
  "hp_ff_dim": 128,
  "hp_use_cls_token": false
}