{
  "trial_id": 1180,
  "trial_name": "trial_1180_transformer",
  "model": "transformer",
  "best_epoch": 48,
  "elapsed_sec": 97.31588220596313,
  "direct_mae": 0.002334022428840399,
  "direct_rmse": 0.0034644100815057755,
  "direct_r2": 0.9999875063031141,
  "direct_valid_ratio": 1.0,
  "direct_residual_mean": 0.002848525997251272,
  "direct_residual_median": 0.001928567886352539,
  "direct_residual_p90": 0.00651339888572693,
  "plus_newton_mae": 2.3433617468589112e-08,
  "plus_newton_rmse": 2.991573062685792e-08,
  "plus_newton_r2": 0.9999999999999991,
  "plus_newton_valid_ratio": 1.0,
  "plus_newton_residual_mean": 3.2771325007193834e-14,
  "plus_newton_residual_median": 1.1102230246251565e-16,
  "plus_newton_residual_p90": 3.803068970853476e-14,
  "plus_newton_newton_iter_mean": 2.0233,
  "plus_newton_newton_iter_median": 2.0,
  "plus_newton_newton_iter_p90": 2.0,
  "plus_newton_converged_ratio": 1.0,
  "hp_use_log_ab": false,
  "hp_optimizer": "adamw",
  "hp_criterion": "smoothl1",
  "hp_dropout": 0.0,
  "hp_lr": 0.001,
  "hp_weight_decay": 0.0001,
  "hp_hidden_dims": "[256, 256, 128]",
  "hp_hidden_size": 128,
  "hp_num_layers": 1,
  "hp_head_hidden": 64,
  "hp_head_layers": 2,
  "hp_d_model": 64,
  "hp_nhead": 2,
  "hp_ff_dim": 128,
  "hp_use_cls_token": true
}{
  "trial_id": 1180,
  "trial_name": "trial_1180_transformer",
  "model": "transformer",
  "best_epoch": 48,
  "elapsed_sec": 97.31588220596313,
  "direct_mae": 0.002334022428840399,
  "direct_rmse": 0.0034644100815057755,
  "direct_r2": 0.9999875063031141,
  "direct_valid_ratio": 1.0,
  "direct_residual_mean": 0.002848525997251272,
  "direct_residual_median": 0.001928567886352539,
  "direct_residual_p90": 0.00651339888572693,
  "plus_newton_mae": 2.3433617468589112e-08,
  "plus_newton_rmse": 2.991573062685792e-08,
  "plus_newton_r2": 0.9999999999999991,
  "plus_newton_valid_ratio": 1.0,
  "plus_newton_residual_mean": 3.2771325007193834e-14,
  "plus_newton_residual_median": 1.1102230246251565e-16,
  "plus_newton_residual_p90": 3.803068970853476e-14,
  "plus_newton_newton_iter_mean": 2.0233,
  "plus_newton_newton_iter_median": 2.0,
  "plus_newton_newton_iter_p90": 2.0,
  "plus_newton_converged_ratio": 1.0,
  "hp_use_log_ab": false,
  "hp_optimizer": "adamw",
  "hp_criterion": "smoothl1",
  "hp_dropout": 0.0,
  "hp_lr": 0.001,
  "hp_weight_decay": 0.0001,
  "hp_hidden_dims": "[256, 256, 128]",
  "hp_hidden_size": 128,
  "hp_num_layers": 1,
  "hp_head_hidden": 64,
  "hp_head_layers": 2,
  "hp_d_model": 64,
  "hp_nhead": 2,
  "hp_ff_dim": 128,
  "hp_use_cls_token": true
}