{
  "trial_id": 2743,
  "trial_name": "trial_2743_transformer",
  "model": "transformer",
  "best_epoch": 29,
  "elapsed_sec": 334.7064301967621,
  "direct_mae": 0.007601144257932901,
  "direct_rmse": 0.00964431744068861,
  "direct_r2": 0.9999031776897027,
  "direct_valid_ratio": 1.0,
  "direct_residual_mean": 0.009040718898177147,
  "direct_residual_median": 0.00734458863735199,
  "direct_residual_p90": 0.017802882194519042,
  "plus_newton_mae": 2.3433618320625145e-08,
  "plus_newton_rmse": 2.991572960634488e-08,
  "plus_newton_r2": 0.9999999999999991,
  "plus_newton_valid_ratio": 1.0,
  "plus_newton_residual_mean": 3.4120101725118e-14,
  "plus_newton_residual_median": 1.1102230246251565e-16,
  "plus_newton_residual_p90": 5.718758799844185e-14,
  "plus_newton_newton_iter_mean": 2.1303,
  "plus_newton_newton_iter_median": 2.0,
  "plus_newton_newton_iter_p90": 3.0,
  "plus_newton_converged_ratio": 1.0,
  "hp_use_log_ab": true,
  "hp_optimizer": "adamw",
  "hp_criterion": "mse",
  "hp_dropout": 0.1,
  "hp_lr": 0.001,
  "hp_weight_decay": 0.0001,
  "hp_hidden_dims": "[256, 256, 128]",
  "hp_hidden_size": 128,
  "hp_num_layers": 1,
  "hp_head_hidden": 128,
  "hp_head_layers": 2,
  "hp_d_model": 32,
  "hp_nhead": 4,
  "hp_ff_dim": 128,
  "hp_use_cls_token": false
}{
  "trial_id": 2743,
  "trial_name": "trial_2743_transformer",
  "model": "transformer",
  "best_epoch": 29,
  "elapsed_sec": 334.7064301967621,
  "direct_mae": 0.007601144257932901,
  "direct_rmse": 0.00964431744068861,
  "direct_r2": 0.9999031776897027,
  "direct_valid_ratio": 1.0,
  "direct_residual_mean": 0.009040718898177147,
  "direct_residual_median": 0.00734458863735199,
  "direct_residual_p90": 0.017802882194519042,
  "plus_newton_mae": 2.3433618320625145e-08,
  "plus_newton_rmse": 2.991572960634488e-08,
  "plus_newton_r2": 0.9999999999999991,
  "plus_newton_valid_ratio": 1.0,
  "plus_newton_residual_mean": 3.4120101725118e-14,
  "plus_newton_residual_median": 1.1102230246251565e-16,
  "plus_newton_residual_p90": 5.718758799844185e-14,
  "plus_newton_newton_iter_mean": 2.1303,
  "plus_newton_newton_iter_median": 2.0,
  "plus_newton_newton_iter_p90": 3.0,
  "plus_newton_converged_ratio": 1.0,
  "hp_use_log_ab": true,
  "hp_optimizer": "adamw",
  "hp_criterion": "mse",
  "hp_dropout": 0.1,
  "hp_lr": 0.001,
  "hp_weight_decay": 0.0001,
  "hp_hidden_dims": "[256, 256, 128]",
  "hp_hidden_size": 128,
  "hp_num_layers": 1,
  "hp_head_hidden": 128,
  "hp_head_layers": 2,
  "hp_d_model": 32,
  "hp_nhead": 4,
  "hp_ff_dim": 128,
  "hp_use_cls_token": false
}