{
  "trial_id": 26,
  "trial_name": "trial_026_lstm",
  "model": "lstm",
  "best_epoch": 49,
  "elapsed_sec": 209.0132281780243,
  "direct_mae": 0.002630384173244238,
  "direct_rmse": 0.0035564559511840343,
  "direct_r2": 0.9999868335944484,
  "direct_valid_ratio": 1.0,
  "direct_residual_mean": 0.0031884668860584497,
  "direct_residual_median": 0.0023419857025146484,
  "direct_residual_p90": 0.00661388635635376,
  "plus_newton_mae": 2.34336185013039e-08,
  "plus_newton_rmse": 2.991573080918823e-08,
  "plus_newton_r2": 0.9999999999999991,
  "plus_newton_valid_ratio": 1.0,
  "plus_newton_residual_mean": 2.565976982692067e-14,
  "plus_newton_residual_median": 1.1102230246251565e-16,
  "plus_newton_residual_p90": 3.2096547641913316e-14,
  "plus_newton_newton_iter_mean": 2.0333,
  "plus_newton_newton_iter_median": 2.0,
  "plus_newton_newton_iter_p90": 2.0,
  "plus_newton_converged_ratio": 1.0,
  "hp_use_log_ab": false,
  "hp_optimizer": "adamw",
  "hp_criterion": "mse",
  "hp_dropout": 0.0,
  "hp_lr": 0.001,
  "hp_weight_decay": 0.0001,
  "hp_hidden_dims": "[256, 256, 128]",
  "hp_hidden_size": 128,
  "hp_num_layers": 1,
  "hp_head_hidden": 64,
  "hp_head_layers": 2,
  "hp_d_model": 64,
  "hp_nhead": 4,
  "hp_ff_dim": 128,
  "hp_use_cls_token": false
}{
  "trial_id": 26,
  "trial_name": "trial_026_lstm",
  "model": "lstm",
  "best_epoch": 49,
  "elapsed_sec": 209.0132281780243,
  "direct_mae": 0.002630384173244238,
  "direct_rmse": 0.0035564559511840343,
  "direct_r2": 0.9999868335944484,
  "direct_valid_ratio": 1.0,
  "direct_residual_mean": 0.0031884668860584497,
  "direct_residual_median": 0.0023419857025146484,
  "direct_residual_p90": 0.00661388635635376,
  "plus_newton_mae": 2.34336185013039e-08,
  "plus_newton_rmse": 2.991573080918823e-08,
  "plus_newton_r2": 0.9999999999999991,
  "plus_newton_valid_ratio": 1.0,
  "plus_newton_residual_mean": 2.565976982692067e-14,
  "plus_newton_residual_median": 1.1102230246251565e-16,
  "plus_newton_residual_p90": 3.2096547641913316e-14,
  "plus_newton_newton_iter_mean": 2.0333,
  "plus_newton_newton_iter_median": 2.0,
  "plus_newton_newton_iter_p90": 2.0,
  "plus_newton_converged_ratio": 1.0,
  "hp_use_log_ab": false,
  "hp_optimizer": "adamw",
  "hp_criterion": "mse",
  "hp_dropout": 0.0,
  "hp_lr": 0.001,
  "hp_weight_decay": 0.0001,
  "hp_hidden_dims": "[256, 256, 128]",
  "hp_hidden_size": 128,
  "hp_num_layers": 1,
  "hp_head_hidden": 64,
  "hp_head_layers": 2,
  "hp_d_model": 64,
  "hp_nhead": 4,
  "hp_ff_dim": 128,
  "hp_use_cls_token": false
}