{
  "trial_id": 2294,
  "trial_name": "trial_2294_transformer",
  "model": "transformer",
  "best_epoch": 113,
  "elapsed_sec": 211.7804491519928,
  "direct_mae": 0.00100331986322999,
  "direct_rmse": 0.0012730060843750834,
  "direct_r2": 0.9999983130844612,
  "direct_valid_ratio": 1.0,
  "direct_residual_mean": 0.001267789863049984,
  "direct_residual_median": 0.0009515583515167236,
  "direct_residual_p90": 0.00280606746673584,
  "plus_newton_mae": 2.3433618052472587e-08,
  "plus_newton_rmse": 2.991573024081205e-08,
  "plus_newton_r2": 0.9999999999999991,
  "plus_newton_valid_ratio": 1.0,
  "plus_newton_residual_mean": 3.5382596831930864e-14,
  "plus_newton_residual_median": 1.1102230246251565e-16,
  "plus_newton_residual_p90": 4.363176486776865e-14,
  "plus_newton_newton_iter_mean": 1.9579,
  "plus_newton_newton_iter_median": 2.0,
  "plus_newton_newton_iter_p90": 2.0,
  "plus_newton_converged_ratio": 1.0,
  "hp_use_log_ab": true,
  "hp_optimizer": "adamw",
  "hp_criterion": "mse",
  "hp_dropout": 0.0,
  "hp_lr": 0.001,
  "hp_weight_decay": 0.0001,
  "hp_hidden_dims": "[256, 256, 128]",
  "hp_hidden_size": 128,
  "hp_num_layers": 2,
  "hp_head_hidden": 128,
  "hp_head_layers": 2,
  "hp_d_model": 32,
  "hp_nhead": 4,
  "hp_ff_dim": 64,
  "hp_use_cls_token": true
}{
  "trial_id": 2294,
  "trial_name": "trial_2294_transformer",
  "model": "transformer",
  "best_epoch": 113,
  "elapsed_sec": 211.7804491519928,
  "direct_mae": 0.00100331986322999,
  "direct_rmse": 0.0012730060843750834,
  "direct_r2": 0.9999983130844612,
  "direct_valid_ratio": 1.0,
  "direct_residual_mean": 0.001267789863049984,
  "direct_residual_median": 0.0009515583515167236,
  "direct_residual_p90": 0.00280606746673584,
  "plus_newton_mae": 2.3433618052472587e-08,
  "plus_newton_rmse": 2.991573024081205e-08,
  "plus_newton_r2": 0.9999999999999991,
  "plus_newton_valid_ratio": 1.0,
  "plus_newton_residual_mean": 3.5382596831930864e-14,
  "plus_newton_residual_median": 1.1102230246251565e-16,
  "plus_newton_residual_p90": 4.363176486776865e-14,
  "plus_newton_newton_iter_mean": 1.9579,
  "plus_newton_newton_iter_median": 2.0,
  "plus_newton_newton_iter_p90": 2.0,
  "plus_newton_converged_ratio": 1.0,
  "hp_use_log_ab": true,
  "hp_optimizer": "adamw",
  "hp_criterion": "mse",
  "hp_dropout": 0.0,
  "hp_lr": 0.001,
  "hp_weight_decay": 0.0001,
  "hp_hidden_dims": "[256, 256, 128]",
  "hp_hidden_size": 128,
  "hp_num_layers": 2,
  "hp_head_hidden": 128,
  "hp_head_layers": 2,
  "hp_d_model": 32,
  "hp_nhead": 4,
  "hp_ff_dim": 64,
  "hp_use_cls_token": true
}