{
  "trial_id": 1141,
  "trial_name": "trial_1141_transformer",
  "model": "transformer",
  "best_epoch": 29,
  "elapsed_sec": 84.52402257919312,
  "direct_mae": 0.0028282098937779665,
  "direct_rmse": 0.004485107492655516,
  "direct_r2": 0.9999790599304106,
  "direct_valid_ratio": 1.0,
  "direct_residual_mean": 0.003471412230283022,
  "direct_residual_median": 0.0022570788860321045,
  "direct_residual_p90": 0.007830876111984252,
  "plus_newton_mae": 2.3433620457781207e-08,
  "plus_newton_rmse": 2.991573190992645e-08,
  "plus_newton_r2": 0.9999999999999991,
  "plus_newton_valid_ratio": 1.0,
  "plus_newton_residual_mean": 3.2550452057459074e-14,
  "plus_newton_residual_median": 1.1102230246251565e-16,
  "plus_newton_residual_p90": 3.1885605267234577e-14,
  "plus_newton_newton_iter_mean": 2.0451,
  "plus_newton_newton_iter_median": 2.0,
  "plus_newton_newton_iter_p90": 2.0,
  "plus_newton_converged_ratio": 1.0,
  "hp_use_log_ab": false,
  "hp_optimizer": "adamw",
  "hp_criterion": "smoothl1",
  "hp_dropout": 0.0,
  "hp_lr": 0.001,
  "hp_weight_decay": 1e-05,
  "hp_hidden_dims": "[256, 256, 128]",
  "hp_hidden_size": 128,
  "hp_num_layers": 2,
  "hp_head_hidden": 128,
  "hp_head_layers": 2,
  "hp_d_model": 32,
  "hp_nhead": 4,
  "hp_ff_dim": 64,
  "hp_use_cls_token": false
}{
  "trial_id": 1141,
  "trial_name": "trial_1141_transformer",
  "model": "transformer",
  "best_epoch": 29,
  "elapsed_sec": 84.52402257919312,
  "direct_mae": 0.0028282098937779665,
  "direct_rmse": 0.004485107492655516,
  "direct_r2": 0.9999790599304106,
  "direct_valid_ratio": 1.0,
  "direct_residual_mean": 0.003471412230283022,
  "direct_residual_median": 0.0022570788860321045,
  "direct_residual_p90": 0.007830876111984252,
  "plus_newton_mae": 2.3433620457781207e-08,
  "plus_newton_rmse": 2.991573190992645e-08,
  "plus_newton_r2": 0.9999999999999991,
  "plus_newton_valid_ratio": 1.0,
  "plus_newton_residual_mean": 3.2550452057459074e-14,
  "plus_newton_residual_median": 1.1102230246251565e-16,
  "plus_newton_residual_p90": 3.1885605267234577e-14,
  "plus_newton_newton_iter_mean": 2.0451,
  "plus_newton_newton_iter_median": 2.0,
  "plus_newton_newton_iter_p90": 2.0,
  "plus_newton_converged_ratio": 1.0,
  "hp_use_log_ab": false,
  "hp_optimizer": "adamw",
  "hp_criterion": "smoothl1",
  "hp_dropout": 0.0,
  "hp_lr": 0.001,
  "hp_weight_decay": 1e-05,
  "hp_hidden_dims": "[256, 256, 128]",
  "hp_hidden_size": 128,
  "hp_num_layers": 2,
  "hp_head_hidden": 128,
  "hp_head_layers": 2,
  "hp_d_model": 32,
  "hp_nhead": 4,
  "hp_ff_dim": 64,
  "hp_use_cls_token": false
}