{
  "trial_id": 2125,
  "trial_name": "trial_2125_transformer",
  "model": "transformer",
  "best_epoch": 10,
  "elapsed_sec": 51.47586250305176,
  "direct_mae": 0.10758769512176514,
  "direct_rmse": 0.1346387267112732,
  "direct_r2": 0.9811299815773964,
  "direct_valid_ratio": 1.0,
  "direct_residual_mean": 0.13540828227996826,
  "direct_residual_median": 0.1120464950799942,
  "direct_residual_p90": 0.25972929000854494,
  "plus_newton_mae": 2.343361940891803e-08,
  "plus_newton_rmse": 2.991572974425264e-08,
  "plus_newton_r2": 0.9999999999999991,
  "plus_newton_valid_ratio": 1.0,
  "plus_newton_residual_mean": 3.269238204616946e-14,
  "plus_newton_residual_median": 1.1102230246251565e-16,
  "plus_newton_residual_p90": 4.336808689942033e-14,
  "plus_newton_newton_iter_mean": 2.6245,
  "plus_newton_newton_iter_median": 3.0,
  "plus_newton_newton_iter_p90": 3.0,
  "plus_newton_converged_ratio": 1.0,
  "hp_use_log_ab": true,
  "hp_optimizer": "adamw",
  "hp_criterion": "mse",
  "hp_dropout": 0.0,
  "hp_lr": 0.001,
  "hp_weight_decay": 1e-05,
  "hp_hidden_dims": "[256, 256, 128]",
  "hp_hidden_size": 128,
  "hp_num_layers": 2,
  "hp_head_hidden": 64,
  "hp_head_layers": 1,
  "hp_d_model": 64,
  "hp_nhead": 4,
  "hp_ff_dim": 64,
  "hp_use_cls_token": false
}{
  "trial_id": 2125,
  "trial_name": "trial_2125_transformer",
  "model": "transformer",
  "best_epoch": 10,
  "elapsed_sec": 51.47586250305176,
  "direct_mae": 0.10758769512176514,
  "direct_rmse": 0.1346387267112732,
  "direct_r2": 0.9811299815773964,
  "direct_valid_ratio": 1.0,
  "direct_residual_mean": 0.13540828227996826,
  "direct_residual_median": 0.1120464950799942,
  "direct_residual_p90": 0.25972929000854494,
  "plus_newton_mae": 2.343361940891803e-08,
  "plus_newton_rmse": 2.991572974425264e-08,
  "plus_newton_r2": 0.9999999999999991,
  "plus_newton_valid_ratio": 1.0,
  "plus_newton_residual_mean": 3.269238204616946e-14,
  "plus_newton_residual_median": 1.1102230246251565e-16,
  "plus_newton_residual_p90": 4.336808689942033e-14,
  "plus_newton_newton_iter_mean": 2.6245,
  "plus_newton_newton_iter_median": 3.0,
  "plus_newton_newton_iter_p90": 3.0,
  "plus_newton_converged_ratio": 1.0,
  "hp_use_log_ab": true,
  "hp_optimizer": "adamw",
  "hp_criterion": "mse",
  "hp_dropout": 0.0,
  "hp_lr": 0.001,
  "hp_weight_decay": 1e-05,
  "hp_hidden_dims": "[256, 256, 128]",
  "hp_hidden_size": 128,
  "hp_num_layers": 2,
  "hp_head_hidden": 64,
  "hp_head_layers": 1,
  "hp_d_model": 64,
  "hp_nhead": 4,
  "hp_ff_dim": 64,
  "hp_use_cls_token": false
}