{
  "trial_id": 81,
  "trial_name": "trial_081_gru",
  "model": "gru",
  "best_epoch": 78,
  "elapsed_sec": 255.87538957595825,
  "direct_mae": 0.34032142162323,
  "direct_rmse": 0.4168345630168915,
  "direct_r2": 0.8191327899694443,
  "direct_valid_ratio": 1.0,
  "direct_residual_mean": 0.3833151161670685,
  "direct_residual_median": 0.35929834842681885,
  "direct_residual_p90": 0.7205902040004731,
  "plus_newton_mae": 2.3433619566353755e-08,
  "plus_newton_rmse": 2.991573139565068e-08,
  "plus_newton_r2": 0.9999999999999991,
  "plus_newton_valid_ratio": 1.0,
  "plus_newton_residual_mean": 4.397853059599839e-14,
  "plus_newton_residual_median": 1.6653345369377348e-16,
  "plus_newton_residual_p90": 1.0372536163316692e-13,
  "plus_newton_newton_iter_mean": 2.7552,
  "plus_newton_newton_iter_median": 3.0,
  "plus_newton_newton_iter_p90": 3.0,
  "plus_newton_converged_ratio": 1.0,
  "hp_use_log_ab": false,
  "hp_optimizer": "adamw",
  "hp_criterion": "mse",
  "hp_dropout": 0.1,
  "hp_lr": 0.001,
  "hp_weight_decay": 0.0001,
  "hp_hidden_dims": "[256, 256, 128]",
  "hp_hidden_size": 64,
  "hp_num_layers": 1,
  "hp_head_hidden": 64,
  "hp_head_layers": 1,
  "hp_d_model": 64,
  "hp_nhead": 4,
  "hp_ff_dim": 128,
  "hp_use_cls_token": false
}{
  "trial_id": 81,
  "trial_name": "trial_081_gru",
  "model": "gru",
  "best_epoch": 78,
  "elapsed_sec": 255.87538957595825,
  "direct_mae": 0.34032142162323,
  "direct_rmse": 0.4168345630168915,
  "direct_r2": 0.8191327899694443,
  "direct_valid_ratio": 1.0,
  "direct_residual_mean": 0.3833151161670685,
  "direct_residual_median": 0.35929834842681885,
  "direct_residual_p90": 0.7205902040004731,
  "plus_newton_mae": 2.3433619566353755e-08,
  "plus_newton_rmse": 2.991573139565068e-08,
  "plus_newton_r2": 0.9999999999999991,
  "plus_newton_valid_ratio": 1.0,
  "plus_newton_residual_mean": 4.397853059599839e-14,
  "plus_newton_residual_median": 1.6653345369377348e-16,
  "plus_newton_residual_p90": 1.0372536163316692e-13,
  "plus_newton_newton_iter_mean": 2.7552,
  "plus_newton_newton_iter_median": 3.0,
  "plus_newton_newton_iter_p90": 3.0,
  "plus_newton_converged_ratio": 1.0,
  "hp_use_log_ab": false,
  "hp_optimizer": "adamw",
  "hp_criterion": "mse",
  "hp_dropout": 0.1,
  "hp_lr": 0.001,
  "hp_weight_decay": 0.0001,
  "hp_hidden_dims": "[256, 256, 128]",
  "hp_hidden_size": 64,
  "hp_num_layers": 1,
  "hp_head_hidden": 64,
  "hp_head_layers": 1,
  "hp_d_model": 64,
  "hp_nhead": 4,
  "hp_ff_dim": 128,
  "hp_use_cls_token": false
}