{
  "trial_id": 2751,
  "trial_name": "trial_2751_transformer",
  "model": "transformer",
  "best_epoch": 54,
  "elapsed_sec": 508.27352690696716,
  "direct_mae": 0.007379308342933655,
  "direct_rmse": 0.009748630225658417,
  "direct_r2": 0.9999010719184298,
  "direct_valid_ratio": 1.0,
  "direct_residual_mean": 0.008771255612373352,
  "direct_residual_median": 0.006456315517425537,
  "direct_residual_p90": 0.01886284351348877,
  "plus_newton_mae": 2.3433617117525034e-08,
  "plus_newton_rmse": 2.991572829995697e-08,
  "plus_newton_r2": 0.9999999999999991,
  "plus_newton_valid_ratio": 1.0,
  "plus_newton_residual_mean": 3.286363503564701e-14,
  "plus_newton_residual_median": 1.1102230246251565e-16,
  "plus_newton_residual_p90": 5.995204332975845e-14,
  "plus_newton_newton_iter_mean": 2.1112,
  "plus_newton_newton_iter_median": 2.0,
  "plus_newton_newton_iter_p90": 3.0,
  "plus_newton_converged_ratio": 1.0,
  "hp_use_log_ab": true,
  "hp_optimizer": "adamw",
  "hp_criterion": "mse",
  "hp_dropout": 0.1,
  "hp_lr": 0.001,
  "hp_weight_decay": 0.0001,
  "hp_hidden_dims": "[256, 256, 128]",
  "hp_hidden_size": 128,
  "hp_num_layers": 1,
  "hp_head_hidden": 128,
  "hp_head_layers": 2,
  "hp_d_model": 64,
  "hp_nhead": 4,
  "hp_ff_dim": 128,
  "hp_use_cls_token": false
}{
  "trial_id": 2751,
  "trial_name": "trial_2751_transformer",
  "model": "transformer",
  "best_epoch": 54,
  "elapsed_sec": 508.27352690696716,
  "direct_mae": 0.007379308342933655,
  "direct_rmse": 0.009748630225658417,
  "direct_r2": 0.9999010719184298,
  "direct_valid_ratio": 1.0,
  "direct_residual_mean": 0.008771255612373352,
  "direct_residual_median": 0.006456315517425537,
  "direct_residual_p90": 0.01886284351348877,
  "plus_newton_mae": 2.3433617117525034e-08,
  "plus_newton_rmse": 2.991572829995697e-08,
  "plus_newton_r2": 0.9999999999999991,
  "plus_newton_valid_ratio": 1.0,
  "plus_newton_residual_mean": 3.286363503564701e-14,
  "plus_newton_residual_median": 1.1102230246251565e-16,
  "plus_newton_residual_p90": 5.995204332975845e-14,
  "plus_newton_newton_iter_mean": 2.1112,
  "plus_newton_newton_iter_median": 2.0,
  "plus_newton_newton_iter_p90": 3.0,
  "plus_newton_converged_ratio": 1.0,
  "hp_use_log_ab": true,
  "hp_optimizer": "adamw",
  "hp_criterion": "mse",
  "hp_dropout": 0.1,
  "hp_lr": 0.001,
  "hp_weight_decay": 0.0001,
  "hp_hidden_dims": "[256, 256, 128]",
  "hp_hidden_size": 128,
  "hp_num_layers": 1,
  "hp_head_hidden": 128,
  "hp_head_layers": 2,
  "hp_d_model": 64,
  "hp_nhead": 4,
  "hp_ff_dim": 128,
  "hp_use_cls_token": false
}