{
  "trial_id": 660,
  "trial_name": "trial_660_transformer",
  "model": "transformer",
  "best_epoch": 37,
  "elapsed_sec": 93.48079872131348,
  "direct_mae": 0.013223257847130299,
  "direct_rmse": 0.01884901523590088,
  "direct_r2": 0.9996301635401323,
  "direct_valid_ratio": 1.0,
  "direct_residual_mean": 0.01588492840528488,
  "direct_residual_median": 0.010526716709136963,
  "direct_residual_p90": 0.038788723945617685,
  "plus_newton_mae": 2.343361864751382e-08,
  "plus_newton_rmse": 2.9915729881861444e-08,
  "plus_newton_r2": 0.9999999999999991,
  "plus_newton_valid_ratio": 1.0,
  "plus_newton_residual_mean": 2.923945056591482e-14,
  "plus_newton_residual_median": 1.1102230246251565e-16,
  "plus_newton_residual_p90": 3.925193503562243e-14,
  "plus_newton_newton_iter_mean": 2.2412,
  "plus_newton_newton_iter_median": 2.0,
  "plus_newton_newton_iter_p90": 3.0,
  "plus_newton_converged_ratio": 1.0,
  "hp_use_log_ab": false,
  "hp_optimizer": "adamw",
  "hp_criterion": "mse",
  "hp_dropout": 0.1,
  "hp_lr": 0.001,
  "hp_weight_decay": 0.0001,
  "hp_hidden_dims": "[256, 256, 128]",
  "hp_hidden_size": 128,
  "hp_num_layers": 1,
  "hp_head_hidden": 64,
  "hp_head_layers": 2,
  "hp_d_model": 32,
  "hp_nhead": 2,
  "hp_ff_dim": 128,
  "hp_use_cls_token": true
}{
  "trial_id": 660,
  "trial_name": "trial_660_transformer",
  "model": "transformer",
  "best_epoch": 37,
  "elapsed_sec": 93.48079872131348,
  "direct_mae": 0.013223257847130299,
  "direct_rmse": 0.01884901523590088,
  "direct_r2": 0.9996301635401323,
  "direct_valid_ratio": 1.0,
  "direct_residual_mean": 0.01588492840528488,
  "direct_residual_median": 0.010526716709136963,
  "direct_residual_p90": 0.038788723945617685,
  "plus_newton_mae": 2.343361864751382e-08,
  "plus_newton_rmse": 2.9915729881861444e-08,
  "plus_newton_r2": 0.9999999999999991,
  "plus_newton_valid_ratio": 1.0,
  "plus_newton_residual_mean": 2.923945056591482e-14,
  "plus_newton_residual_median": 1.1102230246251565e-16,
  "plus_newton_residual_p90": 3.925193503562243e-14,
  "plus_newton_newton_iter_mean": 2.2412,
  "plus_newton_newton_iter_median": 2.0,
  "plus_newton_newton_iter_p90": 3.0,
  "plus_newton_converged_ratio": 1.0,
  "hp_use_log_ab": false,
  "hp_optimizer": "adamw",
  "hp_criterion": "mse",
  "hp_dropout": 0.1,
  "hp_lr": 0.001,
  "hp_weight_decay": 0.0001,
  "hp_hidden_dims": "[256, 256, 128]",
  "hp_hidden_size": 128,
  "hp_num_layers": 1,
  "hp_head_hidden": 64,
  "hp_head_layers": 2,
  "hp_d_model": 32,
  "hp_nhead": 2,
  "hp_ff_dim": 128,
  "hp_use_cls_token": true
}