{
  "trial_id": 2507,
  "trial_name": "trial_2507_transformer",
  "model": "transformer",
  "best_epoch": 56,
  "elapsed_sec": 130.64252853393555,
  "direct_mae": 0.10627369582653046,
  "direct_rmse": 0.13156050443649292,
  "direct_r2": 0.9819829594343901,
  "direct_valid_ratio": 1.0,
  "direct_residual_mean": 0.13303707540035248,
  "direct_residual_median": 0.11311888694763184,
  "direct_residual_p90": 0.254696524143219,
  "plus_newton_mae": 2.3433619441947074e-08,
  "plus_newton_rmse": 2.991573070028866e-08,
  "plus_newton_r2": 0.9999999999999991,
  "plus_newton_valid_ratio": 1.0,
  "plus_newton_residual_mean": 3.45689512747853e-14,
  "plus_newton_residual_median": 1.1102230246251565e-16,
  "plus_newton_residual_p90": 4.609645998243658e-14,
  "plus_newton_newton_iter_mean": 2.621,
  "plus_newton_newton_iter_median": 3.0,
  "plus_newton_newton_iter_p90": 3.0,
  "plus_newton_converged_ratio": 1.0,
  "hp_use_log_ab": true,
  "hp_optimizer": "adamw",
  "hp_criterion": "mse",
  "hp_dropout": 0.0,
  "hp_lr": 0.0005,
  "hp_weight_decay": 0.0001,
  "hp_hidden_dims": "[256, 256, 128]",
  "hp_hidden_size": 128,
  "hp_num_layers": 2,
  "hp_head_hidden": 64,
  "hp_head_layers": 1,
  "hp_d_model": 64,
  "hp_nhead": 2,
  "hp_ff_dim": 128,
  "hp_use_cls_token": false
}{
  "trial_id": 2507,
  "trial_name": "trial_2507_transformer",
  "model": "transformer",
  "best_epoch": 56,
  "elapsed_sec": 130.64252853393555,
  "direct_mae": 0.10627369582653046,
  "direct_rmse": 0.13156050443649292,
  "direct_r2": 0.9819829594343901,
  "direct_valid_ratio": 1.0,
  "direct_residual_mean": 0.13303707540035248,
  "direct_residual_median": 0.11311888694763184,
  "direct_residual_p90": 0.254696524143219,
  "plus_newton_mae": 2.3433619441947074e-08,
  "plus_newton_rmse": 2.991573070028866e-08,
  "plus_newton_r2": 0.9999999999999991,
  "plus_newton_valid_ratio": 1.0,
  "plus_newton_residual_mean": 3.45689512747853e-14,
  "plus_newton_residual_median": 1.1102230246251565e-16,
  "plus_newton_residual_p90": 4.609645998243658e-14,
  "plus_newton_newton_iter_mean": 2.621,
  "plus_newton_newton_iter_median": 3.0,
  "plus_newton_newton_iter_p90": 3.0,
  "plus_newton_converged_ratio": 1.0,
  "hp_use_log_ab": true,
  "hp_optimizer": "adamw",
  "hp_criterion": "mse",
  "hp_dropout": 0.0,
  "hp_lr": 0.0005,
  "hp_weight_decay": 0.0001,
  "hp_hidden_dims": "[256, 256, 128]",
  "hp_hidden_size": 128,
  "hp_num_layers": 2,
  "hp_head_hidden": 64,
  "hp_head_layers": 1,
  "hp_d_model": 64,
  "hp_nhead": 2,
  "hp_ff_dim": 128,
  "hp_use_cls_token": false
}