{
  "trial_id": 3223,
  "trial_name": "trial_3223_transformer",
  "model": "transformer",
  "best_epoch": 70,
  "elapsed_sec": 128.58026838302612,
  "direct_mae": 0.0026891164015978575,
  "direct_rmse": 0.0034317492973059416,
  "direct_r2": 0.9999877407617532,
  "direct_valid_ratio": 1.0,
  "direct_residual_mean": 0.0032740780152380466,
  "direct_residual_median": 0.00255485437810421,
  "direct_residual_p90": 0.006931856274604798,
  "plus_newton_mae": 2.343361780215084e-08,
  "plus_newton_rmse": 2.991573005321831e-08,
  "plus_newton_r2": 0.9999999999999991,
  "plus_newton_valid_ratio": 1.0,
  "plus_newton_residual_mean": 2.840993752235713e-14,
  "plus_newton_residual_median": 1.1102230246251565e-16,
  "plus_newton_residual_p90": 3.043121310497558e-14,
  "plus_newton_newton_iter_mean": 2.0438,
  "plus_newton_newton_iter_median": 2.0,
  "plus_newton_newton_iter_p90": 2.0,
  "plus_newton_converged_ratio": 1.0,
  "hp_use_log_ab": true,
  "hp_optimizer": "adamw",
  "hp_criterion": "smoothl1",
  "hp_dropout": 0.0,
  "hp_lr": 0.001,
  "hp_weight_decay": 0.0001,
  "hp_hidden_dims": "[256, 256, 128]",
  "hp_hidden_size": 128,
  "hp_num_layers": 1,
  "hp_head_hidden": 64,
  "hp_head_layers": 2,
  "hp_d_model": 32,
  "hp_nhead": 4,
  "hp_ff_dim": 128,
  "hp_use_cls_token": false
}{
  "trial_id": 3223,
  "trial_name": "trial_3223_transformer",
  "model": "transformer",
  "best_epoch": 70,
  "elapsed_sec": 128.58026838302612,
  "direct_mae": 0.0026891164015978575,
  "direct_rmse": 0.0034317492973059416,
  "direct_r2": 0.9999877407617532,
  "direct_valid_ratio": 1.0,
  "direct_residual_mean": 0.0032740780152380466,
  "direct_residual_median": 0.00255485437810421,
  "direct_residual_p90": 0.006931856274604798,
  "plus_newton_mae": 2.343361780215084e-08,
  "plus_newton_rmse": 2.991573005321831e-08,
  "plus_newton_r2": 0.9999999999999991,
  "plus_newton_valid_ratio": 1.0,
  "plus_newton_residual_mean": 2.840993752235713e-14,
  "plus_newton_residual_median": 1.1102230246251565e-16,
  "plus_newton_residual_p90": 3.043121310497558e-14,
  "plus_newton_newton_iter_mean": 2.0438,
  "plus_newton_newton_iter_median": 2.0,
  "plus_newton_newton_iter_p90": 2.0,
  "plus_newton_converged_ratio": 1.0,
  "hp_use_log_ab": true,
  "hp_optimizer": "adamw",
  "hp_criterion": "smoothl1",
  "hp_dropout": 0.0,
  "hp_lr": 0.001,
  "hp_weight_decay": 0.0001,
  "hp_hidden_dims": "[256, 256, 128]",
  "hp_hidden_size": 128,
  "hp_num_layers": 1,
  "hp_head_hidden": 64,
  "hp_head_layers": 2,
  "hp_d_model": 32,
  "hp_nhead": 4,
  "hp_ff_dim": 128,
  "hp_use_cls_token": false
}