{
  "trial_id": 566,
  "trial_name": "trial_566_transformer",
  "model": "transformer",
  "best_epoch": 41,
  "elapsed_sec": 99.65701293945312,
  "direct_mae": 0.008518069051206112,
  "direct_rmse": 0.011547678150236607,
  "direct_r2": 0.9998611896880902,
  "direct_valid_ratio": 1.0,
  "direct_residual_mean": 0.010001429356634617,
  "direct_residual_median": 0.008211702108383179,
  "direct_residual_p90": 0.019475674629211428,
  "plus_newton_mae": 2.3433619546387478e-08,
  "plus_newton_rmse": 2.991573140741408e-08,
  "plus_newton_r2": 0.9999999999999991,
  "plus_newton_valid_ratio": 1.0,
  "plus_newton_residual_mean": 2.843638447882547e-14,
  "plus_newton_residual_median": 1.1102230246251565e-16,
  "plus_newton_residual_p90": 3.376188217885105e-14,
  "plus_newton_newton_iter_mean": 2.1726,
  "plus_newton_newton_iter_median": 2.0,
  "plus_newton_newton_iter_p90": 3.0,
  "plus_newton_converged_ratio": 1.0,
  "hp_use_log_ab": false,
  "hp_optimizer": "adamw",
  "hp_criterion": "mse",
  "hp_dropout": 0.1,
  "hp_lr": 0.001,
  "hp_weight_decay": 1e-05,
  "hp_hidden_dims": "[256, 256, 128]",
  "hp_hidden_size": 128,
  "hp_num_layers": 1,
  "hp_head_hidden": 128,
  "hp_head_layers": 2,
  "hp_d_model": 32,
  "hp_nhead": 4,
  "hp_ff_dim": 64,
  "hp_use_cls_token": true
}{
  "trial_id": 566,
  "trial_name": "trial_566_transformer",
  "model": "transformer",
  "best_epoch": 41,
  "elapsed_sec": 99.65701293945312,
  "direct_mae": 0.008518069051206112,
  "direct_rmse": 0.011547678150236607,
  "direct_r2": 0.9998611896880902,
  "direct_valid_ratio": 1.0,
  "direct_residual_mean": 0.010001429356634617,
  "direct_residual_median": 0.008211702108383179,
  "direct_residual_p90": 0.019475674629211428,
  "plus_newton_mae": 2.3433619546387478e-08,
  "plus_newton_rmse": 2.991573140741408e-08,
  "plus_newton_r2": 0.9999999999999991,
  "plus_newton_valid_ratio": 1.0,
  "plus_newton_residual_mean": 2.843638447882547e-14,
  "plus_newton_residual_median": 1.1102230246251565e-16,
  "plus_newton_residual_p90": 3.376188217885105e-14,
  "plus_newton_newton_iter_mean": 2.1726,
  "plus_newton_newton_iter_median": 2.0,
  "plus_newton_newton_iter_p90": 3.0,
  "plus_newton_converged_ratio": 1.0,
  "hp_use_log_ab": false,
  "hp_optimizer": "adamw",
  "hp_criterion": "mse",
  "hp_dropout": 0.1,
  "hp_lr": 0.001,
  "hp_weight_decay": 1e-05,
  "hp_hidden_dims": "[256, 256, 128]",
  "hp_hidden_size": 128,
  "hp_num_layers": 1,
  "hp_head_hidden": 128,
  "hp_head_layers": 2,
  "hp_d_model": 32,
  "hp_nhead": 4,
  "hp_ff_dim": 64,
  "hp_use_cls_token": true
}