{
  "trial_id": 336,
  "trial_name": "trial_336_gru",
  "model": "gru",
  "best_epoch": 30,
  "elapsed_sec": 116.11870431900024,
  "direct_mae": 0.007399467285722494,
  "direct_rmse": 0.009415296837687492,
  "direct_r2": 0.9999077215325087,
  "direct_valid_ratio": 1.0,
  "direct_residual_mean": 0.00863962434232235,
  "direct_residual_median": 0.00711551308631897,
  "direct_residual_p90": 0.017274975776672367,
  "plus_newton_mae": 2.343361777979215e-08,
  "plus_newton_rmse": 2.991572924013292e-08,
  "plus_newton_r2": 0.9999999999999991,
  "plus_newton_valid_ratio": 1.0,
  "plus_newton_residual_mean": 3.960609647177246e-14,
  "plus_newton_residual_median": 1.1102230246251565e-16,
  "plus_newton_residual_p90": 7.051026429394373e-14,
  "plus_newton_newton_iter_mean": 2.1183,
  "plus_newton_newton_iter_median": 2.0,
  "plus_newton_newton_iter_p90": 3.0,
  "plus_newton_converged_ratio": 1.0,
  "hp_use_log_ab": true,
  "hp_optimizer": "adamw",
  "hp_criterion": "mse",
  "hp_dropout": 0.1,
  "hp_lr": 0.001,
  "hp_weight_decay": 1e-05,
  "hp_hidden_dims": "[256, 256, 128]",
  "hp_hidden_size": 128,
  "hp_num_layers": 2,
  "hp_head_hidden": 128,
  "hp_head_layers": 2,
  "hp_d_model": 64,
  "hp_nhead": 4,
  "hp_ff_dim": 128,
  "hp_use_cls_token": false
}{
  "trial_id": 336,
  "trial_name": "trial_336_gru",
  "model": "gru",
  "best_epoch": 30,
  "elapsed_sec": 116.11870431900024,
  "direct_mae": 0.007399467285722494,
  "direct_rmse": 0.009415296837687492,
  "direct_r2": 0.9999077215325087,
  "direct_valid_ratio": 1.0,
  "direct_residual_mean": 0.00863962434232235,
  "direct_residual_median": 0.00711551308631897,
  "direct_residual_p90": 0.017274975776672367,
  "plus_newton_mae": 2.343361777979215e-08,
  "plus_newton_rmse": 2.991572924013292e-08,
  "plus_newton_r2": 0.9999999999999991,
  "plus_newton_valid_ratio": 1.0,
  "plus_newton_residual_mean": 3.960609647177246e-14,
  "plus_newton_residual_median": 1.1102230246251565e-16,
  "plus_newton_residual_p90": 7.051026429394373e-14,
  "plus_newton_newton_iter_mean": 2.1183,
  "plus_newton_newton_iter_median": 2.0,
  "plus_newton_newton_iter_p90": 3.0,
  "plus_newton_converged_ratio": 1.0,
  "hp_use_log_ab": true,
  "hp_optimizer": "adamw",
  "hp_criterion": "mse",
  "hp_dropout": 0.1,
  "hp_lr": 0.001,
  "hp_weight_decay": 1e-05,
  "hp_hidden_dims": "[256, 256, 128]",
  "hp_hidden_size": 128,
  "hp_num_layers": 2,
  "hp_head_hidden": 128,
  "hp_head_layers": 2,
  "hp_d_model": 64,
  "hp_nhead": 4,
  "hp_ff_dim": 128,
  "hp_use_cls_token": false
}