{
  "trial_id": 3156,
  "trial_name": "trial_3156_transformer",
  "model": "transformer",
  "best_epoch": 84,
  "elapsed_sec": 183.18606781959534,
  "direct_mae": 0.001338857226073742,
  "direct_rmse": 0.0017060302197933197,
  "direct_r2": 0.9999969702566887,
  "direct_valid_ratio": 1.0,
  "direct_residual_mean": 0.0016212858026847243,
  "direct_residual_median": 0.0013021975755691528,
  "direct_residual_p90": 0.0034566402435302736,
  "plus_newton_mae": 2.3433618514429612e-08,
  "plus_newton_rmse": 2.9915730983777756e-08,
  "plus_newton_r2": 0.9999999999999991,
  "plus_newton_valid_ratio": 1.0,
  "plus_newton_residual_mean": 2.6271132937359653e-14,
  "plus_newton_residual_median": 6.938893903907228e-17,
  "plus_newton_residual_p90": 1.3766765505351941e-14,
  "plus_newton_newton_iter_mean": 1.9837,
  "plus_newton_newton_iter_median": 2.0,
  "plus_newton_newton_iter_p90": 2.0,
  "plus_newton_converged_ratio": 1.0,
  "hp_use_log_ab": true,
  "hp_optimizer": "adamw",
  "hp_criterion": "smoothl1",
  "hp_dropout": 0.0,
  "hp_lr": 0.001,
  "hp_weight_decay": 1e-05,
  "hp_hidden_dims": "[256, 256, 128]",
  "hp_hidden_size": 128,
  "hp_num_layers": 2,
  "hp_head_hidden": 64,
  "hp_head_layers": 2,
  "hp_d_model": 32,
  "hp_nhead": 2,
  "hp_ff_dim": 128,
  "hp_use_cls_token": true
}{
  "trial_id": 3156,
  "trial_name": "trial_3156_transformer",
  "model": "transformer",
  "best_epoch": 84,
  "elapsed_sec": 183.18606781959534,
  "direct_mae": 0.001338857226073742,
  "direct_rmse": 0.0017060302197933197,
  "direct_r2": 0.9999969702566887,
  "direct_valid_ratio": 1.0,
  "direct_residual_mean": 0.0016212858026847243,
  "direct_residual_median": 0.0013021975755691528,
  "direct_residual_p90": 0.0034566402435302736,
  "plus_newton_mae": 2.3433618514429612e-08,
  "plus_newton_rmse": 2.9915730983777756e-08,
  "plus_newton_r2": 0.9999999999999991,
  "plus_newton_valid_ratio": 1.0,
  "plus_newton_residual_mean": 2.6271132937359653e-14,
  "plus_newton_residual_median": 6.938893903907228e-17,
  "plus_newton_residual_p90": 1.3766765505351941e-14,
  "plus_newton_newton_iter_mean": 1.9837,
  "plus_newton_newton_iter_median": 2.0,
  "plus_newton_newton_iter_p90": 2.0,
  "plus_newton_converged_ratio": 1.0,
  "hp_use_log_ab": true,
  "hp_optimizer": "adamw",
  "hp_criterion": "smoothl1",
  "hp_dropout": 0.0,
  "hp_lr": 0.001,
  "hp_weight_decay": 1e-05,
  "hp_hidden_dims": "[256, 256, 128]",
  "hp_hidden_size": 128,
  "hp_num_layers": 2,
  "hp_head_hidden": 64,
  "hp_head_layers": 2,
  "hp_d_model": 32,
  "hp_nhead": 2,
  "hp_ff_dim": 128,
  "hp_use_cls_token": true
}