{
  "trial_id": 2076,
  "trial_name": "trial_2076_transformer",
  "model": "transformer",
  "best_epoch": 70,
  "elapsed_sec": 127.5197365283966,
  "direct_mae": 0.0064072441309690475,
  "direct_rmse": 0.008427714928984642,
  "direct_r2": 0.9999260646582115,
  "direct_valid_ratio": 1.0,
  "direct_residual_mean": 0.007940194569528103,
  "direct_residual_median": 0.005761288106441498,
  "direct_residual_p90": 0.01807268336415292,
  "plus_newton_mae": 2.3433620509524594e-08,
  "plus_newton_rmse": 2.9915731685671277e-08,
  "plus_newton_r2": 0.9999999999999991,
  "plus_newton_valid_ratio": 1.0,
  "plus_newton_residual_mean": 3.689164537991004e-14,
  "plus_newton_residual_median": 1.1102230246251565e-16,
  "plus_newton_residual_p90": 8.421041641781833e-14,
  "plus_newton_newton_iter_mean": 2.1382,
  "plus_newton_newton_iter_median": 2.0,
  "plus_newton_newton_iter_p90": 3.0,
  "plus_newton_converged_ratio": 1.0,
  "hp_use_log_ab": true,
  "hp_optimizer": "adamw",
  "hp_criterion": "mse",
  "hp_dropout": 0.0,
  "hp_lr": 0.001,
  "hp_weight_decay": 1e-05,
  "hp_hidden_dims": "[256, 256, 128]",
  "hp_hidden_size": 128,
  "hp_num_layers": 1,
  "hp_head_hidden": 64,
  "hp_head_layers": 2,
  "hp_d_model": 64,
  "hp_nhead": 2,
  "hp_ff_dim": 128,
  "hp_use_cls_token": true
}{
  "trial_id": 2076,
  "trial_name": "trial_2076_transformer",
  "model": "transformer",
  "best_epoch": 70,
  "elapsed_sec": 127.5197365283966,
  "direct_mae": 0.0064072441309690475,
  "direct_rmse": 0.008427714928984642,
  "direct_r2": 0.9999260646582115,
  "direct_valid_ratio": 1.0,
  "direct_residual_mean": 0.007940194569528103,
  "direct_residual_median": 0.005761288106441498,
  "direct_residual_p90": 0.01807268336415292,
  "plus_newton_mae": 2.3433620509524594e-08,
  "plus_newton_rmse": 2.9915731685671277e-08,
  "plus_newton_r2": 0.9999999999999991,
  "plus_newton_valid_ratio": 1.0,
  "plus_newton_residual_mean": 3.689164537991004e-14,
  "plus_newton_residual_median": 1.1102230246251565e-16,
  "plus_newton_residual_p90": 8.421041641781833e-14,
  "plus_newton_newton_iter_mean": 2.1382,
  "plus_newton_newton_iter_median": 2.0,
  "plus_newton_newton_iter_p90": 3.0,
  "plus_newton_converged_ratio": 1.0,
  "hp_use_log_ab": true,
  "hp_optimizer": "adamw",
  "hp_criterion": "mse",
  "hp_dropout": 0.0,
  "hp_lr": 0.001,
  "hp_weight_decay": 1e-05,
  "hp_hidden_dims": "[256, 256, 128]",
  "hp_hidden_size": 128,
  "hp_num_layers": 1,
  "hp_head_hidden": 64,
  "hp_head_layers": 2,
  "hp_d_model": 64,
  "hp_nhead": 2,
  "hp_ff_dim": 128,
  "hp_use_cls_token": true
}