{
  "trial_id": 182,
  "trial_name": "trial_182_lstm",
  "model": "lstm",
  "best_epoch": 46,
  "elapsed_sec": 182.0346233844757,
  "direct_mae": 0.002108753891661763,
  "direct_rmse": 0.003141474910080433,
  "direct_r2": 0.9999897269462963,
  "direct_valid_ratio": 1.0,
  "direct_residual_mean": 0.002530772937461734,
  "direct_residual_median": 0.0018168166279792786,
  "direct_residual_p90": 0.005299878120422366,
  "plus_newton_mae": 2.3433618448093036e-08,
  "plus_newton_rmse": 2.9915730639237595e-08,
  "plus_newton_r2": 0.9999999999999991,
  "plus_newton_valid_ratio": 1.0,
  "plus_newton_residual_mean": 2.2044824366519553e-14,
  "plus_newton_residual_median": 1.1102230246251565e-16,
  "plus_newton_residual_p90": 1.2878587085651816e-14,
  "plus_newton_newton_iter_mean": 2.019,
  "plus_newton_newton_iter_median": 2.0,
  "plus_newton_newton_iter_p90": 2.0,
  "plus_newton_converged_ratio": 1.0,
  "hp_use_log_ab": false,
  "hp_optimizer": "adamw",
  "hp_criterion": "smoothl1",
  "hp_dropout": 0.0,
  "hp_lr": 0.0005,
  "hp_weight_decay": 0.0001,
  "hp_hidden_dims": "[256, 256, 128]",
  "hp_hidden_size": 64,
  "hp_num_layers": 2,
  "hp_head_hidden": 64,
  "hp_head_layers": 2,
  "hp_d_model": 64,
  "hp_nhead": 4,
  "hp_ff_dim": 128,
  "hp_use_cls_token": false
}{
  "trial_id": 182,
  "trial_name": "trial_182_lstm",
  "model": "lstm",
  "best_epoch": 46,
  "elapsed_sec": 182.0346233844757,
  "direct_mae": 0.002108753891661763,
  "direct_rmse": 0.003141474910080433,
  "direct_r2": 0.9999897269462963,
  "direct_valid_ratio": 1.0,
  "direct_residual_mean": 0.002530772937461734,
  "direct_residual_median": 0.0018168166279792786,
  "direct_residual_p90": 0.005299878120422366,
  "plus_newton_mae": 2.3433618448093036e-08,
  "plus_newton_rmse": 2.9915730639237595e-08,
  "plus_newton_r2": 0.9999999999999991,
  "plus_newton_valid_ratio": 1.0,
  "plus_newton_residual_mean": 2.2044824366519553e-14,
  "plus_newton_residual_median": 1.1102230246251565e-16,
  "plus_newton_residual_p90": 1.2878587085651816e-14,
  "plus_newton_newton_iter_mean": 2.019,
  "plus_newton_newton_iter_median": 2.0,
  "plus_newton_newton_iter_p90": 2.0,
  "plus_newton_converged_ratio": 1.0,
  "hp_use_log_ab": false,
  "hp_optimizer": "adamw",
  "hp_criterion": "smoothl1",
  "hp_dropout": 0.0,
  "hp_lr": 0.0005,
  "hp_weight_decay": 0.0001,
  "hp_hidden_dims": "[256, 256, 128]",
  "hp_hidden_size": 64,
  "hp_num_layers": 2,
  "hp_head_hidden": 64,
  "hp_head_layers": 2,
  "hp_d_model": 64,
  "hp_nhead": 4,
  "hp_ff_dim": 128,
  "hp_use_cls_token": false
}