{
  "trial_id": 2124,
  "trial_name": "trial_2124_transformer",
  "model": "transformer",
  "best_epoch": 34,
  "elapsed_sec": 92.5879738330841,
  "direct_mae": 0.10780622810125351,
  "direct_rmse": 0.13525962829589844,
  "direct_r2": 0.9809555374085903,
  "direct_valid_ratio": 1.0,
  "direct_residual_mean": 0.1360531747341156,
  "direct_residual_median": 0.11100849509239197,
  "direct_residual_p90": 0.2621222972869873,
  "plus_newton_mae": 2.3433619013292208e-08,
  "plus_newton_rmse": 2.9915729838804046e-08,
  "plus_newton_r2": 0.9999999999999991,
  "plus_newton_valid_ratio": 1.0,
  "plus_newton_residual_mean": 3.335712259491493e-14,
  "plus_newton_residual_median": 1.1102230246251565e-16,
  "plus_newton_residual_p90": 4.697076061432894e-14,
  "plus_newton_newton_iter_mean": 2.6158,
  "plus_newton_newton_iter_median": 3.0,
  "plus_newton_newton_iter_p90": 3.0,
  "plus_newton_converged_ratio": 1.0,
  "hp_use_log_ab": true,
  "hp_optimizer": "adamw",
  "hp_criterion": "mse",
  "hp_dropout": 0.0,
  "hp_lr": 0.001,
  "hp_weight_decay": 1e-05,
  "hp_hidden_dims": "[256, 256, 128]",
  "hp_hidden_size": 128,
  "hp_num_layers": 2,
  "hp_head_hidden": 64,
  "hp_head_layers": 1,
  "hp_d_model": 64,
  "hp_nhead": 2,
  "hp_ff_dim": 128,
  "hp_use_cls_token": true
}{
  "trial_id": 2124,
  "trial_name": "trial_2124_transformer",
  "model": "transformer",
  "best_epoch": 34,
  "elapsed_sec": 92.5879738330841,
  "direct_mae": 0.10780622810125351,
  "direct_rmse": 0.13525962829589844,
  "direct_r2": 0.9809555374085903,
  "direct_valid_ratio": 1.0,
  "direct_residual_mean": 0.1360531747341156,
  "direct_residual_median": 0.11100849509239197,
  "direct_residual_p90": 0.2621222972869873,
  "plus_newton_mae": 2.3433619013292208e-08,
  "plus_newton_rmse": 2.9915729838804046e-08,
  "plus_newton_r2": 0.9999999999999991,
  "plus_newton_valid_ratio": 1.0,
  "plus_newton_residual_mean": 3.335712259491493e-14,
  "plus_newton_residual_median": 1.1102230246251565e-16,
  "plus_newton_residual_p90": 4.697076061432894e-14,
  "plus_newton_newton_iter_mean": 2.6158,
  "plus_newton_newton_iter_median": 3.0,
  "plus_newton_newton_iter_p90": 3.0,
  "plus_newton_converged_ratio": 1.0,
  "hp_use_log_ab": true,
  "hp_optimizer": "adamw",
  "hp_criterion": "mse",
  "hp_dropout": 0.0,
  "hp_lr": 0.001,
  "hp_weight_decay": 1e-05,
  "hp_hidden_dims": "[256, 256, 128]",
  "hp_hidden_size": 128,
  "hp_num_layers": 2,
  "hp_head_hidden": 64,
  "hp_head_layers": 1,
  "hp_d_model": 64,
  "hp_nhead": 2,
  "hp_ff_dim": 128,
  "hp_use_cls_token": true
}