{
  "trial_id": 31,
  "trial_name": "trial_031_lstm",
  "model": "lstm",
  "best_epoch": 88,
  "elapsed_sec": 328.35934829711914,
  "direct_mae": 0.3389209508895874,
  "direct_rmse": 0.4163958430290222,
  "direct_r2": 0.8195133358240128,
  "direct_valid_ratio": 1.0,
  "direct_residual_mean": 0.3811049163341522,
  "direct_residual_median": 0.35583093762397766,
  "direct_residual_p90": 0.72366783618927,
  "plus_newton_mae": 2.3433619113614317e-08,
  "plus_newton_rmse": 2.9915730777814e-08,
  "plus_newton_r2": 0.9999999999999991,
  "plus_newton_valid_ratio": 1.0,
  "plus_newton_residual_mean": 4.3691450692624146e-14,
  "plus_newton_residual_median": 1.6653345369377348e-16,
  "plus_newton_residual_p90": 9.841849557545876e-14,
  "plus_newton_newton_iter_mean": 2.752,
  "plus_newton_newton_iter_median": 3.0,
  "plus_newton_newton_iter_p90": 3.0,
  "plus_newton_converged_ratio": 1.0,
  "hp_use_log_ab": false,
  "hp_optimizer": "adamw",
  "hp_criterion": "mse",
  "hp_dropout": 0.0,
  "hp_lr": 0.001,
  "hp_weight_decay": 0.0001,
  "hp_hidden_dims": "[256, 256, 128]",
  "hp_hidden_size": 128,
  "hp_num_layers": 2,
  "hp_head_hidden": 128,
  "hp_head_layers": 1,
  "hp_d_model": 64,
  "hp_nhead": 4,
  "hp_ff_dim": 128,
  "hp_use_cls_token": false
}{
  "trial_id": 31,
  "trial_name": "trial_031_lstm",
  "model": "lstm",
  "best_epoch": 88,
  "elapsed_sec": 328.35934829711914,
  "direct_mae": 0.3389209508895874,
  "direct_rmse": 0.4163958430290222,
  "direct_r2": 0.8195133358240128,
  "direct_valid_ratio": 1.0,
  "direct_residual_mean": 0.3811049163341522,
  "direct_residual_median": 0.35583093762397766,
  "direct_residual_p90": 0.72366783618927,
  "plus_newton_mae": 2.3433619113614317e-08,
  "plus_newton_rmse": 2.9915730777814e-08,
  "plus_newton_r2": 0.9999999999999991,
  "plus_newton_valid_ratio": 1.0,
  "plus_newton_residual_mean": 4.3691450692624146e-14,
  "plus_newton_residual_median": 1.6653345369377348e-16,
  "plus_newton_residual_p90": 9.841849557545876e-14,
  "plus_newton_newton_iter_mean": 2.752,
  "plus_newton_newton_iter_median": 3.0,
  "plus_newton_newton_iter_p90": 3.0,
  "plus_newton_converged_ratio": 1.0,
  "hp_use_log_ab": false,
  "hp_optimizer": "adamw",
  "hp_criterion": "mse",
  "hp_dropout": 0.0,
  "hp_lr": 0.001,
  "hp_weight_decay": 0.0001,
  "hp_hidden_dims": "[256, 256, 128]",
  "hp_hidden_size": 128,
  "hp_num_layers": 2,
  "hp_head_hidden": 128,
  "hp_head_layers": 1,
  "hp_d_model": 64,
  "hp_nhead": 4,
  "hp_ff_dim": 128,
  "hp_use_cls_token": false
}