{
  "trial_id": 994,
  "trial_name": "trial_994_transformer",
  "model": "transformer",
  "best_epoch": 42,
  "elapsed_sec": 110.03908658027649,
  "direct_mae": 0.3411039113998413,
  "direct_rmse": 0.4169824421405792,
  "direct_r2": 0.8190044313669205,
  "direct_valid_ratio": 1.0,
  "direct_residual_mean": 0.38419902324676514,
  "direct_residual_median": 0.3619815707206726,
  "direct_residual_p90": 0.7178970575332644,
  "plus_newton_mae": 2.3433619504086775e-08,
  "plus_newton_rmse": 2.9915731831488495e-08,
  "plus_newton_r2": 0.9999999999999991,
  "plus_newton_valid_ratio": 1.0,
  "plus_newton_residual_mean": 4.3827749884636214e-14,
  "plus_newton_residual_median": 2.220446049250313e-16,
  "plus_newton_residual_p90": 1.0437206654501101e-13,
  "plus_newton_newton_iter_mean": 2.7553,
  "plus_newton_newton_iter_median": 3.0,
  "plus_newton_newton_iter_p90": 3.0,
  "plus_newton_converged_ratio": 1.0,
  "hp_use_log_ab": false,
  "hp_optimizer": "adamw",
  "hp_criterion": "mse",
  "hp_dropout": 0.1,
  "hp_lr": 0.0005,
  "hp_weight_decay": 0.0001,
  "hp_hidden_dims": "[256, 256, 128]",
  "hp_hidden_size": 128,
  "hp_num_layers": 2,
  "hp_head_hidden": 128,
  "hp_head_layers": 1,
  "hp_d_model": 32,
  "hp_nhead": 2,
  "hp_ff_dim": 64,
  "hp_use_cls_token": true
}{
  "trial_id": 994,
  "trial_name": "trial_994_transformer",
  "model": "transformer",
  "best_epoch": 42,
  "elapsed_sec": 110.03908658027649,
  "direct_mae": 0.3411039113998413,
  "direct_rmse": 0.4169824421405792,
  "direct_r2": 0.8190044313669205,
  "direct_valid_ratio": 1.0,
  "direct_residual_mean": 0.38419902324676514,
  "direct_residual_median": 0.3619815707206726,
  "direct_residual_p90": 0.7178970575332644,
  "plus_newton_mae": 2.3433619504086775e-08,
  "plus_newton_rmse": 2.9915731831488495e-08,
  "plus_newton_r2": 0.9999999999999991,
  "plus_newton_valid_ratio": 1.0,
  "plus_newton_residual_mean": 4.3827749884636214e-14,
  "plus_newton_residual_median": 2.220446049250313e-16,
  "plus_newton_residual_p90": 1.0437206654501101e-13,
  "plus_newton_newton_iter_mean": 2.7553,
  "plus_newton_newton_iter_median": 3.0,
  "plus_newton_newton_iter_p90": 3.0,
  "plus_newton_converged_ratio": 1.0,
  "hp_use_log_ab": false,
  "hp_optimizer": "adamw",
  "hp_criterion": "mse",
  "hp_dropout": 0.1,
  "hp_lr": 0.0005,
  "hp_weight_decay": 0.0001,
  "hp_hidden_dims": "[256, 256, 128]",
  "hp_hidden_size": 128,
  "hp_num_layers": 2,
  "hp_head_hidden": 128,
  "hp_head_layers": 1,
  "hp_d_model": 32,
  "hp_nhead": 2,
  "hp_ff_dim": 64,
  "hp_use_cls_token": true
}