{
  "trial_id": 420,
  "trial_name": "trial_420_lstm",
  "model": "lstm",
  "best_epoch": 93,
  "elapsed_sec": 238.027272939682,
  "direct_mae": 0.0009700660593807697,
  "direct_rmse": 0.0012419844279065728,
  "direct_r2": 0.9999983942991548,
  "direct_valid_ratio": 1.0,
  "direct_residual_mean": 0.0011923689162358642,
  "direct_residual_median": 0.000941690057516098,
  "direct_residual_p90": 0.0024719536304473877,
  "plus_newton_mae": 2.3433616858928867e-08,
  "plus_newton_rmse": 2.991572964477507e-08,
  "plus_newton_r2": 0.9999999999999991,
  "plus_newton_valid_ratio": 1.0,
  "plus_newton_residual_mean": 2.348868992281086e-14,
  "plus_newton_residual_median": 5.551115123125783e-17,
  "plus_newton_residual_p90": 1.0719203302755907e-14,
  "plus_newton_newton_iter_mean": 1.9686,
  "plus_newton_newton_iter_median": 2.0,
  "plus_newton_newton_iter_p90": 2.0,
  "plus_newton_converged_ratio": 1.0,
  "hp_use_log_ab": true,
  "hp_optimizer": "adamw",
  "hp_criterion": "smoothl1",
  "hp_dropout": 0.0,
  "hp_lr": 0.0005,
  "hp_weight_decay": 1e-05,
  "hp_hidden_dims": "[256, 256, 128]",
  "hp_hidden_size": 64,
  "hp_num_layers": 1,
  "hp_head_hidden": 128,
  "hp_head_layers": 2,
  "hp_d_model": 64,
  "hp_nhead": 4,
  "hp_ff_dim": 128,
  "hp_use_cls_token": false
}{
  "trial_id": 420,
  "trial_name": "trial_420_lstm",
  "model": "lstm",
  "best_epoch": 93,
  "elapsed_sec": 238.027272939682,
  "direct_mae": 0.0009700660593807697,
  "direct_rmse": 0.0012419844279065728,
  "direct_r2": 0.9999983942991548,
  "direct_valid_ratio": 1.0,
  "direct_residual_mean": 0.0011923689162358642,
  "direct_residual_median": 0.000941690057516098,
  "direct_residual_p90": 0.0024719536304473877,
  "plus_newton_mae": 2.3433616858928867e-08,
  "plus_newton_rmse": 2.991572964477507e-08,
  "plus_newton_r2": 0.9999999999999991,
  "plus_newton_valid_ratio": 1.0,
  "plus_newton_residual_mean": 2.348868992281086e-14,
  "plus_newton_residual_median": 5.551115123125783e-17,
  "plus_newton_residual_p90": 1.0719203302755907e-14,
  "plus_newton_newton_iter_mean": 1.9686,
  "plus_newton_newton_iter_median": 2.0,
  "plus_newton_newton_iter_p90": 2.0,
  "plus_newton_converged_ratio": 1.0,
  "hp_use_log_ab": true,
  "hp_optimizer": "adamw",
  "hp_criterion": "smoothl1",
  "hp_dropout": 0.0,
  "hp_lr": 0.0005,
  "hp_weight_decay": 1e-05,
  "hp_hidden_dims": "[256, 256, 128]",
  "hp_hidden_size": 64,
  "hp_num_layers": 1,
  "hp_head_hidden": 128,
  "hp_head_layers": 2,
  "hp_d_model": 64,
  "hp_nhead": 4,
  "hp_ff_dim": 128,
  "hp_use_cls_token": false
}