{
  "trial_id": 916,
  "trial_name": "trial_916_transformer",
  "model": "transformer",
  "best_epoch": 83,
  "elapsed_sec": 161.78454852104187,
  "direct_mae": 0.010386834852397442,
  "direct_rmse": 0.014148158021271229,
  "direct_r2": 0.9997916314459872,
  "direct_valid_ratio": 1.0,
  "direct_residual_mean": 0.011821644380688667,
  "direct_residual_median": 0.009519468992948532,
  "direct_residual_p90": 0.02437582015991211,
  "plus_newton_mae": 2.3433617678979453e-08,
  "plus_newton_rmse": 2.99157292769162e-08,
  "plus_newton_r2": 0.9999999999999991,
  "plus_newton_valid_ratio": 1.0,
  "plus_newton_residual_mean": 4.116177746930821e-14,
  "plus_newton_residual_median": 1.1102230246251565e-16,
  "plus_newton_residual_p90": 7.894795928109492e-14,
  "plus_newton_newton_iter_mean": 2.1279,
  "plus_newton_newton_iter_median": 2.0,
  "plus_newton_newton_iter_p90": 3.0,
  "plus_newton_converged_ratio": 1.0,
  "hp_use_log_ab": false,
  "hp_optimizer": "adamw",
  "hp_criterion": "mse",
  "hp_dropout": 0.1,
  "hp_lr": 0.0005,
  "hp_weight_decay": 0.0001,
  "hp_hidden_dims": "[256, 256, 128]",
  "hp_hidden_size": 128,
  "hp_num_layers": 1,
  "hp_head_hidden": 64,
  "hp_head_layers": 2,
  "hp_d_model": 32,
  "hp_nhead": 2,
  "hp_ff_dim": 128,
  "hp_use_cls_token": true
}{
  "trial_id": 916,
  "trial_name": "trial_916_transformer",
  "model": "transformer",
  "best_epoch": 83,
  "elapsed_sec": 161.78454852104187,
  "direct_mae": 0.010386834852397442,
  "direct_rmse": 0.014148158021271229,
  "direct_r2": 0.9997916314459872,
  "direct_valid_ratio": 1.0,
  "direct_residual_mean": 0.011821644380688667,
  "direct_residual_median": 0.009519468992948532,
  "direct_residual_p90": 0.02437582015991211,
  "plus_newton_mae": 2.3433617678979453e-08,
  "plus_newton_rmse": 2.99157292769162e-08,
  "plus_newton_r2": 0.9999999999999991,
  "plus_newton_valid_ratio": 1.0,
  "plus_newton_residual_mean": 4.116177746930821e-14,
  "plus_newton_residual_median": 1.1102230246251565e-16,
  "plus_newton_residual_p90": 7.894795928109492e-14,
  "plus_newton_newton_iter_mean": 2.1279,
  "plus_newton_newton_iter_median": 2.0,
  "plus_newton_newton_iter_p90": 3.0,
  "plus_newton_converged_ratio": 1.0,
  "hp_use_log_ab": false,
  "hp_optimizer": "adamw",
  "hp_criterion": "mse",
  "hp_dropout": 0.1,
  "hp_lr": 0.0005,
  "hp_weight_decay": 0.0001,
  "hp_hidden_dims": "[256, 256, 128]",
  "hp_hidden_size": 128,
  "hp_num_layers": 1,
  "hp_head_hidden": 64,
  "hp_head_layers": 2,
  "hp_d_model": 32,
  "hp_nhead": 2,
  "hp_ff_dim": 128,
  "hp_use_cls_token": true
}