{
  "trial_id": 1669,
  "trial_name": "trial_1669_transformer",
  "model": "transformer",
  "best_epoch": 14,
  "elapsed_sec": 47.26126670837402,
  "direct_mae": 0.3379351496696472,
  "direct_rmse": 0.4192870259284973,
  "direct_r2": 0.8169982582330704,
  "direct_valid_ratio": 1.0,
  "direct_residual_mean": 0.38216328620910645,
  "direct_residual_median": 0.34815549850463867,
  "direct_residual_p90": 0.7737243533134461,
  "plus_newton_mae": 2.3433618292046403e-08,
  "plus_newton_rmse": 2.99157305562716e-08,
  "plus_newton_r2": 0.9999999999999991,
  "plus_newton_valid_ratio": 1.0,
  "plus_newton_residual_mean": 4.377907561066069e-14,
  "plus_newton_residual_median": 1.1102230246251565e-16,
  "plus_newton_residual_p90": 1.0192957589083566e-13,
  "plus_newton_newton_iter_mean": 2.7626,
  "plus_newton_newton_iter_median": 3.0,
  "plus_newton_newton_iter_p90": 3.0,
  "plus_newton_converged_ratio": 1.0,
  "hp_use_log_ab": false,
  "hp_optimizer": "adamw",
  "hp_criterion": "smoothl1",
  "hp_dropout": 0.1,
  "hp_lr": 0.001,
  "hp_weight_decay": 0.0001,
  "hp_hidden_dims": "[256, 256, 128]",
  "hp_hidden_size": 128,
  "hp_num_layers": 1,
  "hp_head_hidden": 64,
  "hp_head_layers": 1,
  "hp_d_model": 32,
  "hp_nhead": 4,
  "hp_ff_dim": 64,
  "hp_use_cls_token": false
}{
  "trial_id": 1669,
  "trial_name": "trial_1669_transformer",
  "model": "transformer",
  "best_epoch": 14,
  "elapsed_sec": 47.26126670837402,
  "direct_mae": 0.3379351496696472,
  "direct_rmse": 0.4192870259284973,
  "direct_r2": 0.8169982582330704,
  "direct_valid_ratio": 1.0,
  "direct_residual_mean": 0.38216328620910645,
  "direct_residual_median": 0.34815549850463867,
  "direct_residual_p90": 0.7737243533134461,
  "plus_newton_mae": 2.3433618292046403e-08,
  "plus_newton_rmse": 2.99157305562716e-08,
  "plus_newton_r2": 0.9999999999999991,
  "plus_newton_valid_ratio": 1.0,
  "plus_newton_residual_mean": 4.377907561066069e-14,
  "plus_newton_residual_median": 1.1102230246251565e-16,
  "plus_newton_residual_p90": 1.0192957589083566e-13,
  "plus_newton_newton_iter_mean": 2.7626,
  "plus_newton_newton_iter_median": 3.0,
  "plus_newton_newton_iter_p90": 3.0,
  "plus_newton_converged_ratio": 1.0,
  "hp_use_log_ab": false,
  "hp_optimizer": "adamw",
  "hp_criterion": "smoothl1",
  "hp_dropout": 0.1,
  "hp_lr": 0.001,
  "hp_weight_decay": 0.0001,
  "hp_hidden_dims": "[256, 256, 128]",
  "hp_hidden_size": 128,
  "hp_num_layers": 1,
  "hp_head_hidden": 64,
  "hp_head_layers": 1,
  "hp_d_model": 32,
  "hp_nhead": 4,
  "hp_ff_dim": 64,
  "hp_use_cls_token": false
}