{
  "trial_id": 3151,
  "trial_name": "trial_3151_transformer",
  "model": "transformer",
  "best_epoch": 14,
  "elapsed_sec": 57.88332223892212,
  "direct_mae": 0.0967601016163826,
  "direct_rmse": 0.14007745683193207,
  "direct_r2": 0.979574678465724,
  "direct_valid_ratio": 1.0,
  "direct_residual_mean": 0.12711451947689056,
  "direct_residual_median": 0.08148092776536942,
  "direct_residual_p90": 0.29040559828281415,
  "plus_newton_mae": 2.3433618483469387e-08,
  "plus_newton_rmse": 2.9915728796670705e-08,
  "plus_newton_r2": 0.9999999999999991,
  "plus_newton_valid_ratio": 1.0,
  "plus_newton_residual_mean": 4.5457370817428275e-14,
  "plus_newton_residual_median": 1.1102230246251565e-16,
  "plus_newton_residual_p90": 9.744288709256928e-14,
  "plus_newton_newton_iter_mean": 2.588,
  "plus_newton_newton_iter_median": 2.0,
  "plus_newton_newton_iter_p90": 3.0,
  "plus_newton_converged_ratio": 1.0,
  "hp_use_log_ab": true,
  "hp_optimizer": "adamw",
  "hp_criterion": "smoothl1",
  "hp_dropout": 0.0,
  "hp_lr": 0.001,
  "hp_weight_decay": 1e-05,
  "hp_hidden_dims": "[256, 256, 128]",
  "hp_hidden_size": 128,
  "hp_num_layers": 2,
  "hp_head_hidden": 64,
  "hp_head_layers": 1,
  "hp_d_model": 64,
  "hp_nhead": 4,
  "hp_ff_dim": 128,
  "hp_use_cls_token": false
}{
  "trial_id": 3151,
  "trial_name": "trial_3151_transformer",
  "model": "transformer",
  "best_epoch": 14,
  "elapsed_sec": 57.88332223892212,
  "direct_mae": 0.0967601016163826,
  "direct_rmse": 0.14007745683193207,
  "direct_r2": 0.979574678465724,
  "direct_valid_ratio": 1.0,
  "direct_residual_mean": 0.12711451947689056,
  "direct_residual_median": 0.08148092776536942,
  "direct_residual_p90": 0.29040559828281415,
  "plus_newton_mae": 2.3433618483469387e-08,
  "plus_newton_rmse": 2.9915728796670705e-08,
  "plus_newton_r2": 0.9999999999999991,
  "plus_newton_valid_ratio": 1.0,
  "plus_newton_residual_mean": 4.5457370817428275e-14,
  "plus_newton_residual_median": 1.1102230246251565e-16,
  "plus_newton_residual_p90": 9.744288709256928e-14,
  "plus_newton_newton_iter_mean": 2.588,
  "plus_newton_newton_iter_median": 2.0,
  "plus_newton_newton_iter_p90": 3.0,
  "plus_newton_converged_ratio": 1.0,
  "hp_use_log_ab": true,
  "hp_optimizer": "adamw",
  "hp_criterion": "smoothl1",
  "hp_dropout": 0.0,
  "hp_lr": 0.001,
  "hp_weight_decay": 1e-05,
  "hp_hidden_dims": "[256, 256, 128]",
  "hp_hidden_size": 128,
  "hp_num_layers": 2,
  "hp_head_hidden": 64,
  "hp_head_layers": 1,
  "hp_d_model": 64,
  "hp_nhead": 4,
  "hp_ff_dim": 128,
  "hp_use_cls_token": false
}