{
  "trial_id": 2246,
  "trial_name": "trial_2246_transformer",
  "model": "transformer",
  "best_epoch": 45,
  "elapsed_sec": 111.51325345039368,
  "direct_mae": 0.10667455941438675,
  "direct_rmse": 0.13242892920970917,
  "direct_r2": 0.9817443154752254,
  "direct_valid_ratio": 1.0,
  "direct_residual_mean": 0.13380494713783264,
  "direct_residual_median": 0.11343427002429962,
  "direct_residual_p90": 0.2558584123849869,
  "plus_newton_mae": 2.343361897711721e-08,
  "plus_newton_rmse": 2.991573046855038e-08,
  "plus_newton_r2": 0.9999999999999991,
  "plus_newton_valid_ratio": 1.0,
  "plus_newton_residual_mean": 3.4502404729458935e-14,
  "plus_newton_residual_median": 1.1102230246251565e-16,
  "plus_newton_residual_p90": 4.6851411639181606e-14,
  "plus_newton_newton_iter_mean": 2.6225,
  "plus_newton_newton_iter_median": 3.0,
  "plus_newton_newton_iter_p90": 3.0,
  "plus_newton_converged_ratio": 1.0,
  "hp_use_log_ab": true,
  "hp_optimizer": "adamw",
  "hp_criterion": "mse",
  "hp_dropout": 0.0,
  "hp_lr": 0.001,
  "hp_weight_decay": 0.0001,
  "hp_hidden_dims": "[256, 256, 128]",
  "hp_hidden_size": 128,
  "hp_num_layers": 2,
  "hp_head_hidden": 64,
  "hp_head_layers": 1,
  "hp_d_model": 32,
  "hp_nhead": 4,
  "hp_ff_dim": 64,
  "hp_use_cls_token": true
}{
  "trial_id": 2246,
  "trial_name": "trial_2246_transformer",
  "model": "transformer",
  "best_epoch": 45,
  "elapsed_sec": 111.51325345039368,
  "direct_mae": 0.10667455941438675,
  "direct_rmse": 0.13242892920970917,
  "direct_r2": 0.9817443154752254,
  "direct_valid_ratio": 1.0,
  "direct_residual_mean": 0.13380494713783264,
  "direct_residual_median": 0.11343427002429962,
  "direct_residual_p90": 0.2558584123849869,
  "plus_newton_mae": 2.343361897711721e-08,
  "plus_newton_rmse": 2.991573046855038e-08,
  "plus_newton_r2": 0.9999999999999991,
  "plus_newton_valid_ratio": 1.0,
  "plus_newton_residual_mean": 3.4502404729458935e-14,
  "plus_newton_residual_median": 1.1102230246251565e-16,
  "plus_newton_residual_p90": 4.6851411639181606e-14,
  "plus_newton_newton_iter_mean": 2.6225,
  "plus_newton_newton_iter_median": 3.0,
  "plus_newton_newton_iter_p90": 3.0,
  "plus_newton_converged_ratio": 1.0,
  "hp_use_log_ab": true,
  "hp_optimizer": "adamw",
  "hp_criterion": "mse",
  "hp_dropout": 0.0,
  "hp_lr": 0.001,
  "hp_weight_decay": 0.0001,
  "hp_hidden_dims": "[256, 256, 128]",
  "hp_hidden_size": 128,
  "hp_num_layers": 2,
  "hp_head_hidden": 64,
  "hp_head_layers": 1,
  "hp_d_model": 32,
  "hp_nhead": 4,
  "hp_ff_dim": 64,
  "hp_use_cls_token": true
}