{
  "trial_id": 291,
  "trial_name": "trial_291_lstm",
  "model": "lstm",
  "best_epoch": 99,
  "elapsed_sec": 251.57813620567322,
  "direct_mae": 0.10006262362003326,
  "direct_rmse": 0.1260092705488205,
  "direct_r2": 0.9834713507443666,
  "direct_valid_ratio": 1.0,
  "direct_residual_mean": 0.12537778913974762,
  "direct_residual_median": 0.10250112414360046,
  "direct_residual_p90": 0.24630822539329533,
  "plus_newton_mae": 2.343361819479394e-08,
  "plus_newton_rmse": 2.991572901129645e-08,
  "plus_newton_r2": 0.9999999999999991,
  "plus_newton_valid_ratio": 1.0,
  "plus_newton_residual_mean": 3.446941974395113e-14,
  "plus_newton_residual_median": 1.1102230246251565e-16,
  "plus_newton_residual_p90": 5.09939312998143e-14,
  "plus_newton_newton_iter_mean": 2.6061,
  "plus_newton_newton_iter_median": 3.0,
  "plus_newton_newton_iter_p90": 3.0,
  "plus_newton_converged_ratio": 1.0,
  "hp_use_log_ab": true,
  "hp_optimizer": "adamw",
  "hp_criterion": "mse",
  "hp_dropout": 0.0,
  "hp_lr": 0.0005,
  "hp_weight_decay": 1e-05,
  "hp_hidden_dims": "[256, 256, 128]",
  "hp_hidden_size": 64,
  "hp_num_layers": 1,
  "hp_head_hidden": 128,
  "hp_head_layers": 1,
  "hp_d_model": 64,
  "hp_nhead": 4,
  "hp_ff_dim": 128,
  "hp_use_cls_token": false
}{
  "trial_id": 291,
  "trial_name": "trial_291_lstm",
  "model": "lstm",
  "best_epoch": 99,
  "elapsed_sec": 251.57813620567322,
  "direct_mae": 0.10006262362003326,
  "direct_rmse": 0.1260092705488205,
  "direct_r2": 0.9834713507443666,
  "direct_valid_ratio": 1.0,
  "direct_residual_mean": 0.12537778913974762,
  "direct_residual_median": 0.10250112414360046,
  "direct_residual_p90": 0.24630822539329533,
  "plus_newton_mae": 2.343361819479394e-08,
  "plus_newton_rmse": 2.991572901129645e-08,
  "plus_newton_r2": 0.9999999999999991,
  "plus_newton_valid_ratio": 1.0,
  "plus_newton_residual_mean": 3.446941974395113e-14,
  "plus_newton_residual_median": 1.1102230246251565e-16,
  "plus_newton_residual_p90": 5.09939312998143e-14,
  "plus_newton_newton_iter_mean": 2.6061,
  "plus_newton_newton_iter_median": 3.0,
  "plus_newton_newton_iter_p90": 3.0,
  "plus_newton_converged_ratio": 1.0,
  "hp_use_log_ab": true,
  "hp_optimizer": "adamw",
  "hp_criterion": "mse",
  "hp_dropout": 0.0,
  "hp_lr": 0.0005,
  "hp_weight_decay": 1e-05,
  "hp_hidden_dims": "[256, 256, 128]",
  "hp_hidden_size": 64,
  "hp_num_layers": 1,
  "hp_head_hidden": 128,
  "hp_head_layers": 1,
  "hp_d_model": 64,
  "hp_nhead": 4,
  "hp_ff_dim": 128,
  "hp_use_cls_token": false
}