{
  "trial_id": 21,
  "trial_name": "trial_021_lstm",
  "model": "lstm",
  "best_epoch": 65,
  "elapsed_sec": 634.7560205459595,
  "direct_mae": 0.001658175839111209,
  "direct_rmse": 0.0032090244349092245,
  "direct_r2": 0.9999728565851198,
  "direct_valid_ratio": 1.0,
  "direct_residual_mean": 0.03298028332085573,
  "direct_residual_median": 0.004887184231681996,
  "direct_residual_p90": 0.03868046266818758,
  "plus_newton_mae": 7.86844813551906e-08,
  "plus_newton_rmse": 1.1146555889900724e-07,
  "plus_newton_r2": 0.9999999999999672,
  "plus_newton_valid_ratio": 1.0,
  "plus_newton_residual_mean": 5.1090927035842246e-14,
  "plus_newton_residual_median": 8.881784197001252e-16,
  "plus_newton_residual_p90": 1.3593570713510352e-13,
  "plus_newton_newton_iter_mean": 2.825225,
  "plus_newton_newton_iter_median": 3.0,
  "plus_newton_newton_iter_p90": 3.0,
  "plus_newton_converged_ratio": 1.0,
  "hp_use_log_features": true,
  "hp_optimizer": "adamw",
  "hp_loss_name": "smoothl1",
  "hp_dropout": 0.0,
  "hp_lr": 0.001,
  "hp_weight_decay": 0.0001,
  "hp_hidden_dims": "[256, 256, 128]",
  "hp_hidden_size": 128,
  "hp_num_layers": 1,
  "hp_head_hidden": 64,
  "hp_head_layers": 2,
  "hp_d_model": 96,
  "hp_nhead": 4,
  "hp_ff_dim": 128,
  "hp_use_cls_token": true
}{
  "trial_id": 21,
  "trial_name": "trial_021_lstm",
  "model": "lstm",
  "best_epoch": 65,
  "elapsed_sec": 634.7560205459595,
  "direct_mae": 0.001658175839111209,
  "direct_rmse": 0.0032090244349092245,
  "direct_r2": 0.9999728565851198,
  "direct_valid_ratio": 1.0,
  "direct_residual_mean": 0.03298028332085573,
  "direct_residual_median": 0.004887184231681996,
  "direct_residual_p90": 0.03868046266818758,
  "plus_newton_mae": 7.86844813551906e-08,
  "plus_newton_rmse": 1.1146555889900724e-07,
  "plus_newton_r2": 0.9999999999999672,
  "plus_newton_valid_ratio": 1.0,
  "plus_newton_residual_mean": 5.1090927035842246e-14,
  "plus_newton_residual_median": 8.881784197001252e-16,
  "plus_newton_residual_p90": 1.3593570713510352e-13,
  "plus_newton_newton_iter_mean": 2.825225,
  "plus_newton_newton_iter_median": 3.0,
  "plus_newton_newton_iter_p90": 3.0,
  "plus_newton_converged_ratio": 1.0,
  "hp_use_log_features": true,
  "hp_optimizer": "adamw",
  "hp_loss_name": "smoothl1",
  "hp_dropout": 0.0,
  "hp_lr": 0.001,
  "hp_weight_decay": 0.0001,
  "hp_hidden_dims": "[256, 256, 128]",
  "hp_hidden_size": 128,
  "hp_num_layers": 1,
  "hp_head_hidden": 64,
  "hp_head_layers": 2,
  "hp_d_model": 96,
  "hp_nhead": 4,
  "hp_ff_dim": 128,
  "hp_use_cls_token": true
}