{
  "trial_id": 27,
  "trial_name": "trial_027_lstm",
  "model": "lstm",
  "best_epoch": 118,
  "elapsed_sec": 854.2035248279572,
  "direct_mae": 0.0014339567860588431,
  "direct_rmse": 0.0026427763514220715,
  "direct_r2": 0.9999815906164277,
  "direct_valid_ratio": 1.0,
  "direct_residual_mean": 0.016954407365509995,
  "direct_residual_median": 0.00385979996946606,
  "direct_residual_p90": 0.019907060048670426,
  "plus_newton_mae": 7.868448156435655e-08,
  "plus_newton_rmse": 1.1146555893487725e-07,
  "plus_newton_r2": 0.9999999999999672,
  "plus_newton_valid_ratio": 1.0,
  "plus_newton_residual_mean": 7.264321950505199e-14,
  "plus_newton_residual_median": 8.881784197001252e-16,
  "plus_newton_residual_p90": 2.646771690706373e-13,
  "plus_newton_newton_iter_mean": 2.654725,
  "plus_newton_newton_iter_median": 3.0,
  "plus_newton_newton_iter_p90": 3.0,
  "plus_newton_converged_ratio": 1.0,
  "hp_use_log_features": true,
  "hp_optimizer": "adamw",
  "hp_loss_name": "mse",
  "hp_dropout": 0.0,
  "hp_lr": 0.001,
  "hp_weight_decay": 0.0001,
  "hp_hidden_dims": "[256, 256, 128]",
  "hp_hidden_size": 96,
  "hp_num_layers": 2,
  "hp_head_hidden": 64,
  "hp_head_layers": 2,
  "hp_d_model": 96,
  "hp_nhead": 4,
  "hp_ff_dim": 128,
  "hp_use_cls_token": true
}{
  "trial_id": 27,
  "trial_name": "trial_027_lstm",
  "model": "lstm",
  "best_epoch": 118,
  "elapsed_sec": 854.2035248279572,
  "direct_mae": 0.0014339567860588431,
  "direct_rmse": 0.0026427763514220715,
  "direct_r2": 0.9999815906164277,
  "direct_valid_ratio": 1.0,
  "direct_residual_mean": 0.016954407365509995,
  "direct_residual_median": 0.00385979996946606,
  "direct_residual_p90": 0.019907060048670426,
  "plus_newton_mae": 7.868448156435655e-08,
  "plus_newton_rmse": 1.1146555893487725e-07,
  "plus_newton_r2": 0.9999999999999672,
  "plus_newton_valid_ratio": 1.0,
  "plus_newton_residual_mean": 7.264321950505199e-14,
  "plus_newton_residual_median": 8.881784197001252e-16,
  "plus_newton_residual_p90": 2.646771690706373e-13,
  "plus_newton_newton_iter_mean": 2.654725,
  "plus_newton_newton_iter_median": 3.0,
  "plus_newton_newton_iter_p90": 3.0,
  "plus_newton_converged_ratio": 1.0,
  "hp_use_log_features": true,
  "hp_optimizer": "adamw",
  "hp_loss_name": "mse",
  "hp_dropout": 0.0,
  "hp_lr": 0.001,
  "hp_weight_decay": 0.0001,
  "hp_hidden_dims": "[256, 256, 128]",
  "hp_hidden_size": 96,
  "hp_num_layers": 2,
  "hp_head_hidden": 64,
  "hp_head_layers": 2,
  "hp_d_model": 96,
  "hp_nhead": 4,
  "hp_ff_dim": 128,
  "hp_use_cls_token": true
}