{
  "trial_id": 79,
  "trial_name": "trial_079_lstm",
  "model": "lstm",
  "best_epoch": 99,
  "elapsed_sec": 851.6910412311554,
  "direct_mae": 0.004008147865533829,
  "direct_rmse": 0.008542725816369057,
  "direct_r2": 0.9998076415090886,
  "direct_valid_ratio": 1.0,
  "direct_residual_mean": 0.1015899396900548,
  "direct_residual_median": 0.013612262212979898,
  "direct_residual_p90": 0.11184994498745816,
  "plus_newton_mae": 7.868448155872836e-08,
  "plus_newton_rmse": 1.1146555894359277e-07,
  "plus_newton_r2": 0.9999999999999672,
  "plus_newton_valid_ratio": 1.0,
  "plus_newton_residual_mean": 5.111080548135055e-14,
  "plus_newton_residual_median": 8.881784197001252e-16,
  "plus_newton_residual_p90": 1.3855583347321954e-13,
  "plus_newton_newton_iter_mean": 3.015,
  "plus_newton_newton_iter_median": 3.0,
  "plus_newton_newton_iter_p90": 3.0,
  "plus_newton_converged_ratio": 1.0,
  "hp_use_log_features": true,
  "hp_optimizer": "adamw",
  "hp_loss_name": "mse",
  "hp_dropout": 0.1,
  "hp_lr": 0.001,
  "hp_weight_decay": 1e-05,
  "hp_hidden_dims": "[256, 256, 128]",
  "hp_hidden_size": 128,
  "hp_num_layers": 2,
  "hp_head_hidden": 64,
  "hp_head_layers": 2,
  "hp_d_model": 96,
  "hp_nhead": 4,
  "hp_ff_dim": 128,
  "hp_use_cls_token": true
}{
  "trial_id": 79,
  "trial_name": "trial_079_lstm",
  "model": "lstm",
  "best_epoch": 99,
  "elapsed_sec": 851.6910412311554,
  "direct_mae": 0.004008147865533829,
  "direct_rmse": 0.008542725816369057,
  "direct_r2": 0.9998076415090886,
  "direct_valid_ratio": 1.0,
  "direct_residual_mean": 0.1015899396900548,
  "direct_residual_median": 0.013612262212979898,
  "direct_residual_p90": 0.11184994498745816,
  "plus_newton_mae": 7.868448155872836e-08,
  "plus_newton_rmse": 1.1146555894359277e-07,
  "plus_newton_r2": 0.9999999999999672,
  "plus_newton_valid_ratio": 1.0,
  "plus_newton_residual_mean": 5.111080548135055e-14,
  "plus_newton_residual_median": 8.881784197001252e-16,
  "plus_newton_residual_p90": 1.3855583347321954e-13,
  "plus_newton_newton_iter_mean": 3.015,
  "plus_newton_newton_iter_median": 3.0,
  "plus_newton_newton_iter_p90": 3.0,
  "plus_newton_converged_ratio": 1.0,
  "hp_use_log_features": true,
  "hp_optimizer": "adamw",
  "hp_loss_name": "mse",
  "hp_dropout": 0.1,
  "hp_lr": 0.001,
  "hp_weight_decay": 1e-05,
  "hp_hidden_dims": "[256, 256, 128]",
  "hp_hidden_size": 128,
  "hp_num_layers": 2,
  "hp_head_hidden": 64,
  "hp_head_layers": 2,
  "hp_d_model": 96,
  "hp_nhead": 4,
  "hp_ff_dim": 128,
  "hp_use_cls_token": true
}