{
  "trial_id": 47,
  "trial_name": "trial_047_lstm",
  "model": "lstm",
  "best_epoch": 118,
  "elapsed_sec": 851.6190047264099,
  "direct_mae": 0.0014029887970536947,
  "direct_rmse": 0.0025846888311207294,
  "direct_r2": 0.9999823909878643,
  "direct_valid_ratio": 1.0,
  "direct_residual_mean": 0.014715020154190617,
  "direct_residual_median": 0.0038162715510554612,
  "direct_residual_p90": 0.017780018340208762,
  "plus_newton_mae": 7.868448160465299e-08,
  "plus_newton_rmse": 1.1146555846950556e-07,
  "plus_newton_r2": 0.9999999999999672,
  "plus_newton_valid_ratio": 1.0,
  "plus_newton_residual_mean": 7.201839450946907e-14,
  "plus_newton_residual_median": 8.881784197001252e-16,
  "plus_newton_residual_p90": 2.513766972356276e-13,
  "plus_newton_newton_iter_mean": 2.6032,
  "plus_newton_newton_iter_median": 3.0,
  "plus_newton_newton_iter_p90": 3.0,
  "plus_newton_converged_ratio": 1.0,
  "hp_use_log_features": true,
  "hp_optimizer": "adamw",
  "hp_loss_name": "mse",
  "hp_dropout": 0.0,
  "hp_lr": 0.0005,
  "hp_weight_decay": 1e-05,
  "hp_hidden_dims": "[256, 256, 128]",
  "hp_hidden_size": 128,
  "hp_num_layers": 2,
  "hp_head_hidden": 64,
  "hp_head_layers": 2,
  "hp_d_model": 96,
  "hp_nhead": 4,
  "hp_ff_dim": 128,
  "hp_use_cls_token": true
}{
  "trial_id": 47,
  "trial_name": "trial_047_lstm",
  "model": "lstm",
  "best_epoch": 118,
  "elapsed_sec": 851.6190047264099,
  "direct_mae": 0.0014029887970536947,
  "direct_rmse": 0.0025846888311207294,
  "direct_r2": 0.9999823909878643,
  "direct_valid_ratio": 1.0,
  "direct_residual_mean": 0.014715020154190617,
  "direct_residual_median": 0.0038162715510554612,
  "direct_residual_p90": 0.017780018340208762,
  "plus_newton_mae": 7.868448160465299e-08,
  "plus_newton_rmse": 1.1146555846950556e-07,
  "plus_newton_r2": 0.9999999999999672,
  "plus_newton_valid_ratio": 1.0,
  "plus_newton_residual_mean": 7.201839450946907e-14,
  "plus_newton_residual_median": 8.881784197001252e-16,
  "plus_newton_residual_p90": 2.513766972356276e-13,
  "plus_newton_newton_iter_mean": 2.6032,
  "plus_newton_newton_iter_median": 3.0,
  "plus_newton_newton_iter_p90": 3.0,
  "plus_newton_converged_ratio": 1.0,
  "hp_use_log_features": true,
  "hp_optimizer": "adamw",
  "hp_loss_name": "mse",
  "hp_dropout": 0.0,
  "hp_lr": 0.0005,
  "hp_weight_decay": 1e-05,
  "hp_hidden_dims": "[256, 256, 128]",
  "hp_hidden_size": 128,
  "hp_num_layers": 2,
  "hp_head_hidden": 64,
  "hp_head_layers": 2,
  "hp_d_model": 96,
  "hp_nhead": 4,
  "hp_ff_dim": 128,
  "hp_use_cls_token": true
}