{
  "trial_id": 58,
  "trial_name": "trial_058_lstm",
  "model": "lstm",
  "best_epoch": 113,
  "elapsed_sec": 841.8686099052429,
  "direct_mae": 0.0009939681040123105,
  "direct_rmse": 0.001843782956711948,
  "direct_r2": 0.9999910393808634,
  "direct_valid_ratio": 1.0,
  "direct_residual_mean": 0.020143624069691838,
  "direct_residual_median": 0.00302784215497498,
  "direct_residual_p90": 0.02307359235977083,
  "plus_newton_mae": 7.868448156533997e-08,
  "plus_newton_rmse": 1.1146555896590523e-07,
  "plus_newton_r2": 0.9999999999999672,
  "plus_newton_valid_ratio": 1.0,
  "plus_newton_residual_mean": 6.957636001116553e-14,
  "plus_newton_residual_median": 8.881784197001252e-16,
  "plus_newton_residual_p90": 2.4026336475912997e-13,
  "plus_newton_newton_iter_mean": 2.63575,
  "plus_newton_newton_iter_median": 3.0,
  "plus_newton_newton_iter_p90": 3.0,
  "plus_newton_converged_ratio": 1.0,
  "hp_use_log_features": true,
  "hp_optimizer": "adamw",
  "hp_loss_name": "mse",
  "hp_dropout": 0.0,
  "hp_lr": 0.0005,
  "hp_weight_decay": 0.0001,
  "hp_hidden_dims": "[256, 256, 128]",
  "hp_hidden_size": 96,
  "hp_num_layers": 1,
  "hp_head_hidden": 128,
  "hp_head_layers": 2,
  "hp_d_model": 96,
  "hp_nhead": 4,
  "hp_ff_dim": 128,
  "hp_use_cls_token": true
}{
  "trial_id": 58,
  "trial_name": "trial_058_lstm",
  "model": "lstm",
  "best_epoch": 113,
  "elapsed_sec": 841.8686099052429,
  "direct_mae": 0.0009939681040123105,
  "direct_rmse": 0.001843782956711948,
  "direct_r2": 0.9999910393808634,
  "direct_valid_ratio": 1.0,
  "direct_residual_mean": 0.020143624069691838,
  "direct_residual_median": 0.00302784215497498,
  "direct_residual_p90": 0.02307359235977083,
  "plus_newton_mae": 7.868448156533997e-08,
  "plus_newton_rmse": 1.1146555896590523e-07,
  "plus_newton_r2": 0.9999999999999672,
  "plus_newton_valid_ratio": 1.0,
  "plus_newton_residual_mean": 6.957636001116553e-14,
  "plus_newton_residual_median": 8.881784197001252e-16,
  "plus_newton_residual_p90": 2.4026336475912997e-13,
  "plus_newton_newton_iter_mean": 2.63575,
  "plus_newton_newton_iter_median": 3.0,
  "plus_newton_newton_iter_p90": 3.0,
  "plus_newton_converged_ratio": 1.0,
  "hp_use_log_features": true,
  "hp_optimizer": "adamw",
  "hp_loss_name": "mse",
  "hp_dropout": 0.0,
  "hp_lr": 0.0005,
  "hp_weight_decay": 0.0001,
  "hp_hidden_dims": "[256, 256, 128]",
  "hp_hidden_size": 96,
  "hp_num_layers": 1,
  "hp_head_hidden": 128,
  "hp_head_layers": 2,
  "hp_d_model": 96,
  "hp_nhead": 4,
  "hp_ff_dim": 128,
  "hp_use_cls_token": true
}