{
  "trial_id": 29,
  "trial_name": "trial_029_lstm",
  "model": "lstm",
  "best_epoch": 78,
  "elapsed_sec": 686.4198381900787,
  "direct_mae": 0.001531972549855709,
  "direct_rmse": 0.002870650729164481,
  "direct_r2": 0.9999782790319522,
  "direct_valid_ratio": 1.0,
  "direct_residual_mean": 0.031165525414503948,
  "direct_residual_median": 0.004985326344924879,
  "direct_residual_p90": 0.03610154624532406,
  "plus_newton_mae": 7.868448191776342e-08,
  "plus_newton_rmse": 1.1146555902762945e-07,
  "plus_newton_r2": 0.9999999999999672,
  "plus_newton_valid_ratio": 1.0,
  "plus_newton_residual_mean": 5.220942026536185e-14,
  "plus_newton_residual_median": 8.881784197001252e-16,
  "plus_newton_residual_p90": 1.4033219031261979e-13,
  "plus_newton_newton_iter_mean": 2.7795,
  "plus_newton_newton_iter_median": 3.0,
  "plus_newton_newton_iter_p90": 3.0,
  "plus_newton_converged_ratio": 1.0,
  "hp_use_log_features": true,
  "hp_optimizer": "adamw",
  "hp_loss_name": "mse",
  "hp_dropout": 0.0,
  "hp_lr": 0.001,
  "hp_weight_decay": 0.0001,
  "hp_hidden_dims": "[256, 256, 128]",
  "hp_hidden_size": 128,
  "hp_num_layers": 1,
  "hp_head_hidden": 64,
  "hp_head_layers": 2,
  "hp_d_model": 96,
  "hp_nhead": 4,
  "hp_ff_dim": 128,
  "hp_use_cls_token": true
}{
  "trial_id": 29,
  "trial_name": "trial_029_lstm",
  "model": "lstm",
  "best_epoch": 78,
  "elapsed_sec": 686.4198381900787,
  "direct_mae": 0.001531972549855709,
  "direct_rmse": 0.002870650729164481,
  "direct_r2": 0.9999782790319522,
  "direct_valid_ratio": 1.0,
  "direct_residual_mean": 0.031165525414503948,
  "direct_residual_median": 0.004985326344924879,
  "direct_residual_p90": 0.03610154624532406,
  "plus_newton_mae": 7.868448191776342e-08,
  "plus_newton_rmse": 1.1146555902762945e-07,
  "plus_newton_r2": 0.9999999999999672,
  "plus_newton_valid_ratio": 1.0,
  "plus_newton_residual_mean": 5.220942026536185e-14,
  "plus_newton_residual_median": 8.881784197001252e-16,
  "plus_newton_residual_p90": 1.4033219031261979e-13,
  "plus_newton_newton_iter_mean": 2.7795,
  "plus_newton_newton_iter_median": 3.0,
  "plus_newton_newton_iter_p90": 3.0,
  "plus_newton_converged_ratio": 1.0,
  "hp_use_log_features": true,
  "hp_optimizer": "adamw",
  "hp_loss_name": "mse",
  "hp_dropout": 0.0,
  "hp_lr": 0.001,
  "hp_weight_decay": 0.0001,
  "hp_hidden_dims": "[256, 256, 128]",
  "hp_hidden_size": 128,
  "hp_num_layers": 1,
  "hp_head_hidden": 64,
  "hp_head_layers": 2,
  "hp_d_model": 96,
  "hp_nhead": 4,
  "hp_ff_dim": 128,
  "hp_use_cls_token": true
}