{
  "trial_id": 59,
  "trial_name": "trial_059_lstm",
  "model": "lstm",
  "best_epoch": 117,
  "elapsed_sec": 855.5204269886017,
  "direct_mae": 0.0015898114070296288,
  "direct_rmse": 0.002644461812451482,
  "direct_r2": 0.9999815671274594,
  "direct_valid_ratio": 1.0,
  "direct_residual_mean": 0.012356302213044382,
  "direct_residual_median": 0.0036955888597556275,
  "direct_residual_p90": 0.01419276830009255,
  "plus_newton_mae": 7.86844814329623e-08,
  "plus_newton_rmse": 1.1146555903425752e-07,
  "plus_newton_r2": 0.9999999999999672,
  "plus_newton_valid_ratio": 1.0,
  "plus_newton_residual_mean": 9.156456945028167e-14,
  "plus_newton_residual_median": 2.220446049250313e-15,
  "plus_newton_residual_p90": 3.4638958368304884e-13,
  "plus_newton_newton_iter_mean": 2.51915,
  "plus_newton_newton_iter_median": 3.0,
  "plus_newton_newton_iter_p90": 3.0,
  "plus_newton_converged_ratio": 1.0,
  "hp_use_log_features": true,
  "hp_optimizer": "adamw",
  "hp_loss_name": "mse",
  "hp_dropout": 0.0,
  "hp_lr": 0.0005,
  "hp_weight_decay": 0.0001,
  "hp_hidden_dims": "[256, 256, 128]",
  "hp_hidden_size": 96,
  "hp_num_layers": 2,
  "hp_head_hidden": 64,
  "hp_head_layers": 2,
  "hp_d_model": 96,
  "hp_nhead": 4,
  "hp_ff_dim": 128,
  "hp_use_cls_token": true
}{
  "trial_id": 59,
  "trial_name": "trial_059_lstm",
  "model": "lstm",
  "best_epoch": 117,
  "elapsed_sec": 855.5204269886017,
  "direct_mae": 0.0015898114070296288,
  "direct_rmse": 0.002644461812451482,
  "direct_r2": 0.9999815671274594,
  "direct_valid_ratio": 1.0,
  "direct_residual_mean": 0.012356302213044382,
  "direct_residual_median": 0.0036955888597556275,
  "direct_residual_p90": 0.01419276830009255,
  "plus_newton_mae": 7.86844814329623e-08,
  "plus_newton_rmse": 1.1146555903425752e-07,
  "plus_newton_r2": 0.9999999999999672,
  "plus_newton_valid_ratio": 1.0,
  "plus_newton_residual_mean": 9.156456945028167e-14,
  "plus_newton_residual_median": 2.220446049250313e-15,
  "plus_newton_residual_p90": 3.4638958368304884e-13,
  "plus_newton_newton_iter_mean": 2.51915,
  "plus_newton_newton_iter_median": 3.0,
  "plus_newton_newton_iter_p90": 3.0,
  "plus_newton_converged_ratio": 1.0,
  "hp_use_log_features": true,
  "hp_optimizer": "adamw",
  "hp_loss_name": "mse",
  "hp_dropout": 0.0,
  "hp_lr": 0.0005,
  "hp_weight_decay": 0.0001,
  "hp_hidden_dims": "[256, 256, 128]",
  "hp_hidden_size": 96,
  "hp_num_layers": 2,
  "hp_head_hidden": 64,
  "hp_head_layers": 2,
  "hp_d_model": 96,
  "hp_nhead": 4,
  "hp_ff_dim": 128,
  "hp_use_cls_token": true
}