{
  "trial_id": 104,
  "trial_name": "trial_104_lstm",
  "model": "lstm",
  "best_epoch": 46,
  "elapsed_sec": 482.69041895866394,
  "direct_mae": 0.0030947502236813307,
  "direct_rmse": 0.007502763532102108,
  "direct_r2": 0.9998516249339158,
  "direct_valid_ratio": 1.0,
  "direct_residual_mean": 0.07612504581145663,
  "direct_residual_median": 0.01047488262694607,
  "direct_residual_p90": 0.08772949221334315,
  "plus_newton_mae": 7.868448107548528e-08,
  "plus_newton_rmse": 1.1146555818864996e-07,
  "plus_newton_r2": 0.9999999999999672,
  "plus_newton_valid_ratio": 1.0,
  "plus_newton_residual_mean": 5.323895347639836e-14,
  "plus_newton_residual_median": 8.881784197001252e-16,
  "plus_newton_residual_p90": 1.4921397450962104e-13,
  "plus_newton_newton_iter_mean": 2.945175,
  "plus_newton_newton_iter_median": 3.0,
  "plus_newton_newton_iter_p90": 3.0,
  "plus_newton_converged_ratio": 1.0,
  "hp_use_log_features": true,
  "hp_optimizer": "adamw",
  "hp_loss_name": "smoothl1",
  "hp_dropout": 0.1,
  "hp_lr": 0.0005,
  "hp_weight_decay": 1e-05,
  "hp_hidden_dims": "[256, 256, 128]",
  "hp_hidden_size": 128,
  "hp_num_layers": 2,
  "hp_head_hidden": 128,
  "hp_head_layers": 2,
  "hp_d_model": 96,
  "hp_nhead": 4,
  "hp_ff_dim": 128,
  "hp_use_cls_token": true
}{
  "trial_id": 104,
  "trial_name": "trial_104_lstm",
  "model": "lstm",
  "best_epoch": 46,
  "elapsed_sec": 482.69041895866394,
  "direct_mae": 0.0030947502236813307,
  "direct_rmse": 0.007502763532102108,
  "direct_r2": 0.9998516249339158,
  "direct_valid_ratio": 1.0,
  "direct_residual_mean": 0.07612504581145663,
  "direct_residual_median": 0.01047488262694607,
  "direct_residual_p90": 0.08772949221334315,
  "plus_newton_mae": 7.868448107548528e-08,
  "plus_newton_rmse": 1.1146555818864996e-07,
  "plus_newton_r2": 0.9999999999999672,
  "plus_newton_valid_ratio": 1.0,
  "plus_newton_residual_mean": 5.323895347639836e-14,
  "plus_newton_residual_median": 8.881784197001252e-16,
  "plus_newton_residual_p90": 1.4921397450962104e-13,
  "plus_newton_newton_iter_mean": 2.945175,
  "plus_newton_newton_iter_median": 3.0,
  "plus_newton_newton_iter_p90": 3.0,
  "plus_newton_converged_ratio": 1.0,
  "hp_use_log_features": true,
  "hp_optimizer": "adamw",
  "hp_loss_name": "smoothl1",
  "hp_dropout": 0.1,
  "hp_lr": 0.0005,
  "hp_weight_decay": 1e-05,
  "hp_hidden_dims": "[256, 256, 128]",
  "hp_hidden_size": 128,
  "hp_num_layers": 2,
  "hp_head_hidden": 128,
  "hp_head_layers": 2,
  "hp_d_model": 96,
  "hp_nhead": 4,
  "hp_ff_dim": 128,
  "hp_use_cls_token": true
}