{
  "trial_id": 101,
  "trial_name": "trial_101_lstm",
  "model": "lstm",
  "best_epoch": 45,
  "elapsed_sec": 468.895765542984,
  "direct_mae": 0.004127667751163244,
  "direct_rmse": 0.011264435015618801,
  "direct_r2": 0.9996655453514789,
  "direct_valid_ratio": 1.0,
  "direct_residual_mean": 0.11326812433763693,
  "direct_residual_median": 0.014641794803311625,
  "direct_residual_p90": 0.14702626386640902,
  "plus_newton_mae": 7.868448189327068e-08,
  "plus_newton_rmse": 1.114655593055951e-07,
  "plus_newton_r2": 0.9999999999999672,
  "plus_newton_valid_ratio": 1.0,
  "plus_newton_residual_mean": 5.5224209775588216e-14,
  "plus_newton_residual_median": 8.881784197001252e-16,
  "plus_newton_residual_p90": 1.616484723854228e-13,
  "plus_newton_newton_iter_mean": 3.0481,
  "plus_newton_newton_iter_median": 3.0,
  "plus_newton_newton_iter_p90": 4.0,
  "plus_newton_converged_ratio": 1.0,
  "hp_use_log_features": true,
  "hp_optimizer": "adamw",
  "hp_loss_name": "smoothl1",
  "hp_dropout": 0.1,
  "hp_lr": 0.0005,
  "hp_weight_decay": 1e-05,
  "hp_hidden_dims": "[256, 256, 128]",
  "hp_hidden_size": 128,
  "hp_num_layers": 1,
  "hp_head_hidden": 64,
  "hp_head_layers": 2,
  "hp_d_model": 96,
  "hp_nhead": 4,
  "hp_ff_dim": 128,
  "hp_use_cls_token": true
}{
  "trial_id": 101,
  "trial_name": "trial_101_lstm",
  "model": "lstm",
  "best_epoch": 45,
  "elapsed_sec": 468.895765542984,
  "direct_mae": 0.004127667751163244,
  "direct_rmse": 0.011264435015618801,
  "direct_r2": 0.9996655453514789,
  "direct_valid_ratio": 1.0,
  "direct_residual_mean": 0.11326812433763693,
  "direct_residual_median": 0.014641794803311625,
  "direct_residual_p90": 0.14702626386640902,
  "plus_newton_mae": 7.868448189327068e-08,
  "plus_newton_rmse": 1.114655593055951e-07,
  "plus_newton_r2": 0.9999999999999672,
  "plus_newton_valid_ratio": 1.0,
  "plus_newton_residual_mean": 5.5224209775588216e-14,
  "plus_newton_residual_median": 8.881784197001252e-16,
  "plus_newton_residual_p90": 1.616484723854228e-13,
  "plus_newton_newton_iter_mean": 3.0481,
  "plus_newton_newton_iter_median": 3.0,
  "plus_newton_newton_iter_p90": 4.0,
  "plus_newton_converged_ratio": 1.0,
  "hp_use_log_features": true,
  "hp_optimizer": "adamw",
  "hp_loss_name": "smoothl1",
  "hp_dropout": 0.1,
  "hp_lr": 0.0005,
  "hp_weight_decay": 1e-05,
  "hp_hidden_dims": "[256, 256, 128]",
  "hp_hidden_size": 128,
  "hp_num_layers": 1,
  "hp_head_hidden": 64,
  "hp_head_layers": 2,
  "hp_d_model": 96,
  "hp_nhead": 4,
  "hp_ff_dim": 128,
  "hp_use_cls_token": true
}