{
  "trial_id": 84,
  "trial_name": "trial_084_lstm",
  "model": "lstm",
  "best_epoch": 42,
  "elapsed_sec": 464.51816034317017,
  "direct_mae": 0.0034410266671329737,
  "direct_rmse": 0.008253691717982292,
  "direct_r2": 0.9998204378161132,
  "direct_valid_ratio": 1.0,
  "direct_residual_mean": 0.09795021053972403,
  "direct_residual_median": 0.011670595385880222,
  "direct_residual_p90": 0.11982465189877399,
  "plus_newton_mae": 7.868448212990328e-08,
  "plus_newton_rmse": 1.1146555957652727e-07,
  "plus_newton_r2": 0.9999999999999672,
  "plus_newton_valid_ratio": 1.0,
  "plus_newton_residual_mean": 4.985491785494252e-14,
  "plus_newton_residual_median": 8.881784197001252e-16,
  "plus_newton_residual_p90": 1.2789769243681803e-13,
  "plus_newton_newton_iter_mean": 3.035225,
  "plus_newton_newton_iter_median": 3.0,
  "plus_newton_newton_iter_p90": 4.0,
  "plus_newton_converged_ratio": 1.0,
  "hp_use_log_features": true,
  "hp_optimizer": "adamw",
  "hp_loss_name": "smoothl1",
  "hp_dropout": 0.1,
  "hp_lr": 0.001,
  "hp_weight_decay": 0.0001,
  "hp_hidden_dims": "[256, 256, 128]",
  "hp_hidden_size": 96,
  "hp_num_layers": 2,
  "hp_head_hidden": 128,
  "hp_head_layers": 2,
  "hp_d_model": 96,
  "hp_nhead": 4,
  "hp_ff_dim": 128,
  "hp_use_cls_token": true
}{
  "trial_id": 84,
  "trial_name": "trial_084_lstm",
  "model": "lstm",
  "best_epoch": 42,
  "elapsed_sec": 464.51816034317017,
  "direct_mae": 0.0034410266671329737,
  "direct_rmse": 0.008253691717982292,
  "direct_r2": 0.9998204378161132,
  "direct_valid_ratio": 1.0,
  "direct_residual_mean": 0.09795021053972403,
  "direct_residual_median": 0.011670595385880222,
  "direct_residual_p90": 0.11982465189877399,
  "plus_newton_mae": 7.868448212990328e-08,
  "plus_newton_rmse": 1.1146555957652727e-07,
  "plus_newton_r2": 0.9999999999999672,
  "plus_newton_valid_ratio": 1.0,
  "plus_newton_residual_mean": 4.985491785494252e-14,
  "plus_newton_residual_median": 8.881784197001252e-16,
  "plus_newton_residual_p90": 1.2789769243681803e-13,
  "plus_newton_newton_iter_mean": 3.035225,
  "plus_newton_newton_iter_median": 3.0,
  "plus_newton_newton_iter_p90": 4.0,
  "plus_newton_converged_ratio": 1.0,
  "hp_use_log_features": true,
  "hp_optimizer": "adamw",
  "hp_loss_name": "smoothl1",
  "hp_dropout": 0.1,
  "hp_lr": 0.001,
  "hp_weight_decay": 0.0001,
  "hp_hidden_dims": "[256, 256, 128]",
  "hp_hidden_size": 96,
  "hp_num_layers": 2,
  "hp_head_hidden": 128,
  "hp_head_layers": 2,
  "hp_d_model": 96,
  "hp_nhead": 4,
  "hp_ff_dim": 128,
  "hp_use_cls_token": true
}