{
  "trial_id": 46,
  "trial_name": "trial_046_lstm",
  "model": "lstm",
  "best_epoch": 117,
  "elapsed_sec": 829.7403254508972,
  "direct_mae": 0.0009619472548365593,
  "direct_rmse": 0.0017381561920046806,
  "direct_r2": 0.9999920366453913,
  "direct_valid_ratio": 1.0,
  "direct_residual_mean": 0.015475650614388102,
  "direct_residual_median": 0.0027102361780322326,
  "direct_residual_p90": 0.01647519584599004,
  "plus_newton_mae": 7.868448202571231e-08,
  "plus_newton_rmse": 1.1146555932749799e-07,
  "plus_newton_r2": 0.9999999999999672,
  "plus_newton_valid_ratio": 1.0,
  "plus_newton_residual_mean": 7.1274752282391e-14,
  "plus_newton_residual_median": 8.881784197001252e-16,
  "plus_newton_residual_p90": 2.504663143554353e-13,
  "plus_newton_newton_iter_mean": 2.619,
  "plus_newton_newton_iter_median": 3.0,
  "plus_newton_newton_iter_p90": 3.0,
  "plus_newton_converged_ratio": 1.0,
  "hp_use_log_features": true,
  "hp_optimizer": "adamw",
  "hp_loss_name": "mse",
  "hp_dropout": 0.0,
  "hp_lr": 0.0005,
  "hp_weight_decay": 1e-05,
  "hp_hidden_dims": "[256, 256, 128]",
  "hp_hidden_size": 128,
  "hp_num_layers": 1,
  "hp_head_hidden": 128,
  "hp_head_layers": 2,
  "hp_d_model": 96,
  "hp_nhead": 4,
  "hp_ff_dim": 128,
  "hp_use_cls_token": true
}{
  "trial_id": 46,
  "trial_name": "trial_046_lstm",
  "model": "lstm",
  "best_epoch": 117,
  "elapsed_sec": 829.7403254508972,
  "direct_mae": 0.0009619472548365593,
  "direct_rmse": 0.0017381561920046806,
  "direct_r2": 0.9999920366453913,
  "direct_valid_ratio": 1.0,
  "direct_residual_mean": 0.015475650614388102,
  "direct_residual_median": 0.0027102361780322326,
  "direct_residual_p90": 0.01647519584599004,
  "plus_newton_mae": 7.868448202571231e-08,
  "plus_newton_rmse": 1.1146555932749799e-07,
  "plus_newton_r2": 0.9999999999999672,
  "plus_newton_valid_ratio": 1.0,
  "plus_newton_residual_mean": 7.1274752282391e-14,
  "plus_newton_residual_median": 8.881784197001252e-16,
  "plus_newton_residual_p90": 2.504663143554353e-13,
  "plus_newton_newton_iter_mean": 2.619,
  "plus_newton_newton_iter_median": 3.0,
  "plus_newton_newton_iter_p90": 3.0,
  "plus_newton_converged_ratio": 1.0,
  "hp_use_log_features": true,
  "hp_optimizer": "adamw",
  "hp_loss_name": "mse",
  "hp_dropout": 0.0,
  "hp_lr": 0.0005,
  "hp_weight_decay": 1e-05,
  "hp_hidden_dims": "[256, 256, 128]",
  "hp_hidden_size": 128,
  "hp_num_layers": 1,
  "hp_head_hidden": 128,
  "hp_head_layers": 2,
  "hp_d_model": 96,
  "hp_nhead": 4,
  "hp_ff_dim": 128,
  "hp_use_cls_token": true
}