{
  "trial_id": 25,
  "trial_name": "trial_025_lstm",
  "model": "lstm",
  "best_epoch": 104,
  "elapsed_sec": 838.6297307014465,
  "direct_mae": 0.0014381546061486006,
  "direct_rmse": 0.0027532619424164295,
  "direct_r2": 0.9999800191702848,
  "direct_valid_ratio": 1.0,
  "direct_residual_mean": 0.020240689859937582,
  "direct_residual_median": 0.004121285890325788,
  "direct_residual_p90": 0.027012342069724204,
  "plus_newton_mae": 7.868448191193312e-08,
  "plus_newton_rmse": 1.1146555932015144e-07,
  "plus_newton_r2": 0.9999999999999672,
  "plus_newton_valid_ratio": 1.0,
  "plus_newton_residual_mean": 6.236669231080721e-14,
  "plus_newton_residual_median": 8.881784197001252e-16,
  "plus_newton_residual_p90": 2.0250467969162855e-13,
  "plus_newton_newton_iter_mean": 2.684075,
  "plus_newton_newton_iter_median": 3.0,
  "plus_newton_newton_iter_p90": 3.0,
  "plus_newton_converged_ratio": 1.0,
  "hp_use_log_features": true,
  "hp_optimizer": "adamw",
  "hp_loss_name": "mse",
  "hp_dropout": 0.0,
  "hp_lr": 0.001,
  "hp_weight_decay": 0.0001,
  "hp_hidden_dims": "[256, 256, 128]",
  "hp_hidden_size": 96,
  "hp_num_layers": 1,
  "hp_head_hidden": 64,
  "hp_head_layers": 2,
  "hp_d_model": 96,
  "hp_nhead": 4,
  "hp_ff_dim": 128,
  "hp_use_cls_token": true
}{
  "trial_id": 25,
  "trial_name": "trial_025_lstm",
  "model": "lstm",
  "best_epoch": 104,
  "elapsed_sec": 838.6297307014465,
  "direct_mae": 0.0014381546061486006,
  "direct_rmse": 0.0027532619424164295,
  "direct_r2": 0.9999800191702848,
  "direct_valid_ratio": 1.0,
  "direct_residual_mean": 0.020240689859937582,
  "direct_residual_median": 0.004121285890325788,
  "direct_residual_p90": 0.027012342069724204,
  "plus_newton_mae": 7.868448191193312e-08,
  "plus_newton_rmse": 1.1146555932015144e-07,
  "plus_newton_r2": 0.9999999999999672,
  "plus_newton_valid_ratio": 1.0,
  "plus_newton_residual_mean": 6.236669231080721e-14,
  "plus_newton_residual_median": 8.881784197001252e-16,
  "plus_newton_residual_p90": 2.0250467969162855e-13,
  "plus_newton_newton_iter_mean": 2.684075,
  "plus_newton_newton_iter_median": 3.0,
  "plus_newton_newton_iter_p90": 3.0,
  "plus_newton_converged_ratio": 1.0,
  "hp_use_log_features": true,
  "hp_optimizer": "adamw",
  "hp_loss_name": "mse",
  "hp_dropout": 0.0,
  "hp_lr": 0.001,
  "hp_weight_decay": 0.0001,
  "hp_hidden_dims": "[256, 256, 128]",
  "hp_hidden_size": 96,
  "hp_num_layers": 1,
  "hp_head_hidden": 64,
  "hp_head_layers": 2,
  "hp_d_model": 96,
  "hp_nhead": 4,
  "hp_ff_dim": 128,
  "hp_use_cls_token": true
}