{
  "trial_id": 62,
  "trial_name": "trial_062_lstm",
  "model": "lstm",
  "best_epoch": 64,
  "elapsed_sec": 599.0629894733429,
  "direct_mae": 0.0010777327697724104,
  "direct_rmse": 0.002010816941037774,
  "direct_r2": 0.9999893422986567,
  "direct_valid_ratio": 1.0,
  "direct_residual_mean": 0.01606559364319179,
  "direct_residual_median": 0.0031536913060645766,
  "direct_residual_p90": 0.019719251877201558,
  "plus_newton_mae": 7.86844817621821e-08,
  "plus_newton_rmse": 1.11465559076351e-07,
  "plus_newton_r2": 0.9999999999999672,
  "plus_newton_valid_ratio": 1.0,
  "plus_newton_residual_mean": 6.800662531918639e-14,
  "plus_newton_residual_median": 8.881784197001252e-16,
  "plus_newton_residual_p90": 2.3003821070233244e-13,
  "plus_newton_newton_iter_mean": 2.632375,
  "plus_newton_newton_iter_median": 3.0,
  "plus_newton_newton_iter_p90": 3.0,
  "plus_newton_converged_ratio": 1.0,
  "hp_use_log_features": true,
  "hp_optimizer": "adamw",
  "hp_loss_name": "mse",
  "hp_dropout": 0.0,
  "hp_lr": 0.0005,
  "hp_weight_decay": 0.0001,
  "hp_hidden_dims": "[256, 256, 128]",
  "hp_hidden_size": 128,
  "hp_num_layers": 1,
  "hp_head_hidden": 128,
  "hp_head_layers": 2,
  "hp_d_model": 96,
  "hp_nhead": 4,
  "hp_ff_dim": 128,
  "hp_use_cls_token": true
}{
  "trial_id": 62,
  "trial_name": "trial_062_lstm",
  "model": "lstm",
  "best_epoch": 64,
  "elapsed_sec": 599.0629894733429,
  "direct_mae": 0.0010777327697724104,
  "direct_rmse": 0.002010816941037774,
  "direct_r2": 0.9999893422986567,
  "direct_valid_ratio": 1.0,
  "direct_residual_mean": 0.01606559364319179,
  "direct_residual_median": 0.0031536913060645766,
  "direct_residual_p90": 0.019719251877201558,
  "plus_newton_mae": 7.86844817621821e-08,
  "plus_newton_rmse": 1.11465559076351e-07,
  "plus_newton_r2": 0.9999999999999672,
  "plus_newton_valid_ratio": 1.0,
  "plus_newton_residual_mean": 6.800662531918639e-14,
  "plus_newton_residual_median": 8.881784197001252e-16,
  "plus_newton_residual_p90": 2.3003821070233244e-13,
  "plus_newton_newton_iter_mean": 2.632375,
  "plus_newton_newton_iter_median": 3.0,
  "plus_newton_newton_iter_p90": 3.0,
  "plus_newton_converged_ratio": 1.0,
  "hp_use_log_features": true,
  "hp_optimizer": "adamw",
  "hp_loss_name": "mse",
  "hp_dropout": 0.0,
  "hp_lr": 0.0005,
  "hp_weight_decay": 0.0001,
  "hp_hidden_dims": "[256, 256, 128]",
  "hp_hidden_size": 128,
  "hp_num_layers": 1,
  "hp_head_hidden": 128,
  "hp_head_layers": 2,
  "hp_d_model": 96,
  "hp_nhead": 4,
  "hp_ff_dim": 128,
  "hp_use_cls_token": true
}