{
  "trial_id": 6,
  "trial_name": "trial_006_lstm",
  "model": "lstm",
  "best_epoch": 112,
  "elapsed_sec": 881.0829348564148,
  "direct_mae": 0.001004270976409316,
  "direct_rmse": 0.0018625928787514567,
  "direct_r2": 0.9999908556193898,
  "direct_valid_ratio": 1.0,
  "direct_residual_mean": 0.018590288671068784,
  "direct_residual_median": 0.0028096987468733126,
  "direct_residual_p90": 0.02178093414039641,
  "plus_newton_mae": 7.868448171969697e-08,
  "plus_newton_rmse": 1.1146555879426995e-07,
  "plus_newton_r2": 0.9999999999999672,
  "plus_newton_valid_ratio": 1.0,
  "plus_newton_residual_mean": 7.747990846234792e-14,
  "plus_newton_residual_median": 8.881784197001252e-16,
  "plus_newton_residual_p90": 2.8688162956314045e-13,
  "plus_newton_newton_iter_mean": 2.602775,
  "plus_newton_newton_iter_median": 3.0,
  "plus_newton_newton_iter_p90": 3.0,
  "plus_newton_converged_ratio": 1.0,
  "hp_use_log_features": true,
  "hp_optimizer": "adamw",
  "hp_loss_name": "smoothl1",
  "hp_dropout": 0.0,
  "hp_lr": 0.001,
  "hp_weight_decay": 1e-05,
  "hp_hidden_dims": "[256, 256, 128]",
  "hp_hidden_size": 128,
  "hp_num_layers": 1,
  "hp_head_hidden": 128,
  "hp_head_layers": 2,
  "hp_d_model": 96,
  "hp_nhead": 4,
  "hp_ff_dim": 128,
  "hp_use_cls_token": true
}{
  "trial_id": 6,
  "trial_name": "trial_006_lstm",
  "model": "lstm",
  "best_epoch": 112,
  "elapsed_sec": 881.0829348564148,
  "direct_mae": 0.001004270976409316,
  "direct_rmse": 0.0018625928787514567,
  "direct_r2": 0.9999908556193898,
  "direct_valid_ratio": 1.0,
  "direct_residual_mean": 0.018590288671068784,
  "direct_residual_median": 0.0028096987468733126,
  "direct_residual_p90": 0.02178093414039641,
  "plus_newton_mae": 7.868448171969697e-08,
  "plus_newton_rmse": 1.1146555879426995e-07,
  "plus_newton_r2": 0.9999999999999672,
  "plus_newton_valid_ratio": 1.0,
  "plus_newton_residual_mean": 7.747990846234792e-14,
  "plus_newton_residual_median": 8.881784197001252e-16,
  "plus_newton_residual_p90": 2.8688162956314045e-13,
  "plus_newton_newton_iter_mean": 2.602775,
  "plus_newton_newton_iter_median": 3.0,
  "plus_newton_newton_iter_p90": 3.0,
  "plus_newton_converged_ratio": 1.0,
  "hp_use_log_features": true,
  "hp_optimizer": "adamw",
  "hp_loss_name": "smoothl1",
  "hp_dropout": 0.0,
  "hp_lr": 0.001,
  "hp_weight_decay": 1e-05,
  "hp_hidden_dims": "[256, 256, 128]",
  "hp_hidden_size": 128,
  "hp_num_layers": 1,
  "hp_head_hidden": 128,
  "hp_head_layers": 2,
  "hp_d_model": 96,
  "hp_nhead": 4,
  "hp_ff_dim": 128,
  "hp_use_cls_token": true
}