{
  "trial_id": 10,
  "trial_name": "trial_010_lstm",
  "model": "lstm",
  "best_epoch": 85,
  "elapsed_sec": 774.0963056087494,
  "direct_mae": 0.0011291680857539177,
  "direct_rmse": 0.00203568278811872,
  "direct_r2": 0.9999890770812224,
  "direct_valid_ratio": 1.0,
  "direct_residual_mean": 0.031666838497978154,
  "direct_residual_median": 0.004368961223181866,
  "direct_residual_p90": 0.038562343101524905,
  "plus_newton_mae": 7.868448189264672e-08,
  "plus_newton_rmse": 1.1146555901232719e-07,
  "plus_newton_r2": 0.9999999999999672,
  "plus_newton_valid_ratio": 1.0,
  "plus_newton_residual_mean": 5.3877963757651726e-14,
  "plus_newton_residual_median": 8.881784197001252e-16,
  "plus_newton_residual_p90": 1.474376176702208e-13,
  "plus_newton_newton_iter_mean": 2.772375,
  "plus_newton_newton_iter_median": 3.0,
  "plus_newton_newton_iter_p90": 3.0,
  "plus_newton_converged_ratio": 1.0,
  "hp_use_log_features": true,
  "hp_optimizer": "adamw",
  "hp_loss_name": "mse",
  "hp_dropout": 0.0,
  "hp_lr": 0.001,
  "hp_weight_decay": 1e-05,
  "hp_hidden_dims": "[256, 256, 128]",
  "hp_hidden_size": 96,
  "hp_num_layers": 1,
  "hp_head_hidden": 128,
  "hp_head_layers": 2,
  "hp_d_model": 96,
  "hp_nhead": 4,
  "hp_ff_dim": 128,
  "hp_use_cls_token": true
}{
  "trial_id": 10,
  "trial_name": "trial_010_lstm",
  "model": "lstm",
  "best_epoch": 85,
  "elapsed_sec": 774.0963056087494,
  "direct_mae": 0.0011291680857539177,
  "direct_rmse": 0.00203568278811872,
  "direct_r2": 0.9999890770812224,
  "direct_valid_ratio": 1.0,
  "direct_residual_mean": 0.031666838497978154,
  "direct_residual_median": 0.004368961223181866,
  "direct_residual_p90": 0.038562343101524905,
  "plus_newton_mae": 7.868448189264672e-08,
  "plus_newton_rmse": 1.1146555901232719e-07,
  "plus_newton_r2": 0.9999999999999672,
  "plus_newton_valid_ratio": 1.0,
  "plus_newton_residual_mean": 5.3877963757651726e-14,
  "plus_newton_residual_median": 8.881784197001252e-16,
  "plus_newton_residual_p90": 1.474376176702208e-13,
  "plus_newton_newton_iter_mean": 2.772375,
  "plus_newton_newton_iter_median": 3.0,
  "plus_newton_newton_iter_p90": 3.0,
  "plus_newton_converged_ratio": 1.0,
  "hp_use_log_features": true,
  "hp_optimizer": "adamw",
  "hp_loss_name": "mse",
  "hp_dropout": 0.0,
  "hp_lr": 0.001,
  "hp_weight_decay": 1e-05,
  "hp_hidden_dims": "[256, 256, 128]",
  "hp_hidden_size": 96,
  "hp_num_layers": 1,
  "hp_head_hidden": 128,
  "hp_head_layers": 2,
  "hp_d_model": 96,
  "hp_nhead": 4,
  "hp_ff_dim": 128,
  "hp_use_cls_token": true
}