{
  "trial_id": 1,
  "trial_name": "trial_001_lstm",
  "model": "lstm",
  "best_epoch": 116,
  "elapsed_sec": 880.1962444782257,
  "direct_mae": 0.001353297382593155,
  "direct_rmse": 0.00256098760291934,
  "direct_r2": 0.9999827124519575,
  "direct_valid_ratio": 1.0,
  "direct_residual_mean": 0.02302214410494754,
  "direct_residual_median": 0.003711951060914931,
  "direct_residual_p90": 0.026039509963332784,
  "plus_newton_mae": 7.868448147304806e-08,
  "plus_newton_rmse": 1.114655589222364e-07,
  "plus_newton_r2": 0.9999999999999672,
  "plus_newton_valid_ratio": 1.0,
  "plus_newton_residual_mean": 7.018104886163034e-14,
  "plus_newton_residual_median": 8.881784197001252e-16,
  "plus_newton_residual_p90": 2.433608869978343e-13,
  "plus_newton_newton_iter_mean": 2.657025,
  "plus_newton_newton_iter_median": 3.0,
  "plus_newton_newton_iter_p90": 3.0,
  "plus_newton_converged_ratio": 1.0,
  "hp_use_log_features": true,
  "hp_optimizer": "adamw",
  "hp_loss_name": "smoothl1",
  "hp_dropout": 0.0,
  "hp_lr": 0.001,
  "hp_weight_decay": 1e-05,
  "hp_hidden_dims": "[256, 256, 128]",
  "hp_hidden_size": 96,
  "hp_num_layers": 1,
  "hp_head_hidden": 64,
  "hp_head_layers": 2,
  "hp_d_model": 96,
  "hp_nhead": 4,
  "hp_ff_dim": 128,
  "hp_use_cls_token": true
}{
  "trial_id": 1,
  "trial_name": "trial_001_lstm",
  "model": "lstm",
  "best_epoch": 116,
  "elapsed_sec": 880.1962444782257,
  "direct_mae": 0.001353297382593155,
  "direct_rmse": 0.00256098760291934,
  "direct_r2": 0.9999827124519575,
  "direct_valid_ratio": 1.0,
  "direct_residual_mean": 0.02302214410494754,
  "direct_residual_median": 0.003711951060914931,
  "direct_residual_p90": 0.026039509963332784,
  "plus_newton_mae": 7.868448147304806e-08,
  "plus_newton_rmse": 1.114655589222364e-07,
  "plus_newton_r2": 0.9999999999999672,
  "plus_newton_valid_ratio": 1.0,
  "plus_newton_residual_mean": 7.018104886163034e-14,
  "plus_newton_residual_median": 8.881784197001252e-16,
  "plus_newton_residual_p90": 2.433608869978343e-13,
  "plus_newton_newton_iter_mean": 2.657025,
  "plus_newton_newton_iter_median": 3.0,
  "plus_newton_newton_iter_p90": 3.0,
  "plus_newton_converged_ratio": 1.0,
  "hp_use_log_features": true,
  "hp_optimizer": "adamw",
  "hp_loss_name": "smoothl1",
  "hp_dropout": 0.0,
  "hp_lr": 0.001,
  "hp_weight_decay": 1e-05,
  "hp_hidden_dims": "[256, 256, 128]",
  "hp_hidden_size": 96,
  "hp_num_layers": 1,
  "hp_head_hidden": 64,
  "hp_head_layers": 2,
  "hp_d_model": 96,
  "hp_nhead": 4,
  "hp_ff_dim": 128,
  "hp_use_cls_token": true
}