{
  "trial_id": 5,
  "trial_name": "trial_005_lstm",
  "model": "lstm",
  "best_epoch": 116,
  "elapsed_sec": 879.5769493579865,
  "direct_mae": 0.0014628275530412793,
  "direct_rmse": 0.0027168700471520424,
  "direct_r2": 0.9999805438838003,
  "direct_valid_ratio": 1.0,
  "direct_residual_mean": 0.02242180316347554,
  "direct_residual_median": 0.0038602476337938896,
  "direct_residual_p90": 0.02415974278066638,
  "plus_newton_mae": 7.868448190506707e-08,
  "plus_newton_rmse": 1.1146555934311416e-07,
  "plus_newton_r2": 0.9999999999999672,
  "plus_newton_valid_ratio": 1.0,
  "plus_newton_residual_mean": 7.215761386010288e-14,
  "plus_newton_residual_median": 8.881784197001252e-16,
  "plus_newton_residual_p90": 2.554706446389327e-13,
  "plus_newton_newton_iter_mean": 2.643525,
  "plus_newton_newton_iter_median": 3.0,
  "plus_newton_newton_iter_p90": 3.0,
  "plus_newton_converged_ratio": 1.0,
  "hp_use_log_features": true,
  "hp_optimizer": "adamw",
  "hp_loss_name": "smoothl1",
  "hp_dropout": 0.0,
  "hp_lr": 0.001,
  "hp_weight_decay": 1e-05,
  "hp_hidden_dims": "[256, 256, 128]",
  "hp_hidden_size": 128,
  "hp_num_layers": 1,
  "hp_head_hidden": 64,
  "hp_head_layers": 2,
  "hp_d_model": 96,
  "hp_nhead": 4,
  "hp_ff_dim": 128,
  "hp_use_cls_token": true
}{
  "trial_id": 5,
  "trial_name": "trial_005_lstm",
  "model": "lstm",
  "best_epoch": 116,
  "elapsed_sec": 879.5769493579865,
  "direct_mae": 0.0014628275530412793,
  "direct_rmse": 0.0027168700471520424,
  "direct_r2": 0.9999805438838003,
  "direct_valid_ratio": 1.0,
  "direct_residual_mean": 0.02242180316347554,
  "direct_residual_median": 0.0038602476337938896,
  "direct_residual_p90": 0.02415974278066638,
  "plus_newton_mae": 7.868448190506707e-08,
  "plus_newton_rmse": 1.1146555934311416e-07,
  "plus_newton_r2": 0.9999999999999672,
  "plus_newton_valid_ratio": 1.0,
  "plus_newton_residual_mean": 7.215761386010288e-14,
  "plus_newton_residual_median": 8.881784197001252e-16,
  "plus_newton_residual_p90": 2.554706446389327e-13,
  "plus_newton_newton_iter_mean": 2.643525,
  "plus_newton_newton_iter_median": 3.0,
  "plus_newton_newton_iter_p90": 3.0,
  "plus_newton_converged_ratio": 1.0,
  "hp_use_log_features": true,
  "hp_optimizer": "adamw",
  "hp_loss_name": "smoothl1",
  "hp_dropout": 0.0,
  "hp_lr": 0.001,
  "hp_weight_decay": 1e-05,
  "hp_hidden_dims": "[256, 256, 128]",
  "hp_hidden_size": 128,
  "hp_num_layers": 1,
  "hp_head_hidden": 64,
  "hp_head_layers": 2,
  "hp_d_model": 96,
  "hp_nhead": 4,
  "hp_ff_dim": 128,
  "hp_use_cls_token": true
}