{
  "trial_id": 7,
  "trial_name": "trial_007_lstm",
  "model": "lstm",
  "best_epoch": 112,
  "elapsed_sec": 894.0252168178558,
  "direct_mae": 0.0013897677417844534,
  "direct_rmse": 0.002682493533939123,
  "direct_r2": 0.9999810331223099,
  "direct_valid_ratio": 1.0,
  "direct_residual_mean": 0.024380208225504258,
  "direct_residual_median": 0.004428994681184406,
  "direct_residual_p90": 0.03184737595591876,
  "plus_newton_mae": 7.868448176053248e-08,
  "plus_newton_rmse": 1.1146555936801845e-07,
  "plus_newton_r2": 0.9999999999999672,
  "plus_newton_valid_ratio": 1.0,
  "plus_newton_residual_mean": 5.785191842958905e-14,
  "plus_newton_residual_median": 8.881784197001252e-16,
  "plus_newton_residual_p90": 1.772124114118864e-13,
  "plus_newton_newton_iter_mean": 2.769225,
  "plus_newton_newton_iter_median": 3.0,
  "plus_newton_newton_iter_p90": 3.0,
  "plus_newton_converged_ratio": 1.0,
  "hp_use_log_features": true,
  "hp_optimizer": "adamw",
  "hp_loss_name": "smoothl1",
  "hp_dropout": 0.0,
  "hp_lr": 0.001,
  "hp_weight_decay": 1e-05,
  "hp_hidden_dims": "[256, 256, 128]",
  "hp_hidden_size": 128,
  "hp_num_layers": 2,
  "hp_head_hidden": 64,
  "hp_head_layers": 2,
  "hp_d_model": 96,
  "hp_nhead": 4,
  "hp_ff_dim": 128,
  "hp_use_cls_token": true
}{
  "trial_id": 7,
  "trial_name": "trial_007_lstm",
  "model": "lstm",
  "best_epoch": 112,
  "elapsed_sec": 894.0252168178558,
  "direct_mae": 0.0013897677417844534,
  "direct_rmse": 0.002682493533939123,
  "direct_r2": 0.9999810331223099,
  "direct_valid_ratio": 1.0,
  "direct_residual_mean": 0.024380208225504258,
  "direct_residual_median": 0.004428994681184406,
  "direct_residual_p90": 0.03184737595591876,
  "plus_newton_mae": 7.868448176053248e-08,
  "plus_newton_rmse": 1.1146555936801845e-07,
  "plus_newton_r2": 0.9999999999999672,
  "plus_newton_valid_ratio": 1.0,
  "plus_newton_residual_mean": 5.785191842958905e-14,
  "plus_newton_residual_median": 8.881784197001252e-16,
  "plus_newton_residual_p90": 1.772124114118864e-13,
  "plus_newton_newton_iter_mean": 2.769225,
  "plus_newton_newton_iter_median": 3.0,
  "plus_newton_newton_iter_p90": 3.0,
  "plus_newton_converged_ratio": 1.0,
  "hp_use_log_features": true,
  "hp_optimizer": "adamw",
  "hp_loss_name": "smoothl1",
  "hp_dropout": 0.0,
  "hp_lr": 0.001,
  "hp_weight_decay": 1e-05,
  "hp_hidden_dims": "[256, 256, 128]",
  "hp_hidden_size": 128,
  "hp_num_layers": 2,
  "hp_head_hidden": 64,
  "hp_head_layers": 2,
  "hp_d_model": 96,
  "hp_nhead": 4,
  "hp_ff_dim": 128,
  "hp_use_cls_token": true
}