{
  "trial_id": 8,
  "trial_name": "trial_008_mlp",
  "model": "mlp",
  "best_epoch": 27,
  "elapsed_sec": 1948.2382769584656,
  "direct_mae": 0.0172552689909935,
  "direct_rmse": 0.029144087806344032,
  "direct_r2": 0.9977860698773827,
  "direct_valid_ratio": 0.809,
  "direct_residual_mean": 32.170847387719306,
  "direct_residual_median": 0.5953419534843448,
  "direct_residual_p90": 27.046803087459516,
  "plus_newton_mae": 0.003950852596533449,
  "plus_newton_rmse": 0.01755686498643196,
  "plus_newton_r2": 0.9991965535381354,
  "plus_newton_valid_ratio": 1.0,
  "plus_newton_residual_mean": 1.5948175777798204,
  "plus_newton_residual_median": 1.7763568394002505e-15,
  "plus_newton_residual_p90": 7.225851767638091,
  "plus_newton_newton_iter_mean": 4.0429,
  "plus_newton_newton_iter_median": 4.0,
  "plus_newton_newton_iter_p90": 7.0,
  "plus_newton_converged_ratio": 0.8089,
  "hp_use_log_features": true,
  "hp_optimizer": "adamw",
  "hp_weight_decay": 0.0001,
  "hp_dropout": 0.1,
  "hp_lr": 0.001,
  "hp_hidden_dims": "[256, 128, 64]",
  "hp_hidden_size": 128,
  "hp_num_layers": 2,
  "hp_head_hidden": 128,
  "hp_head_layers": 2,
  "hp_d_model": 96,
  "hp_nhead": 4,
  "hp_ff_dim": 192,
  "hp_use_cls_token": false
}