{
  "trial_id": 10,
  "trial_name": "trial_010_transformer",
  "model": "transformer",
  "best_epoch": 84,
  "elapsed_sec": 2449.0388576984406,
  "direct_mae": 0.00910586304962635,
  "direct_rmse": 0.013521285727620125,
  "direct_r2": 0.9995234604666392,
  "direct_valid_ratio": 0.8279,
  "direct_residual_mean": 2.476304138349314,
  "direct_residual_median": 0.18113518110759408,
  "direct_residual_p90": 3.3791957056549617,
  "plus_newton_mae": 0.0019133214116733943,
  "plus_newton_rmse": 0.007714210082310262,
  "plus_newton_r2": 0.9998448878107145,
  "plus_newton_valid_ratio": 1.0,
  "plus_newton_residual_mean": 1.0969710363959286,
  "plus_newton_residual_median": 8.881784197001252e-16,
  "plus_newton_residual_p90": 5.61116042044578,
  "plus_newton_newton_iter_mean": 3.3912,
  "plus_newton_newton_iter_median": 4.0,
  "plus_newton_newton_iter_p90": 5.0,
  "plus_newton_converged_ratio": 0.8278,
  "hp_use_log_features": true,
  "hp_optimizer": "adamw",
  "hp_weight_decay": 0.0001,
  "hp_dropout": 0.05,
  "hp_lr": 0.0005,
  "hp_hidden_dims": "[256, 256, 128]",
  "hp_hidden_size": 128,
  "hp_num_layers": 1,
  "hp_head_hidden": 128,
  "hp_head_layers": 2,
  "hp_d_model": 96,
  "hp_nhead": 4,
  "hp_ff_dim": 128,
  "hp_use_cls_token": true
}