{
  "trial_id": 12,
  "trial_name": "trial_012_transformer",
  "model": "transformer",
  "best_epoch": 173,
  "elapsed_sec": 3292.0214607715607,
  "direct_mae": 0.007194471545517445,
  "direct_rmse": 0.011144525371491909,
  "direct_r2": 0.9996762676524543,
  "direct_valid_ratio": 0.8797,
  "direct_residual_mean": 2.6957000158003206,
  "direct_residual_median": 0.205714318841255,
  "direct_residual_p90": 3.7002774509907685,
  "plus_newton_mae": 0.0010926230487765523,
  "plus_newton_rmse": 0.004989854027474721,
  "plus_newton_r2": 0.9999351008982584,
  "plus_newton_valid_ratio": 1.0,
  "plus_newton_residual_mean": 0.7439576289469889,
  "plus_newton_residual_median": 8.881784197001252e-16,
  "plus_newton_residual_p90": 4.540260959750719,
  "plus_newton_newton_iter_mean": 3.8054,
  "plus_newton_newton_iter_median": 4.0,
  "plus_newton_newton_iter_p90": 6.0,
  "plus_newton_converged_ratio": 0.8797,
  "hp_use_log_features": true,
  "hp_optimizer": "adamw",
  "hp_weight_decay": 0.0001,
  "hp_dropout": 0.05,
  "hp_lr": 0.0005,
  "hp_hidden_dims": "[256, 256, 128]",
  "hp_hidden_size": 128,
  "hp_num_layers": 1,
  "hp_head_hidden": 128,
  "hp_head_layers": 2,
  "hp_d_model": 96,
  "hp_nhead": 4,
  "hp_ff_dim": 192,
  "hp_use_cls_token": true
}