{
  "trial_id": 13,
  "trial_name": "trial_013_transformer",
  "model": "transformer",
  "best_epoch": 578,
  "elapsed_sec": 7777.454537153244,
  "direct_mae": 0.0028820568695664406,
  "direct_rmse": 0.00448370398953557,
  "direct_r2": 0.9999475993274265,
  "direct_valid_ratio": 0.9397,
  "direct_residual_mean": 1.3054493863810541,
  "direct_residual_median": 0.14933904784627416,
  "direct_residual_p90": 2.284063740151917,
  "plus_newton_mae": 0.0002485391674024878,
  "plus_newton_rmse": 0.0020055658754690752,
  "plus_newton_r2": 0.9999895157621045,
  "plus_newton_valid_ratio": 1.0,
  "plus_newton_residual_mean": 0.4098938013072981,
  "plus_newton_residual_median": 8.881784197001252e-16,
  "plus_newton_residual_p90": 4.289901767151605e-13,
  "plus_newton_newton_iter_mean": 3.8633,
  "plus_newton_newton_iter_median": 4.0,
  "plus_newton_newton_iter_p90": 6.0,
  "plus_newton_converged_ratio": 0.9397,
  "hp_use_log_features": true,
  "hp_optimizer": "adamw",
  "hp_weight_decay": 0.0001,
  "hp_dropout": 0.05,
  "hp_lr": 0.0005,
  "hp_hidden_dims": "[256, 256, 128]",
  "hp_hidden_size": 128,
  "hp_num_layers": 2,
  "hp_head_hidden": 128,
  "hp_head_layers": 2,
  "hp_d_model": 96,
  "hp_nhead": 4,
  "hp_ff_dim": 128,
  "hp_use_cls_token": false
}