{
  "trial_id": 14,
  "trial_name": "trial_014_transformer",
  "model": "transformer",
  "best_epoch": 203,
  "elapsed_sec": 4262.374715328217,
  "direct_mae": 0.004239882342517376,
  "direct_rmse": 0.005942975170910358,
  "direct_r2": 0.9999079400288148,
  "direct_valid_ratio": 0.9197,
  "direct_residual_mean": 2.244402380405982,
  "direct_residual_median": 0.1864137232143572,
  "direct_residual_p90": 3.58350035888649,
  "plus_newton_mae": 0.0003761946300690153,
  "plus_newton_rmse": 0.001999933617067152,
  "plus_newton_r2": 0.99998957456548,
  "plus_newton_valid_ratio": 1.0,
  "plus_newton_residual_mean": 0.5496125812825078,
  "plus_newton_residual_median": 8.881784197001252e-16,
  "plus_newton_residual_p90": 6.732392421326949e-13,
  "plus_newton_newton_iter_mean": 3.9742,
  "plus_newton_newton_iter_median": 4.0,
  "plus_newton_newton_iter_p90": 6.0,
  "plus_newton_converged_ratio": 0.9196,
  "hp_use_log_features": true,
  "hp_optimizer": "adamw",
  "hp_weight_decay": 0.0001,
  "hp_dropout": 0.05,
  "hp_lr": 0.0005,
  "hp_hidden_dims": "[256, 256, 128]",
  "hp_hidden_size": 128,
  "hp_num_layers": 2,
  "hp_head_hidden": 128,
  "hp_head_layers": 2,
  "hp_d_model": 96,
  "hp_nhead": 4,
  "hp_ff_dim": 128,
  "hp_use_cls_token": true
}