{
  "trial_id": 9,
  "trial_name": "trial_009_transformer",
  "model": "transformer",
  "best_epoch": 195,
  "elapsed_sec": 3161.4390473365784,
  "direct_mae": 0.0074069444090127945,
  "direct_rmse": 0.010722310282289982,
  "direct_r2": 0.999700332448051,
  "direct_valid_ratio": 0.8271,
  "direct_residual_mean": 1.6262048993863603,
  "direct_residual_median": 0.15301114925509474,
  "direct_residual_p90": 2.8406111673278374,
  "plus_newton_mae": 0.0016759331280018388,
  "plus_newton_rmse": 0.005889161670001645,
  "plus_newton_r2": 0.9999095996821673,
  "plus_newton_valid_ratio": 1.0,
  "plus_newton_residual_mean": 1.073798340087692,
  "plus_newton_residual_median": 1.1102230246251565e-15,
  "plus_newton_residual_p90": 5.645933746431655,
  "plus_newton_newton_iter_mean": 3.4112,
  "plus_newton_newton_iter_median": 4.0,
  "plus_newton_newton_iter_p90": 5.0,
  "plus_newton_converged_ratio": 0.827,
  "hp_use_log_features": true,
  "hp_optimizer": "adamw",
  "hp_weight_decay": 0.0001,
  "hp_dropout": 0.05,
  "hp_lr": 0.0005,
  "hp_hidden_dims": "[256, 256, 128]",
  "hp_hidden_size": 128,
  "hp_num_layers": 1,
  "hp_head_hidden": 128,
  "hp_head_layers": 2,
  "hp_d_model": 96,
  "hp_nhead": 4,
  "hp_ff_dim": 128,
  "hp_use_cls_token": false
}