{
  "trial_id": 18,
  "trial_name": "trial_018_transformer",
  "model": "transformer",
  "best_epoch": 19,
  "elapsed_sec": 1915.4793169498444,
  "direct_mae": 0.015267705544829369,
  "direct_rmse": 0.022898180410265923,
  "direct_r2": 0.9986333260460363,
  "direct_valid_ratio": 0.7715,
  "direct_residual_mean": 30.35269459153895,
  "direct_residual_median": 0.5373916185115147,
  "direct_residual_p90": 24.951967841852404,
  "plus_newton_mae": 0.004105941670772035,
  "plus_newton_rmse": 0.01407490882236221,
  "plus_newton_r2": 0.999483638107169,
  "plus_newton_valid_ratio": 1.0,
  "plus_newton_residual_mean": 1.6841373129178978,
  "plus_newton_residual_median": 1.7763568394002505e-15,
  "plus_newton_residual_p90": 7.001304525211327,
  "plus_newton_newton_iter_mean": 3.741,
  "plus_newton_newton_iter_median": 4.0,
  "plus_newton_newton_iter_p90": 6.0,
  "plus_newton_converged_ratio": 0.7715,
  "hp_use_log_features": true,
  "hp_optimizer": "adamw",
  "hp_weight_decay": 0.0001,
  "hp_dropout": 0.1,
  "hp_lr": 0.0005,
  "hp_hidden_dims": "[256, 256, 128]",
  "hp_hidden_size": 128,
  "hp_num_layers": 1,
  "hp_head_hidden": 128,
  "hp_head_layers": 2,
  "hp_d_model": 64,
  "hp_nhead": 4,
  "hp_ff_dim": 128,
  "hp_use_cls_token": true
}