{
  "trial_id": 85,
  "trial_name": "trial_085_transformer",
  "model": "transformer",
  "best_epoch": 57,
  "elapsed_sec": 576.1271328926086,
  "direct_mae": 0.0013496846659108996,
  "direct_rmse": 0.0025344695895910263,
  "direct_r2": 0.9999830686094437,
  "direct_valid_ratio": 1.0,
  "direct_residual_mean": 0.02428191499705389,
  "direct_residual_median": 0.004162900613516651,
  "direct_residual_p90": 0.027606568561430764,
  "plus_newton_mae": 7.868448163184512e-08,
  "plus_newton_rmse": 1.1146555928640287e-07,
  "plus_newton_r2": 0.9999999999999672,
  "plus_newton_valid_ratio": 1.0,
  "plus_newton_residual_mean": 6.327335165245962e-14,
  "plus_newton_residual_median": 8.881784197001252e-16,
  "plus_newton_residual_p90": 2.086691930358597e-13,
  "plus_newton_newton_iter_mean": 2.70905,
  "plus_newton_newton_iter_median": 3.0,
  "plus_newton_newton_iter_p90": 3.0,
  "plus_newton_converged_ratio": 1.0,
  "hp_use_log_features": true,
  "hp_optimizer": "adamw",
  "hp_loss_name": "mse",
  "hp_dropout": 0.0,
  "hp_lr": 0.0005,
  "hp_weight_decay": 1e-05,
  "hp_hidden_dims": "[256, 256, 128]",
  "hp_hidden_size": 128,
  "hp_num_layers": 1,
  "hp_head_hidden": 128,
  "hp_head_layers": 2,
  "hp_d_model": 96,
  "hp_nhead": 4,
  "hp_ff_dim": 128,
  "hp_use_cls_token": false
}{
  "trial_id": 85,
  "trial_name": "trial_085_transformer",
  "model": "transformer",
  "best_epoch": 57,
  "elapsed_sec": 576.1271328926086,
  "direct_mae": 0.0013496846659108996,
  "direct_rmse": 0.0025344695895910263,
  "direct_r2": 0.9999830686094437,
  "direct_valid_ratio": 1.0,
  "direct_residual_mean": 0.02428191499705389,
  "direct_residual_median": 0.004162900613516651,
  "direct_residual_p90": 0.027606568561430764,
  "plus_newton_mae": 7.868448163184512e-08,
  "plus_newton_rmse": 1.1146555928640287e-07,
  "plus_newton_r2": 0.9999999999999672,
  "plus_newton_valid_ratio": 1.0,
  "plus_newton_residual_mean": 6.327335165245962e-14,
  "plus_newton_residual_median": 8.881784197001252e-16,
  "plus_newton_residual_p90": 2.086691930358597e-13,
  "plus_newton_newton_iter_mean": 2.70905,
  "plus_newton_newton_iter_median": 3.0,
  "plus_newton_newton_iter_p90": 3.0,
  "plus_newton_converged_ratio": 1.0,
  "hp_use_log_features": true,
  "hp_optimizer": "adamw",
  "hp_loss_name": "mse",
  "hp_dropout": 0.0,
  "hp_lr": 0.0005,
  "hp_weight_decay": 1e-05,
  "hp_hidden_dims": "[256, 256, 128]",
  "hp_hidden_size": 128,
  "hp_num_layers": 1,
  "hp_head_hidden": 128,
  "hp_head_layers": 2,
  "hp_d_model": 96,
  "hp_nhead": 4,
  "hp_ff_dim": 128,
  "hp_use_cls_token": false
}