{
  "trial_id": 32,
  "trial_name": "trial_032_transformer",
  "model": "transformer",
  "best_epoch": 107,
  "elapsed_sec": 986.2789764404297,
  "direct_mae": 0.0009548836387693882,
  "direct_rmse": 0.001755082281306386,
  "direct_r2": 0.9999918807967878,
  "direct_valid_ratio": 1.0,
  "direct_residual_mean": 0.01854776319086143,
  "direct_residual_median": 0.002871780865671747,
  "direct_residual_p90": 0.02149673340654718,
  "plus_newton_mae": 7.868448198470442e-08,
  "plus_newton_rmse": 1.114655597032468e-07,
  "plus_newton_r2": 0.9999999999999672,
  "plus_newton_valid_ratio": 1.0,
  "plus_newton_residual_mean": 6.686140497273127e-14,
  "plus_newton_residual_median": 8.881784197001252e-16,
  "plus_newton_residual_p90": 2.2400414856349447e-13,
  "plus_newton_newton_iter_mean": 2.6362,
  "plus_newton_newton_iter_median": 3.0,
  "plus_newton_newton_iter_p90": 3.0,
  "plus_newton_converged_ratio": 1.0,
  "hp_use_log_features": true,
  "hp_optimizer": "adamw",
  "hp_loss_name": "mse",
  "hp_dropout": 0.0,
  "hp_lr": 0.001,
  "hp_weight_decay": 1e-05,
  "hp_hidden_dims": "[256, 256, 128]",
  "hp_hidden_size": 128,
  "hp_num_layers": 2,
  "hp_head_hidden": 128,
  "hp_head_layers": 2,
  "hp_d_model": 96,
  "hp_nhead": 4,
  "hp_ff_dim": 192,
  "hp_use_cls_token": true
}{
  "trial_id": 32,
  "trial_name": "trial_032_transformer",
  "model": "transformer",
  "best_epoch": 107,
  "elapsed_sec": 986.2789764404297,
  "direct_mae": 0.0009548836387693882,
  "direct_rmse": 0.001755082281306386,
  "direct_r2": 0.9999918807967878,
  "direct_valid_ratio": 1.0,
  "direct_residual_mean": 0.01854776319086143,
  "direct_residual_median": 0.002871780865671747,
  "direct_residual_p90": 0.02149673340654718,
  "plus_newton_mae": 7.868448198470442e-08,
  "plus_newton_rmse": 1.114655597032468e-07,
  "plus_newton_r2": 0.9999999999999672,
  "plus_newton_valid_ratio": 1.0,
  "plus_newton_residual_mean": 6.686140497273127e-14,
  "plus_newton_residual_median": 8.881784197001252e-16,
  "plus_newton_residual_p90": 2.2400414856349447e-13,
  "plus_newton_newton_iter_mean": 2.6362,
  "plus_newton_newton_iter_median": 3.0,
  "plus_newton_newton_iter_p90": 3.0,
  "plus_newton_converged_ratio": 1.0,
  "hp_use_log_features": true,
  "hp_optimizer": "adamw",
  "hp_loss_name": "mse",
  "hp_dropout": 0.0,
  "hp_lr": 0.001,
  "hp_weight_decay": 1e-05,
  "hp_hidden_dims": "[256, 256, 128]",
  "hp_hidden_size": 128,
  "hp_num_layers": 2,
  "hp_head_hidden": 128,
  "hp_head_layers": 2,
  "hp_d_model": 96,
  "hp_nhead": 4,
  "hp_ff_dim": 192,
  "hp_use_cls_token": true
}