{
  "trial_id": 22,
  "trial_name": "trial_022_transformer",
  "model": "transformer",
  "best_epoch": 41,
  "elapsed_sec": 489.8210623264313,
  "direct_mae": 0.0014828309649601579,
  "direct_rmse": 0.002749494044110179,
  "direct_r2": 0.9999800738229512,
  "direct_valid_ratio": 1.0,
  "direct_residual_mean": 0.024878683586887943,
  "direct_residual_median": 0.0037347599824904404,
  "direct_residual_p90": 0.023396101482104893,
  "plus_newton_mae": 7.868448197502672e-08,
  "plus_newton_rmse": 1.1146555920445573e-07,
  "plus_newton_r2": 0.9999999999999672,
  "plus_newton_valid_ratio": 1.0,
  "plus_newton_residual_mean": 6.534292018693327e-14,
  "plus_newton_residual_median": 8.881784197001252e-16,
  "plus_newton_residual_p90": 2.1760371282653068e-13,
  "plus_newton_newton_iter_mean": 2.70355,
  "plus_newton_newton_iter_median": 3.0,
  "plus_newton_newton_iter_p90": 3.0,
  "plus_newton_converged_ratio": 1.0,
  "hp_use_log_features": true,
  "hp_optimizer": "adamw",
  "hp_loss_name": "mse",
  "hp_dropout": 0.0,
  "hp_lr": 0.001,
  "hp_weight_decay": 1e-05,
  "hp_hidden_dims": "[256, 256, 128]",
  "hp_hidden_size": 128,
  "hp_num_layers": 1,
  "hp_head_hidden": 128,
  "hp_head_layers": 2,
  "hp_d_model": 96,
  "hp_nhead": 4,
  "hp_ff_dim": 128,
  "hp_use_cls_token": true
}{
  "trial_id": 22,
  "trial_name": "trial_022_transformer",
  "model": "transformer",
  "best_epoch": 41,
  "elapsed_sec": 489.8210623264313,
  "direct_mae": 0.0014828309649601579,
  "direct_rmse": 0.002749494044110179,
  "direct_r2": 0.9999800738229512,
  "direct_valid_ratio": 1.0,
  "direct_residual_mean": 0.024878683586887943,
  "direct_residual_median": 0.0037347599824904404,
  "direct_residual_p90": 0.023396101482104893,
  "plus_newton_mae": 7.868448197502672e-08,
  "plus_newton_rmse": 1.1146555920445573e-07,
  "plus_newton_r2": 0.9999999999999672,
  "plus_newton_valid_ratio": 1.0,
  "plus_newton_residual_mean": 6.534292018693327e-14,
  "plus_newton_residual_median": 8.881784197001252e-16,
  "plus_newton_residual_p90": 2.1760371282653068e-13,
  "plus_newton_newton_iter_mean": 2.70355,
  "plus_newton_newton_iter_median": 3.0,
  "plus_newton_newton_iter_p90": 3.0,
  "plus_newton_converged_ratio": 1.0,
  "hp_use_log_features": true,
  "hp_optimizer": "adamw",
  "hp_loss_name": "mse",
  "hp_dropout": 0.0,
  "hp_lr": 0.001,
  "hp_weight_decay": 1e-05,
  "hp_hidden_dims": "[256, 256, 128]",
  "hp_hidden_size": 128,
  "hp_num_layers": 1,
  "hp_head_hidden": 128,
  "hp_head_layers": 2,
  "hp_d_model": 96,
  "hp_nhead": 4,
  "hp_ff_dim": 128,
  "hp_use_cls_token": true
}