{
  "trial_id": 1,
  "trial_name": "trial_001_transformer",
  "model": "transformer",
  "best_epoch": 72,
  "elapsed_sec": 720.5539844036102,
  "direct_mae": 0.0011678512673825026,
  "direct_rmse": 0.0021427113097161055,
  "direct_r2": 0.9999878983162683,
  "direct_valid_ratio": 1.0,
  "direct_residual_mean": 0.029941497723934594,
  "direct_residual_median": 0.0043438582354795585,
  "direct_residual_p90": 0.03297748284706923,
  "plus_newton_mae": 7.86844815908696e-08,
  "plus_newton_rmse": 1.114655591215514e-07,
  "plus_newton_r2": 0.9999999999999672,
  "plus_newton_valid_ratio": 1.0,
  "plus_newton_residual_mean": 4.755979193963792e-14,
  "plus_newton_residual_median": 8.881784197001252e-16,
  "plus_newton_residual_p90": 1.1191048088221578e-13,
  "plus_newton_newton_iter_mean": 2.833075,
  "plus_newton_newton_iter_median": 3.0,
  "plus_newton_newton_iter_p90": 3.0,
  "plus_newton_converged_ratio": 1.0,
  "hp_use_log_features": true,
  "hp_optimizer": "adamw",
  "hp_loss_name": "smoothl1",
  "hp_dropout": 0.0,
  "hp_lr": 0.001,
  "hp_weight_decay": 1e-05,
  "hp_hidden_dims": "[256, 256, 128]",
  "hp_hidden_size": 128,
  "hp_num_layers": 1,
  "hp_head_hidden": 128,
  "hp_head_layers": 2,
  "hp_d_model": 64,
  "hp_nhead": 4,
  "hp_ff_dim": 128,
  "hp_use_cls_token": false
}{
  "trial_id": 1,
  "trial_name": "trial_001_transformer",
  "model": "transformer",
  "best_epoch": 72,
  "elapsed_sec": 720.5539844036102,
  "direct_mae": 0.0011678512673825026,
  "direct_rmse": 0.0021427113097161055,
  "direct_r2": 0.9999878983162683,
  "direct_valid_ratio": 1.0,
  "direct_residual_mean": 0.029941497723934594,
  "direct_residual_median": 0.0043438582354795585,
  "direct_residual_p90": 0.03297748284706923,
  "plus_newton_mae": 7.86844815908696e-08,
  "plus_newton_rmse": 1.114655591215514e-07,
  "plus_newton_r2": 0.9999999999999672,
  "plus_newton_valid_ratio": 1.0,
  "plus_newton_residual_mean": 4.755979193963792e-14,
  "plus_newton_residual_median": 8.881784197001252e-16,
  "plus_newton_residual_p90": 1.1191048088221578e-13,
  "plus_newton_newton_iter_mean": 2.833075,
  "plus_newton_newton_iter_median": 3.0,
  "plus_newton_newton_iter_p90": 3.0,
  "plus_newton_converged_ratio": 1.0,
  "hp_use_log_features": true,
  "hp_optimizer": "adamw",
  "hp_loss_name": "smoothl1",
  "hp_dropout": 0.0,
  "hp_lr": 0.001,
  "hp_weight_decay": 1e-05,
  "hp_hidden_dims": "[256, 256, 128]",
  "hp_hidden_size": 128,
  "hp_num_layers": 1,
  "hp_head_hidden": 128,
  "hp_head_layers": 2,
  "hp_d_model": 64,
  "hp_nhead": 4,
  "hp_ff_dim": 128,
  "hp_use_cls_token": false
}