{
  "trial_id": 67,
  "trial_name": "trial_067_transformer",
  "model": "transformer",
  "best_epoch": 120,
  "elapsed_sec": 865.878555059433,
  "direct_mae": 0.0009986376389861107,
  "direct_rmse": 0.001857293420471251,
  "direct_r2": 0.999990907580271,
  "direct_valid_ratio": 1.0,
  "direct_residual_mean": 0.018582522775904216,
  "direct_residual_median": 0.002810422031991333,
  "direct_residual_p90": 0.01980804831326679,
  "plus_newton_mae": 7.868448161122496e-08,
  "plus_newton_rmse": 1.1146555908050657e-07,
  "plus_newton_r2": 0.9999999999999672,
  "plus_newton_valid_ratio": 1.0,
  "plus_newton_residual_mean": 6.853103808396934e-14,
  "plus_newton_residual_median": 8.881784197001252e-16,
  "plus_newton_residual_p90": 2.3538948568102537e-13,
  "plus_newton_newton_iter_mean": 2.640875,
  "plus_newton_newton_iter_median": 3.0,
  "plus_newton_newton_iter_p90": 3.0,
  "plus_newton_converged_ratio": 1.0,
  "hp_use_log_features": true,
  "hp_optimizer": "adamw",
  "hp_loss_name": "smoothl1",
  "hp_dropout": 0.0,
  "hp_lr": 0.0005,
  "hp_weight_decay": 1e-05,
  "hp_hidden_dims": "[256, 256, 128]",
  "hp_hidden_size": 128,
  "hp_num_layers": 1,
  "hp_head_hidden": 128,
  "hp_head_layers": 2,
  "hp_d_model": 64,
  "hp_nhead": 4,
  "hp_ff_dim": 192,
  "hp_use_cls_token": false
}{
  "trial_id": 67,
  "trial_name": "trial_067_transformer",
  "model": "transformer",
  "best_epoch": 120,
  "elapsed_sec": 865.878555059433,
  "direct_mae": 0.0009986376389861107,
  "direct_rmse": 0.001857293420471251,
  "direct_r2": 0.999990907580271,
  "direct_valid_ratio": 1.0,
  "direct_residual_mean": 0.018582522775904216,
  "direct_residual_median": 0.002810422031991333,
  "direct_residual_p90": 0.01980804831326679,
  "plus_newton_mae": 7.868448161122496e-08,
  "plus_newton_rmse": 1.1146555908050657e-07,
  "plus_newton_r2": 0.9999999999999672,
  "plus_newton_valid_ratio": 1.0,
  "plus_newton_residual_mean": 6.853103808396934e-14,
  "plus_newton_residual_median": 8.881784197001252e-16,
  "plus_newton_residual_p90": 2.3538948568102537e-13,
  "plus_newton_newton_iter_mean": 2.640875,
  "plus_newton_newton_iter_median": 3.0,
  "plus_newton_newton_iter_p90": 3.0,
  "plus_newton_converged_ratio": 1.0,
  "hp_use_log_features": true,
  "hp_optimizer": "adamw",
  "hp_loss_name": "smoothl1",
  "hp_dropout": 0.0,
  "hp_lr": 0.0005,
  "hp_weight_decay": 1e-05,
  "hp_hidden_dims": "[256, 256, 128]",
  "hp_hidden_size": 128,
  "hp_num_layers": 1,
  "hp_head_hidden": 128,
  "hp_head_layers": 2,
  "hp_d_model": 64,
  "hp_nhead": 4,
  "hp_ff_dim": 192,
  "hp_use_cls_token": false
}