{
  "trial_id": 88,
  "trial_name": "trial_088_transformer",
  "model": "transformer",
  "best_epoch": 119,
  "elapsed_sec": 884.675722360611,
  "direct_mae": 0.0009010023786686361,
  "direct_rmse": 0.0016989418072625995,
  "direct_r2": 0.9999923919139077,
  "direct_valid_ratio": 1.0,
  "direct_residual_mean": 0.017293507988008897,
  "direct_residual_median": 0.002472464649754126,
  "direct_residual_p90": 0.016100033879958328,
  "plus_newton_mae": 7.868448125559182e-08,
  "plus_newton_rmse": 1.1146555885903391e-07,
  "plus_newton_r2": 0.9999999999999672,
  "plus_newton_valid_ratio": 1.0,
  "plus_newton_residual_mean": 7.701288330892107e-14,
  "plus_newton_residual_median": 8.881784197001252e-16,
  "plus_newton_residual_p90": 2.8332891588433995e-13,
  "plus_newton_newton_iter_mean": 2.54965,
  "plus_newton_newton_iter_median": 3.0,
  "plus_newton_newton_iter_p90": 3.0,
  "plus_newton_converged_ratio": 1.0,
  "hp_use_log_features": true,
  "hp_optimizer": "adamw",
  "hp_loss_name": "mse",
  "hp_dropout": 0.0,
  "hp_lr": 0.0005,
  "hp_weight_decay": 1e-05,
  "hp_hidden_dims": "[256, 256, 128]",
  "hp_hidden_size": 128,
  "hp_num_layers": 1,
  "hp_head_hidden": 128,
  "hp_head_layers": 2,
  "hp_d_model": 96,
  "hp_nhead": 4,
  "hp_ff_dim": 192,
  "hp_use_cls_token": true
}{
  "trial_id": 88,
  "trial_name": "trial_088_transformer",
  "model": "transformer",
  "best_epoch": 119,
  "elapsed_sec": 884.675722360611,
  "direct_mae": 0.0009010023786686361,
  "direct_rmse": 0.0016989418072625995,
  "direct_r2": 0.9999923919139077,
  "direct_valid_ratio": 1.0,
  "direct_residual_mean": 0.017293507988008897,
  "direct_residual_median": 0.002472464649754126,
  "direct_residual_p90": 0.016100033879958328,
  "plus_newton_mae": 7.868448125559182e-08,
  "plus_newton_rmse": 1.1146555885903391e-07,
  "plus_newton_r2": 0.9999999999999672,
  "plus_newton_valid_ratio": 1.0,
  "plus_newton_residual_mean": 7.701288330892107e-14,
  "plus_newton_residual_median": 8.881784197001252e-16,
  "plus_newton_residual_p90": 2.8332891588433995e-13,
  "plus_newton_newton_iter_mean": 2.54965,
  "plus_newton_newton_iter_median": 3.0,
  "plus_newton_newton_iter_p90": 3.0,
  "plus_newton_converged_ratio": 1.0,
  "hp_use_log_features": true,
  "hp_optimizer": "adamw",
  "hp_loss_name": "mse",
  "hp_dropout": 0.0,
  "hp_lr": 0.0005,
  "hp_weight_decay": 1e-05,
  "hp_hidden_dims": "[256, 256, 128]",
  "hp_hidden_size": 128,
  "hp_num_layers": 1,
  "hp_head_hidden": 128,
  "hp_head_layers": 2,
  "hp_d_model": 96,
  "hp_nhead": 4,
  "hp_ff_dim": 192,
  "hp_use_cls_token": true
}