{
  "trial_id": 26,
  "trial_name": "trial_026_transformer",
  "model": "transformer",
  "best_epoch": 114,
  "elapsed_sec": 987.5810408592224,
  "direct_mae": 0.0009592766873538494,
  "direct_rmse": 0.0018653623992577195,
  "direct_r2": 0.9999908284049962,
  "direct_valid_ratio": 1.0,
  "direct_residual_mean": 0.021285943061373068,
  "direct_residual_median": 0.0030148949019817295,
  "direct_residual_p90": 0.021482825848264428,
  "plus_newton_mae": 7.868448094102871e-08,
  "plus_newton_rmse": 1.11465558349941e-07,
  "plus_newton_r2": 0.9999999999999672,
  "plus_newton_valid_ratio": 1.0,
  "plus_newton_residual_mean": 6.547207139555133e-14,
  "plus_newton_residual_median": 8.881784197001252e-16,
  "plus_newton_residual_p90": 2.1628254742722658e-13,
  "plus_newton_newton_iter_mean": 2.651175,
  "plus_newton_newton_iter_median": 3.0,
  "plus_newton_newton_iter_p90": 3.0,
  "plus_newton_converged_ratio": 1.0,
  "hp_use_log_features": true,
  "hp_optimizer": "adamw",
  "hp_loss_name": "mse",
  "hp_dropout": 0.0,
  "hp_lr": 0.001,
  "hp_weight_decay": 1e-05,
  "hp_hidden_dims": "[256, 256, 128]",
  "hp_hidden_size": 128,
  "hp_num_layers": 2,
  "hp_head_hidden": 128,
  "hp_head_layers": 2,
  "hp_d_model": 64,
  "hp_nhead": 4,
  "hp_ff_dim": 128,
  "hp_use_cls_token": true
}{
  "trial_id": 26,
  "trial_name": "trial_026_transformer",
  "model": "transformer",
  "best_epoch": 114,
  "elapsed_sec": 987.5810408592224,
  "direct_mae": 0.0009592766873538494,
  "direct_rmse": 0.0018653623992577195,
  "direct_r2": 0.9999908284049962,
  "direct_valid_ratio": 1.0,
  "direct_residual_mean": 0.021285943061373068,
  "direct_residual_median": 0.0030148949019817295,
  "direct_residual_p90": 0.021482825848264428,
  "plus_newton_mae": 7.868448094102871e-08,
  "plus_newton_rmse": 1.11465558349941e-07,
  "plus_newton_r2": 0.9999999999999672,
  "plus_newton_valid_ratio": 1.0,
  "plus_newton_residual_mean": 6.547207139555133e-14,
  "plus_newton_residual_median": 8.881784197001252e-16,
  "plus_newton_residual_p90": 2.1628254742722658e-13,
  "plus_newton_newton_iter_mean": 2.651175,
  "plus_newton_newton_iter_median": 3.0,
  "plus_newton_newton_iter_p90": 3.0,
  "plus_newton_converged_ratio": 1.0,
  "hp_use_log_features": true,
  "hp_optimizer": "adamw",
  "hp_loss_name": "mse",
  "hp_dropout": 0.0,
  "hp_lr": 0.001,
  "hp_weight_decay": 1e-05,
  "hp_hidden_dims": "[256, 256, 128]",
  "hp_hidden_size": 128,
  "hp_num_layers": 2,
  "hp_head_hidden": 128,
  "hp_head_layers": 2,
  "hp_d_model": 64,
  "hp_nhead": 4,
  "hp_ff_dim": 128,
  "hp_use_cls_token": true
}