{
  "trial_id": 7,
  "trial_name": "trial_007_transformer",
  "model": "transformer",
  "best_epoch": 111,
  "elapsed_sec": 918.4673113822937,
  "direct_mae": 0.0010217789094895124,
  "direct_rmse": 0.0019516297616064548,
  "direct_r2": 0.9999899604718453,
  "direct_valid_ratio": 1.0,
  "direct_residual_mean": 0.018151805078585416,
  "direct_residual_median": 0.0028785526318465815,
  "direct_residual_p90": 0.023836186160613282,
  "plus_newton_mae": 7.868448166153798e-08,
  "plus_newton_rmse": 1.1146555876468279e-07,
  "plus_newton_r2": 0.9999999999999672,
  "plus_newton_valid_ratio": 1.0,
  "plus_newton_residual_mean": 6.238383757411824e-14,
  "plus_newton_residual_median": 8.881784197001252e-16,
  "plus_newton_residual_p90": 2.007283228522283e-13,
  "plus_newton_newton_iter_mean": 2.669225,
  "plus_newton_newton_iter_median": 3.0,
  "plus_newton_newton_iter_p90": 3.0,
  "plus_newton_converged_ratio": 1.0,
  "hp_use_log_features": true,
  "hp_optimizer": "adamw",
  "hp_loss_name": "smoothl1",
  "hp_dropout": 0.0,
  "hp_lr": 0.001,
  "hp_weight_decay": 1e-05,
  "hp_hidden_dims": "[256, 256, 128]",
  "hp_hidden_size": 128,
  "hp_num_layers": 1,
  "hp_head_hidden": 128,
  "hp_head_layers": 2,
  "hp_d_model": 96,
  "hp_nhead": 4,
  "hp_ff_dim": 192,
  "hp_use_cls_token": false
}{
  "trial_id": 7,
  "trial_name": "trial_007_transformer",
  "model": "transformer",
  "best_epoch": 111,
  "elapsed_sec": 918.4673113822937,
  "direct_mae": 0.0010217789094895124,
  "direct_rmse": 0.0019516297616064548,
  "direct_r2": 0.9999899604718453,
  "direct_valid_ratio": 1.0,
  "direct_residual_mean": 0.018151805078585416,
  "direct_residual_median": 0.0028785526318465815,
  "direct_residual_p90": 0.023836186160613282,
  "plus_newton_mae": 7.868448166153798e-08,
  "plus_newton_rmse": 1.1146555876468279e-07,
  "plus_newton_r2": 0.9999999999999672,
  "plus_newton_valid_ratio": 1.0,
  "plus_newton_residual_mean": 6.238383757411824e-14,
  "plus_newton_residual_median": 8.881784197001252e-16,
  "plus_newton_residual_p90": 2.007283228522283e-13,
  "plus_newton_newton_iter_mean": 2.669225,
  "plus_newton_newton_iter_median": 3.0,
  "plus_newton_newton_iter_p90": 3.0,
  "plus_newton_converged_ratio": 1.0,
  "hp_use_log_features": true,
  "hp_optimizer": "adamw",
  "hp_loss_name": "smoothl1",
  "hp_dropout": 0.0,
  "hp_lr": 0.001,
  "hp_weight_decay": 1e-05,
  "hp_hidden_dims": "[256, 256, 128]",
  "hp_hidden_size": 128,
  "hp_num_layers": 1,
  "hp_head_hidden": 128,
  "hp_head_layers": 2,
  "hp_d_model": 96,
  "hp_nhead": 4,
  "hp_ff_dim": 192,
  "hp_use_cls_token": false
}