{
  "trial_id": 46,
  "trial_name": "trial_046_transformer",
  "model": "transformer",
  "best_epoch": 91,
  "elapsed_sec": 911.838383436203,
  "direct_mae": 0.0010144688421860337,
  "direct_rmse": 0.001893677399493754,
  "direct_r2": 0.9999905478544673,
  "direct_valid_ratio": 1.0,
  "direct_residual_mean": 0.019333488597753582,
  "direct_residual_median": 0.00306620359484297,
  "direct_residual_p90": 0.020093226873003498,
  "plus_newton_mae": 7.868448108722184e-08,
  "plus_newton_rmse": 1.1146555782086447e-07,
  "plus_newton_r2": 0.9999999999999672,
  "plus_newton_valid_ratio": 1.0,
  "plus_newton_residual_mean": 6.690122691621706e-14,
  "plus_newton_residual_median": 8.881784197001252e-16,
  "plus_newton_residual_p90": 2.3447910280083306e-13,
  "plus_newton_newton_iter_mean": 2.65535,
  "plus_newton_newton_iter_median": 3.0,
  "plus_newton_newton_iter_p90": 3.0,
  "plus_newton_converged_ratio": 1.0,
  "hp_use_log_features": true,
  "hp_optimizer": "adamw",
  "hp_loss_name": "smoothl1",
  "hp_dropout": 0.0,
  "hp_lr": 0.001,
  "hp_weight_decay": 0.0001,
  "hp_hidden_dims": "[256, 256, 128]",
  "hp_hidden_size": 128,
  "hp_num_layers": 2,
  "hp_head_hidden": 128,
  "hp_head_layers": 2,
  "hp_d_model": 96,
  "hp_nhead": 4,
  "hp_ff_dim": 128,
  "hp_use_cls_token": true
}{
  "trial_id": 46,
  "trial_name": "trial_046_transformer",
  "model": "transformer",
  "best_epoch": 91,
  "elapsed_sec": 911.838383436203,
  "direct_mae": 0.0010144688421860337,
  "direct_rmse": 0.001893677399493754,
  "direct_r2": 0.9999905478544673,
  "direct_valid_ratio": 1.0,
  "direct_residual_mean": 0.019333488597753582,
  "direct_residual_median": 0.00306620359484297,
  "direct_residual_p90": 0.020093226873003498,
  "plus_newton_mae": 7.868448108722184e-08,
  "plus_newton_rmse": 1.1146555782086447e-07,
  "plus_newton_r2": 0.9999999999999672,
  "plus_newton_valid_ratio": 1.0,
  "plus_newton_residual_mean": 6.690122691621706e-14,
  "plus_newton_residual_median": 8.881784197001252e-16,
  "plus_newton_residual_p90": 2.3447910280083306e-13,
  "plus_newton_newton_iter_mean": 2.65535,
  "plus_newton_newton_iter_median": 3.0,
  "plus_newton_newton_iter_p90": 3.0,
  "plus_newton_converged_ratio": 1.0,
  "hp_use_log_features": true,
  "hp_optimizer": "adamw",
  "hp_loss_name": "smoothl1",
  "hp_dropout": 0.0,
  "hp_lr": 0.001,
  "hp_weight_decay": 0.0001,
  "hp_hidden_dims": "[256, 256, 128]",
  "hp_hidden_size": 128,
  "hp_num_layers": 2,
  "hp_head_hidden": 128,
  "hp_head_layers": 2,
  "hp_d_model": 96,
  "hp_nhead": 4,
  "hp_ff_dim": 128,
  "hp_use_cls_token": true
}