{
  "trial_id": 50,
  "trial_name": "trial_050_transformer",
  "model": "transformer",
  "best_epoch": 114,
  "elapsed_sec": 886.0072596073151,
  "direct_mae": 0.0010771342786028981,
  "direct_rmse": 0.0019721321295946836,
  "direct_r2": 0.9999897484282976,
  "direct_valid_ratio": 1.0,
  "direct_residual_mean": 0.025668501919467332,
  "direct_residual_median": 0.004721021160179806,
  "direct_residual_p90": 0.033744548995437655,
  "plus_newton_mae": 7.868448198934886e-08,
  "plus_newton_rmse": 1.1146555955326022e-07,
  "plus_newton_r2": 0.9999999999999672,
  "plus_newton_valid_ratio": 1.0,
  "plus_newton_residual_mean": 5.6187298087115505e-14,
  "plus_newton_residual_median": 8.881784197001252e-16,
  "plus_newton_residual_p90": 1.6674717162601354e-13,
  "plus_newton_newton_iter_mean": 2.7906,
  "plus_newton_newton_iter_median": 3.0,
  "plus_newton_newton_iter_p90": 3.0,
  "plus_newton_converged_ratio": 1.0,
  "hp_use_log_features": true,
  "hp_optimizer": "adamw",
  "hp_loss_name": "mse",
  "hp_dropout": 0.0,
  "hp_lr": 0.001,
  "hp_weight_decay": 0.0001,
  "hp_hidden_dims": "[256, 256, 128]",
  "hp_hidden_size": 128,
  "hp_num_layers": 1,
  "hp_head_hidden": 128,
  "hp_head_layers": 2,
  "hp_d_model": 64,
  "hp_nhead": 4,
  "hp_ff_dim": 128,
  "hp_use_cls_token": true
}{
  "trial_id": 50,
  "trial_name": "trial_050_transformer",
  "model": "transformer",
  "best_epoch": 114,
  "elapsed_sec": 886.0072596073151,
  "direct_mae": 0.0010771342786028981,
  "direct_rmse": 0.0019721321295946836,
  "direct_r2": 0.9999897484282976,
  "direct_valid_ratio": 1.0,
  "direct_residual_mean": 0.025668501919467332,
  "direct_residual_median": 0.004721021160179806,
  "direct_residual_p90": 0.033744548995437655,
  "plus_newton_mae": 7.868448198934886e-08,
  "plus_newton_rmse": 1.1146555955326022e-07,
  "plus_newton_r2": 0.9999999999999672,
  "plus_newton_valid_ratio": 1.0,
  "plus_newton_residual_mean": 5.6187298087115505e-14,
  "plus_newton_residual_median": 8.881784197001252e-16,
  "plus_newton_residual_p90": 1.6674717162601354e-13,
  "plus_newton_newton_iter_mean": 2.7906,
  "plus_newton_newton_iter_median": 3.0,
  "plus_newton_newton_iter_p90": 3.0,
  "plus_newton_converged_ratio": 1.0,
  "hp_use_log_features": true,
  "hp_optimizer": "adamw",
  "hp_loss_name": "mse",
  "hp_dropout": 0.0,
  "hp_lr": 0.001,
  "hp_weight_decay": 0.0001,
  "hp_hidden_dims": "[256, 256, 128]",
  "hp_hidden_size": 128,
  "hp_num_layers": 1,
  "hp_head_hidden": 128,
  "hp_head_layers": 2,
  "hp_d_model": 64,
  "hp_nhead": 4,
  "hp_ff_dim": 128,
  "hp_use_cls_token": true
}