{
  "trial_id": 10,
  "trial_name": "trial_010_lstm",
  "model": "lstm",
  "best_epoch": 47,
  "elapsed_sec": 1486.563637495041,
  "direct_mae": 0.0037343655712902546,
  "direct_rmse": 0.005151247605681419,
  "direct_r2": 0.9999308347615384,
  "direct_valid_ratio": 0.9179,
  "direct_residual_mean": 2.971428521695113,
  "direct_residual_median": 0.1441593626231886,
  "direct_residual_p90": 2.9142384403054153,
  "plus_newton_mae": 0.0005259556879046767,
  "plus_newton_rmse": 0.021928542839052434,
  "plus_newton_r2": 0.9987466206045357,
  "plus_newton_valid_ratio": 1.0,
  "plus_newton_residual_mean": 0.5000268676640831,
  "plus_newton_residual_median": 8.881784197001252e-16,
  "plus_newton_residual_p90": 6.592670853677876e-13,
  "plus_newton_newton_iter_mean": 3.7896,
  "plus_newton_newton_iter_median": 4.0,
  "plus_newton_newton_iter_p90": 5.0,
  "plus_newton_converged_ratio": 0.9177,
  "hp_use_log_features": true,
  "hp_optimizer": "adamw",
  "hp_weight_decay": 0.0001,
  "hp_dropout": 0.05,
  "hp_lr": 0.001,
  "hp_hidden_dims": "[256, 256, 128]",
  "hp_hidden_size": 96,
  "hp_num_layers": 1,
  "hp_head_hidden": 128,
  "hp_head_layers": 2,
  "hp_d_model": 96,
  "hp_nhead": 4,
  "hp_ff_dim": 192,
  "hp_use_cls_token": false
}