{
  "trial_id": 35,
  "trial_name": "trial_035_mlp",
  "model": "mlp",
  "best_epoch": 64,
  "elapsed_sec": 81.14963674545288,
  "direct_mae": 0.0010008676908910275,
  "direct_rmse": 0.0014949586475268006,
  "direct_r2": 0.9999976735659857,
  "direct_valid_ratio": 1.0,
  "direct_residual_mean": 0.0012977920705452561,
  "direct_residual_median": 0.0008644908666610718,
  "direct_residual_p90": 0.002408164739608765,
  "plus_newton_mae": 2.3433618676933644e-08,
  "plus_newton_rmse": 2.991572995158202e-08,
  "plus_newton_r2": 0.9999999999999991,
  "plus_newton_valid_ratio": 1.0,
  "plus_newton_residual_mean": 1.924953476104647e-14,
  "plus_newton_residual_median": 5.551115123125783e-17,
  "plus_newton_residual_p90": 2.7755575615628914e-15,
  "plus_newton_newton_iter_mean": 1.9786,
  "plus_newton_newton_iter_median": 2.0,
  "plus_newton_newton_iter_p90": 2.0,
  "plus_newton_converged_ratio": 1.0,
  "hp_use_log_ab": false,
  "hp_optimizer": "adamw",
  "hp_criterion": "smoothl1",
  "hp_dropout": 0.0,
  "hp_lr": 0.0005,
  "hp_weight_decay": 0.0001,
  "hp_hidden_dims": "[128, 128]",
  "hp_hidden_size": 128,
  "hp_num_layers": 2,
  "hp_head_hidden": 128,
  "hp_head_layers": 2,
  "hp_d_model": 64,
  "hp_nhead": 4,
  "hp_ff_dim": 128,
  "hp_use_cls_token": false
}{
  "trial_id": 35,
  "trial_name": "trial_035_mlp",
  "model": "mlp",
  "best_epoch": 64,
  "elapsed_sec": 81.14963674545288,
  "direct_mae": 0.0010008676908910275,
  "direct_rmse": 0.0014949586475268006,
  "direct_r2": 0.9999976735659857,
  "direct_valid_ratio": 1.0,
  "direct_residual_mean": 0.0012977920705452561,
  "direct_residual_median": 0.0008644908666610718,
  "direct_residual_p90": 0.002408164739608765,
  "plus_newton_mae": 2.3433618676933644e-08,
  "plus_newton_rmse": 2.991572995158202e-08,
  "plus_newton_r2": 0.9999999999999991,
  "plus_newton_valid_ratio": 1.0,
  "plus_newton_residual_mean": 1.924953476104647e-14,
  "plus_newton_residual_median": 5.551115123125783e-17,
  "plus_newton_residual_p90": 2.7755575615628914e-15,
  "plus_newton_newton_iter_mean": 1.9786,
  "plus_newton_newton_iter_median": 2.0,
  "plus_newton_newton_iter_p90": 2.0,
  "plus_newton_converged_ratio": 1.0,
  "hp_use_log_ab": false,
  "hp_optimizer": "adamw",
  "hp_criterion": "smoothl1",
  "hp_dropout": 0.0,
  "hp_lr": 0.0005,
  "hp_weight_decay": 0.0001,
  "hp_hidden_dims": "[128, 128]",
  "hp_hidden_size": 128,
  "hp_num_layers": 2,
  "hp_head_hidden": 128,
  "hp_head_layers": 2,
  "hp_d_model": 64,
  "hp_nhead": 4,
  "hp_ff_dim": 128,
  "hp_use_cls_token": false
}