{
  "trial_id": 155,
  "trial_name": "trial_155_lstm",
  "model": "lstm",
  "best_epoch": 44,
  "elapsed_sec": 76.25718903541565,
  "direct_mae": 0.3408261835575104,
  "direct_rmse": 0.41699180006980896,
  "direct_r2": 0.8189962953329086,
  "direct_valid_ratio": 1.0,
  "direct_residual_mean": 0.384185254573822,
  "direct_residual_median": 0.3616926372051239,
  "direct_residual_p90": 0.7217860877513885,
  "plus_newton_mae": 2.343361890621013e-08,
  "plus_newton_rmse": 2.9915730837882584e-08,
  "plus_newton_r2": 0.9999999999999991,
  "plus_newton_valid_ratio": 1.0,
  "plus_newton_residual_mean": 4.349193851850176e-14,
  "plus_newton_residual_median": 1.1188966420050406e-16,
  "plus_newton_residual_p90": 1.0361433933070431e-13,
  "plus_newton_newton_iter_mean": 2.7572,
  "plus_newton_newton_iter_median": 3.0,
  "plus_newton_newton_iter_p90": 3.0,
  "plus_newton_converged_ratio": 1.0,
  "hp_use_log_ab": false,
  "hp_optimizer": "adamw",
  "hp_criterion": "mse",
  "hp_dropout": 0.0,
  "hp_lr": 0.0005,
  "hp_weight_decay": 0.0001,
  "hp_hidden_dims": "[256, 256, 128]",
  "hp_hidden_size": 128,
  "hp_num_layers": 1,
  "hp_head_hidden": 128,
  "hp_head_layers": 1,
  "hp_d_model": 64,
  "hp_nhead": 4,
  "hp_ff_dim": 128,
  "hp_use_cls_token": false
}{
  "trial_id": 155,
  "trial_name": "trial_155_lstm",
  "model": "lstm",
  "best_epoch": 44,
  "elapsed_sec": 76.25718903541565,
  "direct_mae": 0.3408261835575104,
  "direct_rmse": 0.41699180006980896,
  "direct_r2": 0.8189962953329086,
  "direct_valid_ratio": 1.0,
  "direct_residual_mean": 0.384185254573822,
  "direct_residual_median": 0.3616926372051239,
  "direct_residual_p90": 0.7217860877513885,
  "plus_newton_mae": 2.343361890621013e-08,
  "plus_newton_rmse": 2.9915730837882584e-08,
  "plus_newton_r2": 0.9999999999999991,
  "plus_newton_valid_ratio": 1.0,
  "plus_newton_residual_mean": 4.349193851850176e-14,
  "plus_newton_residual_median": 1.1188966420050406e-16,
  "plus_newton_residual_p90": 1.0361433933070431e-13,
  "plus_newton_newton_iter_mean": 2.7572,
  "plus_newton_newton_iter_median": 3.0,
  "plus_newton_newton_iter_p90": 3.0,
  "plus_newton_converged_ratio": 1.0,
  "hp_use_log_ab": false,
  "hp_optimizer": "adamw",
  "hp_criterion": "mse",
  "hp_dropout": 0.0,
  "hp_lr": 0.0005,
  "hp_weight_decay": 0.0001,
  "hp_hidden_dims": "[256, 256, 128]",
  "hp_hidden_size": 128,
  "hp_num_layers": 1,
  "hp_head_hidden": 128,
  "hp_head_layers": 1,
  "hp_d_model": 64,
  "hp_nhead": 4,
  "hp_ff_dim": 128,
  "hp_use_cls_token": false
}