{
  "trial_id": 104,
  "trial_name": "trial_104_lstm",
  "model": "lstm",
  "best_epoch": 91,
  "elapsed_sec": 128.43446969985962,
  "direct_mae": 0.0016972108278423548,
  "direct_rmse": 0.002280015731230378,
  "direct_r2": 0.9999945886193018,
  "direct_valid_ratio": 1.0,
  "direct_residual_mean": 0.0020916543435305357,
  "direct_residual_median": 0.0015309303998947144,
  "direct_residual_p90": 0.004684184864163399,
  "plus_newton_mae": 2.3433616137233188e-08,
  "plus_newton_rmse": 2.991572946747146e-08,
  "plus_newton_r2": 0.9999999999999991,
  "plus_newton_valid_ratio": 1.0,
  "plus_newton_residual_mean": 2.8206368140800824e-14,
  "plus_newton_residual_median": 1.1102230246251565e-16,
  "plus_newton_residual_p90": 2.5113244817021122e-14,
  "plus_newton_newton_iter_mean": 1.9985,
  "plus_newton_newton_iter_median": 2.0,
  "plus_newton_newton_iter_p90": 2.0,
  "plus_newton_converged_ratio": 1.0,
  "hp_use_log_ab": false,
  "hp_optimizer": "adamw",
  "hp_criterion": "mse",
  "hp_dropout": 0.0,
  "hp_lr": 0.001,
  "hp_weight_decay": 1e-05,
  "hp_hidden_dims": "[256, 256, 128]",
  "hp_hidden_size": 64,
  "hp_num_layers": 2,
  "hp_head_hidden": 128,
  "hp_head_layers": 2,
  "hp_d_model": 64,
  "hp_nhead": 4,
  "hp_ff_dim": 128,
  "hp_use_cls_token": false
}{
  "trial_id": 104,
  "trial_name": "trial_104_lstm",
  "model": "lstm",
  "best_epoch": 91,
  "elapsed_sec": 128.43446969985962,
  "direct_mae": 0.0016972108278423548,
  "direct_rmse": 0.002280015731230378,
  "direct_r2": 0.9999945886193018,
  "direct_valid_ratio": 1.0,
  "direct_residual_mean": 0.0020916543435305357,
  "direct_residual_median": 0.0015309303998947144,
  "direct_residual_p90": 0.004684184864163399,
  "plus_newton_mae": 2.3433616137233188e-08,
  "plus_newton_rmse": 2.991572946747146e-08,
  "plus_newton_r2": 0.9999999999999991,
  "plus_newton_valid_ratio": 1.0,
  "plus_newton_residual_mean": 2.8206368140800824e-14,
  "plus_newton_residual_median": 1.1102230246251565e-16,
  "plus_newton_residual_p90": 2.5113244817021122e-14,
  "plus_newton_newton_iter_mean": 1.9985,
  "plus_newton_newton_iter_median": 2.0,
  "plus_newton_newton_iter_p90": 2.0,
  "plus_newton_converged_ratio": 1.0,
  "hp_use_log_ab": false,
  "hp_optimizer": "adamw",
  "hp_criterion": "mse",
  "hp_dropout": 0.0,
  "hp_lr": 0.001,
  "hp_weight_decay": 1e-05,
  "hp_hidden_dims": "[256, 256, 128]",
  "hp_hidden_size": 64,
  "hp_num_layers": 2,
  "hp_head_hidden": 128,
  "hp_head_layers": 2,
  "hp_d_model": 64,
  "hp_nhead": 4,
  "hp_ff_dim": 128,
  "hp_use_cls_token": false
}