{
  "trial_id": 178,
  "trial_name": "trial_178_lstm",
  "model": "lstm",
  "best_epoch": 44,
  "elapsed_sec": 80.76672458648682,
  "direct_mae": 0.010539207607507706,
  "direct_rmse": 0.015574339777231216,
  "direct_r2": 0.9997475056443363,
  "direct_valid_ratio": 1.0,
  "direct_residual_mean": 0.012309463694691658,
  "direct_residual_median": 0.008733782917261124,
  "direct_residual_p90": 0.030098614096641545,
  "plus_newton_mae": 2.343361996161226e-08,
  "plus_newton_rmse": 2.991573073945386e-08,
  "plus_newton_r2": 0.9999999999999991,
  "plus_newton_valid_ratio": 1.0,
  "plus_newton_residual_mean": 3.105849094432695e-14,
  "plus_newton_residual_median": 1.1102230246251565e-16,
  "plus_newton_residual_p90": 5.697803340254385e-14,
  "plus_newton_newton_iter_mean": 2.1438,
  "plus_newton_newton_iter_median": 2.0,
  "plus_newton_newton_iter_p90": 3.0,
  "plus_newton_converged_ratio": 1.0,
  "hp_use_log_ab": false,
  "hp_optimizer": "adamw",
  "hp_criterion": "mse",
  "hp_dropout": 0.1,
  "hp_lr": 0.001,
  "hp_weight_decay": 0.0001,
  "hp_hidden_dims": "[256, 256, 128]",
  "hp_hidden_size": 64,
  "hp_num_layers": 1,
  "hp_head_hidden": 64,
  "hp_head_layers": 2,
  "hp_d_model": 64,
  "hp_nhead": 4,
  "hp_ff_dim": 128,
  "hp_use_cls_token": false
}{
  "trial_id": 178,
  "trial_name": "trial_178_lstm",
  "model": "lstm",
  "best_epoch": 44,
  "elapsed_sec": 80.76672458648682,
  "direct_mae": 0.010539207607507706,
  "direct_rmse": 0.015574339777231216,
  "direct_r2": 0.9997475056443363,
  "direct_valid_ratio": 1.0,
  "direct_residual_mean": 0.012309463694691658,
  "direct_residual_median": 0.008733782917261124,
  "direct_residual_p90": 0.030098614096641545,
  "plus_newton_mae": 2.343361996161226e-08,
  "plus_newton_rmse": 2.991573073945386e-08,
  "plus_newton_r2": 0.9999999999999991,
  "plus_newton_valid_ratio": 1.0,
  "plus_newton_residual_mean": 3.105849094432695e-14,
  "plus_newton_residual_median": 1.1102230246251565e-16,
  "plus_newton_residual_p90": 5.697803340254385e-14,
  "plus_newton_newton_iter_mean": 2.1438,
  "plus_newton_newton_iter_median": 2.0,
  "plus_newton_newton_iter_p90": 3.0,
  "plus_newton_converged_ratio": 1.0,
  "hp_use_log_ab": false,
  "hp_optimizer": "adamw",
  "hp_criterion": "mse",
  "hp_dropout": 0.1,
  "hp_lr": 0.001,
  "hp_weight_decay": 0.0001,
  "hp_hidden_dims": "[256, 256, 128]",
  "hp_hidden_size": 64,
  "hp_num_layers": 1,
  "hp_head_hidden": 64,
  "hp_head_layers": 2,
  "hp_d_model": 64,
  "hp_nhead": 4,
  "hp_ff_dim": 128,
  "hp_use_cls_token": false
}