{
  "trial_id": 139,
  "trial_name": "trial_139_lstm",
  "model": "lstm",
  "best_epoch": 99,
  "elapsed_sec": 139.23574924468994,
  "direct_mae": 0.3402896523475647,
  "direct_rmse": 0.41687947511672974,
  "direct_r2": 0.8190938085317612,
  "direct_valid_ratio": 1.0,
  "direct_residual_mean": 0.38341182470321655,
  "direct_residual_median": 0.360269695520401,
  "direct_residual_p90": 0.7225862562656405,
  "plus_newton_mae": 2.3433619043153947e-08,
  "plus_newton_rmse": 2.99157308718289e-08,
  "plus_newton_r2": 0.9999999999999991,
  "plus_newton_valid_ratio": 1.0,
  "plus_newton_residual_mean": 4.4232699571395365e-14,
  "plus_newton_residual_median": 1.6653345369377348e-16,
  "plus_newton_residual_p90": 1.0584866316776259e-13,
  "plus_newton_newton_iter_mean": 2.7566,
  "plus_newton_newton_iter_median": 3.0,
  "plus_newton_newton_iter_p90": 3.0,
  "plus_newton_converged_ratio": 1.0,
  "hp_use_log_ab": false,
  "hp_optimizer": "adamw",
  "hp_criterion": "mse",
  "hp_dropout": 0.0,
  "hp_lr": 0.0005,
  "hp_weight_decay": 1e-05,
  "hp_hidden_dims": "[256, 256, 128]",
  "hp_hidden_size": 128,
  "hp_num_layers": 1,
  "hp_head_hidden": 128,
  "hp_head_layers": 1,
  "hp_d_model": 64,
  "hp_nhead": 4,
  "hp_ff_dim": 128,
  "hp_use_cls_token": false
}{
  "trial_id": 139,
  "trial_name": "trial_139_lstm",
  "model": "lstm",
  "best_epoch": 99,
  "elapsed_sec": 139.23574924468994,
  "direct_mae": 0.3402896523475647,
  "direct_rmse": 0.41687947511672974,
  "direct_r2": 0.8190938085317612,
  "direct_valid_ratio": 1.0,
  "direct_residual_mean": 0.38341182470321655,
  "direct_residual_median": 0.360269695520401,
  "direct_residual_p90": 0.7225862562656405,
  "plus_newton_mae": 2.3433619043153947e-08,
  "plus_newton_rmse": 2.99157308718289e-08,
  "plus_newton_r2": 0.9999999999999991,
  "plus_newton_valid_ratio": 1.0,
  "plus_newton_residual_mean": 4.4232699571395365e-14,
  "plus_newton_residual_median": 1.6653345369377348e-16,
  "plus_newton_residual_p90": 1.0584866316776259e-13,
  "plus_newton_newton_iter_mean": 2.7566,
  "plus_newton_newton_iter_median": 3.0,
  "plus_newton_newton_iter_p90": 3.0,
  "plus_newton_converged_ratio": 1.0,
  "hp_use_log_ab": false,
  "hp_optimizer": "adamw",
  "hp_criterion": "mse",
  "hp_dropout": 0.0,
  "hp_lr": 0.0005,
  "hp_weight_decay": 1e-05,
  "hp_hidden_dims": "[256, 256, 128]",
  "hp_hidden_size": 128,
  "hp_num_layers": 1,
  "hp_head_hidden": 128,
  "hp_head_layers": 1,
  "hp_d_model": 64,
  "hp_nhead": 4,
  "hp_ff_dim": 128,
  "hp_use_cls_token": false
}