{
  "trial_id": 109,
  "trial_name": "trial_109_lstm",
  "model": "lstm",
  "best_epoch": 28,
  "elapsed_sec": 57.703309297561646,
  "direct_mae": 0.3405293822288513,
  "direct_rmse": 0.4168507158756256,
  "direct_r2": 0.8191187828779221,
  "direct_valid_ratio": 1.0,
  "direct_residual_mean": 0.3833780586719513,
  "direct_residual_median": 0.36046838760375977,
  "direct_residual_p90": 0.718859750032425,
  "plus_newton_mae": 2.343361917843292e-08,
  "plus_newton_rmse": 2.991573140003725e-08,
  "plus_newton_r2": 0.9999999999999991,
  "plus_newton_valid_ratio": 1.0,
  "plus_newton_residual_mean": 4.392430241643441e-14,
  "plus_newton_residual_median": 2.220446049250313e-16,
  "plus_newton_residual_p90": 1.0547118733938987e-13,
  "plus_newton_newton_iter_mean": 2.7521,
  "plus_newton_newton_iter_median": 3.0,
  "plus_newton_newton_iter_p90": 3.0,
  "plus_newton_converged_ratio": 1.0,
  "hp_use_log_ab": false,
  "hp_optimizer": "adamw",
  "hp_criterion": "mse",
  "hp_dropout": 0.0,
  "hp_lr": 0.001,
  "hp_weight_decay": 1e-05,
  "hp_hidden_dims": "[256, 256, 128]",
  "hp_hidden_size": 128,
  "hp_num_layers": 2,
  "hp_head_hidden": 64,
  "hp_head_layers": 1,
  "hp_d_model": 64,
  "hp_nhead": 4,
  "hp_ff_dim": 128,
  "hp_use_cls_token": false
}{
  "trial_id": 109,
  "trial_name": "trial_109_lstm",
  "model": "lstm",
  "best_epoch": 28,
  "elapsed_sec": 57.703309297561646,
  "direct_mae": 0.3405293822288513,
  "direct_rmse": 0.4168507158756256,
  "direct_r2": 0.8191187828779221,
  "direct_valid_ratio": 1.0,
  "direct_residual_mean": 0.3833780586719513,
  "direct_residual_median": 0.36046838760375977,
  "direct_residual_p90": 0.718859750032425,
  "plus_newton_mae": 2.343361917843292e-08,
  "plus_newton_rmse": 2.991573140003725e-08,
  "plus_newton_r2": 0.9999999999999991,
  "plus_newton_valid_ratio": 1.0,
  "plus_newton_residual_mean": 4.392430241643441e-14,
  "plus_newton_residual_median": 2.220446049250313e-16,
  "plus_newton_residual_p90": 1.0547118733938987e-13,
  "plus_newton_newton_iter_mean": 2.7521,
  "plus_newton_newton_iter_median": 3.0,
  "plus_newton_newton_iter_p90": 3.0,
  "plus_newton_converged_ratio": 1.0,
  "hp_use_log_ab": false,
  "hp_optimizer": "adamw",
  "hp_criterion": "mse",
  "hp_dropout": 0.0,
  "hp_lr": 0.001,
  "hp_weight_decay": 1e-05,
  "hp_hidden_dims": "[256, 256, 128]",
  "hp_hidden_size": 128,
  "hp_num_layers": 2,
  "hp_head_hidden": 64,
  "hp_head_layers": 1,
  "hp_d_model": 64,
  "hp_nhead": 4,
  "hp_ff_dim": 128,
  "hp_use_cls_token": false
}