{
  "trial_id": 38,
  "trial_name": "trial_038_mlp",
  "model": "mlp",
  "best_epoch": 18,
  "elapsed_sec": 37.654592514038086,
  "direct_mae": 0.008055106736719608,
  "direct_rmse": 0.010918944142758846,
  "direct_r2": 0.9998758937435923,
  "direct_valid_ratio": 1.0,
  "direct_residual_mean": 0.010251068510115147,
  "direct_residual_median": 0.0076027512550354,
  "direct_residual_p90": 0.017983064055442814,
  "plus_newton_mae": 2.3433617190195812e-08,
  "plus_newton_rmse": 2.991572861457333e-08,
  "plus_newton_r2": 0.9999999999999991,
  "plus_newton_valid_ratio": 1.0,
  "plus_newton_residual_mean": 2.5904797567693735e-14,
  "plus_newton_residual_median": 1.1102230246251565e-16,
  "plus_newton_residual_p90": 3.197442310920451e-14,
  "plus_newton_newton_iter_mean": 2.157,
  "plus_newton_newton_iter_median": 2.0,
  "plus_newton_newton_iter_p90": 3.0,
  "plus_newton_converged_ratio": 1.0,
  "hp_use_log_ab": false,
  "hp_optimizer": "adamw",
  "hp_criterion": "smoothl1",
  "hp_dropout": 0.1,
  "hp_lr": 0.001,
  "hp_weight_decay": 1e-05,
  "hp_hidden_dims": "[128, 128]",
  "hp_hidden_size": 128,
  "hp_num_layers": 2,
  "hp_head_hidden": 128,
  "hp_head_layers": 2,
  "hp_d_model": 64,
  "hp_nhead": 4,
  "hp_ff_dim": 128,
  "hp_use_cls_token": false
}{
  "trial_id": 38,
  "trial_name": "trial_038_mlp",
  "model": "mlp",
  "best_epoch": 18,
  "elapsed_sec": 37.654592514038086,
  "direct_mae": 0.008055106736719608,
  "direct_rmse": 0.010918944142758846,
  "direct_r2": 0.9998758937435923,
  "direct_valid_ratio": 1.0,
  "direct_residual_mean": 0.010251068510115147,
  "direct_residual_median": 0.0076027512550354,
  "direct_residual_p90": 0.017983064055442814,
  "plus_newton_mae": 2.3433617190195812e-08,
  "plus_newton_rmse": 2.991572861457333e-08,
  "plus_newton_r2": 0.9999999999999991,
  "plus_newton_valid_ratio": 1.0,
  "plus_newton_residual_mean": 2.5904797567693735e-14,
  "plus_newton_residual_median": 1.1102230246251565e-16,
  "plus_newton_residual_p90": 3.197442310920451e-14,
  "plus_newton_newton_iter_mean": 2.157,
  "plus_newton_newton_iter_median": 2.0,
  "plus_newton_newton_iter_p90": 3.0,
  "plus_newton_converged_ratio": 1.0,
  "hp_use_log_ab": false,
  "hp_optimizer": "adamw",
  "hp_criterion": "smoothl1",
  "hp_dropout": 0.1,
  "hp_lr": 0.001,
  "hp_weight_decay": 1e-05,
  "hp_hidden_dims": "[128, 128]",
  "hp_hidden_size": 128,
  "hp_num_layers": 2,
  "hp_head_hidden": 128,
  "hp_head_layers": 2,
  "hp_d_model": 64,
  "hp_nhead": 4,
  "hp_ff_dim": 128,
  "hp_use_cls_token": false
}