{
  "trial_id": 157,
  "trial_name": "trial_157_lstm",
  "model": "lstm",
  "best_epoch": 32,
  "elapsed_sec": 68.2727587223053,
  "direct_mae": 0.3397180736064911,
  "direct_rmse": 0.41674378514289856,
  "direct_r2": 0.8192115873098373,
  "direct_valid_ratio": 1.0,
  "direct_residual_mean": 0.3827891945838928,
  "direct_residual_median": 0.3586336672306061,
  "direct_residual_p90": 0.7269687116146089,
  "plus_newton_mae": 2.3433618812090665e-08,
  "plus_newton_rmse": 2.991573089402116e-08,
  "plus_newton_r2": 0.9999999999999991,
  "plus_newton_valid_ratio": 1.0,
  "plus_newton_residual_mean": 4.5337293748175607e-14,
  "plus_newton_residual_median": 1.6653345369377348e-16,
  "plus_newton_residual_p90": 1.0808576256238214e-13,
  "plus_newton_newton_iter_mean": 2.7549,
  "plus_newton_newton_iter_median": 3.0,
  "plus_newton_newton_iter_p90": 3.0,
  "plus_newton_converged_ratio": 1.0,
  "hp_use_log_ab": false,
  "hp_optimizer": "adamw",
  "hp_criterion": "mse",
  "hp_dropout": 0.0,
  "hp_lr": 0.0005,
  "hp_weight_decay": 0.0001,
  "hp_hidden_dims": "[256, 256, 128]",
  "hp_hidden_size": 128,
  "hp_num_layers": 2,
  "hp_head_hidden": 64,
  "hp_head_layers": 1,
  "hp_d_model": 64,
  "hp_nhead": 4,
  "hp_ff_dim": 128,
  "hp_use_cls_token": false
}{
  "trial_id": 157,
  "trial_name": "trial_157_lstm",
  "model": "lstm",
  "best_epoch": 32,
  "elapsed_sec": 68.2727587223053,
  "direct_mae": 0.3397180736064911,
  "direct_rmse": 0.41674378514289856,
  "direct_r2": 0.8192115873098373,
  "direct_valid_ratio": 1.0,
  "direct_residual_mean": 0.3827891945838928,
  "direct_residual_median": 0.3586336672306061,
  "direct_residual_p90": 0.7269687116146089,
  "plus_newton_mae": 2.3433618812090665e-08,
  "plus_newton_rmse": 2.991573089402116e-08,
  "plus_newton_r2": 0.9999999999999991,
  "plus_newton_valid_ratio": 1.0,
  "plus_newton_residual_mean": 4.5337293748175607e-14,
  "plus_newton_residual_median": 1.6653345369377348e-16,
  "plus_newton_residual_p90": 1.0808576256238214e-13,
  "plus_newton_newton_iter_mean": 2.7549,
  "plus_newton_newton_iter_median": 3.0,
  "plus_newton_newton_iter_p90": 3.0,
  "plus_newton_converged_ratio": 1.0,
  "hp_use_log_ab": false,
  "hp_optimizer": "adamw",
  "hp_criterion": "mse",
  "hp_dropout": 0.0,
  "hp_lr": 0.0005,
  "hp_weight_decay": 0.0001,
  "hp_hidden_dims": "[256, 256, 128]",
  "hp_hidden_size": 128,
  "hp_num_layers": 2,
  "hp_head_hidden": 64,
  "hp_head_layers": 1,
  "hp_d_model": 64,
  "hp_nhead": 4,
  "hp_ff_dim": 128,
  "hp_use_cls_token": false
}