{
  "trial_id": 20,
  "trial_name": "trial_020_mlp",
  "model": "mlp",
  "best_epoch": 44,
  "elapsed_sec": 62.96001577377319,
  "direct_mae": 0.005353658460080624,
  "direct_rmse": 0.007518751081079245,
  "direct_r2": 0.9999411530770885,
  "direct_valid_ratio": 1.0,
  "direct_residual_mean": 0.006928495597094297,
  "direct_residual_median": 0.004345208406448364,
  "direct_residual_p90": 0.01625090837478638,
  "plus_newton_mae": 2.3433619849859054e-08,
  "plus_newton_rmse": 2.991573176069776e-08,
  "plus_newton_r2": 0.9999999999999991,
  "plus_newton_valid_ratio": 1.0,
  "plus_newton_residual_mean": 3.2015350408155386e-14,
  "plus_newton_residual_median": 1.1102230246251565e-16,
  "plus_newton_residual_p90": 3.579359031391521e-14,
  "plus_newton_newton_iter_mean": 2.1505,
  "plus_newton_newton_iter_median": 2.0,
  "plus_newton_newton_iter_p90": 3.0,
  "plus_newton_converged_ratio": 1.0,
  "hp_use_log_ab": false,
  "hp_optimizer": "adamw",
  "hp_criterion": "mse",
  "hp_dropout": 0.1,
  "hp_lr": 0.0005,
  "hp_weight_decay": 1e-05,
  "hp_hidden_dims": "[128, 128]",
  "hp_hidden_size": 128,
  "hp_num_layers": 2,
  "hp_head_hidden": 128,
  "hp_head_layers": 2,
  "hp_d_model": 64,
  "hp_nhead": 4,
  "hp_ff_dim": 128,
  "hp_use_cls_token": false
}{
  "trial_id": 20,
  "trial_name": "trial_020_mlp",
  "model": "mlp",
  "best_epoch": 44,
  "elapsed_sec": 62.96001577377319,
  "direct_mae": 0.005353658460080624,
  "direct_rmse": 0.007518751081079245,
  "direct_r2": 0.9999411530770885,
  "direct_valid_ratio": 1.0,
  "direct_residual_mean": 0.006928495597094297,
  "direct_residual_median": 0.004345208406448364,
  "direct_residual_p90": 0.01625090837478638,
  "plus_newton_mae": 2.3433619849859054e-08,
  "plus_newton_rmse": 2.991573176069776e-08,
  "plus_newton_r2": 0.9999999999999991,
  "plus_newton_valid_ratio": 1.0,
  "plus_newton_residual_mean": 3.2015350408155386e-14,
  "plus_newton_residual_median": 1.1102230246251565e-16,
  "plus_newton_residual_p90": 3.579359031391521e-14,
  "plus_newton_newton_iter_mean": 2.1505,
  "plus_newton_newton_iter_median": 2.0,
  "plus_newton_newton_iter_p90": 3.0,
  "plus_newton_converged_ratio": 1.0,
  "hp_use_log_ab": false,
  "hp_optimizer": "adamw",
  "hp_criterion": "mse",
  "hp_dropout": 0.1,
  "hp_lr": 0.0005,
  "hp_weight_decay": 1e-05,
  "hp_hidden_dims": "[128, 128]",
  "hp_hidden_size": 128,
  "hp_num_layers": 2,
  "hp_head_hidden": 128,
  "hp_head_layers": 2,
  "hp_d_model": 64,
  "hp_nhead": 4,
  "hp_ff_dim": 128,
  "hp_use_cls_token": false
}