{
  "trial_id": 14,
  "trial_name": "trial_014_mlp",
  "model": "mlp",
  "best_epoch": 17,
  "elapsed_sec": 38.14877510070801,
  "direct_mae": 0.008041126653552055,
  "direct_rmse": 0.012343082576990128,
  "direct_r2": 0.9998414086003322,
  "direct_valid_ratio": 1.0,
  "direct_residual_mean": 0.00995597243309021,
  "direct_residual_median": 0.006050892174243927,
  "direct_residual_p90": 0.019555222988128663,
  "plus_newton_mae": 2.343361695113306e-08,
  "plus_newton_rmse": 2.991572905225545e-08,
  "plus_newton_r2": 0.9999999999999991,
  "plus_newton_valid_ratio": 1.0,
  "plus_newton_residual_mean": 3.64414470115047e-14,
  "plus_newton_residual_median": 1.1102230246251565e-16,
  "plus_newton_residual_p90": 6.836753385641746e-14,
  "plus_newton_newton_iter_mean": 2.1088,
  "plus_newton_newton_iter_median": 2.0,
  "plus_newton_newton_iter_p90": 3.0,
  "plus_newton_converged_ratio": 1.0,
  "hp_use_log_ab": false,
  "hp_optimizer": "adamw",
  "hp_criterion": "mse",
  "hp_dropout": 0.1,
  "hp_lr": 0.001,
  "hp_weight_decay": 1e-05,
  "hp_hidden_dims": "[128, 128]",
  "hp_hidden_size": 128,
  "hp_num_layers": 2,
  "hp_head_hidden": 128,
  "hp_head_layers": 2,
  "hp_d_model": 64,
  "hp_nhead": 4,
  "hp_ff_dim": 128,
  "hp_use_cls_token": false
}{
  "trial_id": 14,
  "trial_name": "trial_014_mlp",
  "model": "mlp",
  "best_epoch": 17,
  "elapsed_sec": 38.14877510070801,
  "direct_mae": 0.008041126653552055,
  "direct_rmse": 0.012343082576990128,
  "direct_r2": 0.9998414086003322,
  "direct_valid_ratio": 1.0,
  "direct_residual_mean": 0.00995597243309021,
  "direct_residual_median": 0.006050892174243927,
  "direct_residual_p90": 0.019555222988128663,
  "plus_newton_mae": 2.343361695113306e-08,
  "plus_newton_rmse": 2.991572905225545e-08,
  "plus_newton_r2": 0.9999999999999991,
  "plus_newton_valid_ratio": 1.0,
  "plus_newton_residual_mean": 3.64414470115047e-14,
  "plus_newton_residual_median": 1.1102230246251565e-16,
  "plus_newton_residual_p90": 6.836753385641746e-14,
  "plus_newton_newton_iter_mean": 2.1088,
  "plus_newton_newton_iter_median": 2.0,
  "plus_newton_newton_iter_p90": 3.0,
  "plus_newton_converged_ratio": 1.0,
  "hp_use_log_ab": false,
  "hp_optimizer": "adamw",
  "hp_criterion": "mse",
  "hp_dropout": 0.1,
  "hp_lr": 0.001,
  "hp_weight_decay": 1e-05,
  "hp_hidden_dims": "[128, 128]",
  "hp_hidden_size": 128,
  "hp_num_layers": 2,
  "hp_head_hidden": 128,
  "hp_head_layers": 2,
  "hp_d_model": 64,
  "hp_nhead": 4,
  "hp_ff_dim": 128,
  "hp_use_cls_token": false
}