{
  "trial_id": 123,
  "trial_name": "trial_123_lstm",
  "model": "lstm",
  "best_epoch": 53,
  "elapsed_sec": 77.90992879867554,
  "direct_mae": 0.34023046493530273,
  "direct_rmse": 0.4168846905231476,
  "direct_r2": 0.8190892934799194,
  "direct_valid_ratio": 1.0,
  "direct_residual_mean": 0.3834061622619629,
  "direct_residual_median": 0.36016902327537537,
  "direct_residual_p90": 0.7229511678218843,
  "plus_newton_mae": 2.3433619205592142e-08,
  "plus_newton_rmse": 2.9915730963746915e-08,
  "plus_newton_r2": 0.9999999999999991,
  "plus_newton_valid_ratio": 1.0,
  "plus_newton_residual_mean": 4.464528202959036e-14,
  "plus_newton_residual_median": 1.1102230246251565e-16,
  "plus_newton_residual_p90": 1.0993428389838308e-13,
  "plus_newton_newton_iter_mean": 2.7559,
  "plus_newton_newton_iter_median": 3.0,
  "plus_newton_newton_iter_p90": 3.0,
  "plus_newton_converged_ratio": 1.0,
  "hp_use_log_ab": false,
  "hp_optimizer": "adamw",
  "hp_criterion": "mse",
  "hp_dropout": 0.0,
  "hp_lr": 0.001,
  "hp_weight_decay": 0.0001,
  "hp_hidden_dims": "[256, 256, 128]",
  "hp_hidden_size": 128,
  "hp_num_layers": 1,
  "hp_head_hidden": 128,
  "hp_head_layers": 1,
  "hp_d_model": 64,
  "hp_nhead": 4,
  "hp_ff_dim": 128,
  "hp_use_cls_token": false
}{
  "trial_id": 123,
  "trial_name": "trial_123_lstm",
  "model": "lstm",
  "best_epoch": 53,
  "elapsed_sec": 77.90992879867554,
  "direct_mae": 0.34023046493530273,
  "direct_rmse": 0.4168846905231476,
  "direct_r2": 0.8190892934799194,
  "direct_valid_ratio": 1.0,
  "direct_residual_mean": 0.3834061622619629,
  "direct_residual_median": 0.36016902327537537,
  "direct_residual_p90": 0.7229511678218843,
  "plus_newton_mae": 2.3433619205592142e-08,
  "plus_newton_rmse": 2.9915730963746915e-08,
  "plus_newton_r2": 0.9999999999999991,
  "plus_newton_valid_ratio": 1.0,
  "plus_newton_residual_mean": 4.464528202959036e-14,
  "plus_newton_residual_median": 1.1102230246251565e-16,
  "plus_newton_residual_p90": 1.0993428389838308e-13,
  "plus_newton_newton_iter_mean": 2.7559,
  "plus_newton_newton_iter_median": 3.0,
  "plus_newton_newton_iter_p90": 3.0,
  "plus_newton_converged_ratio": 1.0,
  "hp_use_log_ab": false,
  "hp_optimizer": "adamw",
  "hp_criterion": "mse",
  "hp_dropout": 0.0,
  "hp_lr": 0.001,
  "hp_weight_decay": 0.0001,
  "hp_hidden_dims": "[256, 256, 128]",
  "hp_hidden_size": 128,
  "hp_num_layers": 1,
  "hp_head_hidden": 128,
  "hp_head_layers": 1,
  "hp_d_model": 64,
  "hp_nhead": 4,
  "hp_ff_dim": 128,
  "hp_use_cls_token": false
}