{
  "trial_id": 209,
  "trial_name": "trial_209_lstm",
  "model": "lstm",
  "best_epoch": 93,
  "elapsed_sec": 134.0800461769104,
  "direct_mae": 0.3405495285987854,
  "direct_rmse": 0.4168958067893982,
  "direct_r2": 0.8190796375274658,
  "direct_valid_ratio": 1.0,
  "direct_residual_mean": 0.38352856040000916,
  "direct_residual_median": 0.360099732875824,
  "direct_residual_p90": 0.7207622945308687,
  "plus_newton_mae": 2.343361933977501e-08,
  "plus_newton_rmse": 2.991573151493511e-08,
  "plus_newton_r2": 0.9999999999999991,
  "plus_newton_valid_ratio": 1.0,
  "plus_newton_residual_mean": 4.422065450877553e-14,
  "plus_newton_residual_median": 1.6653345369377348e-16,
  "plus_newton_residual_p90": 1.076999600613249e-13,
  "plus_newton_newton_iter_mean": 2.7545,
  "plus_newton_newton_iter_median": 3.0,
  "plus_newton_newton_iter_p90": 3.0,
  "plus_newton_converged_ratio": 1.0,
  "hp_use_log_ab": false,
  "hp_optimizer": "adamw",
  "hp_criterion": "mse",
  "hp_dropout": 0.1,
  "hp_lr": 0.0005,
  "hp_weight_decay": 0.0001,
  "hp_hidden_dims": "[256, 256, 128]",
  "hp_hidden_size": 64,
  "hp_num_layers": 1,
  "hp_head_hidden": 64,
  "hp_head_layers": 1,
  "hp_d_model": 64,
  "hp_nhead": 4,
  "hp_ff_dim": 128,
  "hp_use_cls_token": false
}{
  "trial_id": 209,
  "trial_name": "trial_209_lstm",
  "model": "lstm",
  "best_epoch": 93,
  "elapsed_sec": 134.0800461769104,
  "direct_mae": 0.3405495285987854,
  "direct_rmse": 0.4168958067893982,
  "direct_r2": 0.8190796375274658,
  "direct_valid_ratio": 1.0,
  "direct_residual_mean": 0.38352856040000916,
  "direct_residual_median": 0.360099732875824,
  "direct_residual_p90": 0.7207622945308687,
  "plus_newton_mae": 2.343361933977501e-08,
  "plus_newton_rmse": 2.991573151493511e-08,
  "plus_newton_r2": 0.9999999999999991,
  "plus_newton_valid_ratio": 1.0,
  "plus_newton_residual_mean": 4.422065450877553e-14,
  "plus_newton_residual_median": 1.6653345369377348e-16,
  "plus_newton_residual_p90": 1.076999600613249e-13,
  "plus_newton_newton_iter_mean": 2.7545,
  "plus_newton_newton_iter_median": 3.0,
  "plus_newton_newton_iter_p90": 3.0,
  "plus_newton_converged_ratio": 1.0,
  "hp_use_log_ab": false,
  "hp_optimizer": "adamw",
  "hp_criterion": "mse",
  "hp_dropout": 0.1,
  "hp_lr": 0.0005,
  "hp_weight_decay": 0.0001,
  "hp_hidden_dims": "[256, 256, 128]",
  "hp_hidden_size": 64,
  "hp_num_layers": 1,
  "hp_head_hidden": 64,
  "hp_head_layers": 1,
  "hp_d_model": 64,
  "hp_nhead": 4,
  "hp_ff_dim": 128,
  "hp_use_cls_token": false
}