{
  "trial_id": 159,
  "trial_name": "trial_159_lstm",
  "model": "lstm",
  "best_epoch": 104,
  "elapsed_sec": 156.96503734588623,
  "direct_mae": 0.3374592959880829,
  "direct_rmse": 0.41614964604377747,
  "direct_r2": 0.8197266757488251,
  "direct_valid_ratio": 1.0,
  "direct_residual_mean": 0.3792584538459778,
  "direct_residual_median": 0.3523980975151062,
  "direct_residual_p90": 0.7298235654830932,
  "plus_newton_mae": 2.343361780020113e-08,
  "plus_newton_rmse": 2.991573028521457e-08,
  "plus_newton_r2": 0.9999999999999991,
  "plus_newton_valid_ratio": 1.0,
  "plus_newton_residual_mean": 4.558750396804867e-14,
  "plus_newton_residual_median": 1.3877787807814457e-16,
  "plus_newton_residual_p90": 1.1062262217365076e-13,
  "plus_newton_newton_iter_mean": 2.7488,
  "plus_newton_newton_iter_median": 3.0,
  "plus_newton_newton_iter_p90": 3.0,
  "plus_newton_converged_ratio": 1.0,
  "hp_use_log_ab": false,
  "hp_optimizer": "adamw",
  "hp_criterion": "mse",
  "hp_dropout": 0.0,
  "hp_lr": 0.0005,
  "hp_weight_decay": 0.0001,
  "hp_hidden_dims": "[256, 256, 128]",
  "hp_hidden_size": 128,
  "hp_num_layers": 2,
  "hp_head_hidden": 128,
  "hp_head_layers": 1,
  "hp_d_model": 64,
  "hp_nhead": 4,
  "hp_ff_dim": 128,
  "hp_use_cls_token": false
}{
  "trial_id": 159,
  "trial_name": "trial_159_lstm",
  "model": "lstm",
  "best_epoch": 104,
  "elapsed_sec": 156.96503734588623,
  "direct_mae": 0.3374592959880829,
  "direct_rmse": 0.41614964604377747,
  "direct_r2": 0.8197266757488251,
  "direct_valid_ratio": 1.0,
  "direct_residual_mean": 0.3792584538459778,
  "direct_residual_median": 0.3523980975151062,
  "direct_residual_p90": 0.7298235654830932,
  "plus_newton_mae": 2.343361780020113e-08,
  "plus_newton_rmse": 2.991573028521457e-08,
  "plus_newton_r2": 0.9999999999999991,
  "plus_newton_valid_ratio": 1.0,
  "plus_newton_residual_mean": 4.558750396804867e-14,
  "plus_newton_residual_median": 1.3877787807814457e-16,
  "plus_newton_residual_p90": 1.1062262217365076e-13,
  "plus_newton_newton_iter_mean": 2.7488,
  "plus_newton_newton_iter_median": 3.0,
  "plus_newton_newton_iter_p90": 3.0,
  "plus_newton_converged_ratio": 1.0,
  "hp_use_log_ab": false,
  "hp_optimizer": "adamw",
  "hp_criterion": "mse",
  "hp_dropout": 0.0,
  "hp_lr": 0.0005,
  "hp_weight_decay": 0.0001,
  "hp_hidden_dims": "[256, 256, 128]",
  "hp_hidden_size": 128,
  "hp_num_layers": 2,
  "hp_head_hidden": 128,
  "hp_head_layers": 1,
  "hp_d_model": 64,
  "hp_nhead": 4,
  "hp_ff_dim": 128,
  "hp_use_cls_token": false
}