{
  "trial_id": 82,
  "trial_name": "trial_082_mlp",
  "model": "mlp",
  "best_epoch": 62,
  "elapsed_sec": 82.54570722579956,
  "direct_mae": 0.0004605281865224242,
  "direct_rmse": 0.0010100090876221657,
  "direct_r2": 0.9999989381016121,
  "direct_valid_ratio": 1.0,
  "direct_residual_mean": 0.0006652671145275235,
  "direct_residual_median": 0.00034768134355545044,
  "direct_residual_p90": 0.0010204285383224488,
  "plus_newton_mae": 2.3433615584665878e-08,
  "plus_newton_rmse": 2.991572857592959e-08,
  "plus_newton_r2": 0.9999999999999991,
  "plus_newton_valid_ratio": 1.0,
  "plus_newton_residual_mean": 3.850692776040092e-14,
  "plus_newton_residual_median": 6.938893903907228e-17,
  "plus_newton_residual_p90": 4.331535130575054e-14,
  "plus_newton_newton_iter_mean": 1.8952,
  "plus_newton_newton_iter_median": 2.0,
  "plus_newton_newton_iter_p90": 2.0,
  "plus_newton_converged_ratio": 1.0,
  "hp_use_log_ab": true,
  "hp_optimizer": "adamw",
  "hp_criterion": "smoothl1",
  "hp_dropout": 0.0,
  "hp_lr": 0.0005,
  "hp_weight_decay": 0.0001,
  "hp_hidden_dims": "[256, 256, 128]",
  "hp_hidden_size": 128,
  "hp_num_layers": 2,
  "hp_head_hidden": 128,
  "hp_head_layers": 2,
  "hp_d_model": 64,
  "hp_nhead": 4,
  "hp_ff_dim": 128,
  "hp_use_cls_token": false
}{
  "trial_id": 82,
  "trial_name": "trial_082_mlp",
  "model": "mlp",
  "best_epoch": 62,
  "elapsed_sec": 82.54570722579956,
  "direct_mae": 0.0004605281865224242,
  "direct_rmse": 0.0010100090876221657,
  "direct_r2": 0.9999989381016121,
  "direct_valid_ratio": 1.0,
  "direct_residual_mean": 0.0006652671145275235,
  "direct_residual_median": 0.00034768134355545044,
  "direct_residual_p90": 0.0010204285383224488,
  "plus_newton_mae": 2.3433615584665878e-08,
  "plus_newton_rmse": 2.991572857592959e-08,
  "plus_newton_r2": 0.9999999999999991,
  "plus_newton_valid_ratio": 1.0,
  "plus_newton_residual_mean": 3.850692776040092e-14,
  "plus_newton_residual_median": 6.938893903907228e-17,
  "plus_newton_residual_p90": 4.331535130575054e-14,
  "plus_newton_newton_iter_mean": 1.8952,
  "plus_newton_newton_iter_median": 2.0,
  "plus_newton_newton_iter_p90": 2.0,
  "plus_newton_converged_ratio": 1.0,
  "hp_use_log_ab": true,
  "hp_optimizer": "adamw",
  "hp_criterion": "smoothl1",
  "hp_dropout": 0.0,
  "hp_lr": 0.0005,
  "hp_weight_decay": 0.0001,
  "hp_hidden_dims": "[256, 256, 128]",
  "hp_hidden_size": 128,
  "hp_num_layers": 2,
  "hp_head_hidden": 128,
  "hp_head_layers": 2,
  "hp_d_model": 64,
  "hp_nhead": 4,
  "hp_ff_dim": 128,
  "hp_use_cls_token": false
}