{
  "trial_id": 138,
  "trial_name": "trial_138_lstm",
  "model": "lstm",
  "best_epoch": 111,
  "elapsed_sec": 137.14464783668518,
  "direct_mae": 0.0022187225986272097,
  "direct_rmse": 0.0030479661654680967,
  "direct_r2": 0.9999903294165051,
  "direct_valid_ratio": 1.0,
  "direct_residual_mean": 0.0026780564803630114,
  "direct_residual_median": 0.0018398165702819824,
  "direct_residual_p90": 0.00618007704615593,
  "plus_newton_mae": 2.3433618979259436e-08,
  "plus_newton_rmse": 2.9915730358426844e-08,
  "plus_newton_r2": 0.9999999999999991,
  "plus_newton_valid_ratio": 1.0,
  "plus_newton_residual_mean": 2.3672222567967475e-14,
  "plus_newton_residual_median": 1.1102230246251565e-16,
  "plus_newton_residual_p90": 1.759703494030873e-14,
  "plus_newton_newton_iter_mean": 2.0276,
  "plus_newton_newton_iter_median": 2.0,
  "plus_newton_newton_iter_p90": 2.0,
  "plus_newton_converged_ratio": 1.0,
  "hp_use_log_ab": false,
  "hp_optimizer": "adamw",
  "hp_criterion": "mse",
  "hp_dropout": 0.0,
  "hp_lr": 0.0005,
  "hp_weight_decay": 1e-05,
  "hp_hidden_dims": "[256, 256, 128]",
  "hp_hidden_size": 128,
  "hp_num_layers": 1,
  "hp_head_hidden": 64,
  "hp_head_layers": 2,
  "hp_d_model": 64,
  "hp_nhead": 4,
  "hp_ff_dim": 128,
  "hp_use_cls_token": false
}{
  "trial_id": 138,
  "trial_name": "trial_138_lstm",
  "model": "lstm",
  "best_epoch": 111,
  "elapsed_sec": 137.14464783668518,
  "direct_mae": 0.0022187225986272097,
  "direct_rmse": 0.0030479661654680967,
  "direct_r2": 0.9999903294165051,
  "direct_valid_ratio": 1.0,
  "direct_residual_mean": 0.0026780564803630114,
  "direct_residual_median": 0.0018398165702819824,
  "direct_residual_p90": 0.00618007704615593,
  "plus_newton_mae": 2.3433618979259436e-08,
  "plus_newton_rmse": 2.9915730358426844e-08,
  "plus_newton_r2": 0.9999999999999991,
  "plus_newton_valid_ratio": 1.0,
  "plus_newton_residual_mean": 2.3672222567967475e-14,
  "plus_newton_residual_median": 1.1102230246251565e-16,
  "plus_newton_residual_p90": 1.759703494030873e-14,
  "plus_newton_newton_iter_mean": 2.0276,
  "plus_newton_newton_iter_median": 2.0,
  "plus_newton_newton_iter_p90": 2.0,
  "plus_newton_converged_ratio": 1.0,
  "hp_use_log_ab": false,
  "hp_optimizer": "adamw",
  "hp_criterion": "mse",
  "hp_dropout": 0.0,
  "hp_lr": 0.0005,
  "hp_weight_decay": 1e-05,
  "hp_hidden_dims": "[256, 256, 128]",
  "hp_hidden_size": 128,
  "hp_num_layers": 1,
  "hp_head_hidden": 64,
  "hp_head_layers": 2,
  "hp_d_model": 64,
  "hp_nhead": 4,
  "hp_ff_dim": 128,
  "hp_use_cls_token": false
}