{
  "trial_id": 144,
  "trial_name": "trial_144_lstm",
  "model": "lstm",
  "best_epoch": 61,
  "elapsed_sec": 102.71919631958008,
  "direct_mae": 0.001384137780405581,
  "direct_rmse": 0.002333246171474457,
  "direct_r2": 0.9999943329958114,
  "direct_valid_ratio": 1.0,
  "direct_residual_mean": 0.001638973830267787,
  "direct_residual_median": 0.0012305378913879395,
  "direct_residual_p90": 0.0032364487648010257,
  "plus_newton_mae": 2.3433619134290312e-08,
  "plus_newton_rmse": 2.9915731685398055e-08,
  "plus_newton_r2": 0.9999999999999991,
  "plus_newton_valid_ratio": 1.0,
  "plus_newton_residual_mean": 1.7766114466113513e-14,
  "plus_newton_residual_median": 1.1102230246251565e-16,
  "plus_newton_residual_p90": 9.103828801926284e-15,
  "plus_newton_newton_iter_mean": 1.9803,
  "plus_newton_newton_iter_median": 2.0,
  "plus_newton_newton_iter_p90": 2.0,
  "plus_newton_converged_ratio": 1.0,
  "hp_use_log_ab": false,
  "hp_optimizer": "adamw",
  "hp_criterion": "mse",
  "hp_dropout": 0.0,
  "hp_lr": 0.0005,
  "hp_weight_decay": 1e-05,
  "hp_hidden_dims": "[256, 256, 128]",
  "hp_hidden_size": 128,
  "hp_num_layers": 2,
  "hp_head_hidden": 128,
  "hp_head_layers": 2,
  "hp_d_model": 64,
  "hp_nhead": 4,
  "hp_ff_dim": 128,
  "hp_use_cls_token": false
}{
  "trial_id": 144,
  "trial_name": "trial_144_lstm",
  "model": "lstm",
  "best_epoch": 61,
  "elapsed_sec": 102.71919631958008,
  "direct_mae": 0.001384137780405581,
  "direct_rmse": 0.002333246171474457,
  "direct_r2": 0.9999943329958114,
  "direct_valid_ratio": 1.0,
  "direct_residual_mean": 0.001638973830267787,
  "direct_residual_median": 0.0012305378913879395,
  "direct_residual_p90": 0.0032364487648010257,
  "plus_newton_mae": 2.3433619134290312e-08,
  "plus_newton_rmse": 2.9915731685398055e-08,
  "plus_newton_r2": 0.9999999999999991,
  "plus_newton_valid_ratio": 1.0,
  "plus_newton_residual_mean": 1.7766114466113513e-14,
  "plus_newton_residual_median": 1.1102230246251565e-16,
  "plus_newton_residual_p90": 9.103828801926284e-15,
  "plus_newton_newton_iter_mean": 1.9803,
  "plus_newton_newton_iter_median": 2.0,
  "plus_newton_newton_iter_p90": 2.0,
  "plus_newton_converged_ratio": 1.0,
  "hp_use_log_ab": false,
  "hp_optimizer": "adamw",
  "hp_criterion": "mse",
  "hp_dropout": 0.0,
  "hp_lr": 0.0005,
  "hp_weight_decay": 1e-05,
  "hp_hidden_dims": "[256, 256, 128]",
  "hp_hidden_size": 128,
  "hp_num_layers": 2,
  "hp_head_hidden": 128,
  "hp_head_layers": 2,
  "hp_d_model": 64,
  "hp_nhead": 4,
  "hp_ff_dim": 128,
  "hp_use_cls_token": false
}