{
  "trial_id": 6,
  "trial_name": "trial_006_mlp",
  "model": "mlp",
  "best_epoch": 48,
  "elapsed_sec": 67.60547304153442,
  "direct_mae": 0.0016612008912488818,
  "direct_rmse": 0.0021271761506795883,
  "direct_r2": 0.9999952898006086,
  "direct_valid_ratio": 1.0,
  "direct_residual_mean": 0.0020498172380030155,
  "direct_residual_median": 0.0016169846057891846,
  "direct_residual_p90": 0.004018318653106689,
  "plus_newton_mae": 2.343361891748916e-08,
  "plus_newton_rmse": 2.991573041741623e-08,
  "plus_newton_r2": 0.9999999999999991,
  "plus_newton_valid_ratio": 1.0,
  "plus_newton_residual_mean": 1.5528308586384693e-14,
  "plus_newton_residual_median": 8.326672684688674e-17,
  "plus_newton_residual_p90": 8.634759574022165e-15,
  "plus_newton_newton_iter_mean": 2.0138,
  "plus_newton_newton_iter_median": 2.0,
  "plus_newton_newton_iter_p90": 2.0,
  "plus_newton_converged_ratio": 1.0,
  "hp_use_log_ab": false,
  "hp_optimizer": "adamw",
  "hp_criterion": "mse",
  "hp_dropout": 0.0,
  "hp_lr": 0.001,
  "hp_weight_decay": 0.0001,
  "hp_hidden_dims": "[256, 128, 64]",
  "hp_hidden_size": 128,
  "hp_num_layers": 2,
  "hp_head_hidden": 128,
  "hp_head_layers": 2,
  "hp_d_model": 64,
  "hp_nhead": 4,
  "hp_ff_dim": 128,
  "hp_use_cls_token": false
}{
  "trial_id": 6,
  "trial_name": "trial_006_mlp",
  "model": "mlp",
  "best_epoch": 48,
  "elapsed_sec": 67.60547304153442,
  "direct_mae": 0.0016612008912488818,
  "direct_rmse": 0.0021271761506795883,
  "direct_r2": 0.9999952898006086,
  "direct_valid_ratio": 1.0,
  "direct_residual_mean": 0.0020498172380030155,
  "direct_residual_median": 0.0016169846057891846,
  "direct_residual_p90": 0.004018318653106689,
  "plus_newton_mae": 2.343361891748916e-08,
  "plus_newton_rmse": 2.991573041741623e-08,
  "plus_newton_r2": 0.9999999999999991,
  "plus_newton_valid_ratio": 1.0,
  "plus_newton_residual_mean": 1.5528308586384693e-14,
  "plus_newton_residual_median": 8.326672684688674e-17,
  "plus_newton_residual_p90": 8.634759574022165e-15,
  "plus_newton_newton_iter_mean": 2.0138,
  "plus_newton_newton_iter_median": 2.0,
  "plus_newton_newton_iter_p90": 2.0,
  "plus_newton_converged_ratio": 1.0,
  "hp_use_log_ab": false,
  "hp_optimizer": "adamw",
  "hp_criterion": "mse",
  "hp_dropout": 0.0,
  "hp_lr": 0.001,
  "hp_weight_decay": 0.0001,
  "hp_hidden_dims": "[256, 128, 64]",
  "hp_hidden_size": 128,
  "hp_num_layers": 2,
  "hp_head_hidden": 128,
  "hp_head_layers": 2,
  "hp_d_model": 64,
  "hp_nhead": 4,
  "hp_ff_dim": 128,
  "hp_use_cls_token": false
}