{
  "trial_id": 152,
  "trial_name": "trial_152_lstm",
  "model": "lstm",
  "best_epoch": 76,
  "elapsed_sec": 123.1138424873352,
  "direct_mae": 0.001417600316926837,
  "direct_rmse": 0.002056195866316557,
  "direct_r2": 0.9999955988982947,
  "direct_valid_ratio": 1.0,
  "direct_residual_mean": 0.0016844096826389432,
  "direct_residual_median": 0.0011890828609466553,
  "direct_residual_p90": 0.003698629140853882,
  "plus_newton_mae": 2.3433617362536603e-08,
  "plus_newton_rmse": 2.991573050624216e-08,
  "plus_newton_r2": 0.9999999999999991,
  "plus_newton_valid_ratio": 1.0,
  "plus_newton_residual_mean": 2.749354599719742e-14,
  "plus_newton_residual_median": 9.71445146547012e-17,
  "plus_newton_residual_p90": 1.4661188929565606e-14,
  "plus_newton_newton_iter_mean": 1.971,
  "plus_newton_newton_iter_median": 2.0,
  "plus_newton_newton_iter_p90": 2.0,
  "plus_newton_converged_ratio": 1.0,
  "hp_use_log_ab": false,
  "hp_optimizer": "adamw",
  "hp_criterion": "mse",
  "hp_dropout": 0.0,
  "hp_lr": 0.0005,
  "hp_weight_decay": 0.0001,
  "hp_hidden_dims": "[256, 256, 128]",
  "hp_hidden_size": 64,
  "hp_num_layers": 2,
  "hp_head_hidden": 128,
  "hp_head_layers": 2,
  "hp_d_model": 64,
  "hp_nhead": 4,
  "hp_ff_dim": 128,
  "hp_use_cls_token": false
}{
  "trial_id": 152,
  "trial_name": "trial_152_lstm",
  "model": "lstm",
  "best_epoch": 76,
  "elapsed_sec": 123.1138424873352,
  "direct_mae": 0.001417600316926837,
  "direct_rmse": 0.002056195866316557,
  "direct_r2": 0.9999955988982947,
  "direct_valid_ratio": 1.0,
  "direct_residual_mean": 0.0016844096826389432,
  "direct_residual_median": 0.0011890828609466553,
  "direct_residual_p90": 0.003698629140853882,
  "plus_newton_mae": 2.3433617362536603e-08,
  "plus_newton_rmse": 2.991573050624216e-08,
  "plus_newton_r2": 0.9999999999999991,
  "plus_newton_valid_ratio": 1.0,
  "plus_newton_residual_mean": 2.749354599719742e-14,
  "plus_newton_residual_median": 9.71445146547012e-17,
  "plus_newton_residual_p90": 1.4661188929565606e-14,
  "plus_newton_newton_iter_mean": 1.971,
  "plus_newton_newton_iter_median": 2.0,
  "plus_newton_newton_iter_p90": 2.0,
  "plus_newton_converged_ratio": 1.0,
  "hp_use_log_ab": false,
  "hp_optimizer": "adamw",
  "hp_criterion": "mse",
  "hp_dropout": 0.0,
  "hp_lr": 0.0005,
  "hp_weight_decay": 0.0001,
  "hp_hidden_dims": "[256, 256, 128]",
  "hp_hidden_size": 64,
  "hp_num_layers": 2,
  "hp_head_hidden": 128,
  "hp_head_layers": 2,
  "hp_d_model": 64,
  "hp_nhead": 4,
  "hp_ff_dim": 128,
  "hp_use_cls_token": false
}