{
  "trial_id": 29,
  "trial_name": "trial_029_mlp",
  "model": "mlp",
  "best_epoch": 115,
  "elapsed_sec": 114.900563955307,
  "direct_mae": 0.0008163243182934821,
  "direct_rmse": 0.0012473728274926543,
  "direct_r2": 0.99999838033591,
  "direct_valid_ratio": 1.0,
  "direct_residual_mean": 0.0010586573043838143,
  "direct_residual_median": 0.0006728470325469971,
  "direct_residual_p90": 0.0022598862648010257,
  "plus_newton_mae": 2.3433618066936475e-08,
  "plus_newton_rmse": 2.991573072894459e-08,
  "plus_newton_r2": 0.9999999999999991,
  "plus_newton_valid_ratio": 1.0,
  "plus_newton_residual_mean": 3.1061068663367643e-14,
  "plus_newton_residual_median": 8.933825901280557e-17,
  "plus_newton_residual_p90": 2.5868196473766147e-14,
  "plus_newton_newton_iter_mean": 1.9445,
  "plus_newton_newton_iter_median": 2.0,
  "plus_newton_newton_iter_p90": 2.0,
  "plus_newton_converged_ratio": 1.0,
  "hp_use_log_ab": false,
  "hp_optimizer": "adamw",
  "hp_criterion": "smoothl1",
  "hp_dropout": 0.0,
  "hp_lr": 0.001,
  "hp_weight_decay": 0.0001,
  "hp_hidden_dims": "[128, 128]",
  "hp_hidden_size": 128,
  "hp_num_layers": 2,
  "hp_head_hidden": 128,
  "hp_head_layers": 2,
  "hp_d_model": 64,
  "hp_nhead": 4,
  "hp_ff_dim": 128,
  "hp_use_cls_token": false
}{
  "trial_id": 29,
  "trial_name": "trial_029_mlp",
  "model": "mlp",
  "best_epoch": 115,
  "elapsed_sec": 114.900563955307,
  "direct_mae": 0.0008163243182934821,
  "direct_rmse": 0.0012473728274926543,
  "direct_r2": 0.99999838033591,
  "direct_valid_ratio": 1.0,
  "direct_residual_mean": 0.0010586573043838143,
  "direct_residual_median": 0.0006728470325469971,
  "direct_residual_p90": 0.0022598862648010257,
  "plus_newton_mae": 2.3433618066936475e-08,
  "plus_newton_rmse": 2.991573072894459e-08,
  "plus_newton_r2": 0.9999999999999991,
  "plus_newton_valid_ratio": 1.0,
  "plus_newton_residual_mean": 3.1061068663367643e-14,
  "plus_newton_residual_median": 8.933825901280557e-17,
  "plus_newton_residual_p90": 2.5868196473766147e-14,
  "plus_newton_newton_iter_mean": 1.9445,
  "plus_newton_newton_iter_median": 2.0,
  "plus_newton_newton_iter_p90": 2.0,
  "plus_newton_converged_ratio": 1.0,
  "hp_use_log_ab": false,
  "hp_optimizer": "adamw",
  "hp_criterion": "smoothl1",
  "hp_dropout": 0.0,
  "hp_lr": 0.001,
  "hp_weight_decay": 0.0001,
  "hp_hidden_dims": "[128, 128]",
  "hp_hidden_size": 128,
  "hp_num_layers": 2,
  "hp_head_hidden": 128,
  "hp_head_layers": 2,
  "hp_d_model": 64,
  "hp_nhead": 4,
  "hp_ff_dim": 128,
  "hp_use_cls_token": false
}