{
  "trial_id": 169,
  "trial_name": "trial_169_lstm",
  "model": "lstm",
  "best_epoch": 53,
  "elapsed_sec": 86.95716762542725,
  "direct_mae": 0.3405894935131073,
  "direct_rmse": 0.41691383719444275,
  "direct_r2": 0.8190639764070511,
  "direct_valid_ratio": 1.0,
  "direct_residual_mean": 0.38349074125289917,
  "direct_residual_median": 0.3609951436519623,
  "direct_residual_p90": 0.7229804873466493,
  "plus_newton_mae": 2.343361982718717e-08,
  "plus_newton_rmse": 2.991573150686337e-08,
  "plus_newton_r2": 0.9999999999999991,
  "plus_newton_valid_ratio": 1.0,
  "plus_newton_residual_mean": 4.338710798673431e-14,
  "plus_newton_residual_median": 1.6653345369377348e-16,
  "plus_newton_residual_p90": 1.0015321905143541e-13,
  "plus_newton_newton_iter_mean": 2.7547,
  "plus_newton_newton_iter_median": 3.0,
  "plus_newton_newton_iter_p90": 3.0,
  "plus_newton_converged_ratio": 1.0,
  "hp_use_log_ab": false,
  "hp_optimizer": "adamw",
  "hp_criterion": "mse",
  "hp_dropout": 0.1,
  "hp_lr": 0.001,
  "hp_weight_decay": 1e-05,
  "hp_hidden_dims": "[256, 256, 128]",
  "hp_hidden_size": 128,
  "hp_num_layers": 1,
  "hp_head_hidden": 64,
  "hp_head_layers": 1,
  "hp_d_model": 64,
  "hp_nhead": 4,
  "hp_ff_dim": 128,
  "hp_use_cls_token": false
}{
  "trial_id": 169,
  "trial_name": "trial_169_lstm",
  "model": "lstm",
  "best_epoch": 53,
  "elapsed_sec": 86.95716762542725,
  "direct_mae": 0.3405894935131073,
  "direct_rmse": 0.41691383719444275,
  "direct_r2": 0.8190639764070511,
  "direct_valid_ratio": 1.0,
  "direct_residual_mean": 0.38349074125289917,
  "direct_residual_median": 0.3609951436519623,
  "direct_residual_p90": 0.7229804873466493,
  "plus_newton_mae": 2.343361982718717e-08,
  "plus_newton_rmse": 2.991573150686337e-08,
  "plus_newton_r2": 0.9999999999999991,
  "plus_newton_valid_ratio": 1.0,
  "plus_newton_residual_mean": 4.338710798673431e-14,
  "plus_newton_residual_median": 1.6653345369377348e-16,
  "plus_newton_residual_p90": 1.0015321905143541e-13,
  "plus_newton_newton_iter_mean": 2.7547,
  "plus_newton_newton_iter_median": 3.0,
  "plus_newton_newton_iter_p90": 3.0,
  "plus_newton_converged_ratio": 1.0,
  "hp_use_log_ab": false,
  "hp_optimizer": "adamw",
  "hp_criterion": "mse",
  "hp_dropout": 0.1,
  "hp_lr": 0.001,
  "hp_weight_decay": 1e-05,
  "hp_hidden_dims": "[256, 256, 128]",
  "hp_hidden_size": 128,
  "hp_num_layers": 1,
  "hp_head_hidden": 64,
  "hp_head_layers": 1,
  "hp_d_model": 64,
  "hp_nhead": 4,
  "hp_ff_dim": 128,
  "hp_use_cls_token": false
}