{
  "trial_id": 126,
  "trial_name": "trial_126_lstm",
  "model": "lstm",
  "best_epoch": 51,
  "elapsed_sec": 85.91293478012085,
  "direct_mae": 0.0024462942965328693,
  "direct_rmse": 0.0031195140909403563,
  "direct_r2": 0.9999898700734775,
  "direct_valid_ratio": 1.0,
  "direct_residual_mean": 0.002930553164333105,
  "direct_residual_median": 0.0025577545166015625,
  "direct_residual_p90": 0.005597591400146485,
  "plus_newton_mae": 2.3433619235207703e-08,
  "plus_newton_rmse": 2.9915731704841465e-08,
  "plus_newton_r2": 0.9999999999999991,
  "plus_newton_valid_ratio": 1.0,
  "plus_newton_residual_mean": 3.023162495259071e-14,
  "plus_newton_residual_median": 1.1102230246251565e-16,
  "plus_newton_residual_p90": 3.798350522998822e-14,
  "plus_newton_newton_iter_mean": 2.0268,
  "plus_newton_newton_iter_median": 2.0,
  "plus_newton_newton_iter_p90": 2.0,
  "plus_newton_converged_ratio": 1.0,
  "hp_use_log_ab": false,
  "hp_optimizer": "adamw",
  "hp_criterion": "mse",
  "hp_dropout": 0.0,
  "hp_lr": 0.001,
  "hp_weight_decay": 0.0001,
  "hp_hidden_dims": "[256, 256, 128]",
  "hp_hidden_size": 128,
  "hp_num_layers": 2,
  "hp_head_hidden": 64,
  "hp_head_layers": 2,
  "hp_d_model": 64,
  "hp_nhead": 4,
  "hp_ff_dim": 128,
  "hp_use_cls_token": false
}{
  "trial_id": 126,
  "trial_name": "trial_126_lstm",
  "model": "lstm",
  "best_epoch": 51,
  "elapsed_sec": 85.91293478012085,
  "direct_mae": 0.0024462942965328693,
  "direct_rmse": 0.0031195140909403563,
  "direct_r2": 0.9999898700734775,
  "direct_valid_ratio": 1.0,
  "direct_residual_mean": 0.002930553164333105,
  "direct_residual_median": 0.0025577545166015625,
  "direct_residual_p90": 0.005597591400146485,
  "plus_newton_mae": 2.3433619235207703e-08,
  "plus_newton_rmse": 2.9915731704841465e-08,
  "plus_newton_r2": 0.9999999999999991,
  "plus_newton_valid_ratio": 1.0,
  "plus_newton_residual_mean": 3.023162495259071e-14,
  "plus_newton_residual_median": 1.1102230246251565e-16,
  "plus_newton_residual_p90": 3.798350522998822e-14,
  "plus_newton_newton_iter_mean": 2.0268,
  "plus_newton_newton_iter_median": 2.0,
  "plus_newton_newton_iter_p90": 2.0,
  "plus_newton_converged_ratio": 1.0,
  "hp_use_log_ab": false,
  "hp_optimizer": "adamw",
  "hp_criterion": "mse",
  "hp_dropout": 0.0,
  "hp_lr": 0.001,
  "hp_weight_decay": 0.0001,
  "hp_hidden_dims": "[256, 256, 128]",
  "hp_hidden_size": 128,
  "hp_num_layers": 2,
  "hp_head_hidden": 64,
  "hp_head_layers": 2,
  "hp_d_model": 64,
  "hp_nhead": 4,
  "hp_ff_dim": 128,
  "hp_use_cls_token": false
}