{
  "trial_id": 16,
  "trial_name": "trial_016_mlp",
  "model": "mlp",
  "best_epoch": 20,
  "elapsed_sec": 41.44928693771362,
  "direct_mae": 0.008718598634004593,
  "direct_rmse": 0.010861909948289394,
  "direct_r2": 0.9998771868849872,
  "direct_valid_ratio": 1.0,
  "direct_residual_mean": 0.01128285750746727,
  "direct_residual_median": 0.008730947971343994,
  "direct_residual_p90": 0.023373699188232434,
  "plus_newton_mae": 2.3433619116175642e-08,
  "plus_newton_rmse": 2.9915730420151914e-08,
  "plus_newton_r2": 0.9999999999999991,
  "plus_newton_valid_ratio": 1.0,
  "plus_newton_residual_mean": 3.413997722464572e-14,
  "plus_newton_residual_median": 9.71445146547012e-17,
  "plus_newton_residual_p90": 3.2768926461201924e-14,
  "plus_newton_newton_iter_mean": 2.205,
  "plus_newton_newton_iter_median": 2.0,
  "plus_newton_newton_iter_p90": 3.0,
  "plus_newton_converged_ratio": 1.0,
  "hp_use_log_ab": false,
  "hp_optimizer": "adamw",
  "hp_criterion": "mse",
  "hp_dropout": 0.1,
  "hp_lr": 0.001,
  "hp_weight_decay": 0.0001,
  "hp_hidden_dims": "[256, 256, 128]",
  "hp_hidden_size": 128,
  "hp_num_layers": 2,
  "hp_head_hidden": 128,
  "hp_head_layers": 2,
  "hp_d_model": 64,
  "hp_nhead": 4,
  "hp_ff_dim": 128,
  "hp_use_cls_token": false
}{
  "trial_id": 16,
  "trial_name": "trial_016_mlp",
  "model": "mlp",
  "best_epoch": 20,
  "elapsed_sec": 41.44928693771362,
  "direct_mae": 0.008718598634004593,
  "direct_rmse": 0.010861909948289394,
  "direct_r2": 0.9998771868849872,
  "direct_valid_ratio": 1.0,
  "direct_residual_mean": 0.01128285750746727,
  "direct_residual_median": 0.008730947971343994,
  "direct_residual_p90": 0.023373699188232434,
  "plus_newton_mae": 2.3433619116175642e-08,
  "plus_newton_rmse": 2.9915730420151914e-08,
  "plus_newton_r2": 0.9999999999999991,
  "plus_newton_valid_ratio": 1.0,
  "plus_newton_residual_mean": 3.413997722464572e-14,
  "plus_newton_residual_median": 9.71445146547012e-17,
  "plus_newton_residual_p90": 3.2768926461201924e-14,
  "plus_newton_newton_iter_mean": 2.205,
  "plus_newton_newton_iter_median": 2.0,
  "plus_newton_newton_iter_p90": 3.0,
  "plus_newton_converged_ratio": 1.0,
  "hp_use_log_ab": false,
  "hp_optimizer": "adamw",
  "hp_criterion": "mse",
  "hp_dropout": 0.1,
  "hp_lr": 0.001,
  "hp_weight_decay": 0.0001,
  "hp_hidden_dims": "[256, 256, 128]",
  "hp_hidden_size": 128,
  "hp_num_layers": 2,
  "hp_head_hidden": 128,
  "hp_head_layers": 2,
  "hp_d_model": 64,
  "hp_nhead": 4,
  "hp_ff_dim": 128,
  "hp_use_cls_token": false
}