{
  "trial_id": 118,
  "trial_name": "trial_118_lstm",
  "model": "lstm",
  "best_epoch": 53,
  "elapsed_sec": 84.74528551101685,
  "direct_mae": 0.0021009640768170357,
  "direct_rmse": 0.0029809114057570696,
  "direct_r2": 0.9999907502378846,
  "direct_valid_ratio": 1.0,
  "direct_residual_mean": 0.002583915600553155,
  "direct_residual_median": 0.0017336606979370117,
  "direct_residual_p90": 0.005819860473275186,
  "plus_newton_mae": 2.3433619878725685e-08,
  "plus_newton_rmse": 2.991573130767753e-08,
  "plus_newton_r2": 0.9999999999999991,
  "plus_newton_valid_ratio": 1.0,
  "plus_newton_residual_mean": 2.6176103948815905e-14,
  "plus_newton_residual_median": 1.1102230246251565e-16,
  "plus_newton_residual_p90": 1.9340085088970308e-14,
  "plus_newton_newton_iter_mean": 2.0208,
  "plus_newton_newton_iter_median": 2.0,
  "plus_newton_newton_iter_p90": 2.0,
  "plus_newton_converged_ratio": 1.0,
  "hp_use_log_ab": false,
  "hp_optimizer": "adamw",
  "hp_criterion": "mse",
  "hp_dropout": 0.0,
  "hp_lr": 0.001,
  "hp_weight_decay": 0.0001,
  "hp_hidden_dims": "[256, 256, 128]",
  "hp_hidden_size": 64,
  "hp_num_layers": 2,
  "hp_head_hidden": 64,
  "hp_head_layers": 2,
  "hp_d_model": 64,
  "hp_nhead": 4,
  "hp_ff_dim": 128,
  "hp_use_cls_token": false
}{
  "trial_id": 118,
  "trial_name": "trial_118_lstm",
  "model": "lstm",
  "best_epoch": 53,
  "elapsed_sec": 84.74528551101685,
  "direct_mae": 0.0021009640768170357,
  "direct_rmse": 0.0029809114057570696,
  "direct_r2": 0.9999907502378846,
  "direct_valid_ratio": 1.0,
  "direct_residual_mean": 0.002583915600553155,
  "direct_residual_median": 0.0017336606979370117,
  "direct_residual_p90": 0.005819860473275186,
  "plus_newton_mae": 2.3433619878725685e-08,
  "plus_newton_rmse": 2.991573130767753e-08,
  "plus_newton_r2": 0.9999999999999991,
  "plus_newton_valid_ratio": 1.0,
  "plus_newton_residual_mean": 2.6176103948815905e-14,
  "plus_newton_residual_median": 1.1102230246251565e-16,
  "plus_newton_residual_p90": 1.9340085088970308e-14,
  "plus_newton_newton_iter_mean": 2.0208,
  "plus_newton_newton_iter_median": 2.0,
  "plus_newton_newton_iter_p90": 2.0,
  "plus_newton_converged_ratio": 1.0,
  "hp_use_log_ab": false,
  "hp_optimizer": "adamw",
  "hp_criterion": "mse",
  "hp_dropout": 0.0,
  "hp_lr": 0.001,
  "hp_weight_decay": 0.0001,
  "hp_hidden_dims": "[256, 256, 128]",
  "hp_hidden_size": 64,
  "hp_num_layers": 2,
  "hp_head_hidden": 64,
  "hp_head_layers": 2,
  "hp_d_model": 64,
  "hp_nhead": 4,
  "hp_ff_dim": 128,
  "hp_use_cls_token": false
}