{
  "trial_id": 141,
  "trial_name": "trial_141_lstm",
  "model": "lstm",
  "best_epoch": 84,
  "elapsed_sec": 131.4382381439209,
  "direct_mae": 0.3386867046356201,
  "direct_rmse": 0.4163830280303955,
  "direct_r2": 0.819524422287941,
  "direct_valid_ratio": 1.0,
  "direct_residual_mean": 0.3811835050582886,
  "direct_residual_median": 0.3552132546901703,
  "direct_residual_p90": 0.7280861616134644,
  "plus_newton_mae": 2.3433618256963896e-08,
  "plus_newton_rmse": 2.9915730479356215e-08,
  "plus_newton_r2": 0.9999999999999991,
  "plus_newton_valid_ratio": 1.0,
  "plus_newton_residual_mean": 4.43903754911066e-14,
  "plus_newton_residual_median": 1.1102230246251565e-16,
  "plus_newton_residual_p90": 1.0248468740314824e-13,
  "plus_newton_newton_iter_mean": 2.755,
  "plus_newton_newton_iter_median": 3.0,
  "plus_newton_newton_iter_p90": 3.0,
  "plus_newton_converged_ratio": 1.0,
  "hp_use_log_ab": false,
  "hp_optimizer": "adamw",
  "hp_criterion": "mse",
  "hp_dropout": 0.0,
  "hp_lr": 0.0005,
  "hp_weight_decay": 1e-05,
  "hp_hidden_dims": "[256, 256, 128]",
  "hp_hidden_size": 128,
  "hp_num_layers": 2,
  "hp_head_hidden": 64,
  "hp_head_layers": 1,
  "hp_d_model": 64,
  "hp_nhead": 4,
  "hp_ff_dim": 128,
  "hp_use_cls_token": false
}{
  "trial_id": 141,
  "trial_name": "trial_141_lstm",
  "model": "lstm",
  "best_epoch": 84,
  "elapsed_sec": 131.4382381439209,
  "direct_mae": 0.3386867046356201,
  "direct_rmse": 0.4163830280303955,
  "direct_r2": 0.819524422287941,
  "direct_valid_ratio": 1.0,
  "direct_residual_mean": 0.3811835050582886,
  "direct_residual_median": 0.3552132546901703,
  "direct_residual_p90": 0.7280861616134644,
  "plus_newton_mae": 2.3433618256963896e-08,
  "plus_newton_rmse": 2.9915730479356215e-08,
  "plus_newton_r2": 0.9999999999999991,
  "plus_newton_valid_ratio": 1.0,
  "plus_newton_residual_mean": 4.43903754911066e-14,
  "plus_newton_residual_median": 1.1102230246251565e-16,
  "plus_newton_residual_p90": 1.0248468740314824e-13,
  "plus_newton_newton_iter_mean": 2.755,
  "plus_newton_newton_iter_median": 3.0,
  "plus_newton_newton_iter_p90": 3.0,
  "plus_newton_converged_ratio": 1.0,
  "hp_use_log_ab": false,
  "hp_optimizer": "adamw",
  "hp_criterion": "mse",
  "hp_dropout": 0.0,
  "hp_lr": 0.0005,
  "hp_weight_decay": 1e-05,
  "hp_hidden_dims": "[256, 256, 128]",
  "hp_hidden_size": 128,
  "hp_num_layers": 2,
  "hp_head_hidden": 64,
  "hp_head_layers": 1,
  "hp_d_model": 64,
  "hp_nhead": 4,
  "hp_ff_dim": 128,
  "hp_use_cls_token": false
}