{
  "trial_id": 220,
  "trial_name": "trial_220_lstm",
  "model": "lstm",
  "best_epoch": 83,
  "elapsed_sec": 123.05801200866699,
  "direct_mae": 0.006304509937763214,
  "direct_rmse": 0.009771174751222134,
  "direct_r2": 0.9999006138314144,
  "direct_valid_ratio": 1.0,
  "direct_residual_mean": 0.007690634112805128,
  "direct_residual_median": 0.004321485757827759,
  "direct_residual_p90": 0.022010767459869386,
  "plus_newton_mae": 2.3433618230588686e-08,
  "plus_newton_rmse": 2.991573061945138e-08,
  "plus_newton_r2": 0.9999999999999991,
  "plus_newton_valid_ratio": 1.0,
  "plus_newton_residual_mean": 3.595957160063714e-14,
  "plus_newton_residual_median": 1.1102230246251565e-16,
  "plus_newton_residual_p90": 6.386141615521982e-14,
  "plus_newton_newton_iter_mean": 2.1027,
  "plus_newton_newton_iter_median": 2.0,
  "plus_newton_newton_iter_p90": 3.0,
  "plus_newton_converged_ratio": 1.0,
  "hp_use_log_ab": false,
  "hp_optimizer": "adamw",
  "hp_criterion": "mse",
  "hp_dropout": 0.1,
  "hp_lr": 0.0005,
  "hp_weight_decay": 0.0001,
  "hp_hidden_dims": "[256, 256, 128]",
  "hp_hidden_size": 128,
  "hp_num_layers": 1,
  "hp_head_hidden": 128,
  "hp_head_layers": 2,
  "hp_d_model": 64,
  "hp_nhead": 4,
  "hp_ff_dim": 128,
  "hp_use_cls_token": false
}{
  "trial_id": 220,
  "trial_name": "trial_220_lstm",
  "model": "lstm",
  "best_epoch": 83,
  "elapsed_sec": 123.05801200866699,
  "direct_mae": 0.006304509937763214,
  "direct_rmse": 0.009771174751222134,
  "direct_r2": 0.9999006138314144,
  "direct_valid_ratio": 1.0,
  "direct_residual_mean": 0.007690634112805128,
  "direct_residual_median": 0.004321485757827759,
  "direct_residual_p90": 0.022010767459869386,
  "plus_newton_mae": 2.3433618230588686e-08,
  "plus_newton_rmse": 2.991573061945138e-08,
  "plus_newton_r2": 0.9999999999999991,
  "plus_newton_valid_ratio": 1.0,
  "plus_newton_residual_mean": 3.595957160063714e-14,
  "plus_newton_residual_median": 1.1102230246251565e-16,
  "plus_newton_residual_p90": 6.386141615521982e-14,
  "plus_newton_newton_iter_mean": 2.1027,
  "plus_newton_newton_iter_median": 2.0,
  "plus_newton_newton_iter_p90": 3.0,
  "plus_newton_converged_ratio": 1.0,
  "hp_use_log_ab": false,
  "hp_optimizer": "adamw",
  "hp_criterion": "mse",
  "hp_dropout": 0.1,
  "hp_lr": 0.0005,
  "hp_weight_decay": 0.0001,
  "hp_hidden_dims": "[256, 256, 128]",
  "hp_hidden_size": 128,
  "hp_num_layers": 1,
  "hp_head_hidden": 128,
  "hp_head_layers": 2,
  "hp_d_model": 64,
  "hp_nhead": 4,
  "hp_ff_dim": 128,
  "hp_use_cls_token": false
}