{
  "trial_id": 106,
  "trial_name": "trial_106_lstm",
  "model": "lstm",
  "best_epoch": 88,
  "elapsed_sec": 118.12746405601501,
  "direct_mae": 0.0027955379337072372,
  "direct_rmse": 0.003618337446823716,
  "direct_r2": 0.9999863714228923,
  "direct_valid_ratio": 1.0,
  "direct_residual_mean": 0.003335523186251521,
  "direct_residual_median": 0.00265580415725708,
  "direct_residual_p90": 0.006928107142448426,
  "plus_newton_mae": 2.3433618121065738e-08,
  "plus_newton_rmse": 2.991573053525155e-08,
  "plus_newton_r2": 0.9999999999999991,
  "plus_newton_valid_ratio": 1.0,
  "plus_newton_residual_mean": 2.4217572875052288e-14,
  "plus_newton_residual_median": 8.847089727481716e-17,
  "plus_newton_residual_p90": 1.7280621378290622e-14,
  "plus_newton_newton_iter_mean": 2.0383,
  "plus_newton_newton_iter_median": 2.0,
  "plus_newton_newton_iter_p90": 2.0,
  "plus_newton_converged_ratio": 1.0,
  "hp_use_log_ab": false,
  "hp_optimizer": "adamw",
  "hp_criterion": "mse",
  "hp_dropout": 0.0,
  "hp_lr": 0.001,
  "hp_weight_decay": 1e-05,
  "hp_hidden_dims": "[256, 256, 128]",
  "hp_hidden_size": 128,
  "hp_num_layers": 1,
  "hp_head_hidden": 64,
  "hp_head_layers": 2,
  "hp_d_model": 64,
  "hp_nhead": 4,
  "hp_ff_dim": 128,
  "hp_use_cls_token": false
}{
  "trial_id": 106,
  "trial_name": "trial_106_lstm",
  "model": "lstm",
  "best_epoch": 88,
  "elapsed_sec": 118.12746405601501,
  "direct_mae": 0.0027955379337072372,
  "direct_rmse": 0.003618337446823716,
  "direct_r2": 0.9999863714228923,
  "direct_valid_ratio": 1.0,
  "direct_residual_mean": 0.003335523186251521,
  "direct_residual_median": 0.00265580415725708,
  "direct_residual_p90": 0.006928107142448426,
  "plus_newton_mae": 2.3433618121065738e-08,
  "plus_newton_rmse": 2.991573053525155e-08,
  "plus_newton_r2": 0.9999999999999991,
  "plus_newton_valid_ratio": 1.0,
  "plus_newton_residual_mean": 2.4217572875052288e-14,
  "plus_newton_residual_median": 8.847089727481716e-17,
  "plus_newton_residual_p90": 1.7280621378290622e-14,
  "plus_newton_newton_iter_mean": 2.0383,
  "plus_newton_newton_iter_median": 2.0,
  "plus_newton_newton_iter_p90": 2.0,
  "plus_newton_converged_ratio": 1.0,
  "hp_use_log_ab": false,
  "hp_optimizer": "adamw",
  "hp_criterion": "mse",
  "hp_dropout": 0.0,
  "hp_lr": 0.001,
  "hp_weight_decay": 1e-05,
  "hp_hidden_dims": "[256, 256, 128]",
  "hp_hidden_size": 128,
  "hp_num_layers": 1,
  "hp_head_hidden": 64,
  "hp_head_layers": 2,
  "hp_d_model": 64,
  "hp_nhead": 4,
  "hp_ff_dim": 128,
  "hp_use_cls_token": false
}