{
  "trial_id": 186,
  "trial_name": "trial_186_lstm",
  "model": "lstm",
  "best_epoch": 62,
  "elapsed_sec": 100.49378252029419,
  "direct_mae": 0.012016678228974342,
  "direct_rmse": 0.0169417392462492,
  "direct_r2": 0.9997012222011108,
  "direct_valid_ratio": 1.0,
  "direct_residual_mean": 0.013933622278273106,
  "direct_residual_median": 0.01063847541809082,
  "direct_residual_p90": 0.03286296725273133,
  "plus_newton_mae": 2.34336185836549e-08,
  "plus_newton_rmse": 2.9915728806689265e-08,
  "plus_newton_r2": 0.9999999999999991,
  "plus_newton_valid_ratio": 1.0,
  "plus_newton_residual_mean": 3.827787294097431e-14,
  "plus_newton_residual_median": 1.1102230246251565e-16,
  "plus_newton_residual_p90": 7.731593143489606e-14,
  "plus_newton_newton_iter_mean": 2.2034,
  "plus_newton_newton_iter_median": 2.0,
  "plus_newton_newton_iter_p90": 3.0,
  "plus_newton_converged_ratio": 1.0,
  "hp_use_log_ab": false,
  "hp_optimizer": "adamw",
  "hp_criterion": "mse",
  "hp_dropout": 0.1,
  "hp_lr": 0.001,
  "hp_weight_decay": 0.0001,
  "hp_hidden_dims": "[256, 256, 128]",
  "hp_hidden_size": 128,
  "hp_num_layers": 1,
  "hp_head_hidden": 64,
  "hp_head_layers": 2,
  "hp_d_model": 64,
  "hp_nhead": 4,
  "hp_ff_dim": 128,
  "hp_use_cls_token": false
}{
  "trial_id": 186,
  "trial_name": "trial_186_lstm",
  "model": "lstm",
  "best_epoch": 62,
  "elapsed_sec": 100.49378252029419,
  "direct_mae": 0.012016678228974342,
  "direct_rmse": 0.0169417392462492,
  "direct_r2": 0.9997012222011108,
  "direct_valid_ratio": 1.0,
  "direct_residual_mean": 0.013933622278273106,
  "direct_residual_median": 0.01063847541809082,
  "direct_residual_p90": 0.03286296725273133,
  "plus_newton_mae": 2.34336185836549e-08,
  "plus_newton_rmse": 2.9915728806689265e-08,
  "plus_newton_r2": 0.9999999999999991,
  "plus_newton_valid_ratio": 1.0,
  "plus_newton_residual_mean": 3.827787294097431e-14,
  "plus_newton_residual_median": 1.1102230246251565e-16,
  "plus_newton_residual_p90": 7.731593143489606e-14,
  "plus_newton_newton_iter_mean": 2.2034,
  "plus_newton_newton_iter_median": 2.0,
  "plus_newton_newton_iter_p90": 3.0,
  "plus_newton_converged_ratio": 1.0,
  "hp_use_log_ab": false,
  "hp_optimizer": "adamw",
  "hp_criterion": "mse",
  "hp_dropout": 0.1,
  "hp_lr": 0.001,
  "hp_weight_decay": 0.0001,
  "hp_hidden_dims": "[256, 256, 128]",
  "hp_hidden_size": 128,
  "hp_num_layers": 1,
  "hp_head_hidden": 64,
  "hp_head_layers": 2,
  "hp_d_model": 64,
  "hp_nhead": 4,
  "hp_ff_dim": 128,
  "hp_use_cls_token": false
}