{
  "trial_id": 17,
  "trial_name": "trial_017_lstm",
  "model": "lstm",
  "best_epoch": 119,
  "elapsed_sec": 36.34623050689697,
  "direct_mae": 0.015706131234765053,
  "direct_rmse": 0.025084927678108215,
  "direct_r2": 0.9983614709849005,
  "direct_valid_ratio": 0.7445,
  "direct_residual_mean": 22.636891571351406,
  "direct_residual_median": 0.4853797500938667,
  "direct_residual_p90": 21.61504513246628,
  "plus_newton_mae": 0.004588008691885668,
  "plus_newton_rmse": 0.017008904494675764,
  "plus_newton_r2": 0.999246677091231,
  "plus_newton_valid_ratio": 1.0,
  "plus_newton_residual_mean": 1.9819803712271855,
  "plus_newton_residual_median": 2.6645352591003757e-15,
  "plus_newton_residual_p90": 7.207612518484706,
  "plus_newton_newton_iter_mean": 3.5415,
  "plus_newton_newton_iter_median": 4.0,
  "plus_newton_newton_iter_p90": 6.0,
  "plus_newton_converged_ratio": 0.74425,
  "hp_use_log_features": true,
  "hp_optimizer": "adamw",
  "hp_weight_decay": 0.0001,
  "hp_dropout": 0.1,
  "hp_lr": 0.0005,
  "hp_hidden_dims": "[256, 256, 128]",
  "hp_hidden_size": 96,
  "hp_num_layers": 1,
  "hp_head_hidden": 128,
  "hp_head_layers": 2,
  "hp_d_model": 96,
  "hp_nhead": 4,
  "hp_ff_dim": 192,
  "hp_use_cls_token": false
}{
  "trial_id": 17,
  "trial_name": "trial_017_lstm",
  "model": "lstm",
  "best_epoch": 119,
  "elapsed_sec": 36.34623050689697,
  "direct_mae": 0.015706131234765053,
  "direct_rmse": 0.025084927678108215,
  "direct_r2": 0.9983614709849005,
  "direct_valid_ratio": 0.7445,
  "direct_residual_mean": 22.636891571351406,
  "direct_residual_median": 0.4853797500938667,
  "direct_residual_p90": 21.61504513246628,
  "plus_newton_mae": 0.004588008691885668,
  "plus_newton_rmse": 0.017008904494675764,
  "plus_newton_r2": 0.999246677091231,
  "plus_newton_valid_ratio": 1.0,
  "plus_newton_residual_mean": 1.9819803712271855,
  "plus_newton_residual_median": 2.6645352591003757e-15,
  "plus_newton_residual_p90": 7.207612518484706,
  "plus_newton_newton_iter_mean": 3.5415,
  "plus_newton_newton_iter_median": 4.0,
  "plus_newton_newton_iter_p90": 6.0,
  "plus_newton_converged_ratio": 0.74425,
  "hp_use_log_features": true,
  "hp_optimizer": "adamw",
  "hp_weight_decay": 0.0001,
  "hp_dropout": 0.1,
  "hp_lr": 0.0005,
  "hp_hidden_dims": "[256, 256, 128]",
  "hp_hidden_size": 96,
  "hp_num_layers": 1,
  "hp_head_hidden": 128,
  "hp_head_layers": 2,
  "hp_d_model": 96,
  "hp_nhead": 4,
  "hp_ff_dim": 192,
  "hp_use_cls_token": false
}