{
  "trial_id": 43,
  "trial_name": "trial_043_transformer",
  "model": "transformer",
  "best_epoch": 33,
  "elapsed_sec": 27.767639875411987,
  "direct_mae": 0.018005305901169777,
  "direct_rmse": 0.028751609846949577,
  "direct_r2": 0.9978474522306491,
  "direct_valid_ratio": 0.7485,
  "direct_residual_mean": 9.309497895089448,
  "direct_residual_median": 0.2933049010885946,
  "direct_residual_p90": 10.469364145729994,
  "plus_newton_mae": 0.004981478486636547,
  "plus_newton_rmse": 0.01778415206962349,
  "plus_newton_r2": 0.999176440813251,
  "plus_newton_valid_ratio": 1.0,
  "plus_newton_residual_mean": 1.6660088304836669,
  "plus_newton_residual_median": 2.095545958979983e-15,
  "plus_newton_residual_p90": 6.721112751694124,
  "plus_newton_newton_iter_mean": 3.28775,
  "plus_newton_newton_iter_median": 4.0,
  "plus_newton_newton_iter_p90": 5.0,
  "plus_newton_converged_ratio": 0.7485,
  "hp_use_log_features": true,
  "hp_optimizer": "adamw",
  "hp_weight_decay": 0.0001,
  "hp_dropout": 0.05,
  "hp_lr": 0.0005,
  "hp_hidden_dims": "[256, 256, 128]",
  "hp_hidden_size": 128,
  "hp_num_layers": 1,
  "hp_head_hidden": 128,
  "hp_head_layers": 2,
  "hp_d_model": 64,
  "hp_nhead": 4,
  "hp_ff_dim": 192,
  "hp_use_cls_token": false
}{
  "trial_id": 43,
  "trial_name": "trial_043_transformer",
  "model": "transformer",
  "best_epoch": 33,
  "elapsed_sec": 27.767639875411987,
  "direct_mae": 0.018005305901169777,
  "direct_rmse": 0.028751609846949577,
  "direct_r2": 0.9978474522306491,
  "direct_valid_ratio": 0.7485,
  "direct_residual_mean": 9.309497895089448,
  "direct_residual_median": 0.2933049010885946,
  "direct_residual_p90": 10.469364145729994,
  "plus_newton_mae": 0.004981478486636547,
  "plus_newton_rmse": 0.01778415206962349,
  "plus_newton_r2": 0.999176440813251,
  "plus_newton_valid_ratio": 1.0,
  "plus_newton_residual_mean": 1.6660088304836669,
  "plus_newton_residual_median": 2.095545958979983e-15,
  "plus_newton_residual_p90": 6.721112751694124,
  "plus_newton_newton_iter_mean": 3.28775,
  "plus_newton_newton_iter_median": 4.0,
  "plus_newton_newton_iter_p90": 5.0,
  "plus_newton_converged_ratio": 0.7485,
  "hp_use_log_features": true,
  "hp_optimizer": "adamw",
  "hp_weight_decay": 0.0001,
  "hp_dropout": 0.05,
  "hp_lr": 0.0005,
  "hp_hidden_dims": "[256, 256, 128]",
  "hp_hidden_size": 128,
  "hp_num_layers": 1,
  "hp_head_hidden": 128,
  "hp_head_layers": 2,
  "hp_d_model": 64,
  "hp_nhead": 4,
  "hp_ff_dim": 192,
  "hp_use_cls_token": false
}