{
  "trial_id": 13,
  "trial_name": "trial_013_lstm",
  "model": "lstm",
  "best_epoch": 97,
  "elapsed_sec": 45.66218423843384,
  "direct_mae": 0.01344253122806549,
  "direct_rmse": 0.020588761195540428,
  "direct_r2": 0.9988962037418178,
  "direct_valid_ratio": 0.77575,
  "direct_residual_mean": 10.033700397893732,
  "direct_residual_median": 0.49282777477767925,
  "direct_residual_p90": 16.31383084791971,
  "plus_newton_mae": 0.0027015907983461065,
  "plus_newton_rmse": 0.011521139004946326,
  "plus_newton_r2": 0.9996543637198165,
  "plus_newton_valid_ratio": 1.0,
  "plus_newton_residual_mean": 1.6205877549325156,
  "plus_newton_residual_median": 1.7763568394002505e-15,
  "plus_newton_residual_p90": 7.020614847329587,
  "plus_newton_newton_iter_mean": 3.762,
  "plus_newton_newton_iter_median": 4.0,
  "plus_newton_newton_iter_p90": 6.0,
  "plus_newton_converged_ratio": 0.77575,
  "hp_use_log_features": true,
  "hp_optimizer": "adamw",
  "hp_weight_decay": 0.0001,
  "hp_dropout": 0.05,
  "hp_lr": 0.0005,
  "hp_hidden_dims": "[256, 256, 128]",
  "hp_hidden_size": 128,
  "hp_num_layers": 1,
  "hp_head_hidden": 128,
  "hp_head_layers": 2,
  "hp_d_model": 96,
  "hp_nhead": 4,
  "hp_ff_dim": 192,
  "hp_use_cls_token": false
}{
  "trial_id": 13,
  "trial_name": "trial_013_lstm",
  "model": "lstm",
  "best_epoch": 97,
  "elapsed_sec": 45.66218423843384,
  "direct_mae": 0.01344253122806549,
  "direct_rmse": 0.020588761195540428,
  "direct_r2": 0.9988962037418178,
  "direct_valid_ratio": 0.77575,
  "direct_residual_mean": 10.033700397893732,
  "direct_residual_median": 0.49282777477767925,
  "direct_residual_p90": 16.31383084791971,
  "plus_newton_mae": 0.0027015907983461065,
  "plus_newton_rmse": 0.011521139004946326,
  "plus_newton_r2": 0.9996543637198165,
  "plus_newton_valid_ratio": 1.0,
  "plus_newton_residual_mean": 1.6205877549325156,
  "plus_newton_residual_median": 1.7763568394002505e-15,
  "plus_newton_residual_p90": 7.020614847329587,
  "plus_newton_newton_iter_mean": 3.762,
  "plus_newton_newton_iter_median": 4.0,
  "plus_newton_newton_iter_p90": 6.0,
  "plus_newton_converged_ratio": 0.77575,
  "hp_use_log_features": true,
  "hp_optimizer": "adamw",
  "hp_weight_decay": 0.0001,
  "hp_dropout": 0.05,
  "hp_lr": 0.0005,
  "hp_hidden_dims": "[256, 256, 128]",
  "hp_hidden_size": 128,
  "hp_num_layers": 1,
  "hp_head_hidden": 128,
  "hp_head_layers": 2,
  "hp_d_model": 96,
  "hp_nhead": 4,
  "hp_ff_dim": 192,
  "hp_use_cls_token": false
}