{
  "trial_id": 12,
  "trial_name": "trial_012_lstm",
  "model": "lstm",
  "best_epoch": 38,
  "elapsed_sec": 27.002244472503662,
  "direct_mae": 0.021913954988121986,
  "direct_rmse": 0.03308578208088875,
  "direct_r2": 0.9971495644198861,
  "direct_valid_ratio": 0.739,
  "direct_residual_mean": 16.279800621945906,
  "direct_residual_median": 0.6204798034272156,
  "direct_residual_p90": 23.250322260101946,
  "plus_newton_mae": 0.006133014317143501,
  "plus_newton_rmse": 0.021271166930514403,
  "plus_newton_r2": 0.9988218214242668,
  "plus_newton_valid_ratio": 1.0,
  "plus_newton_residual_mean": 1.777169927924498,
  "plus_newton_residual_median": 2.6922908347160046e-15,
  "plus_newton_residual_p90": 7.240131531677555,
  "plus_newton_newton_iter_mean": 3.591,
  "plus_newton_newton_iter_median": 4.0,
  "plus_newton_newton_iter_p90": 6.0,
  "plus_newton_converged_ratio": 0.73875,
  "hp_use_log_features": true,
  "hp_optimizer": "adamw",
  "hp_weight_decay": 0.0001,
  "hp_dropout": 0.05,
  "hp_lr": 0.001,
  "hp_hidden_dims": "[256, 256, 128]",
  "hp_hidden_size": 96,
  "hp_num_layers": 2,
  "hp_head_hidden": 128,
  "hp_head_layers": 2,
  "hp_d_model": 96,
  "hp_nhead": 4,
  "hp_ff_dim": 192,
  "hp_use_cls_token": false
}{
  "trial_id": 12,
  "trial_name": "trial_012_lstm",
  "model": "lstm",
  "best_epoch": 38,
  "elapsed_sec": 27.002244472503662,
  "direct_mae": 0.021913954988121986,
  "direct_rmse": 0.03308578208088875,
  "direct_r2": 0.9971495644198861,
  "direct_valid_ratio": 0.739,
  "direct_residual_mean": 16.279800621945906,
  "direct_residual_median": 0.6204798034272156,
  "direct_residual_p90": 23.250322260101946,
  "plus_newton_mae": 0.006133014317143501,
  "plus_newton_rmse": 0.021271166930514403,
  "plus_newton_r2": 0.9988218214242668,
  "plus_newton_valid_ratio": 1.0,
  "plus_newton_residual_mean": 1.777169927924498,
  "plus_newton_residual_median": 2.6922908347160046e-15,
  "plus_newton_residual_p90": 7.240131531677555,
  "plus_newton_newton_iter_mean": 3.591,
  "plus_newton_newton_iter_median": 4.0,
  "plus_newton_newton_iter_p90": 6.0,
  "plus_newton_converged_ratio": 0.73875,
  "hp_use_log_features": true,
  "hp_optimizer": "adamw",
  "hp_weight_decay": 0.0001,
  "hp_dropout": 0.05,
  "hp_lr": 0.001,
  "hp_hidden_dims": "[256, 256, 128]",
  "hp_hidden_size": 96,
  "hp_num_layers": 2,
  "hp_head_hidden": 128,
  "hp_head_layers": 2,
  "hp_d_model": 96,
  "hp_nhead": 4,
  "hp_ff_dim": 192,
  "hp_use_cls_token": false
}