{
  "trial_id": 45,
  "trial_name": "trial_045_transformer",
  "model": "transformer",
  "best_epoch": 32,
  "elapsed_sec": 37.290244817733765,
  "direct_mae": 0.018818968906998634,
  "direct_rmse": 0.02970350719988346,
  "direct_r2": 0.9977025614076145,
  "direct_valid_ratio": 0.74425,
  "direct_residual_mean": 11.703972818446028,
  "direct_residual_median": 0.6809011903305544,
  "direct_residual_p90": 19.905180611047015,
  "plus_newton_mae": 0.005128417846958952,
  "plus_newton_rmse": 0.018140326385745427,
  "plus_newton_r2": 0.999143122610978,
  "plus_newton_valid_ratio": 1.0,
  "plus_newton_residual_mean": 2.0643395965689475,
  "plus_newton_residual_median": 2.6645352591003757e-15,
  "plus_newton_residual_p90": 7.357037083846064,
  "plus_newton_newton_iter_mean": 3.73975,
  "plus_newton_newton_iter_median": 4.0,
  "plus_newton_newton_iter_p90": 6.0,
  "plus_newton_converged_ratio": 0.74425,
  "hp_use_log_features": true,
  "hp_optimizer": "adamw",
  "hp_weight_decay": 0.0001,
  "hp_dropout": 0.05,
  "hp_lr": 0.0005,
  "hp_hidden_dims": "[256, 256, 128]",
  "hp_hidden_size": 128,
  "hp_num_layers": 2,
  "hp_head_hidden": 128,
  "hp_head_layers": 2,
  "hp_d_model": 64,
  "hp_nhead": 4,
  "hp_ff_dim": 128,
  "hp_use_cls_token": false
}{
  "trial_id": 45,
  "trial_name": "trial_045_transformer",
  "model": "transformer",
  "best_epoch": 32,
  "elapsed_sec": 37.290244817733765,
  "direct_mae": 0.018818968906998634,
  "direct_rmse": 0.02970350719988346,
  "direct_r2": 0.9977025614076145,
  "direct_valid_ratio": 0.74425,
  "direct_residual_mean": 11.703972818446028,
  "direct_residual_median": 0.6809011903305544,
  "direct_residual_p90": 19.905180611047015,
  "plus_newton_mae": 0.005128417846958952,
  "plus_newton_rmse": 0.018140326385745427,
  "plus_newton_r2": 0.999143122610978,
  "plus_newton_valid_ratio": 1.0,
  "plus_newton_residual_mean": 2.0643395965689475,
  "plus_newton_residual_median": 2.6645352591003757e-15,
  "plus_newton_residual_p90": 7.357037083846064,
  "plus_newton_newton_iter_mean": 3.73975,
  "plus_newton_newton_iter_median": 4.0,
  "plus_newton_newton_iter_p90": 6.0,
  "plus_newton_converged_ratio": 0.74425,
  "hp_use_log_features": true,
  "hp_optimizer": "adamw",
  "hp_weight_decay": 0.0001,
  "hp_dropout": 0.05,
  "hp_lr": 0.0005,
  "hp_hidden_dims": "[256, 256, 128]",
  "hp_hidden_size": 128,
  "hp_num_layers": 2,
  "hp_head_hidden": 128,
  "hp_head_layers": 2,
  "hp_d_model": 64,
  "hp_nhead": 4,
  "hp_ff_dim": 128,
  "hp_use_cls_token": false
}