{
  "trial_id": 61,
  "trial_name": "trial_061_transformer",
  "model": "transformer",
  "best_epoch": 61,
  "elapsed_sec": 56.225621700286865,
  "direct_mae": 0.021360687911510468,
  "direct_rmse": 0.03147086873650551,
  "direct_r2": 0.9974210317553343,
  "direct_valid_ratio": 0.72225,
  "direct_residual_mean": 20.159217720858894,
  "direct_residual_median": 0.8687388712350265,
  "direct_residual_p90": 31.297378355387828,
  "plus_newton_mae": 0.006394102055150367,
  "plus_newton_rmse": 0.019461307179999297,
  "plus_newton_r2": 0.9990137829537156,
  "plus_newton_valid_ratio": 1.0,
  "plus_newton_residual_mean": 2.2680242453941712,
  "plus_newton_residual_median": 3.552713678800501e-15,
  "plus_newton_residual_p90": 7.798188727637809,
  "plus_newton_newton_iter_mean": 3.65525,
  "plus_newton_newton_iter_median": 4.0,
  "plus_newton_newton_iter_p90": 7.0,
  "plus_newton_converged_ratio": 0.722,
  "hp_use_log_features": true,
  "hp_optimizer": "adamw",
  "hp_weight_decay": 0.0001,
  "hp_dropout": 0.1,
  "hp_lr": 0.0005,
  "hp_hidden_dims": "[256, 256, 128]",
  "hp_hidden_size": 128,
  "hp_num_layers": 2,
  "hp_head_hidden": 128,
  "hp_head_layers": 2,
  "hp_d_model": 64,
  "hp_nhead": 4,
  "hp_ff_dim": 128,
  "hp_use_cls_token": false
}{
  "trial_id": 61,
  "trial_name": "trial_061_transformer",
  "model": "transformer",
  "best_epoch": 61,
  "elapsed_sec": 56.225621700286865,
  "direct_mae": 0.021360687911510468,
  "direct_rmse": 0.03147086873650551,
  "direct_r2": 0.9974210317553343,
  "direct_valid_ratio": 0.72225,
  "direct_residual_mean": 20.159217720858894,
  "direct_residual_median": 0.8687388712350265,
  "direct_residual_p90": 31.297378355387828,
  "plus_newton_mae": 0.006394102055150367,
  "plus_newton_rmse": 0.019461307179999297,
  "plus_newton_r2": 0.9990137829537156,
  "plus_newton_valid_ratio": 1.0,
  "plus_newton_residual_mean": 2.2680242453941712,
  "plus_newton_residual_median": 3.552713678800501e-15,
  "plus_newton_residual_p90": 7.798188727637809,
  "plus_newton_newton_iter_mean": 3.65525,
  "plus_newton_newton_iter_median": 4.0,
  "plus_newton_newton_iter_p90": 7.0,
  "plus_newton_converged_ratio": 0.722,
  "hp_use_log_features": true,
  "hp_optimizer": "adamw",
  "hp_weight_decay": 0.0001,
  "hp_dropout": 0.1,
  "hp_lr": 0.0005,
  "hp_hidden_dims": "[256, 256, 128]",
  "hp_hidden_size": 128,
  "hp_num_layers": 2,
  "hp_head_hidden": 128,
  "hp_head_layers": 2,
  "hp_d_model": 64,
  "hp_nhead": 4,
  "hp_ff_dim": 128,
  "hp_use_cls_token": false
}