{
  "trial_id": 24,
  "trial_name": "trial_024_lstm",
  "model": "lstm",
  "best_epoch": 99,
  "elapsed_sec": 70.96861362457275,
  "direct_mae": 0.016585052013397217,
  "direct_rmse": 0.027568770572543144,
  "direct_r2": 0.9980209204142588,
  "direct_valid_ratio": 0.82275,
  "direct_residual_mean": 41.01729305122762,
  "direct_residual_median": 0.39142574627087423,
  "direct_residual_p90": 26.936123720365284,
  "plus_newton_mae": 0.004275807855646379,
  "plus_newton_rmse": 0.04311133132580188,
  "plus_newton_r2": 0.995160378932429,
  "plus_newton_valid_ratio": 1.0,
  "plus_newton_residual_mean": 1.1879485449721205,
  "plus_newton_residual_median": 8.881784197001252e-16,
  "plus_newton_residual_p90": 6.133429512891692,
  "plus_newton_newton_iter_mean": 3.9235,
  "plus_newton_newton_iter_median": 4.0,
  "plus_newton_newton_iter_p90": 6.099999999999909,
  "plus_newton_converged_ratio": 0.8225,
  "hp_use_log_features": true,
  "hp_optimizer": "adamw",
  "hp_weight_decay": 0.0001,
  "hp_dropout": 0.1,
  "hp_lr": 0.001,
  "hp_hidden_dims": "[256, 256, 128]",
  "hp_hidden_size": 128,
  "hp_num_layers": 2,
  "hp_head_hidden": 128,
  "hp_head_layers": 2,
  "hp_d_model": 96,
  "hp_nhead": 4,
  "hp_ff_dim": 192,
  "hp_use_cls_token": false
}{
  "trial_id": 24,
  "trial_name": "trial_024_lstm",
  "model": "lstm",
  "best_epoch": 99,
  "elapsed_sec": 70.96861362457275,
  "direct_mae": 0.016585052013397217,
  "direct_rmse": 0.027568770572543144,
  "direct_r2": 0.9980209204142588,
  "direct_valid_ratio": 0.82275,
  "direct_residual_mean": 41.01729305122762,
  "direct_residual_median": 0.39142574627087423,
  "direct_residual_p90": 26.936123720365284,
  "plus_newton_mae": 0.004275807855646379,
  "plus_newton_rmse": 0.04311133132580188,
  "plus_newton_r2": 0.995160378932429,
  "plus_newton_valid_ratio": 1.0,
  "plus_newton_residual_mean": 1.1879485449721205,
  "plus_newton_residual_median": 8.881784197001252e-16,
  "plus_newton_residual_p90": 6.133429512891692,
  "plus_newton_newton_iter_mean": 3.9235,
  "plus_newton_newton_iter_median": 4.0,
  "plus_newton_newton_iter_p90": 6.099999999999909,
  "plus_newton_converged_ratio": 0.8225,
  "hp_use_log_features": true,
  "hp_optimizer": "adamw",
  "hp_weight_decay": 0.0001,
  "hp_dropout": 0.1,
  "hp_lr": 0.001,
  "hp_hidden_dims": "[256, 256, 128]",
  "hp_hidden_size": 128,
  "hp_num_layers": 2,
  "hp_head_hidden": 128,
  "hp_head_layers": 2,
  "hp_d_model": 96,
  "hp_nhead": 4,
  "hp_ff_dim": 192,
  "hp_use_cls_token": false
}