{
  "trial_id": 2,
  "trial_name": "trial_002_mlp",
  "model": "mlp",
  "best_epoch": 18,
  "elapsed_sec": 14.428858518600464,
  "direct_mae": 0.02628043107688427,
  "direct_rmse": 0.041782163083553314,
  "direct_r2": 0.9954541997872179,
  "direct_valid_ratio": 0.74475,
  "direct_residual_mean": 37.82481642317652,
  "direct_residual_median": 0.6526477296959354,
  "direct_residual_p90": 30.599036816948953,
  "plus_newton_mae": 0.007775860278519036,
  "plus_newton_rmse": 0.02744579993126739,
  "plus_newton_r2": 0.9980385362971453,
  "plus_newton_valid_ratio": 1.0,
  "plus_newton_residual_mean": 1.9597794018946113,
  "plus_newton_residual_median": 2.6645352591003757e-15,
  "plus_newton_residual_p90": 7.546185557758153,
  "plus_newton_newton_iter_mean": 3.7125,
  "plus_newton_newton_iter_median": 4.0,
  "plus_newton_newton_iter_p90": 6.0,
  "plus_newton_converged_ratio": 0.74475,
  "hp_use_log_features": true,
  "hp_optimizer": "adamw",
  "hp_weight_decay": 0.0001,
  "hp_dropout": 0.05,
  "hp_lr": 0.001,
  "hp_hidden_dims": "[256, 256, 128]",
  "hp_hidden_size": 128,
  "hp_num_layers": 2,
  "hp_head_hidden": 128,
  "hp_head_layers": 2,
  "hp_d_model": 96,
  "hp_nhead": 4,
  "hp_ff_dim": 192,
  "hp_use_cls_token": false
}{
  "trial_id": 2,
  "trial_name": "trial_002_mlp",
  "model": "mlp",
  "best_epoch": 18,
  "elapsed_sec": 14.428858518600464,
  "direct_mae": 0.02628043107688427,
  "direct_rmse": 0.041782163083553314,
  "direct_r2": 0.9954541997872179,
  "direct_valid_ratio": 0.74475,
  "direct_residual_mean": 37.82481642317652,
  "direct_residual_median": 0.6526477296959354,
  "direct_residual_p90": 30.599036816948953,
  "plus_newton_mae": 0.007775860278519036,
  "plus_newton_rmse": 0.02744579993126739,
  "plus_newton_r2": 0.9980385362971453,
  "plus_newton_valid_ratio": 1.0,
  "plus_newton_residual_mean": 1.9597794018946113,
  "plus_newton_residual_median": 2.6645352591003757e-15,
  "plus_newton_residual_p90": 7.546185557758153,
  "plus_newton_newton_iter_mean": 3.7125,
  "plus_newton_newton_iter_median": 4.0,
  "plus_newton_newton_iter_p90": 6.0,
  "plus_newton_converged_ratio": 0.74475,
  "hp_use_log_features": true,
  "hp_optimizer": "adamw",
  "hp_weight_decay": 0.0001,
  "hp_dropout": 0.05,
  "hp_lr": 0.001,
  "hp_hidden_dims": "[256, 256, 128]",
  "hp_hidden_size": 128,
  "hp_num_layers": 2,
  "hp_head_hidden": 128,
  "hp_head_layers": 2,
  "hp_d_model": 96,
  "hp_nhead": 4,
  "hp_ff_dim": 192,
  "hp_use_cls_token": false
}