{
  "trial_id": 19,
  "trial_name": "trial_019_lstm",
  "model": "lstm",
  "best_epoch": 65,
  "elapsed_sec": 38.54200887680054,
  "direct_mae": 0.021162820979952812,
  "direct_rmse": 0.032369960099458694,
  "direct_r2": 0.9972715700114748,
  "direct_valid_ratio": 0.73625,
  "direct_residual_mean": 26.024932018585407,
  "direct_residual_median": 0.7303102838667616,
  "direct_residual_p90": 29.939521639372387,
  "plus_newton_mae": 0.005904169939321332,
  "plus_newton_rmse": 0.019652924112202704,
  "plus_newton_r2": 0.9989942666678054,
  "plus_newton_valid_ratio": 1.0,
  "plus_newton_residual_mean": 2.0261273401738267,
  "plus_newton_residual_median": 3.552713678800501e-15,
  "plus_newton_residual_p90": 7.442191044548668,
  "plus_newton_newton_iter_mean": 3.69075,
  "plus_newton_newton_iter_median": 4.0,
  "plus_newton_newton_iter_p90": 6.0,
  "plus_newton_converged_ratio": 0.736,
  "hp_use_log_features": true,
  "hp_optimizer": "adamw",
  "hp_weight_decay": 0.0001,
  "hp_dropout": 0.1,
  "hp_lr": 0.0005,
  "hp_hidden_dims": "[256, 256, 128]",
  "hp_hidden_size": 96,
  "hp_num_layers": 2,
  "hp_head_hidden": 128,
  "hp_head_layers": 2,
  "hp_d_model": 96,
  "hp_nhead": 4,
  "hp_ff_dim": 192,
  "hp_use_cls_token": false
}{
  "trial_id": 19,
  "trial_name": "trial_019_lstm",
  "model": "lstm",
  "best_epoch": 65,
  "elapsed_sec": 38.54200887680054,
  "direct_mae": 0.021162820979952812,
  "direct_rmse": 0.032369960099458694,
  "direct_r2": 0.9972715700114748,
  "direct_valid_ratio": 0.73625,
  "direct_residual_mean": 26.024932018585407,
  "direct_residual_median": 0.7303102838667616,
  "direct_residual_p90": 29.939521639372387,
  "plus_newton_mae": 0.005904169939321332,
  "plus_newton_rmse": 0.019652924112202704,
  "plus_newton_r2": 0.9989942666678054,
  "plus_newton_valid_ratio": 1.0,
  "plus_newton_residual_mean": 2.0261273401738267,
  "plus_newton_residual_median": 3.552713678800501e-15,
  "plus_newton_residual_p90": 7.442191044548668,
  "plus_newton_newton_iter_mean": 3.69075,
  "plus_newton_newton_iter_median": 4.0,
  "plus_newton_newton_iter_p90": 6.0,
  "plus_newton_converged_ratio": 0.736,
  "hp_use_log_features": true,
  "hp_optimizer": "adamw",
  "hp_weight_decay": 0.0001,
  "hp_dropout": 0.1,
  "hp_lr": 0.0005,
  "hp_hidden_dims": "[256, 256, 128]",
  "hp_hidden_size": 96,
  "hp_num_layers": 2,
  "hp_head_hidden": 128,
  "hp_head_layers": 2,
  "hp_d_model": 96,
  "hp_nhead": 4,
  "hp_ff_dim": 192,
  "hp_use_cls_token": false
}