{
  "trial_id": 71,
  "trial_name": "trial_071_transformer",
  "model": "transformer",
  "best_epoch": 33,
  "elapsed_sec": 44.8329439163208,
  "direct_mae": 0.022341059520840645,
  "direct_rmse": 0.035644032061100006,
  "direct_r2": 0.9966917209333142,
  "direct_valid_ratio": 0.77075,
  "direct_residual_mean": 12.116211346305038,
  "direct_residual_median": 0.4220599338027604,
  "direct_residual_p90": 15.828128111123448,
  "plus_newton_mae": 0.006220934848005536,
  "plus_newton_rmse": 0.02312148993221573,
  "plus_newton_r2": 0.9986079330521558,
  "plus_newton_valid_ratio": 1.0,
  "plus_newton_residual_mean": 1.640627097250886,
  "plus_newton_residual_median": 1.7763568394002505e-15,
  "plus_newton_residual_p90": 6.730906334548463,
  "plus_newton_newton_iter_mean": 3.58175,
  "plus_newton_newton_iter_median": 4.0,
  "plus_newton_newton_iter_p90": 6.0,
  "plus_newton_converged_ratio": 0.77075,
  "hp_use_log_features": true,
  "hp_optimizer": "adamw",
  "hp_weight_decay": 0.0001,
  "hp_dropout": 0.1,
  "hp_lr": 0.0005,
  "hp_hidden_dims": "[256, 256, 128]",
  "hp_hidden_size": 128,
  "hp_num_layers": 2,
  "hp_head_hidden": 128,
  "hp_head_layers": 2,
  "hp_d_model": 96,
  "hp_nhead": 4,
  "hp_ff_dim": 192,
  "hp_use_cls_token": false
}{
  "trial_id": 71,
  "trial_name": "trial_071_transformer",
  "model": "transformer",
  "best_epoch": 33,
  "elapsed_sec": 44.8329439163208,
  "direct_mae": 0.022341059520840645,
  "direct_rmse": 0.035644032061100006,
  "direct_r2": 0.9966917209333142,
  "direct_valid_ratio": 0.77075,
  "direct_residual_mean": 12.116211346305038,
  "direct_residual_median": 0.4220599338027604,
  "direct_residual_p90": 15.828128111123448,
  "plus_newton_mae": 0.006220934848005536,
  "plus_newton_rmse": 0.02312148993221573,
  "plus_newton_r2": 0.9986079330521558,
  "plus_newton_valid_ratio": 1.0,
  "plus_newton_residual_mean": 1.640627097250886,
  "plus_newton_residual_median": 1.7763568394002505e-15,
  "plus_newton_residual_p90": 6.730906334548463,
  "plus_newton_newton_iter_mean": 3.58175,
  "plus_newton_newton_iter_median": 4.0,
  "plus_newton_newton_iter_p90": 6.0,
  "plus_newton_converged_ratio": 0.77075,
  "hp_use_log_features": true,
  "hp_optimizer": "adamw",
  "hp_weight_decay": 0.0001,
  "hp_dropout": 0.1,
  "hp_lr": 0.0005,
  "hp_hidden_dims": "[256, 256, 128]",
  "hp_hidden_size": 128,
  "hp_num_layers": 2,
  "hp_head_hidden": 128,
  "hp_head_layers": 2,
  "hp_d_model": 96,
  "hp_nhead": 4,
  "hp_ff_dim": 192,
  "hp_use_cls_token": false
}