{
  "trial_id": 37,
  "trial_name": "trial_037_gru",
  "model": "gru",
  "best_epoch": 33,
  "elapsed_sec": 23.28797221183777,
  "direct_mae": 0.021028103306889534,
  "direct_rmse": 0.03261347487568855,
  "direct_r2": 0.9972303646750498,
  "direct_valid_ratio": 0.72475,
  "direct_residual_mean": 6.135287227552118,
  "direct_residual_median": 0.42329565148867826,
  "direct_residual_p90": 10.721027516313514,
  "plus_newton_mae": 0.006385766924961418,
  "plus_newton_rmse": 0.020365895620828956,
  "plus_newton_r2": 0.9989199707519657,
  "plus_newton_valid_ratio": 1.0,
  "plus_newton_residual_mean": 2.064159926030521,
  "plus_newton_residual_median": 2.6645352591003757e-15,
  "plus_newton_residual_p90": 7.107605244048589,
  "plus_newton_newton_iter_mean": 3.33125,
  "plus_newton_newton_iter_median": 4.0,
  "plus_newton_newton_iter_p90": 6.0,
  "plus_newton_converged_ratio": 0.72475,
  "hp_use_log_features": true,
  "hp_optimizer": "adamw",
  "hp_weight_decay": 0.0001,
  "hp_dropout": 0.1,
  "hp_lr": 0.0005,
  "hp_hidden_dims": "[256, 256, 128]",
  "hp_hidden_size": 128,
  "hp_num_layers": 1,
  "hp_head_hidden": 128,
  "hp_head_layers": 2,
  "hp_d_model": 96,
  "hp_nhead": 4,
  "hp_ff_dim": 192,
  "hp_use_cls_token": false
}{
  "trial_id": 37,
  "trial_name": "trial_037_gru",
  "model": "gru",
  "best_epoch": 33,
  "elapsed_sec": 23.28797221183777,
  "direct_mae": 0.021028103306889534,
  "direct_rmse": 0.03261347487568855,
  "direct_r2": 0.9972303646750498,
  "direct_valid_ratio": 0.72475,
  "direct_residual_mean": 6.135287227552118,
  "direct_residual_median": 0.42329565148867826,
  "direct_residual_p90": 10.721027516313514,
  "plus_newton_mae": 0.006385766924961418,
  "plus_newton_rmse": 0.020365895620828956,
  "plus_newton_r2": 0.9989199707519657,
  "plus_newton_valid_ratio": 1.0,
  "plus_newton_residual_mean": 2.064159926030521,
  "plus_newton_residual_median": 2.6645352591003757e-15,
  "plus_newton_residual_p90": 7.107605244048589,
  "plus_newton_newton_iter_mean": 3.33125,
  "plus_newton_newton_iter_median": 4.0,
  "plus_newton_newton_iter_p90": 6.0,
  "plus_newton_converged_ratio": 0.72475,
  "hp_use_log_features": true,
  "hp_optimizer": "adamw",
  "hp_weight_decay": 0.0001,
  "hp_dropout": 0.1,
  "hp_lr": 0.0005,
  "hp_hidden_dims": "[256, 256, 128]",
  "hp_hidden_size": 128,
  "hp_num_layers": 1,
  "hp_head_hidden": 128,
  "hp_head_layers": 2,
  "hp_d_model": 96,
  "hp_nhead": 4,
  "hp_ff_dim": 192,
  "hp_use_cls_token": false
}