{
  "trial_id": 21,
  "trial_name": "trial_021_lstm",
  "model": "lstm",
  "best_epoch": 43,
  "elapsed_sec": 26.290462493896484,
  "direct_mae": 0.018840422853827477,
  "direct_rmse": 0.03193344548344612,
  "direct_r2": 0.9973446604592204,
  "direct_valid_ratio": 0.76875,
  "direct_residual_mean": 24.41700527333511,
  "direct_residual_median": 0.44888747353676717,
  "direct_residual_p90": 21.959195319922948,
  "plus_newton_mae": 0.005143066389343691,
  "plus_newton_rmse": 0.020631039500612763,
  "plus_newton_r2": 0.9988916658609495,
  "plus_newton_valid_ratio": 1.0,
  "plus_newton_residual_mean": 1.5306502574964052,
  "plus_newton_residual_median": 1.7763568394002505e-15,
  "plus_newton_residual_p90": 6.79148137990132,
  "plus_newton_newton_iter_mean": 3.61375,
  "plus_newton_newton_iter_median": 4.0,
  "plus_newton_newton_iter_p90": 6.0,
  "plus_newton_converged_ratio": 0.7685,
  "hp_use_log_features": true,
  "hp_optimizer": "adamw",
  "hp_weight_decay": 0.0001,
  "hp_dropout": 0.1,
  "hp_lr": 0.0005,
  "hp_hidden_dims": "[256, 256, 128]",
  "hp_hidden_size": 128,
  "hp_num_layers": 1,
  "hp_head_hidden": 128,
  "hp_head_layers": 2,
  "hp_d_model": 96,
  "hp_nhead": 4,
  "hp_ff_dim": 192,
  "hp_use_cls_token": false
}{
  "trial_id": 21,
  "trial_name": "trial_021_lstm",
  "model": "lstm",
  "best_epoch": 43,
  "elapsed_sec": 26.290462493896484,
  "direct_mae": 0.018840422853827477,
  "direct_rmse": 0.03193344548344612,
  "direct_r2": 0.9973446604592204,
  "direct_valid_ratio": 0.76875,
  "direct_residual_mean": 24.41700527333511,
  "direct_residual_median": 0.44888747353676717,
  "direct_residual_p90": 21.959195319922948,
  "plus_newton_mae": 0.005143066389343691,
  "plus_newton_rmse": 0.020631039500612763,
  "plus_newton_r2": 0.9988916658609495,
  "plus_newton_valid_ratio": 1.0,
  "plus_newton_residual_mean": 1.5306502574964052,
  "plus_newton_residual_median": 1.7763568394002505e-15,
  "plus_newton_residual_p90": 6.79148137990132,
  "plus_newton_newton_iter_mean": 3.61375,
  "plus_newton_newton_iter_median": 4.0,
  "plus_newton_newton_iter_p90": 6.0,
  "plus_newton_converged_ratio": 0.7685,
  "hp_use_log_features": true,
  "hp_optimizer": "adamw",
  "hp_weight_decay": 0.0001,
  "hp_dropout": 0.1,
  "hp_lr": 0.0005,
  "hp_hidden_dims": "[256, 256, 128]",
  "hp_hidden_size": 128,
  "hp_num_layers": 1,
  "hp_head_hidden": 128,
  "hp_head_layers": 2,
  "hp_d_model": 96,
  "hp_nhead": 4,
  "hp_ff_dim": 192,
  "hp_use_cls_token": false
}