{
  "trial_id": 33,
  "trial_name": "trial_033_gru",
  "model": "gru",
  "best_epoch": 64,
  "elapsed_sec": 30.55109453201294,
  "direct_mae": 0.017350707203149796,
  "direct_rmse": 0.02630714699625969,
  "direct_r2": 0.9981979121884555,
  "direct_valid_ratio": 0.74725,
  "direct_residual_mean": 18.967729042748932,
  "direct_residual_median": 0.7532883896471328,
  "direct_residual_p90": 29.75731793122757,
  "plus_newton_mae": 0.004516442753033872,
  "plus_newton_rmse": 0.016126269753347782,
  "plus_newton_r2": 0.9993228321514604,
  "plus_newton_valid_ratio": 1.0,
  "plus_newton_residual_mean": 1.9902330861704285,
  "plus_newton_residual_median": 2.6645352591003757e-15,
  "plus_newton_residual_p90": 7.256399597907416,
  "plus_newton_newton_iter_mean": 3.74825,
  "plus_newton_newton_iter_median": 4.0,
  "plus_newton_newton_iter_p90": 7.0,
  "plus_newton_converged_ratio": 0.747,
  "hp_use_log_features": true,
  "hp_optimizer": "adamw",
  "hp_weight_decay": 0.0001,
  "hp_dropout": 0.1,
  "hp_lr": 0.0005,
  "hp_hidden_dims": "[256, 256, 128]",
  "hp_hidden_size": 96,
  "hp_num_layers": 1,
  "hp_head_hidden": 128,
  "hp_head_layers": 2,
  "hp_d_model": 96,
  "hp_nhead": 4,
  "hp_ff_dim": 192,
  "hp_use_cls_token": false
}{
  "trial_id": 33,
  "trial_name": "trial_033_gru",
  "model": "gru",
  "best_epoch": 64,
  "elapsed_sec": 30.55109453201294,
  "direct_mae": 0.017350707203149796,
  "direct_rmse": 0.02630714699625969,
  "direct_r2": 0.9981979121884555,
  "direct_valid_ratio": 0.74725,
  "direct_residual_mean": 18.967729042748932,
  "direct_residual_median": 0.7532883896471328,
  "direct_residual_p90": 29.75731793122757,
  "plus_newton_mae": 0.004516442753033872,
  "plus_newton_rmse": 0.016126269753347782,
  "plus_newton_r2": 0.9993228321514604,
  "plus_newton_valid_ratio": 1.0,
  "plus_newton_residual_mean": 1.9902330861704285,
  "plus_newton_residual_median": 2.6645352591003757e-15,
  "plus_newton_residual_p90": 7.256399597907416,
  "plus_newton_newton_iter_mean": 3.74825,
  "plus_newton_newton_iter_median": 4.0,
  "plus_newton_newton_iter_p90": 7.0,
  "plus_newton_converged_ratio": 0.747,
  "hp_use_log_features": true,
  "hp_optimizer": "adamw",
  "hp_weight_decay": 0.0001,
  "hp_dropout": 0.1,
  "hp_lr": 0.0005,
  "hp_hidden_dims": "[256, 256, 128]",
  "hp_hidden_size": 96,
  "hp_num_layers": 1,
  "hp_head_hidden": 128,
  "hp_head_layers": 2,
  "hp_d_model": 96,
  "hp_nhead": 4,
  "hp_ff_dim": 192,
  "hp_use_cls_token": false
}