{
  "trial_id": 18,
  "trial_name": "trial_018_lstm",
  "model": "lstm",
  "best_epoch": 70,
  "elapsed_sec": 28.48410391807556,
  "direct_mae": 0.015561716631054878,
  "direct_rmse": 0.025017907842993736,
  "direct_r2": 0.9983702145678972,
  "direct_valid_ratio": 0.786,
  "direct_residual_mean": 22.75839586077825,
  "direct_residual_median": 0.43021609220657436,
  "direct_residual_p90": 18.964475303057746,
  "plus_newton_mae": 0.003788720760694386,
  "plus_newton_rmse": 0.01607935971908047,
  "plus_newton_r2": 0.9993267660760606,
  "plus_newton_valid_ratio": 1.0,
  "plus_newton_residual_mean": 1.5407035491553043,
  "plus_newton_residual_median": 1.7763568394002505e-15,
  "plus_newton_residual_p90": 6.740743861931296,
  "plus_newton_newton_iter_mean": 3.702,
  "plus_newton_newton_iter_median": 4.0,
  "plus_newton_newton_iter_p90": 6.0,
  "plus_newton_converged_ratio": 0.786,
  "hp_use_log_features": true,
  "hp_optimizer": "adamw",
  "hp_weight_decay": 0.0001,
  "hp_dropout": 0.1,
  "hp_lr": 0.001,
  "hp_hidden_dims": "[256, 256, 128]",
  "hp_hidden_size": 96,
  "hp_num_layers": 1,
  "hp_head_hidden": 128,
  "hp_head_layers": 2,
  "hp_d_model": 96,
  "hp_nhead": 4,
  "hp_ff_dim": 192,
  "hp_use_cls_token": false
}{
  "trial_id": 18,
  "trial_name": "trial_018_lstm",
  "model": "lstm",
  "best_epoch": 70,
  "elapsed_sec": 28.48410391807556,
  "direct_mae": 0.015561716631054878,
  "direct_rmse": 0.025017907842993736,
  "direct_r2": 0.9983702145678972,
  "direct_valid_ratio": 0.786,
  "direct_residual_mean": 22.75839586077825,
  "direct_residual_median": 0.43021609220657436,
  "direct_residual_p90": 18.964475303057746,
  "plus_newton_mae": 0.003788720760694386,
  "plus_newton_rmse": 0.01607935971908047,
  "plus_newton_r2": 0.9993267660760606,
  "plus_newton_valid_ratio": 1.0,
  "plus_newton_residual_mean": 1.5407035491553043,
  "plus_newton_residual_median": 1.7763568394002505e-15,
  "plus_newton_residual_p90": 6.740743861931296,
  "plus_newton_newton_iter_mean": 3.702,
  "plus_newton_newton_iter_median": 4.0,
  "plus_newton_newton_iter_p90": 6.0,
  "plus_newton_converged_ratio": 0.786,
  "hp_use_log_features": true,
  "hp_optimizer": "adamw",
  "hp_weight_decay": 0.0001,
  "hp_dropout": 0.1,
  "hp_lr": 0.001,
  "hp_hidden_dims": "[256, 256, 128]",
  "hp_hidden_size": 96,
  "hp_num_layers": 1,
  "hp_head_hidden": 128,
  "hp_head_layers": 2,
  "hp_d_model": 96,
  "hp_nhead": 4,
  "hp_ff_dim": 192,
  "hp_use_cls_token": false
}