{
  "trial_id": 4,
  "trial_name": "trial_004_mlp",
  "model": "mlp",
  "best_epoch": 62,
  "elapsed_sec": 23.9580295085907,
  "direct_mae": 0.0199118759483099,
  "direct_rmse": 0.03139263391494751,
  "direct_r2": 0.9974338385285217,
  "direct_valid_ratio": 0.7545,
  "direct_residual_mean": 47.48276819674006,
  "direct_residual_median": 0.8885805410495605,
  "direct_residual_p90": 42.867534688368764,
  "plus_newton_mae": 0.0053146447255623805,
  "plus_newton_rmse": 0.021030445333372318,
  "plus_newton_r2": 0.9988483369636411,
  "plus_newton_valid_ratio": 1.0,
  "plus_newton_residual_mean": 2.1872114530449016,
  "plus_newton_residual_median": 2.456368441983159e-15,
  "plus_newton_residual_p90": 8.045553926047102,
  "plus_newton_newton_iter_mean": 3.9815,
  "plus_newton_newton_iter_median": 4.0,
  "plus_newton_newton_iter_p90": 7.0,
  "plus_newton_converged_ratio": 0.7545,
  "hp_use_log_features": true,
  "hp_optimizer": "adamw",
  "hp_weight_decay": 0.0001,
  "hp_dropout": 0.05,
  "hp_lr": 0.001,
  "hp_hidden_dims": "[256, 128, 64]",
  "hp_hidden_size": 128,
  "hp_num_layers": 2,
  "hp_head_hidden": 128,
  "hp_head_layers": 2,
  "hp_d_model": 96,
  "hp_nhead": 4,
  "hp_ff_dim": 192,
  "hp_use_cls_token": false
}{
  "trial_id": 4,
  "trial_name": "trial_004_mlp",
  "model": "mlp",
  "best_epoch": 62,
  "elapsed_sec": 23.9580295085907,
  "direct_mae": 0.0199118759483099,
  "direct_rmse": 0.03139263391494751,
  "direct_r2": 0.9974338385285217,
  "direct_valid_ratio": 0.7545,
  "direct_residual_mean": 47.48276819674006,
  "direct_residual_median": 0.8885805410495605,
  "direct_residual_p90": 42.867534688368764,
  "plus_newton_mae": 0.0053146447255623805,
  "plus_newton_rmse": 0.021030445333372318,
  "plus_newton_r2": 0.9988483369636411,
  "plus_newton_valid_ratio": 1.0,
  "plus_newton_residual_mean": 2.1872114530449016,
  "plus_newton_residual_median": 2.456368441983159e-15,
  "plus_newton_residual_p90": 8.045553926047102,
  "plus_newton_newton_iter_mean": 3.9815,
  "plus_newton_newton_iter_median": 4.0,
  "plus_newton_newton_iter_p90": 7.0,
  "plus_newton_converged_ratio": 0.7545,
  "hp_use_log_features": true,
  "hp_optimizer": "adamw",
  "hp_weight_decay": 0.0001,
  "hp_dropout": 0.05,
  "hp_lr": 0.001,
  "hp_hidden_dims": "[256, 128, 64]",
  "hp_hidden_size": 128,
  "hp_num_layers": 2,
  "hp_head_hidden": 128,
  "hp_head_layers": 2,
  "hp_d_model": 96,
  "hp_nhead": 4,
  "hp_ff_dim": 192,
  "hp_use_cls_token": false
}