{
  "trial_id": 52,
  "trial_name": "trial_052_transformer",
  "model": "transformer",
  "best_epoch": 56,
  "elapsed_sec": 46.926931619644165,
  "direct_mae": 0.016832534223794937,
  "direct_rmse": 0.027136947959661484,
  "direct_r2": 0.9980824333205129,
  "direct_valid_ratio": 0.771,
  "direct_residual_mean": 13.436215272429834,
  "direct_residual_median": 0.27841043153738787,
  "direct_residual_p90": 11.968290425302307,
  "plus_newton_mae": 0.004356008320161461,
  "plus_newton_rmse": 0.02946275780985301,
  "plus_newton_r2": 0.9977396521384603,
  "plus_newton_valid_ratio": 1.0,
  "plus_newton_residual_mean": 1.600569552549939,
  "plus_newton_residual_median": 1.7763568394002505e-15,
  "plus_newton_residual_p90": 6.6570779747747135,
  "plus_newton_newton_iter_mean": 3.39725,
  "plus_newton_newton_iter_median": 4.0,
  "plus_newton_newton_iter_p90": 6.0,
  "plus_newton_converged_ratio": 0.77075,
  "hp_use_log_features": true,
  "hp_optimizer": "adamw",
  "hp_weight_decay": 0.0001,
  "hp_dropout": 0.05,
  "hp_lr": 0.0005,
  "hp_hidden_dims": "[256, 256, 128]",
  "hp_hidden_size": 128,
  "hp_num_layers": 1,
  "hp_head_hidden": 128,
  "hp_head_layers": 2,
  "hp_d_model": 96,
  "hp_nhead": 4,
  "hp_ff_dim": 192,
  "hp_use_cls_token": true
}{
  "trial_id": 52,
  "trial_name": "trial_052_transformer",
  "model": "transformer",
  "best_epoch": 56,
  "elapsed_sec": 46.926931619644165,
  "direct_mae": 0.016832534223794937,
  "direct_rmse": 0.027136947959661484,
  "direct_r2": 0.9980824333205129,
  "direct_valid_ratio": 0.771,
  "direct_residual_mean": 13.436215272429834,
  "direct_residual_median": 0.27841043153738787,
  "direct_residual_p90": 11.968290425302307,
  "plus_newton_mae": 0.004356008320161461,
  "plus_newton_rmse": 0.02946275780985301,
  "plus_newton_r2": 0.9977396521384603,
  "plus_newton_valid_ratio": 1.0,
  "plus_newton_residual_mean": 1.600569552549939,
  "plus_newton_residual_median": 1.7763568394002505e-15,
  "plus_newton_residual_p90": 6.6570779747747135,
  "plus_newton_newton_iter_mean": 3.39725,
  "plus_newton_newton_iter_median": 4.0,
  "plus_newton_newton_iter_p90": 6.0,
  "plus_newton_converged_ratio": 0.77075,
  "hp_use_log_features": true,
  "hp_optimizer": "adamw",
  "hp_weight_decay": 0.0001,
  "hp_dropout": 0.05,
  "hp_lr": 0.0005,
  "hp_hidden_dims": "[256, 256, 128]",
  "hp_hidden_size": 128,
  "hp_num_layers": 1,
  "hp_head_hidden": 128,
  "hp_head_layers": 2,
  "hp_d_model": 96,
  "hp_nhead": 4,
  "hp_ff_dim": 192,
  "hp_use_cls_token": true
}