{
  "trial_id": 3,
  "trial_name": "trial_003_mlp",
  "model": "mlp",
  "best_epoch": 38,
  "elapsed_sec": 17.472962617874146,
  "direct_mae": 0.023281162604689598,
  "direct_rmse": 0.03589523956179619,
  "direct_r2": 0.9966449254898517,
  "direct_valid_ratio": 0.75325,
  "direct_residual_mean": 56.69764245300513,
  "direct_residual_median": 0.8320794307218495,
  "direct_residual_p90": 50.23344738591872,
  "plus_newton_mae": 0.0066958754171232236,
  "plus_newton_rmse": 0.024089229135628533,
  "plus_newton_r2": 0.9984889657975501,
  "plus_newton_valid_ratio": 1.0,
  "plus_newton_residual_mean": 2.1432509009821277,
  "plus_newton_residual_median": 2.6645352591003757e-15,
  "plus_newton_residual_p90": 7.958137119277672,
  "plus_newton_newton_iter_mean": 3.9385,
  "plus_newton_newton_iter_median": 4.0,
  "plus_newton_newton_iter_p90": 7.0,
  "plus_newton_converged_ratio": 0.75325,
  "hp_use_log_features": true,
  "hp_optimizer": "adamw",
  "hp_weight_decay": 0.0001,
  "hp_dropout": 0.05,
  "hp_lr": 0.0005,
  "hp_hidden_dims": "[256, 128, 64]",
  "hp_hidden_size": 128,
  "hp_num_layers": 2,
  "hp_head_hidden": 128,
  "hp_head_layers": 2,
  "hp_d_model": 96,
  "hp_nhead": 4,
  "hp_ff_dim": 192,
  "hp_use_cls_token": false
}{
  "trial_id": 3,
  "trial_name": "trial_003_mlp",
  "model": "mlp",
  "best_epoch": 38,
  "elapsed_sec": 17.472962617874146,
  "direct_mae": 0.023281162604689598,
  "direct_rmse": 0.03589523956179619,
  "direct_r2": 0.9966449254898517,
  "direct_valid_ratio": 0.75325,
  "direct_residual_mean": 56.69764245300513,
  "direct_residual_median": 0.8320794307218495,
  "direct_residual_p90": 50.23344738591872,
  "plus_newton_mae": 0.0066958754171232236,
  "plus_newton_rmse": 0.024089229135628533,
  "plus_newton_r2": 0.9984889657975501,
  "plus_newton_valid_ratio": 1.0,
  "plus_newton_residual_mean": 2.1432509009821277,
  "plus_newton_residual_median": 2.6645352591003757e-15,
  "plus_newton_residual_p90": 7.958137119277672,
  "plus_newton_newton_iter_mean": 3.9385,
  "plus_newton_newton_iter_median": 4.0,
  "plus_newton_newton_iter_p90": 7.0,
  "plus_newton_converged_ratio": 0.75325,
  "hp_use_log_features": true,
  "hp_optimizer": "adamw",
  "hp_weight_decay": 0.0001,
  "hp_dropout": 0.05,
  "hp_lr": 0.0005,
  "hp_hidden_dims": "[256, 128, 64]",
  "hp_hidden_size": 128,
  "hp_num_layers": 2,
  "hp_head_hidden": 128,
  "hp_head_layers": 2,
  "hp_d_model": 96,
  "hp_nhead": 4,
  "hp_ff_dim": 192,
  "hp_use_cls_token": false
}