{
  "trial_id": 23,
  "trial_name": "trial_023_lstm",
  "model": "lstm",
  "best_epoch": 100,
  "elapsed_sec": 71.28556537628174,
  "direct_mae": 0.0185261070728302,
  "direct_rmse": 0.029251057654619217,
  "direct_r2": 0.9977720183789094,
  "direct_valid_ratio": 0.715,
  "direct_residual_mean": 26.013172336645184,
  "direct_residual_median": 0.9522345743740139,
  "direct_residual_p90": 36.089652823615324,
  "plus_newton_mae": 0.00533273869431141,
  "plus_newton_rmse": 0.018682395119770347,
  "plus_newton_r2": 0.9990911471043648,
  "plus_newton_valid_ratio": 1.0,
  "plus_newton_residual_mean": 2.313626438688373,
  "plus_newton_residual_median": 3.552713678800501e-15,
  "plus_newton_residual_p90": 7.9051332398953535,
  "plus_newton_newton_iter_mean": 3.693,
  "plus_newton_newton_iter_median": 4.0,
  "plus_newton_newton_iter_p90": 7.0,
  "plus_newton_converged_ratio": 0.71475,
  "hp_use_log_features": true,
  "hp_optimizer": "adamw",
  "hp_weight_decay": 0.0001,
  "hp_dropout": 0.1,
  "hp_lr": 0.0005,
  "hp_hidden_dims": "[256, 256, 128]",
  "hp_hidden_size": 128,
  "hp_num_layers": 2,
  "hp_head_hidden": 128,
  "hp_head_layers": 2,
  "hp_d_model": 96,
  "hp_nhead": 4,
  "hp_ff_dim": 192,
  "hp_use_cls_token": false
}{
  "trial_id": 23,
  "trial_name": "trial_023_lstm",
  "model": "lstm",
  "best_epoch": 100,
  "elapsed_sec": 71.28556537628174,
  "direct_mae": 0.0185261070728302,
  "direct_rmse": 0.029251057654619217,
  "direct_r2": 0.9977720183789094,
  "direct_valid_ratio": 0.715,
  "direct_residual_mean": 26.013172336645184,
  "direct_residual_median": 0.9522345743740139,
  "direct_residual_p90": 36.089652823615324,
  "plus_newton_mae": 0.00533273869431141,
  "plus_newton_rmse": 0.018682395119770347,
  "plus_newton_r2": 0.9990911471043648,
  "plus_newton_valid_ratio": 1.0,
  "plus_newton_residual_mean": 2.313626438688373,
  "plus_newton_residual_median": 3.552713678800501e-15,
  "plus_newton_residual_p90": 7.9051332398953535,
  "plus_newton_newton_iter_mean": 3.693,
  "plus_newton_newton_iter_median": 4.0,
  "plus_newton_newton_iter_p90": 7.0,
  "plus_newton_converged_ratio": 0.71475,
  "hp_use_log_features": true,
  "hp_optimizer": "adamw",
  "hp_weight_decay": 0.0001,
  "hp_dropout": 0.1,
  "hp_lr": 0.0005,
  "hp_hidden_dims": "[256, 256, 128]",
  "hp_hidden_size": 128,
  "hp_num_layers": 2,
  "hp_head_hidden": 128,
  "hp_head_layers": 2,
  "hp_d_model": 96,
  "hp_nhead": 4,
  "hp_ff_dim": 192,
  "hp_use_cls_token": false
}