{
  "trial_id": 60,
  "trial_name": "trial_060_transformer",
  "model": "transformer",
  "best_epoch": 68,
  "elapsed_sec": 47.37419247627258,
  "direct_mae": 0.023586980998516083,
  "direct_rmse": 0.03593943640589714,
  "direct_r2": 0.9966366585962846,
  "direct_valid_ratio": 0.70575,
  "direct_residual_mean": 22.389152143158903,
  "direct_residual_median": 1.1041458427736726,
  "direct_residual_p90": 44.124717447442066,
  "plus_newton_mae": 0.007284225643586254,
  "plus_newton_rmse": 0.02312327106139337,
  "plus_newton_r2": 0.9986077185723307,
  "plus_newton_valid_ratio": 1.0,
  "plus_newton_residual_mean": 2.5030951600237956,
  "plus_newton_residual_median": 3.941291737419306e-15,
  "plus_newton_residual_p90": 7.953329760130443,
  "plus_newton_newton_iter_mean": 3.7245,
  "plus_newton_newton_iter_median": 4.0,
  "plus_newton_newton_iter_p90": 7.0,
  "plus_newton_converged_ratio": 0.70575,
  "hp_use_log_features": true,
  "hp_optimizer": "adamw",
  "hp_weight_decay": 0.0001,
  "hp_dropout": 0.1,
  "hp_lr": 0.0005,
  "hp_hidden_dims": "[256, 256, 128]",
  "hp_hidden_size": 128,
  "hp_num_layers": 1,
  "hp_head_hidden": 128,
  "hp_head_layers": 2,
  "hp_d_model": 64,
  "hp_nhead": 4,
  "hp_ff_dim": 192,
  "hp_use_cls_token": true
}{
  "trial_id": 60,
  "trial_name": "trial_060_transformer",
  "model": "transformer",
  "best_epoch": 68,
  "elapsed_sec": 47.37419247627258,
  "direct_mae": 0.023586980998516083,
  "direct_rmse": 0.03593943640589714,
  "direct_r2": 0.9966366585962846,
  "direct_valid_ratio": 0.70575,
  "direct_residual_mean": 22.389152143158903,
  "direct_residual_median": 1.1041458427736726,
  "direct_residual_p90": 44.124717447442066,
  "plus_newton_mae": 0.007284225643586254,
  "plus_newton_rmse": 0.02312327106139337,
  "plus_newton_r2": 0.9986077185723307,
  "plus_newton_valid_ratio": 1.0,
  "plus_newton_residual_mean": 2.5030951600237956,
  "plus_newton_residual_median": 3.941291737419306e-15,
  "plus_newton_residual_p90": 7.953329760130443,
  "plus_newton_newton_iter_mean": 3.7245,
  "plus_newton_newton_iter_median": 4.0,
  "plus_newton_newton_iter_p90": 7.0,
  "plus_newton_converged_ratio": 0.70575,
  "hp_use_log_features": true,
  "hp_optimizer": "adamw",
  "hp_weight_decay": 0.0001,
  "hp_dropout": 0.1,
  "hp_lr": 0.0005,
  "hp_hidden_dims": "[256, 256, 128]",
  "hp_hidden_size": 128,
  "hp_num_layers": 1,
  "hp_head_hidden": 128,
  "hp_head_layers": 2,
  "hp_d_model": 64,
  "hp_nhead": 4,
  "hp_ff_dim": 192,
  "hp_use_cls_token": true
}