{
  "trial_id": 1,
  "trial_name": "trial_001_mlp",
  "source_trial": "trial_013_mlp",
  "model": "mlp",
  "best_epoch": 648,
  "elapsed_sec": 7145.2677166461945,
  "direct_mae": 0.0007317657564733963,
  "direct_rmse": 0.0009869613232049417,
  "direct_r2": 0.9999974609966624,
  "direct_valid_ratio": 0.9473,
  "direct_residual_mean": 0.34301143623546165,
  "direct_residual_median": 0.060958035191851834,
  "direct_residual_p90": 0.7807254576584506,
  "direct_mae_Q1": 0.0005521892114444199,
  "direct_mae_x1": 0.0008988701105117798,
  "direct_mae_x2": 0.0007442379474639892,
  "direct_max_abs_error": 0.035843849182128906,
  "plus_newton_mae": 4.075715717679741e-05,
  "plus_newton_rmse": 0.00026609948527673037,
  "plus_newton_r2": 0.9999998154342666,
  "plus_newton_valid_ratio": 1.0,
  "plus_newton_residual_mean": 0.28576937667712843,
  "plus_newton_residual_median": 8.881784197001252e-16,
  "plus_newton_residual_p90": 3.3582026048861767e-13,
  "plus_newton_newton_iter_mean": 3.502,
  "plus_newton_newton_iter_median": 3.0,
  "plus_newton_newton_iter_p90": 5.0,
  "plus_newton_converged_ratio": 0.947,
  "plus_newton_mae_Q1": 1.6739793281532192e-05,
  "plus_newton_mae_x1": 5.395955614730226e-05,
  "plus_newton_mae_x2": 5.1572122101557794e-05,
  "plus_newton_max_abs_error": 0.013968706130981445,
  "hp_use_log_features": true,
  "hp_optimizer": "adamw",
  "hp_loss_name": "smoothl1",
  "hp_weight_decay": 0.0001,
  "hp_dropout": 0.0,
  "hp_lr": 0.0005,
  "hp_hidden_dims": "[256, 256, 128]",
  "hp_hidden_size": 128,
  "hp_num_layers": 2,
  "hp_head_hidden": 128,
  "hp_head_layers": 2,
  "hp_d_model": 96,
  "hp_nhead": 4,
  "hp_ff_dim": 128,
  "hp_use_cls_token": true
}