{
  "trial_id": 11,
  "trial_name": "trial_011_transformer",
  "model": "transformer",
  "best_epoch": 144,
  "elapsed_sec": 3046.001351594925,
  "direct_mae": 0.007282135542482138,
  "direct_rmse": 0.01002848893404007,
  "direct_r2": 0.9997378595773149,
  "direct_valid_ratio": 0.8594,
  "direct_residual_mean": 2.7663219208398977,
  "direct_residual_median": 0.14581936472428755,
  "direct_residual_p90": 3.0011875257779375,
  "plus_newton_mae": 0.0013106487853530864,
  "plus_newton_rmse": 0.0050818369539289655,
  "plus_newton_r2": 0.9999326861457897,
  "plus_newton_valid_ratio": 1.0,
  "plus_newton_residual_mean": 1.0751271399649667,
  "plus_newton_residual_median": 1.2073675392798577e-15,
  "plus_newton_residual_p90": 4.957972236905185,
  "plus_newton_newton_iter_mean": 3.526,
  "plus_newton_newton_iter_median": 4.0,
  "plus_newton_newton_iter_p90": 5.0,
  "plus_newton_converged_ratio": 0.8594,
  "hp_use_log_features": true,
  "hp_optimizer": "adamw",
  "hp_weight_decay": 0.0001,
  "hp_dropout": 0.05,
  "hp_lr": 0.0005,
  "hp_hidden_dims": "[256, 256, 128]",
  "hp_hidden_size": 128,
  "hp_num_layers": 1,
  "hp_head_hidden": 128,
  "hp_head_layers": 2,
  "hp_d_model": 96,
  "hp_nhead": 4,
  "hp_ff_dim": 192,
  "hp_use_cls_token": false
}