{
  "degree": 10,
  "model": "lstm",
  "trial_dir": "lstm_trial_030_lstm",
  "run_dir": "run_042",
  "seed": 42,
  "n_samples": 10000,
  "device": "cuda",
  "batch_size": 4096,
  "model_path": "/root/project/dataset/math_03_14/hybrid_params2_runs/deg10/lstm_trial_030_lstm/run_042/train/best_model.pt",
  "test_npz": "/root/project/dataset/math_03_14/multi_colebrook_data_deg10/parallel2_colebrook_deg10_test.npz",
  "best_epoch": 871,
  "best_val_rmse": 0.000609176408033818,
  "direct_mae": 0.000322873387747288,
  "direct_rmse": 0.0006169567414091035,
  "direct_r2": 0.9999990078612025,
  "preprocessing_ms_per_sample": 0.20516106220893562,
  "forward_gpu_ms_per_sample_mean": 0.0009788252207605787,
  "forward_gpu_ms_per_sample_std": 0.0005775007996771714,
  "forward_gpu_ms_per_sample_min": 0.0005266424966976046,
  "forward_gpu_ms_per_sample_max": 0.0028528984053991734,
  "forward_with_copy_ms_per_sample_mean": 0.004871781510688985,
  "forward_with_copy_ms_per_sample_std": 0.0030305378879495848,
  "forward_with_copy_ms_per_sample_min": 0.0015502154012210668,
  "forward_with_copy_ms_per_sample_max": 0.010018671804573387,
  "neural_direct_total_ms_per_sample": 0.2100328437196246,
  "heuristic_newton_ms_per_sample": 2.12132567219669,
  "neural_newton_ms_per_sample": 0.7929888605955057,
  "neural_end_to_end_ms_per_sample": 1.0030217043151302,
  "heuristic_newton_iter_mean": 5.9136,
  "neural_newton_iter_mean": 2.2159,
  "heuristic_newton_converged_ratio": 0.9999,
  "neural_newton_converged_ratio": 1.0,
  "forward_repeats": 30,
  "forward_warmup": 5,
  "newton_repeats": 1
}