{
  "degree": 10,
  "model": "transformer",
  "trial_dir": "transformer_trial_064_transformer",
  "run_dir": "run_042",
  "seed": 42,
  "n_samples": 10000,
  "device": "cuda",
  "batch_size": 4096,
  "model_path": "/root/project/dataset/math_03_14/hybrid_params2_runs/deg10/transformer_trial_064_transformer/run_042/train/best_model.pt",
  "test_npz": "/root/project/dataset/math_03_14/multi_colebrook_data_deg10/parallel2_colebrook_deg10_test.npz",
  "best_epoch": 949,
  "best_val_rmse": 0.0006694911862723529,
  "direct_mae": 0.0003593410042358935,
  "direct_rmse": 0.000704818619658485,
  "direct_r2": 0.9999987051551255,
  "preprocessing_ms_per_sample": 0.22595212060259656,
  "forward_gpu_ms_per_sample_mean": 0.005677530962275341,
  "forward_gpu_ms_per_sample_std": 0.0009792605537025214,
  "forward_gpu_ms_per_sample_min": 0.003825613495428115,
  "forward_gpu_ms_per_sample_max": 0.008790936297737062,
  "forward_with_copy_ms_per_sample_mean": 0.004827892338701835,
  "forward_with_copy_ms_per_sample_std": 0.0009864824167281577,
  "forward_with_copy_ms_per_sample_min": 0.002986010909080505,
  "forward_with_copy_ms_per_sample_max": 0.00660136720398441,
  "neural_direct_total_ms_per_sample": 0.2307800129412984,
  "heuristic_newton_ms_per_sample": 2.165336377697531,
  "neural_newton_ms_per_sample": 0.7978072660975158,
  "neural_end_to_end_ms_per_sample": 1.0285872790388142,
  "heuristic_newton_iter_mean": 5.9136,
  "neural_newton_iter_mean": 2.3522,
  "heuristic_newton_converged_ratio": 0.9999,
  "neural_newton_converged_ratio": 1.0,
  "forward_repeats": 30,
  "forward_warmup": 5,
  "newton_repeats": 1
}