{
  "degree": 35,
  "model": "lstm",
  "trial_dir": "lstm_trial_030_lstm",
  "run_dir": "run_042",
  "seed": 42,
  "n_samples": 10000,
  "device": "cuda",
  "batch_size": 4096,
  "model_path": "/root/project/dataset/math_03_14/hybrid_params2_runs/deg35/lstm_trial_030_lstm/run_042/train/best_model.pt",
  "test_npz": "/root/project/dataset/math_03_14/multi_colebrook_data_deg35/parallel2_colebrook_deg35_test.npz",
  "best_epoch": 642,
  "best_val_rmse": 0.0007039412739686668,
  "direct_mae": 0.0003737074742367998,
  "direct_rmse": 0.0007799347987234015,
  "direct_r2": 0.9999984144512462,
  "preprocessing_ms_per_sample": 0.2257645096979104,
  "forward_gpu_ms_per_sample_mean": 0.005323041507508606,
  "forward_gpu_ms_per_sample_std": 0.001041998925271382,
  "forward_gpu_ms_per_sample_min": 0.0024806778994388877,
  "forward_gpu_ms_per_sample_max": 0.0071499485988169905,
  "forward_with_copy_ms_per_sample_mean": 0.004352794600417838,
  "forward_with_copy_ms_per_sample_std": 0.0012670007403565297,
  "forward_with_copy_ms_per_sample_min": 0.0017116348026320338,
  "forward_with_copy_ms_per_sample_max": 0.007083470502402633,
  "neural_direct_total_ms_per_sample": 0.23011730429832825,
  "heuristic_newton_ms_per_sample": 2.1099405201966874,
  "neural_newton_ms_per_sample": 0.7770926169934682,
  "neural_end_to_end_ms_per_sample": 1.0072099212917964,
  "heuristic_newton_iter_mean": 5.9136,
  "neural_newton_iter_mean": 2.3358,
  "heuristic_newton_converged_ratio": 0.9999,
  "neural_newton_converged_ratio": 1.0,
  "forward_repeats": 30,
  "forward_warmup": 5,
  "newton_repeats": 1
}