{
  "heuristic_direct": {
    "mae": {
      "mean": 0.09695020981545173,
      "std": 0.0,
      "min": 0.09695020981545173,
      "max": 0.09695020981545173
    },
    "rmse": {
      "mean": 0.21235117496299005,
      "std": 0.0,
      "min": 0.21235117496299005,
      "max": 0.21235117496299005
    },
    "r2": {
      "mean": 0.8824636116782978,
      "std": 0.0,
      "min": 0.8824636116782978,
      "max": 0.8824636116782978
    },
    "valid_ratio": {
      "mean": 1.0,
      "std": 0.0,
      "min": 1.0,
      "max": 1.0
    },
    "residual_mean": {
      "mean": 111.36204228561607,
      "std": 0.0,
      "min": 111.36204228561607,
      "max": 111.36204228561607
    },
    "residual_median": {
      "mean": 1.031162980344467,
      "std": 0.0,
      "min": 1.031162980344467,
      "max": 1.031162980344467
    },
    "residual_p90": {
      "mean": 127.74238012067694,
      "std": 0.0,
      "min": 127.74238012067694,
      "max": 127.74238012067694
    },
    "max_abs_error": {
      "mean": 3.5184905443307604,
      "std": 0.0,
      "min": 3.5184905443307604,
      "max": 3.5184905443307604
    },
    "newton_iter_mean": {
      "mean": NaN,
      "std": NaN,
      "min": NaN,
      "max": NaN
    },
    "newton_iter_median": {
      "mean": NaN,
      "std": NaN,
      "min": NaN,
      "max": NaN
    },
    "newton_iter_p90": {
      "mean": NaN,
      "std": NaN,
      "min": NaN,
      "max": NaN
    },
    "newton_converged_ratio": {
      "mean": NaN,
      "std": NaN,
      "min": NaN,
      "max": NaN
    }
  },
  "heuristic_plus_newton": {
    "mae": {
      "mean": 2.7735465563748766e-10,
      "std": 0.0,
      "min": 2.7735465563748766e-10,
      "max": 2.7735465563748766e-10
    },
    "rmse": {
      "mean": 3.1005054464417104e-09,
      "std": 0.0,
      "min": 3.1005054464417104e-09,
      "max": 3.1005054464417104e-09
    },
    "r2": {
      "mean": 1.0,
      "std": 0.0,
      "min": 1.0,
      "max": 1.0
    },
    "valid_ratio": {
      "mean": 1.0,
      "std": 0.0,
      "min": 1.0,
      "max": 1.0
    },
    "residual_mean": {
      "mean": 5.6218232232809175e-14,
      "std": 0.0,
      "min": 5.6218232232809175e-14,
      "max": 5.6218232232809175e-14
    },
    "residual_median": {
      "mean": 8.881784197001252e-16,
      "std": 0.0,
      "min": 8.881784197001252e-16,
      "max": 8.881784197001252e-16
    },
    "residual_p90": {
      "mean": 1.620370504440418e-13,
      "std": 0.0,
      "min": 1.620370504440418e-13,
      "max": 1.620370504440418e-13
    },
    "max_abs_error": {
      "mean": 3.1141031975323585e-07,
      "std": 0.0,
      "min": 3.1141031975323585e-07,
      "max": 3.1141031975323585e-07
    },
    "newton_iter_mean": {
      "mean": 5.9136,
      "std": 0.0,
      "min": 5.9136,
      "max": 5.9136
    },
    "newton_iter_median": {
      "mean": 5.0,
      "std": 0.0,
      "min": 5.0,
      "max": 5.0
    },
    "newton_iter_p90": {
      "mean": 9.0,
      "std": 0.0,
      "min": 9.0,
      "max": 9.0
    },
    "newton_converged_ratio": {
      "mean": 0.9999,
      "std": 0.0,
      "min": 0.9999,
      "max": 0.9999
    }
  },
  "neural_direct": {
    "mae": {
      "mean": 0.0003399604868758779,
      "std": 0.0,
      "min": 0.0003399604868758779,
      "max": 0.0003399604868758779
    },
    "rmse": {
      "mean": 0.000637124873226222,
      "std": 0.0,
      "min": 0.000637124873226222,
      "max": 0.000637124873226222
    },
    "r2": {
      "mean": 0.999998941935544,
      "std": 0.0,
      "min": 0.999998941935544,
      "max": 0.999998941935544
    },
    "valid_ratio": {
      "mean": 1.0,
      "std": 0.0,
      "min": 1.0,
      "max": 1.0
    },
    "residual_mean": {
      "mean": 0.004403039918374127,
      "std": 0.0,
      "min": 0.004403039918374127,
      "max": 0.004403039918374127
    },
    "residual_median": {
      "mean": 0.0009109896476489077,
      "std": 0.0,
      "min": 0.0009109896476489077,
      "max": 0.0009109896476489077
    },
    "residual_p90": {
      "mean": 0.005429138539486225,
      "std": 0.0,
      "min": 0.005429138539486225,
      "max": 0.005429138539486225
    },
    "max_abs_error": {
      "mean": 0.018287848731683987,
      "std": 0.0,
      "min": 0.018287848731683987,
      "max": 0.018287848731683987
    },
    "newton_iter_mean": {
      "mean": NaN,
      "std": NaN,
      "min": NaN,
      "max": NaN
    },
    "newton_iter_median": {
      "mean": NaN,
      "std": NaN,
      "min": NaN,
      "max": NaN
    },
    "newton_iter_p90": {
      "mean": NaN,
      "std": NaN,
      "min": NaN,
      "max": NaN
    },
    "newton_converged_ratio": {
      "mean": NaN,
      "std": NaN,
      "min": NaN,
      "max": NaN
    }
  },
  "neural_plus_newton": {
    "mae": {
      "mean": 2.773544221276363e-10,
      "std": 0.0,
      "min": 2.773544221276363e-10,
      "max": 2.773544221276363e-10
    },
    "rmse": {
      "mean": 3.1005133291726124e-09,
      "std": 0.0,
      "min": 3.1005133291726124e-09,
      "max": 3.1005133291726124e-09
    },
    "r2": {
      "mean": 1.0,
      "std": 0.0,
      "min": 1.0,
      "max": 1.0
    },
    "valid_ratio": {
      "mean": 1.0,
      "std": 0.0,
      "min": 1.0,
      "max": 1.0
    },
    "residual_mean": {
      "mean": 8.283877923694777e-14,
      "std": 0.0,
      "min": 8.283877923694777e-14,
      "max": 8.283877923694777e-14
    },
    "residual_median": {
      "mean": 1.7763568394002505e-15,
      "std": 0.0,
      "min": 1.7763568394002505e-15,
      "max": 1.7763568394002505e-15
    },
    "residual_p90": {
      "mean": 3.0400126860286044e-13,
      "std": 0.0,
      "min": 3.0400126860286044e-13,
      "max": 3.0400126860286044e-13
    },
    "max_abs_error": {
      "mean": 3.1141312284432843e-07,
      "std": 0.0,
      "min": 3.1141312284432843e-07,
      "max": 3.1141312284432843e-07
    },
    "newton_iter_mean": {
      "mean": 2.303,
      "std": 0.0,
      "min": 2.303,
      "max": 2.303
    },
    "newton_iter_median": {
      "mean": 2.0,
      "std": 0.0,
      "min": 2.0,
      "max": 2.0
    },
    "newton_iter_p90": {
      "mean": 3.0,
      "std": 0.0,
      "min": 3.0,
      "max": 3.0
    },
    "newton_converged_ratio": {
      "mean": 1.0,
      "std": 0.0,
      "min": 1.0,
      "max": 1.0
    }
  }
}