{
  "trial_id": 1,
  "trial_name": "trial_001_transformer",
  "model": "transformer",
  "best_epoch": 13,
  "elapsed_sec": 391.8353235721588,
  "direct_mae": 0.061874568462371826,
  "direct_rmse": 0.20709720253944397,
  "direct_r2": 0.8869509478757365,
  "direct_valid_ratio": 1.0,
  "direct_residual_mean": 28.939330771765526,
  "direct_residual_median": 0.18152766300402265,
  "direct_residual_p90": 33.6446647990023,
  "plus_newton_mae": 7.868721468132378e-08,
  "plus_newton_rmse": 1.1148653902162632e-07,
  "plus_newton_r2": 0.9999999999999672,
  "plus_newton_valid_ratio": 1.0,
  "plus_newton_residual_mean": 8.259895996946224e-12,
  "plus_newton_residual_median": 8.881784197001252e-16,
  "plus_newton_residual_p90": 1.8918200339612667e-13,
  "plus_newton_newton_iter_mean": 4.74155,
  "plus_newton_newton_iter_median": 4.0,
  "plus_newton_newton_iter_p90": 8.0,
  "plus_newton_converged_ratio": 0.999925,
  "hp_use_log_features": true,
  "hp_optimizer": "adamw",
  "hp_dropout": 0.05,
  "hp_lr": 0.0005,
  "hp_weight_decay": 0.0001,
  "hp_lambda_sup": 1.0,
  "hp_lambda_res": 0.1,
  "hp_lambda_delta": 0.01,
  "hp_dr_scale": 1.0,
  "hp_dx_scale": 0.25,
  "hp_hidden_dims": "[256, 256, 128]",
  "hp_hidden_size": 128,
  "hp_num_layers": 1,
  "hp_head_hidden": 128,
  "hp_head_layers": 2,
  "hp_d_model": 64,
  "hp_nhead": 4,
  "hp_ff_dim": 128,
  "hp_use_cls_token": false
}{
  "trial_id": 1,
  "trial_name": "trial_001_transformer",
  "model": "transformer",
  "best_epoch": 13,
  "elapsed_sec": 391.8353235721588,
  "direct_mae": 0.061874568462371826,
  "direct_rmse": 0.20709720253944397,
  "direct_r2": 0.8869509478757365,
  "direct_valid_ratio": 1.0,
  "direct_residual_mean": 28.939330771765526,
  "direct_residual_median": 0.18152766300402265,
  "direct_residual_p90": 33.6446647990023,
  "plus_newton_mae": 7.868721468132378e-08,
  "plus_newton_rmse": 1.1148653902162632e-07,
  "plus_newton_r2": 0.9999999999999672,
  "plus_newton_valid_ratio": 1.0,
  "plus_newton_residual_mean": 8.259895996946224e-12,
  "plus_newton_residual_median": 8.881784197001252e-16,
  "plus_newton_residual_p90": 1.8918200339612667e-13,
  "plus_newton_newton_iter_mean": 4.74155,
  "plus_newton_newton_iter_median": 4.0,
  "plus_newton_newton_iter_p90": 8.0,
  "plus_newton_converged_ratio": 0.999925,
  "hp_use_log_features": true,
  "hp_optimizer": "adamw",
  "hp_dropout": 0.05,
  "hp_lr": 0.0005,
  "hp_weight_decay": 0.0001,
  "hp_lambda_sup": 1.0,
  "hp_lambda_res": 0.1,
  "hp_lambda_delta": 0.01,
  "hp_dr_scale": 1.0,
  "hp_dx_scale": 0.25,
  "hp_hidden_dims": "[256, 256, 128]",
  "hp_hidden_size": 128,
  "hp_num_layers": 1,
  "hp_head_hidden": 128,
  "hp_head_layers": 2,
  "hp_d_model": 64,
  "hp_nhead": 4,
  "hp_ff_dim": 128,
  "hp_use_cls_token": false
}