{
  "trial_id": 105,
  "trial_name": "trial_105_gru",
  "model": "gru",
  "best_epoch": 99,
  "elapsed_sec": 839.1046731472015,
  "direct_mae": 0.004204218741506338,
  "direct_rmse": 0.009322842583060265,
  "direct_r2": 0.9997709052394004,
  "direct_valid_ratio": 1.0,
  "direct_residual_mean": 0.15242424659527137,
  "direct_residual_median": 0.015289330002974277,
  "direct_residual_p90": 0.15287679290553266,
  "plus_newton_mae": 7.868448118863882e-08,
  "plus_newton_rmse": 1.1146555866237211e-07,
  "plus_newton_r2": 0.9999999999999672,
  "plus_newton_valid_ratio": 1.0,
  "plus_newton_residual_mean": 5.192914709147727e-14,
  "plus_newton_residual_median": 8.881784197001252e-16,
  "plus_newton_residual_p90": 1.4190870700758719e-13,
  "plus_newton_newton_iter_mean": 3.06785,
  "plus_newton_newton_iter_median": 3.0,
  "plus_newton_newton_iter_p90": 4.0,
  "plus_newton_converged_ratio": 1.0,
  "hp_use_log_features": true,
  "hp_optimizer": "adamw",
  "hp_loss_name": "mse",
  "hp_dropout": 0.1,
  "hp_lr": 0.0005,
  "hp_weight_decay": 1e-05,
  "hp_hidden_dims": "[256, 256, 128]",
  "hp_hidden_size": 96,
  "hp_num_layers": 1,
  "hp_head_hidden": 64,
  "hp_head_layers": 2,
  "hp_d_model": 96,
  "hp_nhead": 4,
  "hp_ff_dim": 128,
  "hp_use_cls_token": true
}{
  "trial_id": 105,
  "trial_name": "trial_105_gru",
  "model": "gru",
  "best_epoch": 99,
  "elapsed_sec": 839.1046731472015,
  "direct_mae": 0.004204218741506338,
  "direct_rmse": 0.009322842583060265,
  "direct_r2": 0.9997709052394004,
  "direct_valid_ratio": 1.0,
  "direct_residual_mean": 0.15242424659527137,
  "direct_residual_median": 0.015289330002974277,
  "direct_residual_p90": 0.15287679290553266,
  "plus_newton_mae": 7.868448118863882e-08,
  "plus_newton_rmse": 1.1146555866237211e-07,
  "plus_newton_r2": 0.9999999999999672,
  "plus_newton_valid_ratio": 1.0,
  "plus_newton_residual_mean": 5.192914709147727e-14,
  "plus_newton_residual_median": 8.881784197001252e-16,
  "plus_newton_residual_p90": 1.4190870700758719e-13,
  "plus_newton_newton_iter_mean": 3.06785,
  "plus_newton_newton_iter_median": 3.0,
  "plus_newton_newton_iter_p90": 4.0,
  "plus_newton_converged_ratio": 1.0,
  "hp_use_log_features": true,
  "hp_optimizer": "adamw",
  "hp_loss_name": "mse",
  "hp_dropout": 0.1,
  "hp_lr": 0.0005,
  "hp_weight_decay": 1e-05,
  "hp_hidden_dims": "[256, 256, 128]",
  "hp_hidden_size": 96,
  "hp_num_layers": 1,
  "hp_head_hidden": 64,
  "hp_head_layers": 2,
  "hp_d_model": 96,
  "hp_nhead": 4,
  "hp_ff_dim": 128,
  "hp_use_cls_token": true
}