{
  "trial_id": 65,
  "trial_name": "trial_065_gru",
  "model": "gru",
  "best_epoch": 26,
  "elapsed_sec": 346.2291684150696,
  "direct_mae": 0.004908361006528139,
  "direct_rmse": 0.012798578478395939,
  "direct_r2": 0.9995682404998995,
  "direct_valid_ratio": 1.0,
  "direct_residual_mean": 0.1227596055030057,
  "direct_residual_median": 0.015170415495771916,
  "direct_residual_p90": 0.1331623301093954,
  "plus_newton_mae": 7.868448182879967e-08,
  "plus_newton_rmse": 1.1146555891143864e-07,
  "plus_newton_r2": 0.9999999999999672,
  "plus_newton_valid_ratio": 1.0,
  "plus_newton_residual_mean": 5.6895162808273e-14,
  "plus_newton_residual_median": 8.881784197001252e-16,
  "plus_newton_residual_p90": 1.6964207816272392e-13,
  "plus_newton_newton_iter_mean": 3.0295,
  "plus_newton_newton_iter_median": 3.0,
  "plus_newton_newton_iter_p90": 4.0,
  "plus_newton_converged_ratio": 1.0,
  "hp_use_log_features": true,
  "hp_optimizer": "adamw",
  "hp_loss_name": "smoothl1",
  "hp_dropout": 0.1,
  "hp_lr": 0.001,
  "hp_weight_decay": 1e-05,
  "hp_hidden_dims": "[256, 256, 128]",
  "hp_hidden_size": 96,
  "hp_num_layers": 1,
  "hp_head_hidden": 64,
  "hp_head_layers": 2,
  "hp_d_model": 96,
  "hp_nhead": 4,
  "hp_ff_dim": 128,
  "hp_use_cls_token": true
}{
  "trial_id": 65,
  "trial_name": "trial_065_gru",
  "model": "gru",
  "best_epoch": 26,
  "elapsed_sec": 346.2291684150696,
  "direct_mae": 0.004908361006528139,
  "direct_rmse": 0.012798578478395939,
  "direct_r2": 0.9995682404998995,
  "direct_valid_ratio": 1.0,
  "direct_residual_mean": 0.1227596055030057,
  "direct_residual_median": 0.015170415495771916,
  "direct_residual_p90": 0.1331623301093954,
  "plus_newton_mae": 7.868448182879967e-08,
  "plus_newton_rmse": 1.1146555891143864e-07,
  "plus_newton_r2": 0.9999999999999672,
  "plus_newton_valid_ratio": 1.0,
  "plus_newton_residual_mean": 5.6895162808273e-14,
  "plus_newton_residual_median": 8.881784197001252e-16,
  "plus_newton_residual_p90": 1.6964207816272392e-13,
  "plus_newton_newton_iter_mean": 3.0295,
  "plus_newton_newton_iter_median": 3.0,
  "plus_newton_newton_iter_p90": 4.0,
  "plus_newton_converged_ratio": 1.0,
  "hp_use_log_features": true,
  "hp_optimizer": "adamw",
  "hp_loss_name": "smoothl1",
  "hp_dropout": 0.1,
  "hp_lr": 0.001,
  "hp_weight_decay": 1e-05,
  "hp_hidden_dims": "[256, 256, 128]",
  "hp_hidden_size": 96,
  "hp_num_layers": 1,
  "hp_head_hidden": 64,
  "hp_head_layers": 2,
  "hp_d_model": 96,
  "hp_nhead": 4,
  "hp_ff_dim": 128,
  "hp_use_cls_token": true
}