{
  "trial_id": 102,
  "trial_name": "trial_102_gru",
  "model": "gru",
  "best_epoch": 31,
  "elapsed_sec": 388.1047463417053,
  "direct_mae": 0.003745946567505598,
  "direct_rmse": 0.009712462313473225,
  "direct_r2": 0.9997513564687065,
  "direct_valid_ratio": 1.0,
  "direct_residual_mean": 0.10774995438921174,
  "direct_residual_median": 0.012869560816678671,
  "direct_residual_p90": 0.11920549766548957,
  "plus_newton_mae": 7.868448293550766e-08,
  "plus_newton_rmse": 1.1146556074876149e-07,
  "plus_newton_r2": 0.9999999999999672,
  "plus_newton_valid_ratio": 1.0,
  "plus_newton_residual_mean": 5.6493566465320904e-14,
  "plus_newton_residual_median": 8.881784197001252e-16,
  "plus_newton_residual_p90": 1.6964207816272392e-13,
  "plus_newton_newton_iter_mean": 3.007125,
  "plus_newton_newton_iter_median": 3.0,
  "plus_newton_newton_iter_p90": 3.0,
  "plus_newton_converged_ratio": 1.0,
  "hp_use_log_features": true,
  "hp_optimizer": "adamw",
  "hp_loss_name": "smoothl1",
  "hp_dropout": 0.1,
  "hp_lr": 0.0005,
  "hp_weight_decay": 1e-05,
  "hp_hidden_dims": "[256, 256, 128]",
  "hp_hidden_size": 128,
  "hp_num_layers": 1,
  "hp_head_hidden": 128,
  "hp_head_layers": 2,
  "hp_d_model": 96,
  "hp_nhead": 4,
  "hp_ff_dim": 128,
  "hp_use_cls_token": true
}{
  "trial_id": 102,
  "trial_name": "trial_102_gru",
  "model": "gru",
  "best_epoch": 31,
  "elapsed_sec": 388.1047463417053,
  "direct_mae": 0.003745946567505598,
  "direct_rmse": 0.009712462313473225,
  "direct_r2": 0.9997513564687065,
  "direct_valid_ratio": 1.0,
  "direct_residual_mean": 0.10774995438921174,
  "direct_residual_median": 0.012869560816678671,
  "direct_residual_p90": 0.11920549766548957,
  "plus_newton_mae": 7.868448293550766e-08,
  "plus_newton_rmse": 1.1146556074876149e-07,
  "plus_newton_r2": 0.9999999999999672,
  "plus_newton_valid_ratio": 1.0,
  "plus_newton_residual_mean": 5.6493566465320904e-14,
  "plus_newton_residual_median": 8.881784197001252e-16,
  "plus_newton_residual_p90": 1.6964207816272392e-13,
  "plus_newton_newton_iter_mean": 3.007125,
  "plus_newton_newton_iter_median": 3.0,
  "plus_newton_newton_iter_p90": 3.0,
  "plus_newton_converged_ratio": 1.0,
  "hp_use_log_features": true,
  "hp_optimizer": "adamw",
  "hp_loss_name": "smoothl1",
  "hp_dropout": 0.1,
  "hp_lr": 0.0005,
  "hp_weight_decay": 1e-05,
  "hp_hidden_dims": "[256, 256, 128]",
  "hp_hidden_size": 128,
  "hp_num_layers": 1,
  "hp_head_hidden": 128,
  "hp_head_layers": 2,
  "hp_d_model": 96,
  "hp_nhead": 4,
  "hp_ff_dim": 128,
  "hp_use_cls_token": true
}