{
  "trial_id": 69,
  "trial_name": "trial_069_gru",
  "model": "gru",
  "best_epoch": 60,
  "elapsed_sec": 567.8393979072571,
  "direct_mae": 0.004516052082180977,
  "direct_rmse": 0.011923063546419144,
  "direct_r2": 0.9996252909708798,
  "direct_valid_ratio": 1.0,
  "direct_residual_mean": 0.16200657509501287,
  "direct_residual_median": 0.015699540190955638,
  "direct_residual_p90": 0.16778830948506654,
  "plus_newton_mae": 7.868448249354885e-08,
  "plus_newton_rmse": 1.1146555951688034e-07,
  "plus_newton_r2": 0.9999999999999672,
  "plus_newton_valid_ratio": 1.0,
  "plus_newton_residual_mean": 4.7841706541570925e-14,
  "plus_newton_residual_median": 8.881784197001252e-16,
  "plus_newton_residual_p90": 1.2256862191861728e-13,
  "plus_newton_newton_iter_mean": 3.077975,
  "plus_newton_newton_iter_median": 3.0,
  "plus_newton_newton_iter_p90": 4.0,
  "plus_newton_converged_ratio": 1.0,
  "hp_use_log_features": true,
  "hp_optimizer": "adamw",
  "hp_loss_name": "smoothl1",
  "hp_dropout": 0.1,
  "hp_lr": 0.001,
  "hp_weight_decay": 1e-05,
  "hp_hidden_dims": "[256, 256, 128]",
  "hp_hidden_size": 128,
  "hp_num_layers": 1,
  "hp_head_hidden": 64,
  "hp_head_layers": 2,
  "hp_d_model": 96,
  "hp_nhead": 4,
  "hp_ff_dim": 128,
  "hp_use_cls_token": true
}{
  "trial_id": 69,
  "trial_name": "trial_069_gru",
  "model": "gru",
  "best_epoch": 60,
  "elapsed_sec": 567.8393979072571,
  "direct_mae": 0.004516052082180977,
  "direct_rmse": 0.011923063546419144,
  "direct_r2": 0.9996252909708798,
  "direct_valid_ratio": 1.0,
  "direct_residual_mean": 0.16200657509501287,
  "direct_residual_median": 0.015699540190955638,
  "direct_residual_p90": 0.16778830948506654,
  "plus_newton_mae": 7.868448249354885e-08,
  "plus_newton_rmse": 1.1146555951688034e-07,
  "plus_newton_r2": 0.9999999999999672,
  "plus_newton_valid_ratio": 1.0,
  "plus_newton_residual_mean": 4.7841706541570925e-14,
  "plus_newton_residual_median": 8.881784197001252e-16,
  "plus_newton_residual_p90": 1.2256862191861728e-13,
  "plus_newton_newton_iter_mean": 3.077975,
  "plus_newton_newton_iter_median": 3.0,
  "plus_newton_newton_iter_p90": 4.0,
  "plus_newton_converged_ratio": 1.0,
  "hp_use_log_features": true,
  "hp_optimizer": "adamw",
  "hp_loss_name": "smoothl1",
  "hp_dropout": 0.1,
  "hp_lr": 0.001,
  "hp_weight_decay": 1e-05,
  "hp_hidden_dims": "[256, 256, 128]",
  "hp_hidden_size": 128,
  "hp_num_layers": 1,
  "hp_head_hidden": 64,
  "hp_head_layers": 2,
  "hp_d_model": 96,
  "hp_nhead": 4,
  "hp_ff_dim": 128,
  "hp_use_cls_token": true
}