{
  "trial_id": 4,
  "trial_name": "trial_004_gru",
  "model": "gru",
  "best_epoch": 82,
  "elapsed_sec": 771.1373181343079,
  "direct_mae": 0.0010704133892431855,
  "direct_rmse": 0.0020523923449218273,
  "direct_r2": 0.9999888970274997,
  "direct_valid_ratio": 1.0,
  "direct_residual_mean": 0.01808617303878968,
  "direct_residual_median": 0.0031283790574183346,
  "direct_residual_p90": 0.020413697343136722,
  "plus_newton_mae": 7.868448157901009e-08,
  "plus_newton_rmse": 1.1146555896535119e-07,
  "plus_newton_r2": 0.9999999999999672,
  "plus_newton_valid_ratio": 1.0,
  "plus_newton_residual_mean": 6.414079112859082e-14,
  "plus_newton_residual_median": 8.881784197001252e-16,
  "plus_newton_residual_p90": 2.0605739337042905e-13,
  "plus_newton_newton_iter_mean": 2.6456,
  "plus_newton_newton_iter_median": 3.0,
  "plus_newton_newton_iter_p90": 3.0,
  "plus_newton_converged_ratio": 1.0,
  "hp_use_log_features": true,
  "hp_optimizer": "adamw",
  "hp_loss_name": "smoothl1",
  "hp_dropout": 0.0,
  "hp_lr": 0.001,
  "hp_weight_decay": 1e-05,
  "hp_hidden_dims": "[256, 256, 128]",
  "hp_hidden_size": 96,
  "hp_num_layers": 2,
  "hp_head_hidden": 128,
  "hp_head_layers": 2,
  "hp_d_model": 96,
  "hp_nhead": 4,
  "hp_ff_dim": 128,
  "hp_use_cls_token": true
}{
  "trial_id": 4,
  "trial_name": "trial_004_gru",
  "model": "gru",
  "best_epoch": 82,
  "elapsed_sec": 771.1373181343079,
  "direct_mae": 0.0010704133892431855,
  "direct_rmse": 0.0020523923449218273,
  "direct_r2": 0.9999888970274997,
  "direct_valid_ratio": 1.0,
  "direct_residual_mean": 0.01808617303878968,
  "direct_residual_median": 0.0031283790574183346,
  "direct_residual_p90": 0.020413697343136722,
  "plus_newton_mae": 7.868448157901009e-08,
  "plus_newton_rmse": 1.1146555896535119e-07,
  "plus_newton_r2": 0.9999999999999672,
  "plus_newton_valid_ratio": 1.0,
  "plus_newton_residual_mean": 6.414079112859082e-14,
  "plus_newton_residual_median": 8.881784197001252e-16,
  "plus_newton_residual_p90": 2.0605739337042905e-13,
  "plus_newton_newton_iter_mean": 2.6456,
  "plus_newton_newton_iter_median": 3.0,
  "plus_newton_newton_iter_p90": 3.0,
  "plus_newton_converged_ratio": 1.0,
  "hp_use_log_features": true,
  "hp_optimizer": "adamw",
  "hp_loss_name": "smoothl1",
  "hp_dropout": 0.0,
  "hp_lr": 0.001,
  "hp_weight_decay": 1e-05,
  "hp_hidden_dims": "[256, 256, 128]",
  "hp_hidden_size": 96,
  "hp_num_layers": 2,
  "hp_head_hidden": 128,
  "hp_head_layers": 2,
  "hp_d_model": 96,
  "hp_nhead": 4,
  "hp_ff_dim": 128,
  "hp_use_cls_token": true
}