{
  "trial_id": 25,
  "trial_name": "trial_025_gru",
  "model": "gru",
  "best_epoch": 112,
  "elapsed_sec": 851.1611406803131,
  "direct_mae": 0.0015156501904129982,
  "direct_rmse": 0.0026479684747755527,
  "direct_r2": 0.999981518207929,
  "direct_valid_ratio": 1.0,
  "direct_residual_mean": 0.022030203668089637,
  "direct_residual_median": 0.004113607227242078,
  "direct_residual_p90": 0.026246333354278173,
  "plus_newton_mae": 7.868448131398577e-08,
  "plus_newton_rmse": 1.1146555823468902e-07,
  "plus_newton_r2": 0.9999999999999672,
  "plus_newton_valid_ratio": 1.0,
  "plus_newton_residual_mean": 6.429926317067283e-14,
  "plus_newton_residual_median": 8.881784197001252e-16,
  "plus_newton_residual_p90": 2.1405099914773018e-13,
  "plus_newton_newton_iter_mean": 2.7026,
  "plus_newton_newton_iter_median": 3.0,
  "plus_newton_newton_iter_p90": 3.0,
  "plus_newton_converged_ratio": 1.0,
  "hp_use_log_features": true,
  "hp_optimizer": "adamw",
  "hp_loss_name": "mse",
  "hp_dropout": 0.0,
  "hp_lr": 0.001,
  "hp_weight_decay": 0.0001,
  "hp_hidden_dims": "[256, 256, 128]",
  "hp_hidden_size": 96,
  "hp_num_layers": 1,
  "hp_head_hidden": 64,
  "hp_head_layers": 2,
  "hp_d_model": 96,
  "hp_nhead": 4,
  "hp_ff_dim": 128,
  "hp_use_cls_token": true
}{
  "trial_id": 25,
  "trial_name": "trial_025_gru",
  "model": "gru",
  "best_epoch": 112,
  "elapsed_sec": 851.1611406803131,
  "direct_mae": 0.0015156501904129982,
  "direct_rmse": 0.0026479684747755527,
  "direct_r2": 0.999981518207929,
  "direct_valid_ratio": 1.0,
  "direct_residual_mean": 0.022030203668089637,
  "direct_residual_median": 0.004113607227242078,
  "direct_residual_p90": 0.026246333354278173,
  "plus_newton_mae": 7.868448131398577e-08,
  "plus_newton_rmse": 1.1146555823468902e-07,
  "plus_newton_r2": 0.9999999999999672,
  "plus_newton_valid_ratio": 1.0,
  "plus_newton_residual_mean": 6.429926317067283e-14,
  "plus_newton_residual_median": 8.881784197001252e-16,
  "plus_newton_residual_p90": 2.1405099914773018e-13,
  "plus_newton_newton_iter_mean": 2.7026,
  "plus_newton_newton_iter_median": 3.0,
  "plus_newton_newton_iter_p90": 3.0,
  "plus_newton_converged_ratio": 1.0,
  "hp_use_log_features": true,
  "hp_optimizer": "adamw",
  "hp_loss_name": "mse",
  "hp_dropout": 0.0,
  "hp_lr": 0.001,
  "hp_weight_decay": 0.0001,
  "hp_hidden_dims": "[256, 256, 128]",
  "hp_hidden_size": 96,
  "hp_num_layers": 1,
  "hp_head_hidden": 64,
  "hp_head_layers": 2,
  "hp_d_model": 96,
  "hp_nhead": 4,
  "hp_ff_dim": 128,
  "hp_use_cls_token": true
}