{
  "trial_id": 6,
  "trial_name": "trial_006_gru",
  "model": "gru",
  "best_epoch": 81,
  "elapsed_sec": 743.9608783721924,
  "direct_mae": 0.0011400263756513596,
  "direct_rmse": 0.0021047526970505714,
  "direct_r2": 0.9999883232884058,
  "direct_valid_ratio": 1.0,
  "direct_residual_mean": 0.03243216284667828,
  "direct_residual_median": 0.0037521014683493253,
  "direct_residual_p90": 0.03137116515408235,
  "plus_newton_mae": 7.868448171374891e-08,
  "plus_newton_rmse": 1.114655595680929e-07,
  "plus_newton_r2": 0.9999999999999672,
  "plus_newton_valid_ratio": 1.0,
  "plus_newton_residual_mean": 6.470123974095513e-14,
  "plus_newton_residual_median": 8.881784197001252e-16,
  "plus_newton_residual_p90": 2.1542767569826473e-13,
  "plus_newton_newton_iter_mean": 2.700075,
  "plus_newton_newton_iter_median": 3.0,
  "plus_newton_newton_iter_p90": 3.0,
  "plus_newton_converged_ratio": 1.0,
  "hp_use_log_features": true,
  "hp_optimizer": "adamw",
  "hp_loss_name": "smoothl1",
  "hp_dropout": 0.0,
  "hp_lr": 0.001,
  "hp_weight_decay": 1e-05,
  "hp_hidden_dims": "[256, 256, 128]",
  "hp_hidden_size": 128,
  "hp_num_layers": 1,
  "hp_head_hidden": 128,
  "hp_head_layers": 2,
  "hp_d_model": 96,
  "hp_nhead": 4,
  "hp_ff_dim": 128,
  "hp_use_cls_token": true
}{
  "trial_id": 6,
  "trial_name": "trial_006_gru",
  "model": "gru",
  "best_epoch": 81,
  "elapsed_sec": 743.9608783721924,
  "direct_mae": 0.0011400263756513596,
  "direct_rmse": 0.0021047526970505714,
  "direct_r2": 0.9999883232884058,
  "direct_valid_ratio": 1.0,
  "direct_residual_mean": 0.03243216284667828,
  "direct_residual_median": 0.0037521014683493253,
  "direct_residual_p90": 0.03137116515408235,
  "plus_newton_mae": 7.868448171374891e-08,
  "plus_newton_rmse": 1.114655595680929e-07,
  "plus_newton_r2": 0.9999999999999672,
  "plus_newton_valid_ratio": 1.0,
  "plus_newton_residual_mean": 6.470123974095513e-14,
  "plus_newton_residual_median": 8.881784197001252e-16,
  "plus_newton_residual_p90": 2.1542767569826473e-13,
  "plus_newton_newton_iter_mean": 2.700075,
  "plus_newton_newton_iter_median": 3.0,
  "plus_newton_newton_iter_p90": 3.0,
  "plus_newton_converged_ratio": 1.0,
  "hp_use_log_features": true,
  "hp_optimizer": "adamw",
  "hp_loss_name": "smoothl1",
  "hp_dropout": 0.0,
  "hp_lr": 0.001,
  "hp_weight_decay": 1e-05,
  "hp_hidden_dims": "[256, 256, 128]",
  "hp_hidden_size": 128,
  "hp_num_layers": 1,
  "hp_head_hidden": 128,
  "hp_head_layers": 2,
  "hp_d_model": 96,
  "hp_nhead": 4,
  "hp_ff_dim": 128,
  "hp_use_cls_token": true
}