{
  "trial_id": 80,
  "trial_name": "trial_080_gru",
  "model": "gru",
  "best_epoch": 63,
  "elapsed_sec": 597.7093949317932,
  "direct_mae": 0.003402173984795809,
  "direct_rmse": 0.006816692650318146,
  "direct_r2": 0.9998775198029758,
  "direct_valid_ratio": 1.0,
  "direct_residual_mean": 0.0927816533644618,
  "direct_residual_median": 0.011354210861739489,
  "direct_residual_p90": 0.0934206758199078,
  "plus_newton_mae": 7.868448519043419e-08,
  "plus_newton_rmse": 1.1146556247964023e-07,
  "plus_newton_r2": 0.9999999999999672,
  "plus_newton_valid_ratio": 1.0,
  "plus_newton_residual_mean": 4.486955060345937e-14,
  "plus_newton_residual_median": 8.881784197001252e-16,
  "plus_newton_residual_p90": 1.0391687510491465e-13,
  "plus_newton_newton_iter_mean": 2.985925,
  "plus_newton_newton_iter_median": 3.0,
  "plus_newton_newton_iter_p90": 3.0,
  "plus_newton_converged_ratio": 1.0,
  "hp_use_log_features": true,
  "hp_optimizer": "adamw",
  "hp_loss_name": "mse",
  "hp_dropout": 0.1,
  "hp_lr": 0.001,
  "hp_weight_decay": 1e-05,
  "hp_hidden_dims": "[256, 256, 128]",
  "hp_hidden_size": 128,
  "hp_num_layers": 2,
  "hp_head_hidden": 128,
  "hp_head_layers": 2,
  "hp_d_model": 96,
  "hp_nhead": 4,
  "hp_ff_dim": 128,
  "hp_use_cls_token": true
}{
  "trial_id": 80,
  "trial_name": "trial_080_gru",
  "model": "gru",
  "best_epoch": 63,
  "elapsed_sec": 597.7093949317932,
  "direct_mae": 0.003402173984795809,
  "direct_rmse": 0.006816692650318146,
  "direct_r2": 0.9998775198029758,
  "direct_valid_ratio": 1.0,
  "direct_residual_mean": 0.0927816533644618,
  "direct_residual_median": 0.011354210861739489,
  "direct_residual_p90": 0.0934206758199078,
  "plus_newton_mae": 7.868448519043419e-08,
  "plus_newton_rmse": 1.1146556247964023e-07,
  "plus_newton_r2": 0.9999999999999672,
  "plus_newton_valid_ratio": 1.0,
  "plus_newton_residual_mean": 4.486955060345937e-14,
  "plus_newton_residual_median": 8.881784197001252e-16,
  "plus_newton_residual_p90": 1.0391687510491465e-13,
  "plus_newton_newton_iter_mean": 2.985925,
  "plus_newton_newton_iter_median": 3.0,
  "plus_newton_newton_iter_p90": 3.0,
  "plus_newton_converged_ratio": 1.0,
  "hp_use_log_features": true,
  "hp_optimizer": "adamw",
  "hp_loss_name": "mse",
  "hp_dropout": 0.1,
  "hp_lr": 0.001,
  "hp_weight_decay": 1e-05,
  "hp_hidden_dims": "[256, 256, 128]",
  "hp_hidden_size": 128,
  "hp_num_layers": 2,
  "hp_head_hidden": 128,
  "hp_head_layers": 2,
  "hp_d_model": 96,
  "hp_nhead": 4,
  "hp_ff_dim": 128,
  "hp_use_cls_token": true
}