{
  "trial_id": 26,
  "trial_name": "trial_026_gru",
  "model": "gru",
  "best_epoch": 85,
  "elapsed_sec": 742.6055057048798,
  "direct_mae": 0.0011016188655048609,
  "direct_rmse": 0.002088615670800209,
  "direct_r2": 0.9999885016519073,
  "direct_valid_ratio": 1.0,
  "direct_residual_mean": 0.024098259923882138,
  "direct_residual_median": 0.00356498027870078,
  "direct_residual_p90": 0.026570980150708128,
  "plus_newton_mae": 7.868448163473243e-08,
  "plus_newton_rmse": 1.1146555888584961e-07,
  "plus_newton_r2": 0.9999999999999672,
  "plus_newton_valid_ratio": 1.0,
  "plus_newton_residual_mean": 5.80845627096095e-14,
  "plus_newton_residual_median": 8.881784197001252e-16,
  "plus_newton_residual_p90": 1.7636447857682916e-13,
  "plus_newton_newton_iter_mean": 2.699425,
  "plus_newton_newton_iter_median": 3.0,
  "plus_newton_newton_iter_p90": 3.0,
  "plus_newton_converged_ratio": 1.0,
  "hp_use_log_features": true,
  "hp_optimizer": "adamw",
  "hp_loss_name": "mse",
  "hp_dropout": 0.0,
  "hp_lr": 0.001,
  "hp_weight_decay": 0.0001,
  "hp_hidden_dims": "[256, 256, 128]",
  "hp_hidden_size": 96,
  "hp_num_layers": 1,
  "hp_head_hidden": 128,
  "hp_head_layers": 2,
  "hp_d_model": 96,
  "hp_nhead": 4,
  "hp_ff_dim": 128,
  "hp_use_cls_token": true
}{
  "trial_id": 26,
  "trial_name": "trial_026_gru",
  "model": "gru",
  "best_epoch": 85,
  "elapsed_sec": 742.6055057048798,
  "direct_mae": 0.0011016188655048609,
  "direct_rmse": 0.002088615670800209,
  "direct_r2": 0.9999885016519073,
  "direct_valid_ratio": 1.0,
  "direct_residual_mean": 0.024098259923882138,
  "direct_residual_median": 0.00356498027870078,
  "direct_residual_p90": 0.026570980150708128,
  "plus_newton_mae": 7.868448163473243e-08,
  "plus_newton_rmse": 1.1146555888584961e-07,
  "plus_newton_r2": 0.9999999999999672,
  "plus_newton_valid_ratio": 1.0,
  "plus_newton_residual_mean": 5.80845627096095e-14,
  "plus_newton_residual_median": 8.881784197001252e-16,
  "plus_newton_residual_p90": 1.7636447857682916e-13,
  "plus_newton_newton_iter_mean": 2.699425,
  "plus_newton_newton_iter_median": 3.0,
  "plus_newton_newton_iter_p90": 3.0,
  "plus_newton_converged_ratio": 1.0,
  "hp_use_log_features": true,
  "hp_optimizer": "adamw",
  "hp_loss_name": "mse",
  "hp_dropout": 0.0,
  "hp_lr": 0.001,
  "hp_weight_decay": 0.0001,
  "hp_hidden_dims": "[256, 256, 128]",
  "hp_hidden_size": 96,
  "hp_num_layers": 1,
  "hp_head_hidden": 128,
  "hp_head_layers": 2,
  "hp_d_model": 96,
  "hp_nhead": 4,
  "hp_ff_dim": 128,
  "hp_use_cls_token": true
}