{
  "trial_id": 113,
  "trial_name": "trial_113_gru",
  "model": "gru",
  "best_epoch": 99,
  "elapsed_sec": 844.1302707195282,
  "direct_mae": 0.0043227761052548885,
  "direct_rmse": 0.012382467277348042,
  "direct_r2": 0.9995958590960431,
  "direct_valid_ratio": 1.0,
  "direct_residual_mean": 0.08549793742949396,
  "direct_residual_median": 0.01241513885517076,
  "direct_residual_p90": 0.10284824041170705,
  "plus_newton_mae": 7.868448257074059e-08,
  "plus_newton_rmse": 1.1146555975545758e-07,
  "plus_newton_r2": 0.9999999999999672,
  "plus_newton_valid_ratio": 1.0,
  "plus_newton_residual_mean": 5.0426190087325606e-14,
  "plus_newton_residual_median": 8.881784197001252e-16,
  "plus_newton_residual_p90": 1.3145040611561853e-13,
  "plus_newton_newton_iter_mean": 2.983225,
  "plus_newton_newton_iter_median": 3.0,
  "plus_newton_newton_iter_p90": 3.0,
  "plus_newton_converged_ratio": 1.0,
  "hp_use_log_features": true,
  "hp_optimizer": "adamw",
  "hp_loss_name": "smoothl1",
  "hp_dropout": 0.1,
  "hp_lr": 0.0005,
  "hp_weight_decay": 0.0001,
  "hp_hidden_dims": "[256, 256, 128]",
  "hp_hidden_size": 96,
  "hp_num_layers": 1,
  "hp_head_hidden": 64,
  "hp_head_layers": 2,
  "hp_d_model": 96,
  "hp_nhead": 4,
  "hp_ff_dim": 128,
  "hp_use_cls_token": true
}{
  "trial_id": 113,
  "trial_name": "trial_113_gru",
  "model": "gru",
  "best_epoch": 99,
  "elapsed_sec": 844.1302707195282,
  "direct_mae": 0.0043227761052548885,
  "direct_rmse": 0.012382467277348042,
  "direct_r2": 0.9995958590960431,
  "direct_valid_ratio": 1.0,
  "direct_residual_mean": 0.08549793742949396,
  "direct_residual_median": 0.01241513885517076,
  "direct_residual_p90": 0.10284824041170705,
  "plus_newton_mae": 7.868448257074059e-08,
  "plus_newton_rmse": 1.1146555975545758e-07,
  "plus_newton_r2": 0.9999999999999672,
  "plus_newton_valid_ratio": 1.0,
  "plus_newton_residual_mean": 5.0426190087325606e-14,
  "plus_newton_residual_median": 8.881784197001252e-16,
  "plus_newton_residual_p90": 1.3145040611561853e-13,
  "plus_newton_newton_iter_mean": 2.983225,
  "plus_newton_newton_iter_median": 3.0,
  "plus_newton_newton_iter_p90": 3.0,
  "plus_newton_converged_ratio": 1.0,
  "hp_use_log_features": true,
  "hp_optimizer": "adamw",
  "hp_loss_name": "smoothl1",
  "hp_dropout": 0.1,
  "hp_lr": 0.0005,
  "hp_weight_decay": 0.0001,
  "hp_hidden_dims": "[256, 256, 128]",
  "hp_hidden_size": 96,
  "hp_num_layers": 1,
  "hp_head_hidden": 64,
  "hp_head_layers": 2,
  "hp_d_model": 96,
  "hp_nhead": 4,
  "hp_ff_dim": 128,
  "hp_use_cls_token": true
}