{
  "trial_id": 33,
  "trial_name": "trial_033_gru",
  "model": "gru",
  "best_epoch": 81,
  "elapsed_sec": 705.3712828159332,
  "direct_mae": 0.0016387582290917635,
  "direct_rmse": 0.0029670370277017355,
  "direct_r2": 0.9999767959185217,
  "direct_valid_ratio": 1.0,
  "direct_residual_mean": 0.018854980585613128,
  "direct_residual_median": 0.004094009140154703,
  "direct_residual_p90": 0.020578471327572324,
  "plus_newton_mae": 7.8684481359322e-08,
  "plus_newton_rmse": 1.1146555918280033e-07,
  "plus_newton_r2": 0.9999999999999672,
  "plus_newton_valid_ratio": 1.0,
  "plus_newton_residual_mean": 7.527084826114541e-14,
  "plus_newton_residual_median": 8.881784197001252e-16,
  "plus_newton_residual_p90": 2.744471316873387e-13,
  "plus_newton_newton_iter_mean": 2.63515,
  "plus_newton_newton_iter_median": 3.0,
  "plus_newton_newton_iter_p90": 3.0,
  "plus_newton_converged_ratio": 1.0,
  "hp_use_log_features": true,
  "hp_optimizer": "adamw",
  "hp_loss_name": "smoothl1",
  "hp_dropout": 0.0,
  "hp_lr": 0.0005,
  "hp_weight_decay": 1e-05,
  "hp_hidden_dims": "[256, 256, 128]",
  "hp_hidden_size": 96,
  "hp_num_layers": 1,
  "hp_head_hidden": 64,
  "hp_head_layers": 2,
  "hp_d_model": 96,
  "hp_nhead": 4,
  "hp_ff_dim": 128,
  "hp_use_cls_token": true
}{
  "trial_id": 33,
  "trial_name": "trial_033_gru",
  "model": "gru",
  "best_epoch": 81,
  "elapsed_sec": 705.3712828159332,
  "direct_mae": 0.0016387582290917635,
  "direct_rmse": 0.0029670370277017355,
  "direct_r2": 0.9999767959185217,
  "direct_valid_ratio": 1.0,
  "direct_residual_mean": 0.018854980585613128,
  "direct_residual_median": 0.004094009140154703,
  "direct_residual_p90": 0.020578471327572324,
  "plus_newton_mae": 7.8684481359322e-08,
  "plus_newton_rmse": 1.1146555918280033e-07,
  "plus_newton_r2": 0.9999999999999672,
  "plus_newton_valid_ratio": 1.0,
  "plus_newton_residual_mean": 7.527084826114541e-14,
  "plus_newton_residual_median": 8.881784197001252e-16,
  "plus_newton_residual_p90": 2.744471316873387e-13,
  "plus_newton_newton_iter_mean": 2.63515,
  "plus_newton_newton_iter_median": 3.0,
  "plus_newton_newton_iter_p90": 3.0,
  "plus_newton_converged_ratio": 1.0,
  "hp_use_log_features": true,
  "hp_optimizer": "adamw",
  "hp_loss_name": "smoothl1",
  "hp_dropout": 0.0,
  "hp_lr": 0.0005,
  "hp_weight_decay": 1e-05,
  "hp_hidden_dims": "[256, 256, 128]",
  "hp_hidden_size": 96,
  "hp_num_layers": 1,
  "hp_head_hidden": 64,
  "hp_head_layers": 2,
  "hp_d_model": 96,
  "hp_nhead": 4,
  "hp_ff_dim": 128,
  "hp_use_cls_token": true
}