{
  "trial_id": 31,
  "trial_name": "trial_031_gru",
  "model": "gru",
  "best_epoch": 115,
  "elapsed_sec": 849.0858869552612,
  "direct_mae": 0.0013665995793417096,
  "direct_rmse": 0.0025632018223404884,
  "direct_r2": 0.9999826825464332,
  "direct_valid_ratio": 1.0,
  "direct_residual_mean": 0.015848726145434814,
  "direct_residual_median": 0.003578284203010512,
  "direct_residual_p90": 0.01987400906178739,
  "plus_newton_mae": 7.868448133132955e-08,
  "plus_newton_rmse": 1.1146555881367468e-07,
  "plus_newton_r2": 0.9999999999999672,
  "plus_newton_valid_ratio": 1.0,
  "plus_newton_residual_mean": 7.294097810593583e-14,
  "plus_newton_residual_median": 8.881784197001252e-16,
  "plus_newton_residual_p90": 2.611244553918368e-13,
  "plus_newton_newton_iter_mean": 2.6421,
  "plus_newton_newton_iter_median": 3.0,
  "plus_newton_newton_iter_p90": 3.0,
  "plus_newton_converged_ratio": 1.0,
  "hp_use_log_features": true,
  "hp_optimizer": "adamw",
  "hp_loss_name": "mse",
  "hp_dropout": 0.0,
  "hp_lr": 0.001,
  "hp_weight_decay": 0.0001,
  "hp_hidden_dims": "[256, 256, 128]",
  "hp_hidden_size": 128,
  "hp_num_layers": 2,
  "hp_head_hidden": 64,
  "hp_head_layers": 2,
  "hp_d_model": 96,
  "hp_nhead": 4,
  "hp_ff_dim": 128,
  "hp_use_cls_token": true
}{
  "trial_id": 31,
  "trial_name": "trial_031_gru",
  "model": "gru",
  "best_epoch": 115,
  "elapsed_sec": 849.0858869552612,
  "direct_mae": 0.0013665995793417096,
  "direct_rmse": 0.0025632018223404884,
  "direct_r2": 0.9999826825464332,
  "direct_valid_ratio": 1.0,
  "direct_residual_mean": 0.015848726145434814,
  "direct_residual_median": 0.003578284203010512,
  "direct_residual_p90": 0.01987400906178739,
  "plus_newton_mae": 7.868448133132955e-08,
  "plus_newton_rmse": 1.1146555881367468e-07,
  "plus_newton_r2": 0.9999999999999672,
  "plus_newton_valid_ratio": 1.0,
  "plus_newton_residual_mean": 7.294097810593583e-14,
  "plus_newton_residual_median": 8.881784197001252e-16,
  "plus_newton_residual_p90": 2.611244553918368e-13,
  "plus_newton_newton_iter_mean": 2.6421,
  "plus_newton_newton_iter_median": 3.0,
  "plus_newton_newton_iter_p90": 3.0,
  "plus_newton_converged_ratio": 1.0,
  "hp_use_log_features": true,
  "hp_optimizer": "adamw",
  "hp_loss_name": "mse",
  "hp_dropout": 0.0,
  "hp_lr": 0.001,
  "hp_weight_decay": 0.0001,
  "hp_hidden_dims": "[256, 256, 128]",
  "hp_hidden_size": 128,
  "hp_num_layers": 2,
  "hp_head_hidden": 64,
  "hp_head_layers": 2,
  "hp_d_model": 96,
  "hp_nhead": 4,
  "hp_ff_dim": 128,
  "hp_use_cls_token": true
}