{
  "trial_id": 38,
  "trial_name": "trial_038_gru",
  "model": "gru",
  "best_epoch": 114,
  "elapsed_sec": 845.8031859397888,
  "direct_mae": 0.0010711635695770383,
  "direct_rmse": 0.001996411243453622,
  "direct_r2": 0.9999894944578386,
  "direct_valid_ratio": 1.0,
  "direct_residual_mean": 0.02035877222392498,
  "direct_residual_median": 0.0031292072632479045,
  "direct_residual_p90": 0.022086991325897466,
  "plus_newton_mae": 7.868448192830806e-08,
  "plus_newton_rmse": 1.1146555877952508e-07,
  "plus_newton_r2": 0.9999999999999672,
  "plus_newton_valid_ratio": 1.0,
  "plus_newton_residual_mean": 6.929080263113336e-14,
  "plus_newton_residual_median": 8.881784197001252e-16,
  "plus_newton_residual_p90": 2.4069635173873394e-13,
  "plus_newton_newton_iter_mean": 2.630575,
  "plus_newton_newton_iter_median": 3.0,
  "plus_newton_newton_iter_p90": 3.0,
  "plus_newton_converged_ratio": 1.0,
  "hp_use_log_features": true,
  "hp_optimizer": "adamw",
  "hp_loss_name": "smoothl1",
  "hp_dropout": 0.0,
  "hp_lr": 0.0005,
  "hp_weight_decay": 1e-05,
  "hp_hidden_dims": "[256, 256, 128]",
  "hp_hidden_size": 128,
  "hp_num_layers": 1,
  "hp_head_hidden": 128,
  "hp_head_layers": 2,
  "hp_d_model": 96,
  "hp_nhead": 4,
  "hp_ff_dim": 128,
  "hp_use_cls_token": true
}{
  "trial_id": 38,
  "trial_name": "trial_038_gru",
  "model": "gru",
  "best_epoch": 114,
  "elapsed_sec": 845.8031859397888,
  "direct_mae": 0.0010711635695770383,
  "direct_rmse": 0.001996411243453622,
  "direct_r2": 0.9999894944578386,
  "direct_valid_ratio": 1.0,
  "direct_residual_mean": 0.02035877222392498,
  "direct_residual_median": 0.0031292072632479045,
  "direct_residual_p90": 0.022086991325897466,
  "plus_newton_mae": 7.868448192830806e-08,
  "plus_newton_rmse": 1.1146555877952508e-07,
  "plus_newton_r2": 0.9999999999999672,
  "plus_newton_valid_ratio": 1.0,
  "plus_newton_residual_mean": 6.929080263113336e-14,
  "plus_newton_residual_median": 8.881784197001252e-16,
  "plus_newton_residual_p90": 2.4069635173873394e-13,
  "plus_newton_newton_iter_mean": 2.630575,
  "plus_newton_newton_iter_median": 3.0,
  "plus_newton_newton_iter_p90": 3.0,
  "plus_newton_converged_ratio": 1.0,
  "hp_use_log_features": true,
  "hp_optimizer": "adamw",
  "hp_loss_name": "smoothl1",
  "hp_dropout": 0.0,
  "hp_lr": 0.0005,
  "hp_weight_decay": 1e-05,
  "hp_hidden_dims": "[256, 256, 128]",
  "hp_hidden_size": 128,
  "hp_num_layers": 1,
  "hp_head_hidden": 128,
  "hp_head_layers": 2,
  "hp_d_model": 96,
  "hp_nhead": 4,
  "hp_ff_dim": 128,
  "hp_use_cls_token": true
}