{
  "trial_id": 43,
  "trial_name": "trial_043_gru",
  "model": "gru",
  "best_epoch": 87,
  "elapsed_sec": 750.9576478004456,
  "direct_mae": 0.0015139320166781545,
  "direct_rmse": 0.0027915998362004757,
  "direct_r2": 0.9999794588482214,
  "direct_valid_ratio": 1.0,
  "direct_residual_mean": 0.014145831890478936,
  "direct_residual_median": 0.003571202713262611,
  "direct_residual_p90": 0.015958055904482283,
  "plus_newton_mae": 7.868448096709035e-08,
  "plus_newton_rmse": 1.1146555837382168e-07,
  "plus_newton_r2": 0.9999999999999672,
  "plus_newton_valid_ratio": 1.0,
  "plus_newton_residual_mean": 8.385601271508326e-14,
  "plus_newton_residual_median": 1.7763568394002505e-15,
  "plus_newton_residual_p90": 3.1046276660617813e-13,
  "plus_newton_newton_iter_mean": 2.5226,
  "plus_newton_newton_iter_median": 3.0,
  "plus_newton_newton_iter_p90": 3.0,
  "plus_newton_converged_ratio": 1.0,
  "hp_use_log_features": true,
  "hp_optimizer": "adamw",
  "hp_loss_name": "mse",
  "hp_dropout": 0.0,
  "hp_lr": 0.0005,
  "hp_weight_decay": 1e-05,
  "hp_hidden_dims": "[256, 256, 128]",
  "hp_hidden_size": 96,
  "hp_num_layers": 2,
  "hp_head_hidden": 64,
  "hp_head_layers": 2,
  "hp_d_model": 96,
  "hp_nhead": 4,
  "hp_ff_dim": 128,
  "hp_use_cls_token": true
}{
  "trial_id": 43,
  "trial_name": "trial_043_gru",
  "model": "gru",
  "best_epoch": 87,
  "elapsed_sec": 750.9576478004456,
  "direct_mae": 0.0015139320166781545,
  "direct_rmse": 0.0027915998362004757,
  "direct_r2": 0.9999794588482214,
  "direct_valid_ratio": 1.0,
  "direct_residual_mean": 0.014145831890478936,
  "direct_residual_median": 0.003571202713262611,
  "direct_residual_p90": 0.015958055904482283,
  "plus_newton_mae": 7.868448096709035e-08,
  "plus_newton_rmse": 1.1146555837382168e-07,
  "plus_newton_r2": 0.9999999999999672,
  "plus_newton_valid_ratio": 1.0,
  "plus_newton_residual_mean": 8.385601271508326e-14,
  "plus_newton_residual_median": 1.7763568394002505e-15,
  "plus_newton_residual_p90": 3.1046276660617813e-13,
  "plus_newton_newton_iter_mean": 2.5226,
  "plus_newton_newton_iter_median": 3.0,
  "plus_newton_newton_iter_p90": 3.0,
  "plus_newton_converged_ratio": 1.0,
  "hp_use_log_features": true,
  "hp_optimizer": "adamw",
  "hp_loss_name": "mse",
  "hp_dropout": 0.0,
  "hp_lr": 0.0005,
  "hp_weight_decay": 1e-05,
  "hp_hidden_dims": "[256, 256, 128]",
  "hp_hidden_size": 96,
  "hp_num_layers": 2,
  "hp_head_hidden": 64,
  "hp_head_layers": 2,
  "hp_d_model": 96,
  "hp_nhead": 4,
  "hp_ff_dim": 128,
  "hp_use_cls_token": true
}