{
  "trial_id": 55,
  "trial_name": "trial_055_gru",
  "model": "gru",
  "best_epoch": 72,
  "elapsed_sec": 652.7757766246796,
  "direct_mae": 0.0015856368700042367,
  "direct_rmse": 0.0030227990355342627,
  "direct_r2": 0.9999759155371735,
  "direct_valid_ratio": 1.0,
  "direct_residual_mean": 0.014891683831162598,
  "direct_residual_median": 0.0036705665823259584,
  "direct_residual_p90": 0.016274718584078404,
  "plus_newton_mae": 7.868448062571739e-08,
  "plus_newton_rmse": 1.1146555790730455e-07,
  "plus_newton_r2": 0.9999999999999672,
  "plus_newton_valid_ratio": 1.0,
  "plus_newton_residual_mean": 8.635947367155185e-14,
  "plus_newton_residual_median": 1.7763568394002505e-15,
  "plus_newton_residual_p90": 3.179984053858216e-13,
  "plus_newton_newton_iter_mean": 2.5268,
  "plus_newton_newton_iter_median": 3.0,
  "plus_newton_newton_iter_p90": 3.0,
  "plus_newton_converged_ratio": 1.0,
  "hp_use_log_features": true,
  "hp_optimizer": "adamw",
  "hp_loss_name": "smoothl1",
  "hp_dropout": 0.0,
  "hp_lr": 0.0005,
  "hp_weight_decay": 0.0001,
  "hp_hidden_dims": "[256, 256, 128]",
  "hp_hidden_size": 128,
  "hp_num_layers": 2,
  "hp_head_hidden": 64,
  "hp_head_layers": 2,
  "hp_d_model": 96,
  "hp_nhead": 4,
  "hp_ff_dim": 128,
  "hp_use_cls_token": true
}{
  "trial_id": 55,
  "trial_name": "trial_055_gru",
  "model": "gru",
  "best_epoch": 72,
  "elapsed_sec": 652.7757766246796,
  "direct_mae": 0.0015856368700042367,
  "direct_rmse": 0.0030227990355342627,
  "direct_r2": 0.9999759155371735,
  "direct_valid_ratio": 1.0,
  "direct_residual_mean": 0.014891683831162598,
  "direct_residual_median": 0.0036705665823259584,
  "direct_residual_p90": 0.016274718584078404,
  "plus_newton_mae": 7.868448062571739e-08,
  "plus_newton_rmse": 1.1146555790730455e-07,
  "plus_newton_r2": 0.9999999999999672,
  "plus_newton_valid_ratio": 1.0,
  "plus_newton_residual_mean": 8.635947367155185e-14,
  "plus_newton_residual_median": 1.7763568394002505e-15,
  "plus_newton_residual_p90": 3.179984053858216e-13,
  "plus_newton_newton_iter_mean": 2.5268,
  "plus_newton_newton_iter_median": 3.0,
  "plus_newton_newton_iter_p90": 3.0,
  "plus_newton_converged_ratio": 1.0,
  "hp_use_log_features": true,
  "hp_optimizer": "adamw",
  "hp_loss_name": "smoothl1",
  "hp_dropout": 0.0,
  "hp_lr": 0.0005,
  "hp_weight_decay": 0.0001,
  "hp_hidden_dims": "[256, 256, 128]",
  "hp_hidden_size": 128,
  "hp_num_layers": 2,
  "hp_head_hidden": 64,
  "hp_head_layers": 2,
  "hp_d_model": 96,
  "hp_nhead": 4,
  "hp_ff_dim": 128,
  "hp_use_cls_token": true
}