{
  "trial_id": 56,
  "trial_name": "trial_056_gru",
  "model": "gru",
  "best_epoch": 73,
  "elapsed_sec": 671.9657068252563,
  "direct_mae": 0.0010968754068017006,
  "direct_rmse": 0.001971619203686714,
  "direct_r2": 0.9999897537608079,
  "direct_valid_ratio": 1.0,
  "direct_residual_mean": 0.01892694206514969,
  "direct_residual_median": 0.0030611537800520616,
  "direct_residual_p90": 0.02060435180247464,
  "plus_newton_mae": 7.86844816669736e-08,
  "plus_newton_rmse": 1.1146555915865368e-07,
  "plus_newton_r2": 0.9999999999999672,
  "plus_newton_valid_ratio": 1.0,
  "plus_newton_residual_mean": 7.383746145718718e-14,
  "plus_newton_residual_median": 8.881784197001252e-16,
  "plus_newton_residual_p90": 2.6556534749033744e-13,
  "plus_newton_newton_iter_mean": 2.61715,
  "plus_newton_newton_iter_median": 3.0,
  "plus_newton_newton_iter_p90": 3.0,
  "plus_newton_converged_ratio": 1.0,
  "hp_use_log_features": true,
  "hp_optimizer": "adamw",
  "hp_loss_name": "smoothl1",
  "hp_dropout": 0.0,
  "hp_lr": 0.0005,
  "hp_weight_decay": 0.0001,
  "hp_hidden_dims": "[256, 256, 128]",
  "hp_hidden_size": 128,
  "hp_num_layers": 2,
  "hp_head_hidden": 128,
  "hp_head_layers": 2,
  "hp_d_model": 96,
  "hp_nhead": 4,
  "hp_ff_dim": 128,
  "hp_use_cls_token": true
}{
  "trial_id": 56,
  "trial_name": "trial_056_gru",
  "model": "gru",
  "best_epoch": 73,
  "elapsed_sec": 671.9657068252563,
  "direct_mae": 0.0010968754068017006,
  "direct_rmse": 0.001971619203686714,
  "direct_r2": 0.9999897537608079,
  "direct_valid_ratio": 1.0,
  "direct_residual_mean": 0.01892694206514969,
  "direct_residual_median": 0.0030611537800520616,
  "direct_residual_p90": 0.02060435180247464,
  "plus_newton_mae": 7.86844816669736e-08,
  "plus_newton_rmse": 1.1146555915865368e-07,
  "plus_newton_r2": 0.9999999999999672,
  "plus_newton_valid_ratio": 1.0,
  "plus_newton_residual_mean": 7.383746145718718e-14,
  "plus_newton_residual_median": 8.881784197001252e-16,
  "plus_newton_residual_p90": 2.6556534749033744e-13,
  "plus_newton_newton_iter_mean": 2.61715,
  "plus_newton_newton_iter_median": 3.0,
  "plus_newton_newton_iter_p90": 3.0,
  "plus_newton_converged_ratio": 1.0,
  "hp_use_log_features": true,
  "hp_optimizer": "adamw",
  "hp_loss_name": "smoothl1",
  "hp_dropout": 0.0,
  "hp_lr": 0.0005,
  "hp_weight_decay": 0.0001,
  "hp_hidden_dims": "[256, 256, 128]",
  "hp_hidden_size": 128,
  "hp_num_layers": 2,
  "hp_head_hidden": 128,
  "hp_head_layers": 2,
  "hp_d_model": 96,
  "hp_nhead": 4,
  "hp_ff_dim": 128,
  "hp_use_cls_token": true
}