{
  "trial_id": 70,
  "trial_name": "trial_070_gru",
  "model": "gru",
  "best_epoch": 91,
  "elapsed_sec": 769.3532204627991,
  "direct_mae": 0.002867366187274456,
  "direct_rmse": 0.007758546620607376,
  "direct_r2": 0.9998413357053688,
  "direct_valid_ratio": 1.0,
  "direct_residual_mean": 0.07741403444442876,
  "direct_residual_median": 0.008317094142766823,
  "direct_residual_p90": 0.07422199879014363,
  "plus_newton_mae": 7.868448014670084e-08,
  "plus_newton_rmse": 1.1146555832589692e-07,
  "plus_newton_r2": 0.9999999999999672,
  "plus_newton_valid_ratio": 1.0,
  "plus_newton_residual_mean": 5.131800976487016e-14,
  "plus_newton_residual_median": 8.881784197001252e-16,
  "plus_newton_residual_p90": 1.3470335957776976e-13,
  "plus_newton_newton_iter_mean": 2.9032,
  "plus_newton_newton_iter_median": 3.0,
  "plus_newton_newton_iter_p90": 3.0,
  "plus_newton_converged_ratio": 1.0,
  "hp_use_log_features": true,
  "hp_optimizer": "adamw",
  "hp_loss_name": "smoothl1",
  "hp_dropout": 0.1,
  "hp_lr": 0.001,
  "hp_weight_decay": 1e-05,
  "hp_hidden_dims": "[256, 256, 128]",
  "hp_hidden_size": 128,
  "hp_num_layers": 1,
  "hp_head_hidden": 128,
  "hp_head_layers": 2,
  "hp_d_model": 96,
  "hp_nhead": 4,
  "hp_ff_dim": 128,
  "hp_use_cls_token": true
}{
  "trial_id": 70,
  "trial_name": "trial_070_gru",
  "model": "gru",
  "best_epoch": 91,
  "elapsed_sec": 769.3532204627991,
  "direct_mae": 0.002867366187274456,
  "direct_rmse": 0.007758546620607376,
  "direct_r2": 0.9998413357053688,
  "direct_valid_ratio": 1.0,
  "direct_residual_mean": 0.07741403444442876,
  "direct_residual_median": 0.008317094142766823,
  "direct_residual_p90": 0.07422199879014363,
  "plus_newton_mae": 7.868448014670084e-08,
  "plus_newton_rmse": 1.1146555832589692e-07,
  "plus_newton_r2": 0.9999999999999672,
  "plus_newton_valid_ratio": 1.0,
  "plus_newton_residual_mean": 5.131800976487016e-14,
  "plus_newton_residual_median": 8.881784197001252e-16,
  "plus_newton_residual_p90": 1.3470335957776976e-13,
  "plus_newton_newton_iter_mean": 2.9032,
  "plus_newton_newton_iter_median": 3.0,
  "plus_newton_newton_iter_p90": 3.0,
  "plus_newton_converged_ratio": 1.0,
  "hp_use_log_features": true,
  "hp_optimizer": "adamw",
  "hp_loss_name": "smoothl1",
  "hp_dropout": 0.1,
  "hp_lr": 0.001,
  "hp_weight_decay": 1e-05,
  "hp_hidden_dims": "[256, 256, 128]",
  "hp_hidden_size": 128,
  "hp_num_layers": 1,
  "hp_head_hidden": 128,
  "hp_head_layers": 2,
  "hp_d_model": 96,
  "hp_nhead": 4,
  "hp_ff_dim": 128,
  "hp_use_cls_token": true
}