{
  "trial_id": 61,
  "trial_name": "trial_061_gru",
  "model": "gru",
  "best_epoch": 120,
  "elapsed_sec": 837.2496926784515,
  "direct_mae": 0.0013590666931122541,
  "direct_rmse": 0.002372574061155319,
  "direct_r2": 0.9999851625944645,
  "direct_valid_ratio": 1.0,
  "direct_residual_mean": 0.016195184824963422,
  "direct_residual_median": 0.00335081290231809,
  "direct_residual_p90": 0.015505383449431729,
  "plus_newton_mae": 7.868448134292713e-08,
  "plus_newton_rmse": 1.1146555832383864e-07,
  "plus_newton_r2": 0.9999999999999672,
  "plus_newton_valid_ratio": 1.0,
  "plus_newton_residual_mean": 8.370390682618082e-14,
  "plus_newton_residual_median": 8.881784197001252e-16,
  "plus_newton_residual_p90": 3.17768034108212e-13,
  "plus_newton_newton_iter_mean": 2.575425,
  "plus_newton_newton_iter_median": 3.0,
  "plus_newton_newton_iter_p90": 3.0,
  "plus_newton_converged_ratio": 1.0,
  "hp_use_log_features": true,
  "hp_optimizer": "adamw",
  "hp_loss_name": "mse",
  "hp_dropout": 0.0,
  "hp_lr": 0.0005,
  "hp_weight_decay": 0.0001,
  "hp_hidden_dims": "[256, 256, 128]",
  "hp_hidden_size": 128,
  "hp_num_layers": 1,
  "hp_head_hidden": 64,
  "hp_head_layers": 2,
  "hp_d_model": 96,
  "hp_nhead": 4,
  "hp_ff_dim": 128,
  "hp_use_cls_token": true
}{
  "trial_id": 61,
  "trial_name": "trial_061_gru",
  "model": "gru",
  "best_epoch": 120,
  "elapsed_sec": 837.2496926784515,
  "direct_mae": 0.0013590666931122541,
  "direct_rmse": 0.002372574061155319,
  "direct_r2": 0.9999851625944645,
  "direct_valid_ratio": 1.0,
  "direct_residual_mean": 0.016195184824963422,
  "direct_residual_median": 0.00335081290231809,
  "direct_residual_p90": 0.015505383449431729,
  "plus_newton_mae": 7.868448134292713e-08,
  "plus_newton_rmse": 1.1146555832383864e-07,
  "plus_newton_r2": 0.9999999999999672,
  "plus_newton_valid_ratio": 1.0,
  "plus_newton_residual_mean": 8.370390682618082e-14,
  "plus_newton_residual_median": 8.881784197001252e-16,
  "plus_newton_residual_p90": 3.17768034108212e-13,
  "plus_newton_newton_iter_mean": 2.575425,
  "plus_newton_newton_iter_median": 3.0,
  "plus_newton_newton_iter_p90": 3.0,
  "plus_newton_converged_ratio": 1.0,
  "hp_use_log_features": true,
  "hp_optimizer": "adamw",
  "hp_loss_name": "mse",
  "hp_dropout": 0.0,
  "hp_lr": 0.0005,
  "hp_weight_decay": 0.0001,
  "hp_hidden_dims": "[256, 256, 128]",
  "hp_hidden_size": 128,
  "hp_num_layers": 1,
  "hp_head_hidden": 64,
  "hp_head_layers": 2,
  "hp_d_model": 96,
  "hp_nhead": 4,
  "hp_ff_dim": 128,
  "hp_use_cls_token": true
}