{
  "trial_id": 57,
  "trial_name": "trial_057_gru",
  "model": "gru",
  "best_epoch": 120,
  "elapsed_sec": 850.1634640693665,
  "direct_mae": 0.001478825113736093,
  "direct_rmse": 0.0026221631560474634,
  "direct_r2": 0.9999818766775227,
  "direct_valid_ratio": 1.0,
  "direct_residual_mean": 0.016888756038990618,
  "direct_residual_median": 0.003922915440353503,
  "direct_residual_p90": 0.019512514792524048,
  "plus_newton_mae": 7.868448254994269e-08,
  "plus_newton_rmse": 1.1146556001175411e-07,
  "plus_newton_r2": 0.9999999999999672,
  "plus_newton_valid_ratio": 1.0,
  "plus_newton_residual_mean": 7.283602142580566e-14,
  "plus_newton_residual_median": 8.881784197001252e-16,
  "plus_newton_residual_p90": 2.5845992013273644e-13,
  "plus_newton_newton_iter_mean": 2.668775,
  "plus_newton_newton_iter_median": 3.0,
  "plus_newton_newton_iter_p90": 3.0,
  "plus_newton_converged_ratio": 1.0,
  "hp_use_log_features": true,
  "hp_optimizer": "adamw",
  "hp_loss_name": "mse",
  "hp_dropout": 0.0,
  "hp_lr": 0.0005,
  "hp_weight_decay": 0.0001,
  "hp_hidden_dims": "[256, 256, 128]",
  "hp_hidden_size": 96,
  "hp_num_layers": 1,
  "hp_head_hidden": 64,
  "hp_head_layers": 2,
  "hp_d_model": 96,
  "hp_nhead": 4,
  "hp_ff_dim": 128,
  "hp_use_cls_token": true
}{
  "trial_id": 57,
  "trial_name": "trial_057_gru",
  "model": "gru",
  "best_epoch": 120,
  "elapsed_sec": 850.1634640693665,
  "direct_mae": 0.001478825113736093,
  "direct_rmse": 0.0026221631560474634,
  "direct_r2": 0.9999818766775227,
  "direct_valid_ratio": 1.0,
  "direct_residual_mean": 0.016888756038990618,
  "direct_residual_median": 0.003922915440353503,
  "direct_residual_p90": 0.019512514792524048,
  "plus_newton_mae": 7.868448254994269e-08,
  "plus_newton_rmse": 1.1146556001175411e-07,
  "plus_newton_r2": 0.9999999999999672,
  "plus_newton_valid_ratio": 1.0,
  "plus_newton_residual_mean": 7.283602142580566e-14,
  "plus_newton_residual_median": 8.881784197001252e-16,
  "plus_newton_residual_p90": 2.5845992013273644e-13,
  "plus_newton_newton_iter_mean": 2.668775,
  "plus_newton_newton_iter_median": 3.0,
  "plus_newton_newton_iter_p90": 3.0,
  "plus_newton_converged_ratio": 1.0,
  "hp_use_log_features": true,
  "hp_optimizer": "adamw",
  "hp_loss_name": "mse",
  "hp_dropout": 0.0,
  "hp_lr": 0.0005,
  "hp_weight_decay": 0.0001,
  "hp_hidden_dims": "[256, 256, 128]",
  "hp_hidden_size": 96,
  "hp_num_layers": 1,
  "hp_head_hidden": 64,
  "hp_head_layers": 2,
  "hp_d_model": 96,
  "hp_nhead": 4,
  "hp_ff_dim": 128,
  "hp_use_cls_token": true
}