{
  "trial_id": 14,
  "trial_name": "trial_014_gru",
  "model": "gru",
  "best_epoch": 25,
  "elapsed_sec": 351.306604385376,
  "direct_mae": 0.0015129843959584832,
  "direct_rmse": 0.0028399473521858454,
  "direct_r2": 0.9999787411863369,
  "direct_valid_ratio": 1.0,
  "direct_residual_mean": 0.03978376410556486,
  "direct_residual_median": 0.004481395465824378,
  "direct_residual_p90": 0.03179178776044436,
  "plus_newton_mae": 7.868448236386055e-08,
  "plus_newton_rmse": 1.1146555994551046e-07,
  "plus_newton_r2": 0.9999999999999672,
  "plus_newton_valid_ratio": 1.0,
  "plus_newton_residual_mean": 6.025333899470977e-14,
  "plus_newton_residual_median": 8.881784197001252e-16,
  "plus_newton_residual_p90": 1.9455548283531179e-13,
  "plus_newton_newton_iter_mean": 2.754775,
  "plus_newton_newton_iter_median": 3.0,
  "plus_newton_newton_iter_p90": 3.0,
  "plus_newton_converged_ratio": 1.0,
  "hp_use_log_features": true,
  "hp_optimizer": "adamw",
  "hp_loss_name": "mse",
  "hp_dropout": 0.0,
  "hp_lr": 0.001,
  "hp_weight_decay": 1e-05,
  "hp_hidden_dims": "[256, 256, 128]",
  "hp_hidden_size": 128,
  "hp_num_layers": 1,
  "hp_head_hidden": 128,
  "hp_head_layers": 2,
  "hp_d_model": 96,
  "hp_nhead": 4,
  "hp_ff_dim": 128,
  "hp_use_cls_token": true
}{
  "trial_id": 14,
  "trial_name": "trial_014_gru",
  "model": "gru",
  "best_epoch": 25,
  "elapsed_sec": 351.306604385376,
  "direct_mae": 0.0015129843959584832,
  "direct_rmse": 0.0028399473521858454,
  "direct_r2": 0.9999787411863369,
  "direct_valid_ratio": 1.0,
  "direct_residual_mean": 0.03978376410556486,
  "direct_residual_median": 0.004481395465824378,
  "direct_residual_p90": 0.03179178776044436,
  "plus_newton_mae": 7.868448236386055e-08,
  "plus_newton_rmse": 1.1146555994551046e-07,
  "plus_newton_r2": 0.9999999999999672,
  "plus_newton_valid_ratio": 1.0,
  "plus_newton_residual_mean": 6.025333899470977e-14,
  "plus_newton_residual_median": 8.881784197001252e-16,
  "plus_newton_residual_p90": 1.9455548283531179e-13,
  "plus_newton_newton_iter_mean": 2.754775,
  "plus_newton_newton_iter_median": 3.0,
  "plus_newton_newton_iter_p90": 3.0,
  "plus_newton_converged_ratio": 1.0,
  "hp_use_log_features": true,
  "hp_optimizer": "adamw",
  "hp_loss_name": "mse",
  "hp_dropout": 0.0,
  "hp_lr": 0.001,
  "hp_weight_decay": 1e-05,
  "hp_hidden_dims": "[256, 256, 128]",
  "hp_hidden_size": 128,
  "hp_num_layers": 1,
  "hp_head_hidden": 128,
  "hp_head_layers": 2,
  "hp_d_model": 96,
  "hp_nhead": 4,
  "hp_ff_dim": 128,
  "hp_use_cls_token": true
}