{
  "trial_id": 100,
  "trial_name": "trial_100_gru",
  "model": "gru",
  "best_epoch": 30,
  "elapsed_sec": 384.04531168937683,
  "direct_mae": 0.0034336308017373085,
  "direct_rmse": 0.008657705038785934,
  "direct_r2": 0.9998024286208776,
  "direct_valid_ratio": 1.0,
  "direct_residual_mean": 0.11483327720537763,
  "direct_residual_median": 0.012685827573726695,
  "direct_residual_p90": 0.12455923255355661,
  "plus_newton_mae": 7.868448229468765e-08,
  "plus_newton_rmse": 1.1146555974270513e-07,
  "plus_newton_r2": 0.9999999999999672,
  "plus_newton_valid_ratio": 1.0,
  "plus_newton_residual_mean": 6.47407018616262e-14,
  "plus_newton_residual_median": 8.881784197001252e-16,
  "plus_newton_residual_p90": 2.1405099914773018e-13,
  "plus_newton_newton_iter_mean": 3.000575,
  "plus_newton_newton_iter_median": 3.0,
  "plus_newton_newton_iter_p90": 4.0,
  "plus_newton_converged_ratio": 1.0,
  "hp_use_log_features": true,
  "hp_optimizer": "adamw",
  "hp_loss_name": "smoothl1",
  "hp_dropout": 0.1,
  "hp_lr": 0.0005,
  "hp_weight_decay": 1e-05,
  "hp_hidden_dims": "[256, 256, 128]",
  "hp_hidden_size": 96,
  "hp_num_layers": 2,
  "hp_head_hidden": 128,
  "hp_head_layers": 2,
  "hp_d_model": 96,
  "hp_nhead": 4,
  "hp_ff_dim": 128,
  "hp_use_cls_token": true
}{
  "trial_id": 100,
  "trial_name": "trial_100_gru",
  "model": "gru",
  "best_epoch": 30,
  "elapsed_sec": 384.04531168937683,
  "direct_mae": 0.0034336308017373085,
  "direct_rmse": 0.008657705038785934,
  "direct_r2": 0.9998024286208776,
  "direct_valid_ratio": 1.0,
  "direct_residual_mean": 0.11483327720537763,
  "direct_residual_median": 0.012685827573726695,
  "direct_residual_p90": 0.12455923255355661,
  "plus_newton_mae": 7.868448229468765e-08,
  "plus_newton_rmse": 1.1146555974270513e-07,
  "plus_newton_r2": 0.9999999999999672,
  "plus_newton_valid_ratio": 1.0,
  "plus_newton_residual_mean": 6.47407018616262e-14,
  "plus_newton_residual_median": 8.881784197001252e-16,
  "plus_newton_residual_p90": 2.1405099914773018e-13,
  "plus_newton_newton_iter_mean": 3.000575,
  "plus_newton_newton_iter_median": 3.0,
  "plus_newton_newton_iter_p90": 4.0,
  "plus_newton_converged_ratio": 1.0,
  "hp_use_log_features": true,
  "hp_optimizer": "adamw",
  "hp_loss_name": "smoothl1",
  "hp_dropout": 0.1,
  "hp_lr": 0.0005,
  "hp_weight_decay": 1e-05,
  "hp_hidden_dims": "[256, 256, 128]",
  "hp_hidden_size": 96,
  "hp_num_layers": 2,
  "hp_head_hidden": 128,
  "hp_head_layers": 2,
  "hp_d_model": 96,
  "hp_nhead": 4,
  "hp_ff_dim": 128,
  "hp_use_cls_token": true
}