{
  "trial_id": 8,
  "trial_name": "trial_008_gru",
  "model": "gru",
  "best_epoch": 117,
  "elapsed_sec": 891.3959176540375,
  "direct_mae": 0.0009353755158372223,
  "direct_rmse": 0.0017351751448586583,
  "direct_r2": 0.9999920639376844,
  "direct_valid_ratio": 1.0,
  "direct_residual_mean": 0.02151785198741853,
  "direct_residual_median": 0.002687379216315136,
  "direct_residual_p90": 0.0218729420167271,
  "plus_newton_mae": 7.868448170954856e-08,
  "plus_newton_rmse": 1.1146555912865877e-07,
  "plus_newton_r2": 0.9999999999999672,
  "plus_newton_valid_ratio": 1.0,
  "plus_newton_residual_mean": 6.719091582506445e-14,
  "plus_newton_residual_median": 8.881784197001252e-16,
  "plus_newton_residual_p90": 2.3359092438113294e-13,
  "plus_newton_newton_iter_mean": 2.623575,
  "plus_newton_newton_iter_median": 3.0,
  "plus_newton_newton_iter_p90": 3.0,
  "plus_newton_converged_ratio": 1.0,
  "hp_use_log_features": true,
  "hp_optimizer": "adamw",
  "hp_loss_name": "smoothl1",
  "hp_dropout": 0.0,
  "hp_lr": 0.001,
  "hp_weight_decay": 1e-05,
  "hp_hidden_dims": "[256, 256, 128]",
  "hp_hidden_size": 128,
  "hp_num_layers": 2,
  "hp_head_hidden": 128,
  "hp_head_layers": 2,
  "hp_d_model": 96,
  "hp_nhead": 4,
  "hp_ff_dim": 128,
  "hp_use_cls_token": true
}{
  "trial_id": 8,
  "trial_name": "trial_008_gru",
  "model": "gru",
  "best_epoch": 117,
  "elapsed_sec": 891.3959176540375,
  "direct_mae": 0.0009353755158372223,
  "direct_rmse": 0.0017351751448586583,
  "direct_r2": 0.9999920639376844,
  "direct_valid_ratio": 1.0,
  "direct_residual_mean": 0.02151785198741853,
  "direct_residual_median": 0.002687379216315136,
  "direct_residual_p90": 0.0218729420167271,
  "plus_newton_mae": 7.868448170954856e-08,
  "plus_newton_rmse": 1.1146555912865877e-07,
  "plus_newton_r2": 0.9999999999999672,
  "plus_newton_valid_ratio": 1.0,
  "plus_newton_residual_mean": 6.719091582506445e-14,
  "plus_newton_residual_median": 8.881784197001252e-16,
  "plus_newton_residual_p90": 2.3359092438113294e-13,
  "plus_newton_newton_iter_mean": 2.623575,
  "plus_newton_newton_iter_median": 3.0,
  "plus_newton_newton_iter_p90": 3.0,
  "plus_newton_converged_ratio": 1.0,
  "hp_use_log_features": true,
  "hp_optimizer": "adamw",
  "hp_loss_name": "smoothl1",
  "hp_dropout": 0.0,
  "hp_lr": 0.001,
  "hp_weight_decay": 1e-05,
  "hp_hidden_dims": "[256, 256, 128]",
  "hp_hidden_size": 128,
  "hp_num_layers": 2,
  "hp_head_hidden": 128,
  "hp_head_layers": 2,
  "hp_d_model": 96,
  "hp_nhead": 4,
  "hp_ff_dim": 128,
  "hp_use_cls_token": true
}