{
  "trial_id": 30,
  "trial_name": "trial_030_gru",
  "model": "gru",
  "best_epoch": 64,
  "elapsed_sec": 602.792352437973,
  "direct_mae": 0.0011594604002311826,
  "direct_rmse": 0.0021208154503256083,
  "direct_r2": 0.9999881443828813,
  "direct_valid_ratio": 1.0,
  "direct_residual_mean": 0.0230922438595025,
  "direct_residual_median": 0.003538869438713732,
  "direct_residual_p90": 0.02863730411463816,
  "plus_newton_mae": 7.868448185636184e-08,
  "plus_newton_rmse": 1.1146555939380411e-07,
  "plus_newton_r2": 0.9999999999999672,
  "plus_newton_valid_ratio": 1.0,
  "plus_newton_residual_mean": 6.229036487749438e-14,
  "plus_newton_residual_median": 8.881784197001252e-16,
  "plus_newton_residual_p90": 2.030819956644333e-13,
  "plus_newton_newton_iter_mean": 2.698375,
  "plus_newton_newton_iter_median": 3.0,
  "plus_newton_newton_iter_p90": 3.0,
  "plus_newton_converged_ratio": 1.0,
  "hp_use_log_features": true,
  "hp_optimizer": "adamw",
  "hp_loss_name": "mse",
  "hp_dropout": 0.0,
  "hp_lr": 0.001,
  "hp_weight_decay": 0.0001,
  "hp_hidden_dims": "[256, 256, 128]",
  "hp_hidden_size": 128,
  "hp_num_layers": 1,
  "hp_head_hidden": 128,
  "hp_head_layers": 2,
  "hp_d_model": 96,
  "hp_nhead": 4,
  "hp_ff_dim": 128,
  "hp_use_cls_token": true
}{
  "trial_id": 30,
  "trial_name": "trial_030_gru",
  "model": "gru",
  "best_epoch": 64,
  "elapsed_sec": 602.792352437973,
  "direct_mae": 0.0011594604002311826,
  "direct_rmse": 0.0021208154503256083,
  "direct_r2": 0.9999881443828813,
  "direct_valid_ratio": 1.0,
  "direct_residual_mean": 0.0230922438595025,
  "direct_residual_median": 0.003538869438713732,
  "direct_residual_p90": 0.02863730411463816,
  "plus_newton_mae": 7.868448185636184e-08,
  "plus_newton_rmse": 1.1146555939380411e-07,
  "plus_newton_r2": 0.9999999999999672,
  "plus_newton_valid_ratio": 1.0,
  "plus_newton_residual_mean": 6.229036487749438e-14,
  "plus_newton_residual_median": 8.881784197001252e-16,
  "plus_newton_residual_p90": 2.030819956644333e-13,
  "plus_newton_newton_iter_mean": 2.698375,
  "plus_newton_newton_iter_median": 3.0,
  "plus_newton_newton_iter_p90": 3.0,
  "plus_newton_converged_ratio": 1.0,
  "hp_use_log_features": true,
  "hp_optimizer": "adamw",
  "hp_loss_name": "mse",
  "hp_dropout": 0.0,
  "hp_lr": 0.001,
  "hp_weight_decay": 0.0001,
  "hp_hidden_dims": "[256, 256, 128]",
  "hp_hidden_size": 128,
  "hp_num_layers": 1,
  "hp_head_hidden": 128,
  "hp_head_layers": 2,
  "hp_d_model": 96,
  "hp_nhead": 4,
  "hp_ff_dim": 128,
  "hp_use_cls_token": true
}