{
  "trial_id": 7,
  "trial_name": "trial_007_lstm",
  "model": "lstm",
  "best_epoch": 436,
  "elapsed_sec": 5727.058411359787,
  "direct_mae": 0.002524858806282282,
  "direct_rmse": 0.0037994435988366604,
  "direct_r2": 0.9999623727066592,
  "direct_valid_ratio": 0.9025,
  "direct_residual_mean": 1.122623832023555,
  "direct_residual_median": 0.12947156432330598,
  "direct_residual_p90": 2.113733323633108,
  "plus_newton_mae": 0.00039637255206215313,
  "plus_newton_rmse": 0.0020783513993961355,
  "plus_newton_r2": 0.9999887409704171,
  "plus_newton_valid_ratio": 1.0,
  "plus_newton_residual_mean": 0.6153308948524855,
  "plus_newton_residual_median": 8.881784197001252e-16,
  "plus_newton_residual_p90": 9.38094046887273e-13,
  "plus_newton_newton_iter_mean": 3.5972,
  "plus_newton_newton_iter_median": 4.0,
  "plus_newton_newton_iter_p90": 5.0,
  "plus_newton_converged_ratio": 0.9025,
  "hp_use_log_features": true,
  "hp_optimizer": "adamw",
  "hp_weight_decay": 0.0001,
  "hp_dropout": 0.05,
  "hp_lr": 0.0005,
  "hp_hidden_dims": "[256, 256, 128]",
  "hp_hidden_size": 128,
  "hp_num_layers": 2,
  "hp_head_hidden": 128,
  "hp_head_layers": 2,
  "hp_d_model": 96,
  "hp_nhead": 4,
  "hp_ff_dim": 192,
  "hp_use_cls_token": false
}