{
  "trial_id": 4,
  "trial_name": "trial_004_lstm",
  "model": "lstm",
  "best_epoch": 195,
  "elapsed_sec": 3465.122811794281,
  "direct_mae": 0.003677886910736561,
  "direct_rmse": 0.005177122075110674,
  "direct_r2": 0.99993013819875,
  "direct_valid_ratio": 0.8655,
  "direct_residual_mean": 1.0253794960232223,
  "direct_residual_median": 0.11004960459317115,
  "direct_residual_p90": 1.6748939151158089,
  "plus_newton_mae": 0.000546544259522538,
  "plus_newton_rmse": 0.0023562718727659017,
  "plus_newton_r2": 0.9999855284915722,
  "plus_newton_valid_ratio": 1.0,
  "plus_newton_residual_mean": 0.7992101769633306,
  "plus_newton_residual_median": 8.881784197001252e-16,
  "plus_newton_residual_p90": 4.805592124256232,
  "plus_newton_newton_iter_mean": 3.3353,
  "plus_newton_newton_iter_median": 4.0,
  "plus_newton_newton_iter_p90": 5.0,
  "plus_newton_converged_ratio": 0.8654,
  "hp_use_log_features": true,
  "hp_optimizer": "adamw",
  "hp_weight_decay": 0.0001,
  "hp_dropout": 0.05,
  "hp_lr": 0.001,
  "hp_hidden_dims": "[256, 256, 128]",
  "hp_hidden_size": 96,
  "hp_num_layers": 2,
  "hp_head_hidden": 128,
  "hp_head_layers": 2,
  "hp_d_model": 96,
  "hp_nhead": 4,
  "hp_ff_dim": 192,
  "hp_use_cls_token": false
}