{
  "trial_id": 6,
  "trial_name": "trial_006_lstm",
  "model": "lstm",
  "best_epoch": 148,
  "elapsed_sec": 2889.6806082725525,
  "direct_mae": 0.0021775709465146065,
  "direct_rmse": 0.0030395786743611097,
  "direct_r2": 0.9999759181534909,
  "direct_valid_ratio": 0.8691,
  "direct_residual_mean": 1.164464014637619,
  "direct_residual_median": 0.09229898038992754,
  "direct_residual_p90": 1.7235921560852245,
  "plus_newton_mae": 0.00036124398429759555,
  "plus_newton_rmse": 0.0015174505691383173,
  "plus_newton_r2": 0.9999939980536434,
  "plus_newton_valid_ratio": 1.0,
  "plus_newton_residual_mean": 0.7779578560893307,
  "plus_newton_residual_median": 8.881784197001252e-16,
  "plus_newton_residual_p90": 4.628029390502883,
  "plus_newton_newton_iter_mean": 3.2963,
  "plus_newton_newton_iter_median": 3.0,
  "plus_newton_newton_iter_p90": 5.0,
  "plus_newton_converged_ratio": 0.869,
  "hp_use_log_features": true,
  "hp_optimizer": "adamw",
  "hp_weight_decay": 0.0001,
  "hp_dropout": 0.05,
  "hp_lr": 0.001,
  "hp_hidden_dims": "[256, 256, 128]",
  "hp_hidden_size": 128,
  "hp_num_layers": 1,
  "hp_head_hidden": 128,
  "hp_head_layers": 2,
  "hp_d_model": 96,
  "hp_nhead": 4,
  "hp_ff_dim": 192,
  "hp_use_cls_token": false
}