{
  "trial_id": 12,
  "trial_name": "trial_012_lstm",
  "model": "lstm",
  "best_epoch": 159,
  "elapsed_sec": 3332.7396335601807,
  "direct_mae": 0.004497557412832975,
  "direct_rmse": 0.00630934676155448,
  "direct_r2": 0.9998962395554457,
  "direct_valid_ratio": 0.8379,
  "direct_residual_mean": 1.9286334106492304,
  "direct_residual_median": 0.16758992761049574,
  "direct_residual_p90": 2.9798564250657082,
  "plus_newton_mae": 0.0009214667139001303,
  "plus_newton_rmse": 0.0035311036675486542,
  "plus_newton_r2": 0.9999674999566929,
  "plus_newton_valid_ratio": 1.0,
  "plus_newton_residual_mean": 1.001913522565166,
  "plus_newton_residual_median": 8.881784197001252e-16,
  "plus_newton_residual_p90": 5.361785629447276,
  "plus_newton_newton_iter_mean": 3.4375,
  "plus_newton_newton_iter_median": 4.0,
  "plus_newton_newton_iter_p90": 5.0,
  "plus_newton_converged_ratio": 0.8379,
  "hp_use_log_features": true,
  "hp_optimizer": "adamw",
  "hp_weight_decay": 0.0001,
  "hp_dropout": 0.1,
  "hp_lr": 0.001,
  "hp_hidden_dims": "[256, 256, 128]",
  "hp_hidden_size": 96,
  "hp_num_layers": 2,
  "hp_head_hidden": 128,
  "hp_head_layers": 2,
  "hp_d_model": 96,
  "hp_nhead": 4,
  "hp_ff_dim": 192,
  "hp_use_cls_token": false
}