{
  "trial_id": 2,
  "trial_name": "trial_002_lstm",
  "model": "lstm",
  "best_epoch": 466,
  "elapsed_sec": 5440.300868272781,
  "direct_mae": 0.0022154683247208595,
  "direct_rmse": 0.003009125590324402,
  "direct_r2": 0.9999763982797387,
  "direct_valid_ratio": 0.8568,
  "direct_residual_mean": 0.900176178634994,
  "direct_residual_median": 0.09769292040827952,
  "direct_residual_p90": 1.4867392281103404,
  "plus_newton_mae": 0.0004577598129458359,
  "plus_newton_rmse": 0.001661539208172148,
  "plus_newton_r2": 0.9999928041153696,
  "plus_newton_valid_ratio": 1.0,
  "plus_newton_residual_mean": 0.8620851802655092,
  "plus_newton_residual_median": 8.881784197001252e-16,
  "plus_newton_residual_p90": 4.994628340583969,
  "plus_newton_newton_iter_mean": 3.3007,
  "plus_newton_newton_iter_median": 3.0,
  "plus_newton_newton_iter_p90": 5.0,
  "plus_newton_converged_ratio": 0.8568,
  "hp_use_log_features": true,
  "hp_optimizer": "adamw",
  "hp_weight_decay": 0.0001,
  "hp_dropout": 0.05,
  "hp_lr": 0.001,
  "hp_hidden_dims": "[256, 256, 128]",
  "hp_hidden_size": 96,
  "hp_num_layers": 1,
  "hp_head_hidden": 128,
  "hp_head_layers": 2,
  "hp_d_model": 96,
  "hp_nhead": 4,
  "hp_ff_dim": 192,
  "hp_use_cls_token": false
}