{
  "trial_id": 2,
  "trial_name": "trial_002_mlp",
  "model": "mlp",
  "best_epoch": 41,
  "elapsed_sec": 190.99312043190002,
  "direct_mae": 0.017305079847574234,
  "direct_rmse": 0.02600797452032566,
  "direct_r2": 0.9982170814601692,
  "direct_valid_ratio": 0.7612,
  "direct_residual_mean": 15.560629773229108,
  "direct_residual_median": 0.6303346972008581,
  "direct_residual_p90": 25.652484800549114,
  "plus_newton_mae": 0.004473851777095914,
  "plus_newton_rmse": 0.022278721972773592,
  "plus_newton_r2": 0.9986917251836994,
  "plus_newton_valid_ratio": 1.0,
  "plus_newton_residual_mean": 2.0053398532641373,
  "plus_newton_residual_median": 2.6645352591003757e-15,
  "plus_newton_residual_p90": 7.92277567790718,
  "plus_newton_newton_iter_mean": 3.848675,
  "plus_newton_newton_iter_median": 4.0,
  "plus_newton_newton_iter_p90": 7.0,
  "plus_newton_converged_ratio": 0.761075,
  "hp_use_log_features": true,
  "hp_optimizer": "adamw",
  "hp_weight_decay": 0.0001,
  "hp_dropout": 0.05,
  "hp_lr": 0.001,
  "hp_hidden_dims": "[256, 256, 128]",
  "hp_hidden_size": 128,
  "hp_num_layers": 2,
  "hp_head_hidden": 128,
  "hp_head_layers": 2,
  "hp_d_model": 96,
  "hp_nhead": 4,
  "hp_ff_dim": 192,
  "hp_use_cls_token": false
}{
  "trial_id": 2,
  "trial_name": "trial_002_mlp",
  "model": "mlp",
  "best_epoch": 41,
  "elapsed_sec": 190.99312043190002,
  "direct_mae": 0.017305079847574234,
  "direct_rmse": 0.02600797452032566,
  "direct_r2": 0.9982170814601692,
  "direct_valid_ratio": 0.7612,
  "direct_residual_mean": 15.560629773229108,
  "direct_residual_median": 0.6303346972008581,
  "direct_residual_p90": 25.652484800549114,
  "plus_newton_mae": 0.004473851777095914,
  "plus_newton_rmse": 0.022278721972773592,
  "plus_newton_r2": 0.9986917251836994,
  "plus_newton_valid_ratio": 1.0,
  "plus_newton_residual_mean": 2.0053398532641373,
  "plus_newton_residual_median": 2.6645352591003757e-15,
  "plus_newton_residual_p90": 7.92277567790718,
  "plus_newton_newton_iter_mean": 3.848675,
  "plus_newton_newton_iter_median": 4.0,
  "plus_newton_newton_iter_p90": 7.0,
  "plus_newton_converged_ratio": 0.761075,
  "hp_use_log_features": true,
  "hp_optimizer": "adamw",
  "hp_weight_decay": 0.0001,
  "hp_dropout": 0.05,
  "hp_lr": 0.001,
  "hp_hidden_dims": "[256, 256, 128]",
  "hp_hidden_size": 128,
  "hp_num_layers": 2,
  "hp_head_hidden": 128,
  "hp_head_layers": 2,
  "hp_d_model": 96,
  "hp_nhead": 4,
  "hp_ff_dim": 192,
  "hp_use_cls_token": false
}