{
  "trial_id": 13,
  "trial_name": "trial_013_lstm",
  "model": "lstm",
  "best_epoch": 81,
  "elapsed_sec": 238.9403200149536,
  "direct_mae": 0.005372993182390928,
  "direct_rmse": 0.007990608923137188,
  "direct_r2": 0.9998317022983451,
  "direct_valid_ratio": 0.85175,
  "direct_residual_mean": 2.7255914448609078,
  "direct_residual_median": 0.14492641520749122,
  "direct_residual_p90": 1.930222579345903,
  "plus_newton_mae": 0.0009603596430171302,
  "plus_newton_rmse": 0.004112157174696664,
  "plus_newton_r2": 0.9999554284388542,
  "plus_newton_valid_ratio": 1.0,
  "plus_newton_residual_mean": 0.9475267688344946,
  "plus_newton_residual_median": 8.881784197001252e-16,
  "plus_newton_residual_p90": 5.569200818479297,
  "plus_newton_newton_iter_mean": 3.45255,
  "plus_newton_newton_iter_median": 4.0,
  "plus_newton_newton_iter_p90": 5.0,
  "plus_newton_converged_ratio": 0.851575,
  "hp_use_log_features": true,
  "hp_optimizer": "adamw",
  "hp_weight_decay": 0.0001,
  "hp_dropout": 0.05,
  "hp_lr": 0.0005,
  "hp_hidden_dims": "[256, 256, 128]",
  "hp_hidden_size": 128,
  "hp_num_layers": 1,
  "hp_head_hidden": 128,
  "hp_head_layers": 2,
  "hp_d_model": 96,
  "hp_nhead": 4,
  "hp_ff_dim": 192,
  "hp_use_cls_token": false
}{
  "trial_id": 13,
  "trial_name": "trial_013_lstm",
  "model": "lstm",
  "best_epoch": 81,
  "elapsed_sec": 238.9403200149536,
  "direct_mae": 0.005372993182390928,
  "direct_rmse": 0.007990608923137188,
  "direct_r2": 0.9998317022983451,
  "direct_valid_ratio": 0.85175,
  "direct_residual_mean": 2.7255914448609078,
  "direct_residual_median": 0.14492641520749122,
  "direct_residual_p90": 1.930222579345903,
  "plus_newton_mae": 0.0009603596430171302,
  "plus_newton_rmse": 0.004112157174696664,
  "plus_newton_r2": 0.9999554284388542,
  "plus_newton_valid_ratio": 1.0,
  "plus_newton_residual_mean": 0.9475267688344946,
  "plus_newton_residual_median": 8.881784197001252e-16,
  "plus_newton_residual_p90": 5.569200818479297,
  "plus_newton_newton_iter_mean": 3.45255,
  "plus_newton_newton_iter_median": 4.0,
  "plus_newton_newton_iter_p90": 5.0,
  "plus_newton_converged_ratio": 0.851575,
  "hp_use_log_features": true,
  "hp_optimizer": "adamw",
  "hp_weight_decay": 0.0001,
  "hp_dropout": 0.05,
  "hp_lr": 0.0005,
  "hp_hidden_dims": "[256, 256, 128]",
  "hp_hidden_size": 128,
  "hp_num_layers": 1,
  "hp_head_hidden": 128,
  "hp_head_layers": 2,
  "hp_d_model": 96,
  "hp_nhead": 4,
  "hp_ff_dim": 192,
  "hp_use_cls_token": false
}