{
  "trial_id": 25,
  "trial_name": "trial_025_gru",
  "model": "gru",
  "best_epoch": 119,
  "elapsed_sec": 272.7135446071625,
  "direct_mae": 0.004077912773936987,
  "direct_rmse": 0.006588642485439777,
  "direct_r2": 0.9998855778034236,
  "direct_valid_ratio": 0.941125,
  "direct_residual_mean": 2.517336427193996,
  "direct_residual_median": 0.12439344060968113,
  "direct_residual_p90": 2.4267429204074866,
  "plus_newton_mae": 0.00048458238610462684,
  "plus_newton_rmse": 0.026560008354630356,
  "plus_newton_r2": 0.9981405913429816,
  "plus_newton_valid_ratio": 1.0,
  "plus_newton_residual_mean": 0.3713294260570438,
  "plus_newton_residual_median": 8.881784197001252e-16,
  "plus_newton_residual_p90": 4.3165471197426086e-13,
  "plus_newton_newton_iter_mean": 3.855275,
  "plus_newton_newton_iter_median": 4.0,
  "plus_newton_newton_iter_p90": 5.0,
  "plus_newton_converged_ratio": 0.940975,
  "hp_use_log_features": true,
  "hp_optimizer": "adamw",
  "hp_weight_decay": 0.0001,
  "hp_dropout": 0.05,
  "hp_lr": 0.0005,
  "hp_hidden_dims": "[256, 256, 128]",
  "hp_hidden_size": 96,
  "hp_num_layers": 1,
  "hp_head_hidden": 128,
  "hp_head_layers": 2,
  "hp_d_model": 96,
  "hp_nhead": 4,
  "hp_ff_dim": 192,
  "hp_use_cls_token": false
}{
  "trial_id": 25,
  "trial_name": "trial_025_gru",
  "model": "gru",
  "best_epoch": 119,
  "elapsed_sec": 272.7135446071625,
  "direct_mae": 0.004077912773936987,
  "direct_rmse": 0.006588642485439777,
  "direct_r2": 0.9998855778034236,
  "direct_valid_ratio": 0.941125,
  "direct_residual_mean": 2.517336427193996,
  "direct_residual_median": 0.12439344060968113,
  "direct_residual_p90": 2.4267429204074866,
  "plus_newton_mae": 0.00048458238610462684,
  "plus_newton_rmse": 0.026560008354630356,
  "plus_newton_r2": 0.9981405913429816,
  "plus_newton_valid_ratio": 1.0,
  "plus_newton_residual_mean": 0.3713294260570438,
  "plus_newton_residual_median": 8.881784197001252e-16,
  "plus_newton_residual_p90": 4.3165471197426086e-13,
  "plus_newton_newton_iter_mean": 3.855275,
  "plus_newton_newton_iter_median": 4.0,
  "plus_newton_newton_iter_p90": 5.0,
  "plus_newton_converged_ratio": 0.940975,
  "hp_use_log_features": true,
  "hp_optimizer": "adamw",
  "hp_weight_decay": 0.0001,
  "hp_dropout": 0.05,
  "hp_lr": 0.0005,
  "hp_hidden_dims": "[256, 256, 128]",
  "hp_hidden_size": 96,
  "hp_num_layers": 1,
  "hp_head_hidden": 128,
  "hp_head_layers": 2,
  "hp_d_model": 96,
  "hp_nhead": 4,
  "hp_ff_dim": 192,
  "hp_use_cls_token": false
}