{
  "trial_id": 18,
  "trial_name": "trial_018_lstm",
  "model": "lstm",
  "best_epoch": 80,
  "elapsed_sec": 291.5145571231842,
  "direct_mae": 0.005578987766057253,
  "direct_rmse": 0.00791761465370655,
  "direct_r2": 0.9998347630676155,
  "direct_valid_ratio": 0.8728,
  "direct_residual_mean": 3.0229070654148273,
  "direct_residual_median": 0.21696361066676076,
  "direct_residual_p90": 4.404064801730128,
  "plus_newton_mae": 0.0008505300887954932,
  "plus_newton_rmse": 0.004047448490142114,
  "plus_newton_r2": 0.999956820153431,
  "plus_newton_valid_ratio": 1.0,
  "plus_newton_residual_mean": 0.8260738186305628,
  "plus_newton_residual_median": 8.881784197001252e-16,
  "plus_newton_residual_p90": 4.776833408958097,
  "plus_newton_newton_iter_mean": 3.74225,
  "plus_newton_newton_iter_median": 4.0,
  "plus_newton_newton_iter_p90": 6.0,
  "plus_newton_converged_ratio": 0.872775,
  "hp_use_log_features": true,
  "hp_optimizer": "adamw",
  "hp_weight_decay": 0.0001,
  "hp_dropout": 0.1,
  "hp_lr": 0.001,
  "hp_hidden_dims": "[256, 256, 128]",
  "hp_hidden_size": 96,
  "hp_num_layers": 1,
  "hp_head_hidden": 128,
  "hp_head_layers": 2,
  "hp_d_model": 96,
  "hp_nhead": 4,
  "hp_ff_dim": 192,
  "hp_use_cls_token": false
}{
  "trial_id": 18,
  "trial_name": "trial_018_lstm",
  "model": "lstm",
  "best_epoch": 80,
  "elapsed_sec": 291.5145571231842,
  "direct_mae": 0.005578987766057253,
  "direct_rmse": 0.00791761465370655,
  "direct_r2": 0.9998347630676155,
  "direct_valid_ratio": 0.8728,
  "direct_residual_mean": 3.0229070654148273,
  "direct_residual_median": 0.21696361066676076,
  "direct_residual_p90": 4.404064801730128,
  "plus_newton_mae": 0.0008505300887954932,
  "plus_newton_rmse": 0.004047448490142114,
  "plus_newton_r2": 0.999956820153431,
  "plus_newton_valid_ratio": 1.0,
  "plus_newton_residual_mean": 0.8260738186305628,
  "plus_newton_residual_median": 8.881784197001252e-16,
  "plus_newton_residual_p90": 4.776833408958097,
  "plus_newton_newton_iter_mean": 3.74225,
  "plus_newton_newton_iter_median": 4.0,
  "plus_newton_newton_iter_p90": 6.0,
  "plus_newton_converged_ratio": 0.872775,
  "hp_use_log_features": true,
  "hp_optimizer": "adamw",
  "hp_weight_decay": 0.0001,
  "hp_dropout": 0.1,
  "hp_lr": 0.001,
  "hp_hidden_dims": "[256, 256, 128]",
  "hp_hidden_size": 96,
  "hp_num_layers": 1,
  "hp_head_hidden": 128,
  "hp_head_layers": 2,
  "hp_d_model": 96,
  "hp_nhead": 4,
  "hp_ff_dim": 192,
  "hp_use_cls_token": false
}