{
  "trial_id": 12,
  "trial_name": "trial_012_lstm",
  "model": "lstm",
  "best_epoch": 111,
  "elapsed_sec": 345.5267016887665,
  "direct_mae": 0.005206370260566473,
  "direct_rmse": 0.00775420805439353,
  "direct_r2": 0.9998415131118202,
  "direct_valid_ratio": 0.9031,
  "direct_residual_mean": 2.510768275386983,
  "direct_residual_median": 0.142874448998644,
  "direct_residual_p90": 3.1083275528816396,
  "plus_newton_mae": 0.0007591810843903617,
  "plus_newton_rmse": 0.01846238563916068,
  "plus_newton_r2": 0.9991015496744446,
  "plus_newton_valid_ratio": 1.0,
  "plus_newton_residual_mean": 0.6184176304798042,
  "plus_newton_residual_median": 8.881784197001252e-16,
  "plus_newton_residual_p90": 9.372946863095415e-13,
  "plus_newton_newton_iter_mean": 3.7366,
  "plus_newton_newton_iter_median": 4.0,
  "plus_newton_newton_iter_p90": 5.0,
  "plus_newton_converged_ratio": 0.90295,
  "hp_use_log_features": true,
  "hp_optimizer": "adamw",
  "hp_weight_decay": 0.0001,
  "hp_dropout": 0.05,
  "hp_lr": 0.001,
  "hp_hidden_dims": "[256, 256, 128]",
  "hp_hidden_size": 96,
  "hp_num_layers": 2,
  "hp_head_hidden": 128,
  "hp_head_layers": 2,
  "hp_d_model": 96,
  "hp_nhead": 4,
  "hp_ff_dim": 192,
  "hp_use_cls_token": false
}{
  "trial_id": 12,
  "trial_name": "trial_012_lstm",
  "model": "lstm",
  "best_epoch": 111,
  "elapsed_sec": 345.5267016887665,
  "direct_mae": 0.005206370260566473,
  "direct_rmse": 0.00775420805439353,
  "direct_r2": 0.9998415131118202,
  "direct_valid_ratio": 0.9031,
  "direct_residual_mean": 2.510768275386983,
  "direct_residual_median": 0.142874448998644,
  "direct_residual_p90": 3.1083275528816396,
  "plus_newton_mae": 0.0007591810843903617,
  "plus_newton_rmse": 0.01846238563916068,
  "plus_newton_r2": 0.9991015496744446,
  "plus_newton_valid_ratio": 1.0,
  "plus_newton_residual_mean": 0.6184176304798042,
  "plus_newton_residual_median": 8.881784197001252e-16,
  "plus_newton_residual_p90": 9.372946863095415e-13,
  "plus_newton_newton_iter_mean": 3.7366,
  "plus_newton_newton_iter_median": 4.0,
  "plus_newton_newton_iter_p90": 5.0,
  "plus_newton_converged_ratio": 0.90295,
  "hp_use_log_features": true,
  "hp_optimizer": "adamw",
  "hp_weight_decay": 0.0001,
  "hp_dropout": 0.05,
  "hp_lr": 0.001,
  "hp_hidden_dims": "[256, 256, 128]",
  "hp_hidden_size": 96,
  "hp_num_layers": 2,
  "hp_head_hidden": 128,
  "hp_head_layers": 2,
  "hp_d_model": 96,
  "hp_nhead": 4,
  "hp_ff_dim": 192,
  "hp_use_cls_token": false
}