{
  "trial_id": 29,
  "trial_name": "trial_029_gru",
  "model": "gru",
  "best_epoch": 82,
  "elapsed_sec": 253.89930748939514,
  "direct_mae": 0.005000102799385786,
  "direct_rmse": 0.007966436445713043,
  "direct_r2": 0.9998327189971432,
  "direct_valid_ratio": 0.908875,
  "direct_residual_mean": 3.2168477705131155,
  "direct_residual_median": 0.16801159991152748,
  "direct_residual_p90": 3.395159472593928,
  "plus_newton_mae": 0.0006865021406781054,
  "plus_newton_rmse": 0.015946333850519735,
  "plus_newton_r2": 0.9993297448827994,
  "plus_newton_valid_ratio": 1.0,
  "plus_newton_residual_mean": 0.5917195939791842,
  "plus_newton_residual_median": 8.881784197001252e-16,
  "plus_newton_residual_p90": 8.251177519014163e-13,
  "plus_newton_newton_iter_mean": 3.859375,
  "plus_newton_newton_iter_median": 4.0,
  "plus_newton_newton_iter_p90": 6.0,
  "plus_newton_converged_ratio": 0.908725,
  "hp_use_log_features": true,
  "hp_optimizer": "adamw",
  "hp_weight_decay": 0.0001,
  "hp_dropout": 0.05,
  "hp_lr": 0.0005,
  "hp_hidden_dims": "[256, 256, 128]",
  "hp_hidden_size": 128,
  "hp_num_layers": 1,
  "hp_head_hidden": 128,
  "hp_head_layers": 2,
  "hp_d_model": 96,
  "hp_nhead": 4,
  "hp_ff_dim": 192,
  "hp_use_cls_token": false
}{
  "trial_id": 29,
  "trial_name": "trial_029_gru",
  "model": "gru",
  "best_epoch": 82,
  "elapsed_sec": 253.89930748939514,
  "direct_mae": 0.005000102799385786,
  "direct_rmse": 0.007966436445713043,
  "direct_r2": 0.9998327189971432,
  "direct_valid_ratio": 0.908875,
  "direct_residual_mean": 3.2168477705131155,
  "direct_residual_median": 0.16801159991152748,
  "direct_residual_p90": 3.395159472593928,
  "plus_newton_mae": 0.0006865021406781054,
  "plus_newton_rmse": 0.015946333850519735,
  "plus_newton_r2": 0.9993297448827994,
  "plus_newton_valid_ratio": 1.0,
  "plus_newton_residual_mean": 0.5917195939791842,
  "plus_newton_residual_median": 8.881784197001252e-16,
  "plus_newton_residual_p90": 8.251177519014163e-13,
  "plus_newton_newton_iter_mean": 3.859375,
  "plus_newton_newton_iter_median": 4.0,
  "plus_newton_newton_iter_p90": 6.0,
  "plus_newton_converged_ratio": 0.908725,
  "hp_use_log_features": true,
  "hp_optimizer": "adamw",
  "hp_weight_decay": 0.0001,
  "hp_dropout": 0.05,
  "hp_lr": 0.0005,
  "hp_hidden_dims": "[256, 256, 128]",
  "hp_hidden_size": 128,
  "hp_num_layers": 1,
  "hp_head_hidden": 128,
  "hp_head_layers": 2,
  "hp_d_model": 96,
  "hp_nhead": 4,
  "hp_ff_dim": 192,
  "hp_use_cls_token": false
}