{
  "trial_id": 15,
  "trial_name": "trial_015_lstm",
  "model": "lstm",
  "best_epoch": 89,
  "elapsed_sec": 289.4405689239502,
  "direct_mae": 0.005607889965176582,
  "direct_rmse": 0.009112777188420296,
  "direct_r2": 0.9997811129916935,
  "direct_valid_ratio": 0.85185,
  "direct_residual_mean": 5.588628484660979,
  "direct_residual_median": 0.24818614473035128,
  "direct_residual_p90": 5.286322123436048,
  "plus_newton_mae": 0.0009413810413439839,
  "plus_newton_rmse": 0.012249165827144463,
  "plus_newton_r2": 0.9996045136832156,
  "plus_newton_valid_ratio": 1.0,
  "plus_newton_residual_mean": 1.0570732953104036,
  "plus_newton_residual_median": 8.881784197001252e-16,
  "plus_newton_residual_p90": 6.0464722331951695,
  "plus_newton_newton_iter_mean": 3.822025,
  "plus_newton_newton_iter_median": 4.0,
  "plus_newton_newton_iter_p90": 6.0,
  "plus_newton_converged_ratio": 0.8518,
  "hp_use_log_features": true,
  "hp_optimizer": "adamw",
  "hp_weight_decay": 0.0001,
  "hp_dropout": 0.05,
  "hp_lr": 0.0005,
  "hp_hidden_dims": "[256, 256, 128]",
  "hp_hidden_size": 128,
  "hp_num_layers": 2,
  "hp_head_hidden": 128,
  "hp_head_layers": 2,
  "hp_d_model": 96,
  "hp_nhead": 4,
  "hp_ff_dim": 192,
  "hp_use_cls_token": false
}{
  "trial_id": 15,
  "trial_name": "trial_015_lstm",
  "model": "lstm",
  "best_epoch": 89,
  "elapsed_sec": 289.4405689239502,
  "direct_mae": 0.005607889965176582,
  "direct_rmse": 0.009112777188420296,
  "direct_r2": 0.9997811129916935,
  "direct_valid_ratio": 0.85185,
  "direct_residual_mean": 5.588628484660979,
  "direct_residual_median": 0.24818614473035128,
  "direct_residual_p90": 5.286322123436048,
  "plus_newton_mae": 0.0009413810413439839,
  "plus_newton_rmse": 0.012249165827144463,
  "plus_newton_r2": 0.9996045136832156,
  "plus_newton_valid_ratio": 1.0,
  "plus_newton_residual_mean": 1.0570732953104036,
  "plus_newton_residual_median": 8.881784197001252e-16,
  "plus_newton_residual_p90": 6.0464722331951695,
  "plus_newton_newton_iter_mean": 3.822025,
  "plus_newton_newton_iter_median": 4.0,
  "plus_newton_newton_iter_p90": 6.0,
  "plus_newton_converged_ratio": 0.8518,
  "hp_use_log_features": true,
  "hp_optimizer": "adamw",
  "hp_weight_decay": 0.0001,
  "hp_dropout": 0.05,
  "hp_lr": 0.0005,
  "hp_hidden_dims": "[256, 256, 128]",
  "hp_hidden_size": 128,
  "hp_num_layers": 2,
  "hp_head_hidden": 128,
  "hp_head_layers": 2,
  "hp_d_model": 96,
  "hp_nhead": 4,
  "hp_ff_dim": 192,
  "hp_use_cls_token": false
}