{
  "trial_id": 24,
  "trial_name": "trial_024_mlp",
  "model": "mlp",
  "best_epoch": 43,
  "elapsed_sec": 469.8318486213684,
  "direct_mae": 0.005019553937017918,
  "direct_rmse": 0.01006261631846428,
  "direct_r2": 0.9997331050965924,
  "direct_valid_ratio": 1.0,
  "direct_residual_mean": 0.2745391416250916,
  "direct_residual_median": 0.02294252598871349,
  "direct_residual_p90": 0.29895690811431336,
  "plus_newton_mae": 7.868448121169764e-08,
  "plus_newton_rmse": 1.1146555857461839e-07,
  "plus_newton_r2": 0.9999999999999672,
  "plus_newton_valid_ratio": 1.0,
  "plus_newton_residual_mean": 4.9493116689150376e-14,
  "plus_newton_residual_median": 8.881784197001252e-16,
  "plus_newton_residual_p90": 1.2878587085651816e-13,
  "plus_newton_newton_iter_mean": 3.262825,
  "plus_newton_newton_iter_median": 3.0,
  "plus_newton_newton_iter_p90": 4.0,
  "plus_newton_converged_ratio": 1.0,
  "hp_use_log_features": true,
  "hp_optimizer": "adamw",
  "hp_loss_name": "mse",
  "hp_dropout": 0.1,
  "hp_lr": 0.001,
  "hp_weight_decay": 0.0001,
  "hp_hidden_dims": "[256, 128, 64]",
  "hp_hidden_size": 128,
  "hp_num_layers": 2,
  "hp_head_hidden": 128,
  "hp_head_layers": 2,
  "hp_d_model": 96,
  "hp_nhead": 4,
  "hp_ff_dim": 128,
  "hp_use_cls_token": true
}{
  "trial_id": 24,
  "trial_name": "trial_024_mlp",
  "model": "mlp",
  "best_epoch": 43,
  "elapsed_sec": 469.8318486213684,
  "direct_mae": 0.005019553937017918,
  "direct_rmse": 0.01006261631846428,
  "direct_r2": 0.9997331050965924,
  "direct_valid_ratio": 1.0,
  "direct_residual_mean": 0.2745391416250916,
  "direct_residual_median": 0.02294252598871349,
  "direct_residual_p90": 0.29895690811431336,
  "plus_newton_mae": 7.868448121169764e-08,
  "plus_newton_rmse": 1.1146555857461839e-07,
  "plus_newton_r2": 0.9999999999999672,
  "plus_newton_valid_ratio": 1.0,
  "plus_newton_residual_mean": 4.9493116689150376e-14,
  "plus_newton_residual_median": 8.881784197001252e-16,
  "plus_newton_residual_p90": 1.2878587085651816e-13,
  "plus_newton_newton_iter_mean": 3.262825,
  "plus_newton_newton_iter_median": 3.0,
  "plus_newton_newton_iter_p90": 4.0,
  "plus_newton_converged_ratio": 1.0,
  "hp_use_log_features": true,
  "hp_optimizer": "adamw",
  "hp_loss_name": "mse",
  "hp_dropout": 0.1,
  "hp_lr": 0.001,
  "hp_weight_decay": 0.0001,
  "hp_hidden_dims": "[256, 128, 64]",
  "hp_hidden_size": 128,
  "hp_num_layers": 2,
  "hp_head_hidden": 128,
  "hp_head_layers": 2,
  "hp_d_model": 96,
  "hp_nhead": 4,
  "hp_ff_dim": 128,
  "hp_use_cls_token": true
}