{
  "trial_id": 9,
  "trial_name": "trial_009_mlp",
  "model": "mlp",
  "best_epoch": 67,
  "elapsed_sec": 628.5613799095154,
  "direct_mae": 0.0009068551007658243,
  "direct_rmse": 0.004227485507726669,
  "direct_r2": 0.9999528933030686,
  "direct_valid_ratio": 1.0,
  "direct_residual_mean": 0.030522394367054687,
  "direct_residual_median": 0.0030698244921678053,
  "direct_residual_p90": 0.030004900886193172,
  "plus_newton_mae": 7.868448131439187e-08,
  "plus_newton_rmse": 1.1146555858809819e-07,
  "plus_newton_r2": 0.9999999999999672,
  "plus_newton_valid_ratio": 1.0,
  "plus_newton_residual_mean": 5.920422465503035e-14,
  "plus_newton_residual_median": 8.881784197001252e-16,
  "plus_newton_residual_p90": 1.8385293287792592e-13,
  "plus_newton_newton_iter_mean": 2.721625,
  "plus_newton_newton_iter_median": 3.0,
  "plus_newton_newton_iter_p90": 3.0,
  "plus_newton_converged_ratio": 1.0,
  "hp_use_log_features": true,
  "hp_optimizer": "adamw",
  "hp_loss_name": "smoothl1",
  "hp_dropout": 0.0,
  "hp_lr": 0.0005,
  "hp_weight_decay": 1e-05,
  "hp_hidden_dims": "[256, 256, 128]",
  "hp_hidden_size": 128,
  "hp_num_layers": 2,
  "hp_head_hidden": 128,
  "hp_head_layers": 2,
  "hp_d_model": 96,
  "hp_nhead": 4,
  "hp_ff_dim": 128,
  "hp_use_cls_token": true
}{
  "trial_id": 9,
  "trial_name": "trial_009_mlp",
  "model": "mlp",
  "best_epoch": 67,
  "elapsed_sec": 628.5613799095154,
  "direct_mae": 0.0009068551007658243,
  "direct_rmse": 0.004227485507726669,
  "direct_r2": 0.9999528933030686,
  "direct_valid_ratio": 1.0,
  "direct_residual_mean": 0.030522394367054687,
  "direct_residual_median": 0.0030698244921678053,
  "direct_residual_p90": 0.030004900886193172,
  "plus_newton_mae": 7.868448131439187e-08,
  "plus_newton_rmse": 1.1146555858809819e-07,
  "plus_newton_r2": 0.9999999999999672,
  "plus_newton_valid_ratio": 1.0,
  "plus_newton_residual_mean": 5.920422465503035e-14,
  "plus_newton_residual_median": 8.881784197001252e-16,
  "plus_newton_residual_p90": 1.8385293287792592e-13,
  "plus_newton_newton_iter_mean": 2.721625,
  "plus_newton_newton_iter_median": 3.0,
  "plus_newton_newton_iter_p90": 3.0,
  "plus_newton_converged_ratio": 1.0,
  "hp_use_log_features": true,
  "hp_optimizer": "adamw",
  "hp_loss_name": "smoothl1",
  "hp_dropout": 0.0,
  "hp_lr": 0.0005,
  "hp_weight_decay": 1e-05,
  "hp_hidden_dims": "[256, 256, 128]",
  "hp_hidden_size": 128,
  "hp_num_layers": 2,
  "hp_head_hidden": 128,
  "hp_head_layers": 2,
  "hp_d_model": 96,
  "hp_nhead": 4,
  "hp_ff_dim": 128,
  "hp_use_cls_token": true
}