{
  "trial_id": 7,
  "trial_name": "trial_007_mlp",
  "model": "mlp",
  "best_epoch": 89,
  "elapsed_sec": 784.4074642658234,
  "direct_mae": 0.0009202604996971786,
  "direct_rmse": 0.0032740042079240084,
  "direct_r2": 0.9999717461975327,
  "direct_valid_ratio": 1.0,
  "direct_residual_mean": 0.027731525475800902,
  "direct_residual_median": 0.0031465396497944997,
  "direct_residual_p90": 0.02609075004489845,
  "plus_newton_mae": 7.868448184261197e-08,
  "plus_newton_rmse": 1.1146555894757969e-07,
  "plus_newton_r2": 0.9999999999999672,
  "plus_newton_valid_ratio": 1.0,
  "plus_newton_residual_mean": 6.031619083466685e-14,
  "plus_newton_residual_median": 8.881784197001252e-16,
  "plus_newton_residual_p90": 1.8829382497642655e-13,
  "plus_newton_newton_iter_mean": 2.6974,
  "plus_newton_newton_iter_median": 3.0,
  "plus_newton_newton_iter_p90": 3.0,
  "plus_newton_converged_ratio": 1.0,
  "hp_use_log_features": true,
  "hp_optimizer": "adamw",
  "hp_loss_name": "mse",
  "hp_dropout": 0.0,
  "hp_lr": 0.001,
  "hp_weight_decay": 0.0001,
  "hp_hidden_dims": "[256, 256, 128]",
  "hp_hidden_size": 128,
  "hp_num_layers": 2,
  "hp_head_hidden": 128,
  "hp_head_layers": 2,
  "hp_d_model": 96,
  "hp_nhead": 4,
  "hp_ff_dim": 128,
  "hp_use_cls_token": true
}{
  "trial_id": 7,
  "trial_name": "trial_007_mlp",
  "model": "mlp",
  "best_epoch": 89,
  "elapsed_sec": 784.4074642658234,
  "direct_mae": 0.0009202604996971786,
  "direct_rmse": 0.0032740042079240084,
  "direct_r2": 0.9999717461975327,
  "direct_valid_ratio": 1.0,
  "direct_residual_mean": 0.027731525475800902,
  "direct_residual_median": 0.0031465396497944997,
  "direct_residual_p90": 0.02609075004489845,
  "plus_newton_mae": 7.868448184261197e-08,
  "plus_newton_rmse": 1.1146555894757969e-07,
  "plus_newton_r2": 0.9999999999999672,
  "plus_newton_valid_ratio": 1.0,
  "plus_newton_residual_mean": 6.031619083466685e-14,
  "plus_newton_residual_median": 8.881784197001252e-16,
  "plus_newton_residual_p90": 1.8829382497642655e-13,
  "plus_newton_newton_iter_mean": 2.6974,
  "plus_newton_newton_iter_median": 3.0,
  "plus_newton_newton_iter_p90": 3.0,
  "plus_newton_converged_ratio": 1.0,
  "hp_use_log_features": true,
  "hp_optimizer": "adamw",
  "hp_loss_name": "mse",
  "hp_dropout": 0.0,
  "hp_lr": 0.001,
  "hp_weight_decay": 0.0001,
  "hp_hidden_dims": "[256, 256, 128]",
  "hp_hidden_size": 128,
  "hp_num_layers": 2,
  "hp_head_hidden": 128,
  "hp_head_layers": 2,
  "hp_d_model": 96,
  "hp_nhead": 4,
  "hp_ff_dim": 128,
  "hp_use_cls_token": true
}