{
  "trial_id": 21,
  "trial_name": "trial_021_mlp",
  "model": "mlp",
  "best_epoch": 33,
  "elapsed_sec": 413.43264079093933,
  "direct_mae": 0.004171690437942743,
  "direct_rmse": 0.009413761086761951,
  "direct_r2": 0.9997664150902835,
  "direct_valid_ratio": 1.0,
  "direct_residual_mean": 0.166811881346667,
  "direct_residual_median": 0.018326323294924896,
  "direct_residual_p90": 0.20578091904677323,
  "plus_newton_mae": 7.868448153485014e-08,
  "plus_newton_rmse": 1.114655588016118e-07,
  "plus_newton_r2": 0.9999999999999672,
  "plus_newton_valid_ratio": 1.0,
  "plus_newton_residual_mean": 4.885547001506798e-14,
  "plus_newton_residual_median": 8.881784197001252e-16,
  "plus_newton_residual_p90": 1.305622276959184e-13,
  "plus_newton_newton_iter_mean": 3.151025,
  "plus_newton_newton_iter_median": 3.0,
  "plus_newton_newton_iter_p90": 4.0,
  "plus_newton_converged_ratio": 1.0,
  "hp_use_log_features": true,
  "hp_optimizer": "adamw",
  "hp_loss_name": "smoothl1",
  "hp_dropout": 0.1,
  "hp_lr": 0.001,
  "hp_weight_decay": 0.0001,
  "hp_hidden_dims": "[256, 256, 128]",
  "hp_hidden_size": 128,
  "hp_num_layers": 2,
  "hp_head_hidden": 128,
  "hp_head_layers": 2,
  "hp_d_model": 96,
  "hp_nhead": 4,
  "hp_ff_dim": 128,
  "hp_use_cls_token": true
}{
  "trial_id": 21,
  "trial_name": "trial_021_mlp",
  "model": "mlp",
  "best_epoch": 33,
  "elapsed_sec": 413.43264079093933,
  "direct_mae": 0.004171690437942743,
  "direct_rmse": 0.009413761086761951,
  "direct_r2": 0.9997664150902835,
  "direct_valid_ratio": 1.0,
  "direct_residual_mean": 0.166811881346667,
  "direct_residual_median": 0.018326323294924896,
  "direct_residual_p90": 0.20578091904677323,
  "plus_newton_mae": 7.868448153485014e-08,
  "plus_newton_rmse": 1.114655588016118e-07,
  "plus_newton_r2": 0.9999999999999672,
  "plus_newton_valid_ratio": 1.0,
  "plus_newton_residual_mean": 4.885547001506798e-14,
  "plus_newton_residual_median": 8.881784197001252e-16,
  "plus_newton_residual_p90": 1.305622276959184e-13,
  "plus_newton_newton_iter_mean": 3.151025,
  "plus_newton_newton_iter_median": 3.0,
  "plus_newton_newton_iter_p90": 4.0,
  "plus_newton_converged_ratio": 1.0,
  "hp_use_log_features": true,
  "hp_optimizer": "adamw",
  "hp_loss_name": "smoothl1",
  "hp_dropout": 0.1,
  "hp_lr": 0.001,
  "hp_weight_decay": 0.0001,
  "hp_hidden_dims": "[256, 256, 128]",
  "hp_hidden_size": 128,
  "hp_num_layers": 2,
  "hp_head_hidden": 128,
  "hp_head_layers": 2,
  "hp_d_model": 96,
  "hp_nhead": 4,
  "hp_ff_dim": 128,
  "hp_use_cls_token": true
}