{
  "trial_id": 30,
  "trial_name": "trial_030_mlp",
  "model": "mlp",
  "best_epoch": 42,
  "elapsed_sec": 474.32004165649414,
  "direct_mae": 0.003708664560690522,
  "direct_rmse": 0.008316745981574059,
  "direct_r2": 0.999817683795145,
  "direct_valid_ratio": 1.0,
  "direct_residual_mean": 0.23390176250614994,
  "direct_residual_median": 0.017979309543194794,
  "direct_residual_p90": 0.2344283896870707,
  "plus_newton_mae": 7.86844816832998e-08,
  "plus_newton_rmse": 1.114655584704955e-07,
  "plus_newton_r2": 0.9999999999999672,
  "plus_newton_valid_ratio": 1.0,
  "plus_newton_residual_mean": 4.7732914349464776e-14,
  "plus_newton_residual_median": 8.881784197001252e-16,
  "plus_newton_residual_p90": 1.199040866595169e-13,
  "plus_newton_newton_iter_mean": 3.1519,
  "plus_newton_newton_iter_median": 3.0,
  "plus_newton_newton_iter_p90": 4.0,
  "plus_newton_converged_ratio": 1.0,
  "hp_use_log_features": true,
  "hp_optimizer": "adamw",
  "hp_loss_name": "smoothl1",
  "hp_dropout": 0.1,
  "hp_lr": 0.0005,
  "hp_weight_decay": 0.0001,
  "hp_hidden_dims": "[256, 128, 64]",
  "hp_hidden_size": 128,
  "hp_num_layers": 2,
  "hp_head_hidden": 128,
  "hp_head_layers": 2,
  "hp_d_model": 96,
  "hp_nhead": 4,
  "hp_ff_dim": 128,
  "hp_use_cls_token": true
}{
  "trial_id": 30,
  "trial_name": "trial_030_mlp",
  "model": "mlp",
  "best_epoch": 42,
  "elapsed_sec": 474.32004165649414,
  "direct_mae": 0.003708664560690522,
  "direct_rmse": 0.008316745981574059,
  "direct_r2": 0.999817683795145,
  "direct_valid_ratio": 1.0,
  "direct_residual_mean": 0.23390176250614994,
  "direct_residual_median": 0.017979309543194794,
  "direct_residual_p90": 0.2344283896870707,
  "plus_newton_mae": 7.86844816832998e-08,
  "plus_newton_rmse": 1.114655584704955e-07,
  "plus_newton_r2": 0.9999999999999672,
  "plus_newton_valid_ratio": 1.0,
  "plus_newton_residual_mean": 4.7732914349464776e-14,
  "plus_newton_residual_median": 8.881784197001252e-16,
  "plus_newton_residual_p90": 1.199040866595169e-13,
  "plus_newton_newton_iter_mean": 3.1519,
  "plus_newton_newton_iter_median": 3.0,
  "plus_newton_newton_iter_p90": 4.0,
  "plus_newton_converged_ratio": 1.0,
  "hp_use_log_features": true,
  "hp_optimizer": "adamw",
  "hp_loss_name": "smoothl1",
  "hp_dropout": 0.1,
  "hp_lr": 0.0005,
  "hp_weight_decay": 0.0001,
  "hp_hidden_dims": "[256, 128, 64]",
  "hp_hidden_size": 128,
  "hp_num_layers": 2,
  "hp_head_hidden": 128,
  "hp_head_layers": 2,
  "hp_d_model": 96,
  "hp_nhead": 4,
  "hp_ff_dim": 128,
  "hp_use_cls_token": true
}