{
  "trial_id": 25,
  "trial_name": "trial_025_mlp",
  "model": "mlp",
  "best_epoch": 55,
  "elapsed_sec": 549.590145111084,
  "direct_mae": 0.0030517990235239267,
  "direct_rmse": 0.006794743239879608,
  "direct_r2": 0.9998783073020232,
  "direct_valid_ratio": 1.0,
  "direct_residual_mean": 0.09939670521960851,
  "direct_residual_median": 0.012048685991321834,
  "direct_residual_p90": 0.12345755194428218,
  "plus_newton_mae": 7.868448231850918e-08,
  "plus_newton_rmse": 1.1146555978957313e-07,
  "plus_newton_r2": 0.9999999999999672,
  "plus_newton_valid_ratio": 1.0,
  "plus_newton_residual_mean": 4.9449898953817816e-14,
  "plus_newton_residual_median": 8.881784197001252e-16,
  "plus_newton_residual_p90": 1.263544824325889e-13,
  "plus_newton_newton_iter_mean": 3.036075,
  "plus_newton_newton_iter_median": 3.0,
  "plus_newton_newton_iter_p90": 4.0,
  "plus_newton_converged_ratio": 1.0,
  "hp_use_log_features": true,
  "hp_optimizer": "adamw",
  "hp_loss_name": "smoothl1",
  "hp_dropout": 0.1,
  "hp_lr": 0.0005,
  "hp_weight_decay": 1e-05,
  "hp_hidden_dims": "[256, 256, 128]",
  "hp_hidden_size": 128,
  "hp_num_layers": 2,
  "hp_head_hidden": 128,
  "hp_head_layers": 2,
  "hp_d_model": 96,
  "hp_nhead": 4,
  "hp_ff_dim": 128,
  "hp_use_cls_token": true
}{
  "trial_id": 25,
  "trial_name": "trial_025_mlp",
  "model": "mlp",
  "best_epoch": 55,
  "elapsed_sec": 549.590145111084,
  "direct_mae": 0.0030517990235239267,
  "direct_rmse": 0.006794743239879608,
  "direct_r2": 0.9998783073020232,
  "direct_valid_ratio": 1.0,
  "direct_residual_mean": 0.09939670521960851,
  "direct_residual_median": 0.012048685991321834,
  "direct_residual_p90": 0.12345755194428218,
  "plus_newton_mae": 7.868448231850918e-08,
  "plus_newton_rmse": 1.1146555978957313e-07,
  "plus_newton_r2": 0.9999999999999672,
  "plus_newton_valid_ratio": 1.0,
  "plus_newton_residual_mean": 4.9449898953817816e-14,
  "plus_newton_residual_median": 8.881784197001252e-16,
  "plus_newton_residual_p90": 1.263544824325889e-13,
  "plus_newton_newton_iter_mean": 3.036075,
  "plus_newton_newton_iter_median": 3.0,
  "plus_newton_newton_iter_p90": 4.0,
  "plus_newton_converged_ratio": 1.0,
  "hp_use_log_features": true,
  "hp_optimizer": "adamw",
  "hp_loss_name": "smoothl1",
  "hp_dropout": 0.1,
  "hp_lr": 0.0005,
  "hp_weight_decay": 1e-05,
  "hp_hidden_dims": "[256, 256, 128]",
  "hp_hidden_size": 128,
  "hp_num_layers": 2,
  "hp_head_hidden": 128,
  "hp_head_layers": 2,
  "hp_d_model": 96,
  "hp_nhead": 4,
  "hp_ff_dim": 128,
  "hp_use_cls_token": true
}