{
  "trial_id": 11,
  "trial_name": "trial_011_mlp",
  "model": "mlp",
  "best_epoch": 102,
  "elapsed_sec": 867.8080651760101,
  "direct_mae": 0.0007353448309004307,
  "direct_rmse": 0.0028509940020740032,
  "direct_r2": 0.9999785754831286,
  "direct_valid_ratio": 1.0,
  "direct_residual_mean": 0.023625539131192683,
  "direct_residual_median": 0.002486546941710799,
  "direct_residual_p90": 0.02287487427727401,
  "plus_newton_mae": 7.86844819601058e-08,
  "plus_newton_rmse": 1.1146555927990246e-07,
  "plus_newton_r2": 0.9999999999999672,
  "plus_newton_valid_ratio": 1.0,
  "plus_newton_residual_mean": 6.625132418242182e-14,
  "plus_newton_residual_median": 8.881784197001252e-16,
  "plus_newton_residual_p90": 2.220446049250313e-13,
  "plus_newton_newton_iter_mean": 2.6458,
  "plus_newton_newton_iter_median": 3.0,
  "plus_newton_newton_iter_p90": 3.0,
  "plus_newton_converged_ratio": 1.0,
  "hp_use_log_features": true,
  "hp_optimizer": "adamw",
  "hp_loss_name": "mse",
  "hp_dropout": 0.0,
  "hp_lr": 0.0005,
  "hp_weight_decay": 1e-05,
  "hp_hidden_dims": "[256, 256, 128]",
  "hp_hidden_size": 128,
  "hp_num_layers": 2,
  "hp_head_hidden": 128,
  "hp_head_layers": 2,
  "hp_d_model": 96,
  "hp_nhead": 4,
  "hp_ff_dim": 128,
  "hp_use_cls_token": true
}{
  "trial_id": 11,
  "trial_name": "trial_011_mlp",
  "model": "mlp",
  "best_epoch": 102,
  "elapsed_sec": 867.8080651760101,
  "direct_mae": 0.0007353448309004307,
  "direct_rmse": 0.0028509940020740032,
  "direct_r2": 0.9999785754831286,
  "direct_valid_ratio": 1.0,
  "direct_residual_mean": 0.023625539131192683,
  "direct_residual_median": 0.002486546941710799,
  "direct_residual_p90": 0.02287487427727401,
  "plus_newton_mae": 7.86844819601058e-08,
  "plus_newton_rmse": 1.1146555927990246e-07,
  "plus_newton_r2": 0.9999999999999672,
  "plus_newton_valid_ratio": 1.0,
  "plus_newton_residual_mean": 6.625132418242182e-14,
  "plus_newton_residual_median": 8.881784197001252e-16,
  "plus_newton_residual_p90": 2.220446049250313e-13,
  "plus_newton_newton_iter_mean": 2.6458,
  "plus_newton_newton_iter_median": 3.0,
  "plus_newton_newton_iter_p90": 3.0,
  "plus_newton_converged_ratio": 1.0,
  "hp_use_log_features": true,
  "hp_optimizer": "adamw",
  "hp_loss_name": "mse",
  "hp_dropout": 0.0,
  "hp_lr": 0.0005,
  "hp_weight_decay": 1e-05,
  "hp_hidden_dims": "[256, 256, 128]",
  "hp_hidden_size": 128,
  "hp_num_layers": 2,
  "hp_head_hidden": 128,
  "hp_head_layers": 2,
  "hp_d_model": 96,
  "hp_nhead": 4,
  "hp_ff_dim": 128,
  "hp_use_cls_token": true
}