{
  "trial_id": 3,
  "trial_name": "trial_003_gru",
  "model": "gru",
  "best_epoch": 648,
  "elapsed_sec": 14853.908056020737,
  "direct_mae": 0.09713607281446457,
  "direct_rmse": 0.17355965077877045,
  "direct_r2": 0.9948726347647607,
  "direct_valid_ratio": 0.97458,
  "direct_residual_mean": 0.2107487916946411,
  "direct_residual_median": 0.09283435344696045,
  "direct_residual_p90": 0.5106116771697998,
  "plus_newton_mae": 0.005226722733070017,
  "plus_newton_rmse": 0.03841002907811359,
  "plus_newton_r2": 0.9997488772983832,
  "plus_newton_valid_ratio": 0.97458,
  "plus_newton_residual_mean": 4.687581509962996e-14,
  "plus_newton_residual_median": 1.1720225484568303e-16,
  "plus_newton_residual_p90": 1.173630637119062e-13,
  "plus_newton_newton_iter_mean": 2.83613,
  "plus_newton_newton_iter_median": 3.0,
  "plus_newton_newton_iter_p90": 5.0,
  "plus_newton_converged_ratio": 0.97458,
  "hp_use_log_ab": false,
  "hp_optimizer": "adamw",
  "hp_criterion": "mse",
  "hp_dropout": 0.1,
  "hp_lr": 0.0005,
  "hp_weight_decay": 1e-05,
  "hp_hidden_dims": "[256, 256, 128]",
  "hp_hidden_size": 128,
  "hp_num_layers": 1,
  "hp_head_hidden": 128,
  "hp_head_layers": 2,
  "hp_d_model": 64,
  "hp_nhead": 4,
  "hp_ff_dim": 128,
  "hp_use_cls_token": false
}