{
  "trial_id": 20,
  "trial_name": "trial_020_lstm",
  "model": "lstm",
  "best_epoch": 63,
  "elapsed_sec": 2122.3625025749207,
  "direct_mae": 0.004851030185818672,
  "direct_rmse": 0.007074002176523209,
  "direct_r2": 0.9998695652374541,
  "direct_valid_ratio": 0.9237,
  "direct_residual_mean": 3.9264381597839026,
  "direct_residual_median": 0.2315905476364749,
  "direct_residual_p90": 5.7129908088578,
  "plus_newton_mae": 0.0004975678388440427,
  "plus_newton_rmse": 0.0027598913494949694,
  "plus_newton_r2": 0.9999801460476931,
  "plus_newton_valid_ratio": 1.0,
  "plus_newton_residual_mean": 0.5943305688939934,
  "plus_newton_residual_median": 8.881784197001252e-16,
  "plus_newton_residual_p90": 5.952571768830246e-13,
  "plus_newton_newton_iter_mean": 4.1094,
  "plus_newton_newton_iter_median": 4.0,
  "plus_newton_newton_iter_p90": 6.0,
  "plus_newton_converged_ratio": 0.9236,
  "hp_use_log_features": true,
  "hp_optimizer": "adamw",
  "hp_weight_decay": 0.0001,
  "hp_dropout": 0.1,
  "hp_lr": 0.001,
  "hp_hidden_dims": "[256, 256, 128]",
  "hp_hidden_size": 96,
  "hp_num_layers": 2,
  "hp_head_hidden": 128,
  "hp_head_layers": 2,
  "hp_d_model": 96,
  "hp_nhead": 4,
  "hp_ff_dim": 192,
  "hp_use_cls_token": false
}