{
  "trial_id": 31,
  "trial_name": "trial_031_gru",
  "model": "gru",
  "best_epoch": 85,
  "elapsed_sec": 2512.073260784149,
  "direct_mae": 0.003005675971508026,
  "direct_rmse": 0.004775543697178364,
  "direct_r2": 0.9999405559152729,
  "direct_valid_ratio": 0.8887,
  "direct_residual_mean": 2.3301095200390125,
  "direct_residual_median": 0.1212543615330528,
  "direct_residual_p90": 2.9313795929635296,
  "plus_newton_mae": 0.0008871341047302645,
  "plus_newton_rmse": 0.04218483083623974,
  "plus_newton_r2": 0.9953615206489468,
  "plus_newton_valid_ratio": 1.0,
  "plus_newton_residual_mean": 0.6683151554006425,
  "plus_newton_residual_median": 8.881784197001252e-16,
  "plus_newton_residual_p90": 4.093891322508899,
  "plus_newton_newton_iter_mean": 3.5783,
  "plus_newton_newton_iter_median": 4.0,
  "plus_newton_newton_iter_p90": 5.0,
  "plus_newton_converged_ratio": 0.8884,
  "hp_use_log_features": true,
  "hp_optimizer": "adamw",
  "hp_weight_decay": 0.0001,
  "hp_dropout": 0.05,
  "hp_lr": 0.0005,
  "hp_hidden_dims": "[256, 256, 128]",
  "hp_hidden_size": 128,
  "hp_num_layers": 2,
  "hp_head_hidden": 128,
  "hp_head_layers": 2,
  "hp_d_model": 96,
  "hp_nhead": 4,
  "hp_ff_dim": 192,
  "hp_use_cls_token": false
}