{
  "trial_id": 33,
  "trial_name": "trial_033_gru",
  "model": "gru",
  "best_epoch": 67,
  "elapsed_sec": 1954.6444561481476,
  "direct_mae": 0.00351171987131238,
  "direct_rmse": 0.004954679403454065,
  "direct_r2": 0.9999360126459176,
  "direct_valid_ratio": 0.8174,
  "direct_residual_mean": 2.3297769900729577,
  "direct_residual_median": 0.16396958478565404,
  "direct_residual_p90": 3.5562668761019274,
  "plus_newton_mae": 0.000846006259011917,
  "plus_newton_rmse": 0.0031504547958853433,
  "plus_newton_r2": 0.9999741292208295,
  "plus_newton_valid_ratio": 1.0,
  "plus_newton_residual_mean": 1.1442076420862808,
  "plus_newton_residual_median": 1.1102230246251565e-15,
  "plus_newton_residual_p90": 5.611662822494189,
  "plus_newton_newton_iter_mean": 3.3599,
  "plus_newton_newton_iter_median": 4.0,
  "plus_newton_newton_iter_p90": 5.0,
  "plus_newton_converged_ratio": 0.8174,
  "hp_use_log_features": true,
  "hp_optimizer": "adamw",
  "hp_weight_decay": 0.0001,
  "hp_dropout": 0.1,
  "hp_lr": 0.0005,
  "hp_hidden_dims": "[256, 256, 128]",
  "hp_hidden_size": 96,
  "hp_num_layers": 1,
  "hp_head_hidden": 128,
  "hp_head_layers": 2,
  "hp_d_model": 96,
  "hp_nhead": 4,
  "hp_ff_dim": 192,
  "hp_use_cls_token": false
}