{
  "trial_id": 2,
  "trial_name": "trial_002_mlp",
  "model": "mlp",
  "best_epoch": 7,
  "elapsed_sec": 911.7341339588165,
  "direct_mae": 0.014467545785009861,
  "direct_rmse": 0.02189590223133564,
  "direct_r2": 0.9987503491330854,
  "direct_valid_ratio": 0.8498,
  "direct_residual_mean": 9.248702998960413,
  "direct_residual_median": 0.21962271400012767,
  "direct_residual_p90": 6.304938358709405,
  "plus_newton_mae": 0.0029392808706025096,
  "plus_newton_rmse": 0.03609143514453579,
  "plus_newton_r2": 0.996604753522641,
  "plus_newton_valid_ratio": 1.0,
  "plus_newton_residual_mean": 1.0233707937434038,
  "plus_newton_residual_median": 1.0547118733938987e-15,
  "plus_newton_residual_p90": 5.62275441755878,
  "plus_newton_newton_iter_mean": 3.7072,
  "plus_newton_newton_iter_median": 4.0,
  "plus_newton_newton_iter_p90": 6.0,
  "plus_newton_converged_ratio": 0.8497,
  "hp_use_log_features": true,
  "hp_optimizer": "adamw",
  "hp_weight_decay": 0.0001,
  "hp_dropout": 0.05,
  "hp_lr": 0.001,
  "hp_hidden_dims": "[256, 256, 128]",
  "hp_hidden_size": 128,
  "hp_num_layers": 2,
  "hp_head_hidden": 128,
  "hp_head_layers": 2,
  "hp_d_model": 96,
  "hp_nhead": 4,
  "hp_ff_dim": 192,
  "hp_use_cls_token": false
}