{
  "trial_id": 27,
  "trial_name": "trial_027_gru",
  "model": "gru",
  "best_epoch": 74,
  "elapsed_sec": 2176.2019023895264,
  "direct_mae": 0.0036482580471783876,
  "direct_rmse": 0.005424084607511759,
  "direct_r2": 0.9999233140325888,
  "direct_valid_ratio": 0.9294,
  "direct_residual_mean": 1.620063189706991,
  "direct_residual_median": 0.11341299887880554,
  "direct_residual_p90": 2.0950233951089987,
  "plus_newton_mae": 0.0003278323485183215,
  "plus_newton_rmse": 0.0018914011904733376,
  "plus_newton_r2": 0.999990675397658,
  "plus_newton_valid_ratio": 1.0,
  "plus_newton_residual_mean": 0.40713085698494234,
  "plus_newton_residual_median": 8.881784197001252e-16,
  "plus_newton_residual_p90": 5.39512878816595e-13,
  "plus_newton_newton_iter_mean": 3.7361,
  "plus_newton_newton_iter_median": 4.0,
  "plus_newton_newton_iter_p90": 5.0,
  "plus_newton_converged_ratio": 0.9292,
  "hp_use_log_features": true,
  "hp_optimizer": "adamw",
  "hp_weight_decay": 0.0001,
  "hp_dropout": 0.05,
  "hp_lr": 0.0005,
  "hp_hidden_dims": "[256, 256, 128]",
  "hp_hidden_size": 96,
  "hp_num_layers": 2,
  "hp_head_hidden": 128,
  "hp_head_layers": 2,
  "hp_d_model": 96,
  "hp_nhead": 4,
  "hp_ff_dim": 192,
  "hp_use_cls_token": false
}