{
  "trial_id": 3,
  "trial_name": "trial_003_mlp",
  "model": "mlp",
  "best_epoch": 23,
  "elapsed_sec": 1286.455088853836,
  "direct_mae": 0.01217801496386528,
  "direct_rmse": 0.018402837216854095,
  "direct_r2": 0.9991172604500853,
  "direct_valid_ratio": 0.8664,
  "direct_residual_mean": 5.347788611421101,
  "direct_residual_median": 0.29205788050296877,
  "direct_residual_p90": 6.77912883380425,
  "plus_newton_mae": 0.001823517640357023,
  "plus_newton_rmse": 0.00786288861372457,
  "plus_newton_r2": 0.9998388511351175,
  "plus_newton_valid_ratio": 1.0,
  "plus_newton_residual_mean": 0.9442507028276905,
  "plus_newton_residual_median": 8.881784197001252e-16,
  "plus_newton_residual_p90": 5.691783920751296,
  "plus_newton_newton_iter_mean": 3.9277,
  "plus_newton_newton_iter_median": 4.0,
  "plus_newton_newton_iter_p90": 6.0,
  "plus_newton_converged_ratio": 0.8661,
  "hp_use_log_features": true,
  "hp_optimizer": "adamw",
  "hp_weight_decay": 0.0001,
  "hp_dropout": 0.05,
  "hp_lr": 0.0005,
  "hp_hidden_dims": "[256, 128, 64]",
  "hp_hidden_size": 128,
  "hp_num_layers": 2,
  "hp_head_hidden": 128,
  "hp_head_layers": 2,
  "hp_d_model": 96,
  "hp_nhead": 4,
  "hp_ff_dim": 192,
  "hp_use_cls_token": false
}