{
  "trial_id": 10,
  "trial_name": "trial_010_lstm",
  "model": "lstm",
  "best_epoch": 105,
  "elapsed_sec": 2649.6641714572906,
  "direct_mae": 0.002813940867781639,
  "direct_rmse": 0.003910308703780174,
  "direct_r2": 0.9999601447906765,
  "direct_valid_ratio": 0.8745,
  "direct_residual_mean": 0.8550562242919975,
  "direct_residual_median": 0.09861583009059383,
  "direct_residual_p90": 1.4962467796556136,
  "plus_newton_mae": 0.00044320016642142003,
  "plus_newton_rmse": 0.0018704418166548956,
  "plus_newton_r2": 0.999990880911924,
  "plus_newton_valid_ratio": 1.0,
  "plus_newton_residual_mean": 0.7406371793078966,
  "plus_newton_residual_median": 8.881784197001252e-16,
  "plus_newton_residual_p90": 4.5146085249638555,
  "plus_newton_newton_iter_mean": 3.3023,
  "plus_newton_newton_iter_median": 3.0,
  "plus_newton_newton_iter_p90": 5.0,
  "plus_newton_converged_ratio": 0.8743,
  "hp_use_log_features": true,
  "hp_optimizer": "adamw",
  "hp_weight_decay": 0.0001,
  "hp_dropout": 0.05,
  "hp_lr": 0.001,
  "hp_hidden_dims": "[256, 256, 128]",
  "hp_hidden_size": 96,
  "hp_num_layers": 1,
  "hp_head_hidden": 128,
  "hp_head_layers": 2,
  "hp_d_model": 96,
  "hp_nhead": 4,
  "hp_ff_dim": 192,
  "hp_use_cls_token": false
}