{
  "trial_id": 29,
  "trial_name": "trial_029_gru",
  "model": "gru",
  "best_epoch": 65,
  "elapsed_sec": 1981.9209823608398,
  "direct_mae": 0.002887285314500332,
  "direct_rmse": 0.004011973273009062,
  "direct_r2": 0.9999580454543688,
  "direct_valid_ratio": 0.8621,
  "direct_residual_mean": 1.2679084494025394,
  "direct_residual_median": 0.10975640906174552,
  "direct_residual_p90": 1.8146623674839506,
  "plus_newton_mae": 0.0005835801675255376,
  "plus_newton_rmse": 0.00236599451911614,
  "plus_newton_r2": 0.9999854088180768,
  "plus_newton_valid_ratio": 1.0,
  "plus_newton_residual_mean": 0.8040478253727549,
  "plus_newton_residual_median": 8.881784197001252e-16,
  "plus_newton_residual_p90": 4.770701913446318,
  "plus_newton_newton_iter_mean": 3.3222,
  "plus_newton_newton_iter_median": 4.0,
  "plus_newton_newton_iter_p90": 5.0,
  "plus_newton_converged_ratio": 0.862,
  "hp_use_log_features": true,
  "hp_optimizer": "adamw",
  "hp_weight_decay": 0.0001,
  "hp_dropout": 0.05,
  "hp_lr": 0.0005,
  "hp_hidden_dims": "[256, 256, 128]",
  "hp_hidden_size": 128,
  "hp_num_layers": 1,
  "hp_head_hidden": 128,
  "hp_head_layers": 2,
  "hp_d_model": 96,
  "hp_nhead": 4,
  "hp_ff_dim": 192,
  "hp_use_cls_token": false
}