{
  "trial_id": 5,
  "trial_name": "trial_005_mlp",
  "model": "mlp",
  "best_epoch": 19,
  "elapsed_sec": 1093.1689622402191,
  "direct_mae": 0.01275777630507946,
  "direct_rmse": 0.01897151954472065,
  "direct_r2": 0.9990618608987606,
  "direct_valid_ratio": 0.8135,
  "direct_residual_mean": 8.705374720311735,
  "direct_residual_median": 0.28916288108288146,
  "direct_residual_p90": 8.125198478658396,
  "plus_newton_mae": 0.003653164065709308,
  "plus_newton_rmse": 0.012692086402732684,
  "plus_newton_r2": 0.9995801162727734,
  "plus_newton_valid_ratio": 1.0,
  "plus_newton_residual_mean": 1.3274725629146762,
  "plus_newton_residual_median": 1.7763568394002505e-15,
  "plus_newton_residual_p90": 6.000597936457135,
  "plus_newton_newton_iter_mean": 3.6755,
  "plus_newton_newton_iter_median": 4.0,
  "plus_newton_newton_iter_p90": 6.0,
  "plus_newton_converged_ratio": 0.8134,
  "hp_use_log_features": true,
  "hp_optimizer": "adamw",
  "hp_weight_decay": 0.0001,
  "hp_dropout": 0.1,
  "hp_lr": 0.0005,
  "hp_hidden_dims": "[256, 256, 128]",
  "hp_hidden_size": 128,
  "hp_num_layers": 2,
  "hp_head_hidden": 128,
  "hp_head_layers": 2,
  "hp_d_model": 96,
  "hp_nhead": 4,
  "hp_ff_dim": 192,
  "hp_use_cls_token": false
}