{
  "trial_id": 4,
  "trial_name": "trial_004_mlp",
  "model": "mlp",
  "best_epoch": 9,
  "elapsed_sec": 1361.5584497451782,
  "direct_mae": 0.01840844191610813,
  "direct_rmse": 0.027166597545146942,
  "direct_r2": 0.9980763169361362,
  "direct_valid_ratio": 0.8558,
  "direct_residual_mean": 9.877658726839387,
  "direct_residual_median": 0.2755978913623045,
  "direct_residual_p90": 9.338032363482267,
  "plus_newton_mae": 0.003932526371265989,
  "plus_newton_rmse": 0.015811684652361768,
  "plus_newton_r2": 0.9993483426586799,
  "plus_newton_valid_ratio": 1.0,
  "plus_newton_residual_mean": 1.0640723863095365,
  "plus_newton_residual_median": 1.2212453270876722e-15,
  "plus_newton_residual_p90": 5.965109829546352,
  "plus_newton_newton_iter_mean": 3.8636,
  "plus_newton_newton_iter_median": 4.0,
  "plus_newton_newton_iter_p90": 6.0,
  "plus_newton_converged_ratio": 0.8557,
  "hp_use_log_features": true,
  "hp_optimizer": "adamw",
  "hp_weight_decay": 0.0001,
  "hp_dropout": 0.05,
  "hp_lr": 0.001,
  "hp_hidden_dims": "[256, 128, 64]",
  "hp_hidden_size": 128,
  "hp_num_layers": 2,
  "hp_head_hidden": 128,
  "hp_head_layers": 2,
  "hp_d_model": 96,
  "hp_nhead": 4,
  "hp_ff_dim": 192,
  "hp_use_cls_token": false
}