{
  "trial_id": 3,
  "trial_name": "trial_003_gru",
  "source_trial": "trial_042_gru",
  "model": "gru",
  "best_epoch": 467,
  "elapsed_sec": 6851.196623325348,
  "direct_mae": 0.00031279914657340364,
  "direct_rmse": 0.00046211909514260244,
  "direct_r2": 0.9999994433645872,
  "direct_valid_ratio": 0.9875,
  "direct_residual_mean": 0.10368340543212796,
  "direct_residual_median": 0.010819743329308018,
  "direct_residual_p90": 0.1505142803492317,
  "direct_mae_Q1": 9.589005351263041e-05,
  "direct_mae_x1": 0.0003679224967956543,
  "direct_mae_x2": 0.0004745848894119263,
  "direct_max_abs_error": 0.011256217956542969,
  "plus_newton_mae": 5.482135425859269e-06,
  "plus_newton_rmse": 6.919805378523563e-05,
  "plus_newton_r2": 0.9999999875189604,
  "plus_newton_valid_ratio": 1.0,
  "plus_newton_residual_mean": 0.0675864859600322,
  "plus_newton_residual_median": 8.881784197001252e-16,
  "plus_newton_residual_p90": 2.274624932852024e-13,
  "plus_newton_newton_iter_mean": 3.0568,
  "plus_newton_newton_iter_median": 3.0,
  "plus_newton_newton_iter_p90": 4.0,
  "plus_newton_converged_ratio": 0.9873,
  "plus_newton_mae_Q1": 9.357273394724686e-07,
  "plus_newton_mae_x1": 7.2554867145341094e-06,
  "plus_newton_mae_x2": 8.255192223571228e-06,
  "plus_newton_max_abs_error": 0.0020346641540527344,
  "hp_use_log_features": true,
  "hp_optimizer": "adamw",
  "hp_loss_name": "mse",
  "hp_weight_decay": 1e-05,
  "hp_dropout": 0.0,
  "hp_lr": 0.0005,
  "hp_hidden_dims": "[256, 256, 128]",
  "hp_hidden_size": 96,
  "hp_num_layers": 1,
  "hp_head_hidden": 128,
  "hp_head_layers": 2,
  "hp_d_model": 96,
  "hp_nhead": 4,
  "hp_ff_dim": 128,
  "hp_use_cls_token": true
}