{
  "trial_id": 3,
  "trial_name": "trial_003_lstm",
  "model": "lstm",
  "best_epoch": 352,
  "elapsed_sec": 4635.706323623657,
  "direct_mae": 0.002659036312252283,
  "direct_rmse": 0.004183088429272175,
  "direct_r2": 0.9999543903187523,
  "direct_valid_ratio": 0.9367,
  "direct_residual_mean": 1.259333345289898,
  "direct_residual_median": 0.13275821042786973,
  "direct_residual_p90": 2.3675329237718823,
  "plus_newton_mae": 0.0002599152443198976,
  "plus_newton_rmse": 0.001900049421895754,
  "plus_newton_r2": 0.9999905899311992,
  "plus_newton_valid_ratio": 1.0,
  "plus_newton_residual_mean": 0.4210506732981521,
  "plus_newton_residual_median": 8.881784197001252e-16,
  "plus_newton_residual_p90": 4.0865089090402794e-13,
  "plus_newton_newton_iter_mean": 3.809,
  "plus_newton_newton_iter_median": 4.0,
  "plus_newton_newton_iter_p90": 6.0,
  "plus_newton_converged_ratio": 0.9367,
  "hp_use_log_features": true,
  "hp_optimizer": "adamw",
  "hp_weight_decay": 0.0001,
  "hp_dropout": 0.05,
  "hp_lr": 0.0005,
  "hp_hidden_dims": "[256, 256, 128]",
  "hp_hidden_size": 96,
  "hp_num_layers": 2,
  "hp_head_hidden": 128,
  "hp_head_layers": 2,
  "hp_d_model": 96,
  "hp_nhead": 4,
  "hp_ff_dim": 192,
  "hp_use_cls_token": false
}