{
  "trial_id": 6,
  "trial_name": "trial_006_lstm",
  "model": "lstm",
  "best_epoch": 272,
  "elapsed_sec": 3928.0003395080566,
  "direct_mae": 0.0023235343396663666,
  "direct_rmse": 0.0031714888755232096,
  "direct_r2": 0.9999737826128008,
  "direct_valid_ratio": 0.8731,
  "direct_residual_mean": 0.8802609574046538,
  "direct_residual_median": 0.1049101758694913,
  "direct_residual_p90": 1.4820464207180866,
  "plus_newton_mae": 0.0004182424578970823,
  "plus_newton_rmse": 0.001701413697292102,
  "plus_newton_r2": 0.9999924545898249,
  "plus_newton_valid_ratio": 1.0,
  "plus_newton_residual_mean": 0.7551158470534518,
  "plus_newton_residual_median": 8.881784197001252e-16,
  "plus_newton_residual_p90": 4.390237915657906,
  "plus_newton_newton_iter_mean": 3.3774,
  "plus_newton_newton_iter_median": 4.0,
  "plus_newton_newton_iter_p90": 5.0,
  "plus_newton_converged_ratio": 0.873,
  "hp_use_log_features": true,
  "hp_optimizer": "adamw",
  "hp_weight_decay": 0.0001,
  "hp_dropout": 0.05,
  "hp_lr": 0.001,
  "hp_hidden_dims": "[256, 256, 128]",
  "hp_hidden_size": 128,
  "hp_num_layers": 1,
  "hp_head_hidden": 128,
  "hp_head_layers": 2,
  "hp_d_model": 96,
  "hp_nhead": 4,
  "hp_ff_dim": 192,
  "hp_use_cls_token": false
}