{
  "trial_id": 1,
  "trial_name": "trial_001_mlp",
  "source_trial": "trial_013_mlp",
  "model": "mlp",
  "best_epoch": 452,
  "elapsed_sec": 5897.652074575424,
  "direct_mae": 0.000608017811382039,
  "direct_rmse": 0.0008032129637471538,
  "direct_r2": 0.9999983183933256,
  "direct_valid_ratio": 0.9502,
  "direct_residual_mean": 0.3248673919074146,
  "direct_residual_median": 0.051962643262663144,
  "direct_residual_p90": 0.6670774995732605,
  "direct_mae_Q1": 0.0004895078933364858,
  "direct_mae_x1": 0.0006543836355209351,
  "direct_mae_x2": 0.0006801619052886963,
  "direct_max_abs_error": 0.02323126792907715,
  "plus_newton_mae": 3.200787916623775e-05,
  "plus_newton_rmse": 0.0002010679524095603,
  "plus_newton_r2": 0.9999998946223002,
  "plus_newton_valid_ratio": 1.0,
  "plus_newton_residual_mean": 0.27109506759453994,
  "plus_newton_residual_median": 8.881784197001252e-16,
  "plus_newton_residual_p90": 3.1716851367491504e-13,
  "plus_newton_newton_iter_mean": 3.4282,
  "plus_newton_newton_iter_median": 3.0,
  "plus_newton_newton_iter_p90": 5.0,
  "plus_newton_converged_ratio": 0.9502,
  "plus_newton_mae_Q1": 1.380876070383892e-05,
  "plus_newton_mae_x1": 4.0934366771829465e-05,
  "plus_newton_mae_x2": 4.1280510023044846e-05,
  "plus_newton_max_abs_error": 0.0063784122467041016,
  "hp_use_log_features": true,
  "hp_optimizer": "adamw",
  "hp_loss_name": "smoothl1",
  "hp_weight_decay": 0.0001,
  "hp_dropout": 0.0,
  "hp_lr": 0.0005,
  "hp_hidden_dims": "[256, 256, 128]",
  "hp_hidden_size": 128,
  "hp_num_layers": 2,
  "hp_head_hidden": 128,
  "hp_head_layers": 2,
  "hp_d_model": 96,
  "hp_nhead": 4,
  "hp_ff_dim": 128,
  "hp_use_cls_token": true
}