{
  "trial_id": 23,
  "trial_name": "trial_023_lstm",
  "model": "lstm",
  "best_epoch": 121,
  "elapsed_sec": 3194.9901115894318,
  "direct_mae": 0.004938559606671333,
  "direct_rmse": 0.007315938826650381,
  "direct_r2": 0.9998604907030001,
  "direct_valid_ratio": 0.8662,
  "direct_residual_mean": 2.3815588601200166,
  "direct_residual_median": 0.2018928736282719,
  "direct_residual_p90": 3.782329277445265,
  "plus_newton_mae": 0.0009787525153841154,
  "plus_newton_rmse": 0.004453459176843284,
  "plus_newton_r2": 0.9999483038792454,
  "plus_newton_valid_ratio": 1.0,
  "plus_newton_residual_mean": 0.8652916879375602,
  "plus_newton_residual_median": 8.881784197001252e-16,
  "plus_newton_residual_p90": 5.036731545918237,
  "plus_newton_newton_iter_mean": 3.6882,
  "plus_newton_newton_iter_median": 4.0,
  "plus_newton_newton_iter_p90": 5.0,
  "plus_newton_converged_ratio": 0.8662,
  "hp_use_log_features": true,
  "hp_optimizer": "adamw",
  "hp_weight_decay": 0.0001,
  "hp_dropout": 0.1,
  "hp_lr": 0.0005,
  "hp_hidden_dims": "[256, 256, 128]",
  "hp_hidden_size": 128,
  "hp_num_layers": 2,
  "hp_head_hidden": 128,
  "hp_head_layers": 2,
  "hp_d_model": 96,
  "hp_nhead": 4,
  "hp_ff_dim": 192,
  "hp_use_cls_token": false
}