{
  "trial_id": 1,
  "trial_name": "trial_001_mlp",
  "model": "mlp",
  "best_epoch": 14,
  "elapsed_sec": 947.5956826210022,
  "direct_mae": 0.014789534732699394,
  "direct_rmse": 0.021904148161411285,
  "direct_r2": 0.998749407767356,
  "direct_valid_ratio": 0.8333,
  "direct_residual_mean": 9.23279317058288,
  "direct_residual_median": 0.3776193037887845,
  "direct_residual_p90": 8.280672938095295,
  "plus_newton_mae": 0.002717134528407997,
  "plus_newton_rmse": 0.010715782270312503,
  "plus_newton_r2": 0.9997006972099028,
  "plus_newton_valid_ratio": 1.0,
  "plus_newton_residual_mean": 1.2806997144280903,
  "plus_newton_residual_median": 1.3322676295501878e-15,
  "plus_newton_residual_p90": 6.791881996404308,
  "plus_newton_newton_iter_mean": 3.89,
  "plus_newton_newton_iter_median": 4.0,
  "plus_newton_newton_iter_p90": 6.0,
  "plus_newton_converged_ratio": 0.8333,
  "hp_use_log_features": true,
  "hp_optimizer": "adamw",
  "hp_weight_decay": 0.0001,
  "hp_dropout": 0.05,
  "hp_lr": 0.0005,
  "hp_hidden_dims": "[256, 256, 128]",
  "hp_hidden_size": 128,
  "hp_num_layers": 2,
  "hp_head_hidden": 128,
  "hp_head_layers": 2,
  "hp_d_model": 96,
  "hp_nhead": 4,
  "hp_ff_dim": 192,
  "hp_use_cls_token": false
}