{
  "trial_id": 30,
  "trial_name": "trial_030_gru",
  "model": "gru",
  "best_epoch": 62,
  "elapsed_sec": 1770.3791162967682,
  "direct_mae": 0.0040222289972007275,
  "direct_rmse": 0.005713694263249636,
  "direct_r2": 0.9999149063817193,
  "direct_valid_ratio": 0.9479,
  "direct_residual_mean": 3.244128736882244,
  "direct_residual_median": 0.15575094443302273,
  "direct_residual_p90": 3.1296243059486653,
  "plus_newton_mae": 0.0006676125398845744,
  "plus_newton_rmse": 0.037683036850307716,
  "plus_newton_r2": 0.9962986956821038,
  "plus_newton_valid_ratio": 1.0,
  "plus_newton_residual_mean": 0.3235662868728375,
  "plus_newton_residual_median": 8.881784197001252e-16,
  "plus_newton_residual_p90": 4.087397087459983e-13,
  "plus_newton_newton_iter_mean": 3.9928,
  "plus_newton_newton_iter_median": 4.0,
  "plus_newton_newton_iter_p90": 6.0,
  "plus_newton_converged_ratio": 0.9475,
  "hp_use_log_features": true,
  "hp_optimizer": "adamw",
  "hp_weight_decay": 0.0001,
  "hp_dropout": 0.05,
  "hp_lr": 0.001,
  "hp_hidden_dims": "[256, 256, 128]",
  "hp_hidden_size": 128,
  "hp_num_layers": 1,
  "hp_head_hidden": 128,
  "hp_head_layers": 2,
  "hp_d_model": 96,
  "hp_nhead": 4,
  "hp_ff_dim": 192,
  "hp_use_cls_token": false
}