{
  "trial_id": 7,
  "trial_name": "trial_007_mlp",
  "model": "mlp",
  "best_epoch": 16,
  "elapsed_sec": 963.5853197574615,
  "direct_mae": 0.01379480678588152,
  "direct_rmse": 0.019733836874365807,
  "direct_r2": 0.9989849531995748,
  "direct_valid_ratio": 0.8156,
  "direct_residual_mean": 14.791931674007753,
  "direct_residual_median": 0.534198365684402,
  "direct_residual_p90": 17.241593840728907,
  "plus_newton_mae": 0.0030457683898789537,
  "plus_newton_rmse": 0.03629016106947911,
  "plus_newton_r2": 0.9965672609115381,
  "plus_newton_valid_ratio": 1.0,
  "plus_newton_residual_mean": 1.4436569668384067,
  "plus_newton_residual_median": 1.3322676295501878e-15,
  "plus_newton_residual_p90": 7.109751929643953,
  "plus_newton_newton_iter_mean": 4.0102,
  "plus_newton_newton_iter_median": 4.0,
  "plus_newton_newton_iter_p90": 7.0,
  "plus_newton_converged_ratio": 0.8155,
  "hp_use_log_features": true,
  "hp_optimizer": "adamw",
  "hp_weight_decay": 0.0001,
  "hp_dropout": 0.1,
  "hp_lr": 0.0005,
  "hp_hidden_dims": "[256, 128, 64]",
  "hp_hidden_size": 128,
  "hp_num_layers": 2,
  "hp_head_hidden": 128,
  "hp_head_layers": 2,
  "hp_d_model": 96,
  "hp_nhead": 4,
  "hp_ff_dim": 192,
  "hp_use_cls_token": false
}