{
  "trial_id": 36,
  "trial_name": "trial_036_gru",
  "model": "gru",
  "best_epoch": 100,
  "elapsed_sec": 2539.0114669799805,
  "direct_mae": 0.006107425782829523,
  "direct_rmse": 0.00900952983647585,
  "direct_r2": 0.9997884235779027,
  "direct_valid_ratio": 0.8831,
  "direct_residual_mean": 3.8454027929937364,
  "direct_residual_median": 0.23590071240808008,
  "direct_residual_p90": 5.99045320128028,
  "plus_newton_mae": 0.0009619756290214068,
  "plus_newton_rmse": 0.004784915592445076,
  "plus_newton_r2": 0.9999403223702128,
  "plus_newton_valid_ratio": 1.0,
  "plus_newton_residual_mean": 0.784526773771499,
  "plus_newton_residual_median": 8.881784197001252e-16,
  "plus_newton_residual_p90": 4.5311943028214205,
  "plus_newton_newton_iter_mean": 3.8539,
  "plus_newton_newton_iter_median": 4.0,
  "plus_newton_newton_iter_p90": 6.0,
  "plus_newton_converged_ratio": 0.883,
  "hp_use_log_features": true,
  "hp_optimizer": "adamw",
  "hp_weight_decay": 0.0001,
  "hp_dropout": 0.1,
  "hp_lr": 0.001,
  "hp_hidden_dims": "[256, 256, 128]",
  "hp_hidden_size": 96,
  "hp_num_layers": 2,
  "hp_head_hidden": 128,
  "hp_head_layers": 2,
  "hp_d_model": 96,
  "hp_nhead": 4,
  "hp_ff_dim": 192,
  "hp_use_cls_token": false
}