{
  "trial_id": 29,
  "trial_name": "trial_029_gru",
  "model": "gru",
  "best_epoch": 91,
  "elapsed_sec": 2214.203854084015,
  "direct_mae": 0.003352490719407797,
  "direct_rmse": 0.004695333540439606,
  "direct_r2": 0.999942536001357,
  "direct_valid_ratio": 0.8499,
  "direct_residual_mean": 1.5790903279609847,
  "direct_residual_median": 0.10449969728033093,
  "direct_residual_p90": 2.2542472309649164,
  "plus_newton_mae": 0.0004608974464062929,
  "plus_newton_rmse": 0.0018306297253936079,
  "plus_newton_r2": 0.9999912649775814,
  "plus_newton_valid_ratio": 1.0,
  "plus_newton_residual_mean": 0.8875960376290571,
  "plus_newton_residual_median": 8.881784197001252e-16,
  "plus_newton_residual_p90": 5.0192833654083735,
  "plus_newton_newton_iter_mean": 3.2735,
  "plus_newton_newton_iter_median": 4.0,
  "plus_newton_newton_iter_p90": 5.0,
  "plus_newton_converged_ratio": 0.8499,
  "hp_use_log_features": true,
  "hp_optimizer": "adamw",
  "hp_weight_decay": 0.0001,
  "hp_dropout": 0.05,
  "hp_lr": 0.0005,
  "hp_hidden_dims": "[256, 256, 128]",
  "hp_hidden_size": 128,
  "hp_num_layers": 1,
  "hp_head_hidden": 128,
  "hp_head_layers": 2,
  "hp_d_model": 96,
  "hp_nhead": 4,
  "hp_ff_dim": 192,
  "hp_use_cls_token": false
}