{
  "trial_id": 15,
  "trial_name": "trial_015_lstm",
  "model": "lstm",
  "best_epoch": 88,
  "elapsed_sec": 2504.9198563098907,
  "direct_mae": 0.003861297620460391,
  "direct_rmse": 0.005757493432611227,
  "direct_r2": 0.9999135967887826,
  "direct_valid_ratio": 0.9121,
  "direct_residual_mean": 1.6034099840319473,
  "direct_residual_median": 0.14323271047830488,
  "direct_residual_p90": 2.991061851441371,
  "plus_newton_mae": 0.00043662970886171733,
  "plus_newton_rmse": 0.002542695805740469,
  "plus_newton_r2": 0.9999831479857719,
  "plus_newton_valid_ratio": 1.0,
  "plus_newton_residual_mean": 0.5832253164766902,
  "plus_newton_residual_median": 8.881784197001252e-16,
  "plus_newton_residual_p90": 7.660982959123432e-13,
  "plus_newton_newton_iter_mean": 3.7954,
  "plus_newton_newton_iter_median": 4.0,
  "plus_newton_newton_iter_p90": 6.0,
  "plus_newton_converged_ratio": 0.9121,
  "hp_use_log_features": true,
  "hp_optimizer": "adamw",
  "hp_weight_decay": 0.0001,
  "hp_dropout": 0.05,
  "hp_lr": 0.0005,
  "hp_hidden_dims": "[256, 256, 128]",
  "hp_hidden_size": 128,
  "hp_num_layers": 2,
  "hp_head_hidden": 128,
  "hp_head_layers": 2,
  "hp_d_model": 96,
  "hp_nhead": 4,
  "hp_ff_dim": 192,
  "hp_use_cls_token": false
}