{
  "trial_id": 41,
  "trial_name": "trial_041_transformer",
  "model": "transformer",
  "best_epoch": 58,
  "elapsed_sec": 2134.420469760895,
  "direct_mae": 0.005778654478490353,
  "direct_rmse": 0.008411319926381111,
  "direct_r2": 0.9998155871081941,
  "direct_valid_ratio": 0.8258,
  "direct_residual_mean": 1.4298365478027326,
  "direct_residual_median": 0.11717995981878765,
  "direct_residual_p90": 1.8649252418472668,
  "plus_newton_mae": 0.0011678872082541978,
  "plus_newton_rmse": 0.004299340775652208,
  "plus_newton_r2": 0.9999518200058277,
  "plus_newton_valid_ratio": 1.0,
  "plus_newton_residual_mean": 1.0355396655898437,
  "plus_newton_residual_median": 8.881784197001252e-16,
  "plus_newton_residual_p90": 5.44484009845505,
  "plus_newton_newton_iter_mean": 3.25,
  "plus_newton_newton_iter_median": 4.0,
  "plus_newton_newton_iter_p90": 5.0,
  "plus_newton_converged_ratio": 0.8258,
  "hp_use_log_features": true,
  "hp_optimizer": "adamw",
  "hp_weight_decay": 0.0001,
  "hp_dropout": 0.05,
  "hp_lr": 0.0005,
  "hp_hidden_dims": "[256, 256, 128]",
  "hp_hidden_size": 128,
  "hp_num_layers": 1,
  "hp_head_hidden": 128,
  "hp_head_layers": 2,
  "hp_d_model": 64,
  "hp_nhead": 4,
  "hp_ff_dim": 128,
  "hp_use_cls_token": false
}