{
  "trial_id": 26,
  "trial_name": "trial_026_gru",
  "model": "gru",
  "best_epoch": 163,
  "elapsed_sec": 3222.166913986206,
  "direct_mae": 0.0035456751938909292,
  "direct_rmse": 0.00493013858795166,
  "direct_r2": 0.9999366449512355,
  "direct_valid_ratio": 0.9347,
  "direct_residual_mean": 1.6407767184352615,
  "direct_residual_median": 0.1633270394994284,
  "direct_residual_p90": 3.0056100560682983,
  "plus_newton_mae": 0.00029088401028667157,
  "plus_newton_rmse": 0.0019434255483822753,
  "plus_newton_r2": 0.999990155383127,
  "plus_newton_valid_ratio": 1.0,
  "plus_newton_residual_mean": 0.4562783131330243,
  "plus_newton_residual_median": 8.881784197001252e-16,
  "plus_newton_residual_p90": 5.266787006519284e-13,
  "plus_newton_newton_iter_mean": 3.9411,
  "plus_newton_newton_iter_median": 4.0,
  "plus_newton_newton_iter_p90": 6.0,
  "plus_newton_converged_ratio": 0.9345,
  "hp_use_log_features": true,
  "hp_optimizer": "adamw",
  "hp_weight_decay": 0.0001,
  "hp_dropout": 0.05,
  "hp_lr": 0.001,
  "hp_hidden_dims": "[256, 256, 128]",
  "hp_hidden_size": 96,
  "hp_num_layers": 1,
  "hp_head_hidden": 128,
  "hp_head_layers": 2,
  "hp_d_model": 96,
  "hp_nhead": 4,
  "hp_ff_dim": 192,
  "hp_use_cls_token": false
}