{
  "trial_id": 8,
  "trial_name": "trial_008_mlp",
  "model": "mlp",
  "best_epoch": 13,
  "elapsed_sec": 929.845894575119,
  "direct_mae": 0.01904790848493576,
  "direct_rmse": 0.03077508509159088,
  "direct_r2": 0.9975313388464969,
  "direct_valid_ratio": 0.8188,
  "direct_residual_mean": 12.938036857857153,
  "direct_residual_median": 0.4725429509670427,
  "direct_residual_p90": 14.794902238978807,
  "plus_newton_mae": 0.004997343560550199,
  "plus_newton_rmse": 0.019936118907679018,
  "plus_newton_r2": 0.9989640370243132,
  "plus_newton_valid_ratio": 1.0,
  "plus_newton_residual_mean": 1.353600573289419,
  "plus_newton_residual_median": 1.4988010832439613e-15,
  "plus_newton_residual_p90": 6.659663185461317,
  "plus_newton_newton_iter_mean": 3.9532,
  "plus_newton_newton_iter_median": 4.0,
  "plus_newton_newton_iter_p90": 6.0,
  "plus_newton_converged_ratio": 0.8187,
  "hp_use_log_features": true,
  "hp_optimizer": "adamw",
  "hp_weight_decay": 0.0001,
  "hp_dropout": 0.1,
  "hp_lr": 0.001,
  "hp_hidden_dims": "[256, 128, 64]",
  "hp_hidden_size": 128,
  "hp_num_layers": 2,
  "hp_head_hidden": 128,
  "hp_head_layers": 2,
  "hp_d_model": 96,
  "hp_nhead": 4,
  "hp_ff_dim": 192,
  "hp_use_cls_token": false
}