{
  "trial_id": 42,
  "trial_name": "trial_042_transformer",
  "model": "transformer",
  "best_epoch": 103,
  "elapsed_sec": 3262.5888357162476,
  "direct_mae": 0.0052374317310750484,
  "direct_rmse": 0.007501997984945774,
  "direct_r2": 0.9998533044619428,
  "direct_valid_ratio": 0.8686,
  "direct_residual_mean": 3.0100723105573297,
  "direct_residual_median": 0.18506276704674463,
  "direct_residual_p90": 4.189523306420966,
  "plus_newton_mae": 0.0011050509041565088,
  "plus_newton_rmse": 0.030780481036035135,
  "plus_newton_r2": 0.9975304728271744,
  "plus_newton_valid_ratio": 1.0,
  "plus_newton_residual_mean": 0.9017270148609543,
  "plus_newton_residual_median": 8.881784197001252e-16,
  "plus_newton_residual_p90": 4.918807504095997,
  "plus_newton_newton_iter_mean": 3.737,
  "plus_newton_newton_iter_median": 4.0,
  "plus_newton_newton_iter_p90": 6.0,
  "plus_newton_converged_ratio": 0.8684,
  "hp_use_log_features": true,
  "hp_optimizer": "adamw",
  "hp_weight_decay": 0.0001,
  "hp_dropout": 0.05,
  "hp_lr": 0.0005,
  "hp_hidden_dims": "[256, 256, 128]",
  "hp_hidden_size": 128,
  "hp_num_layers": 1,
  "hp_head_hidden": 128,
  "hp_head_layers": 2,
  "hp_d_model": 64,
  "hp_nhead": 4,
  "hp_ff_dim": 128,
  "hp_use_cls_token": true
}