{
  "trial_id": 31,
  "trial_name": "trial_031_gru",
  "model": "gru",
  "best_epoch": 98,
  "elapsed_sec": 2746.731039047241,
  "direct_mae": 0.003431844525039196,
  "direct_rmse": 0.005041250493377447,
  "direct_r2": 0.9999337570730182,
  "direct_valid_ratio": 0.8215,
  "direct_residual_mean": 1.437452816782718,
  "direct_residual_median": 0.12256095603642791,
  "direct_residual_p90": 1.9867162400545966,
  "plus_newton_mae": 0.0007193910410930954,
  "plus_newton_rmse": 0.0030135686202546093,
  "plus_newton_r2": 0.9999763285329815,
  "plus_newton_valid_ratio": 1.0,
  "plus_newton_residual_mean": 1.0487968622230073,
  "plus_newton_residual_median": 8.881784197001252e-16,
  "plus_newton_residual_p90": 5.492668835973558,
  "plus_newton_newton_iter_mean": 3.1854,
  "plus_newton_newton_iter_median": 4.0,
  "plus_newton_newton_iter_p90": 5.0,
  "plus_newton_converged_ratio": 0.8215,
  "hp_use_log_features": true,
  "hp_optimizer": "adamw",
  "hp_weight_decay": 0.0001,
  "hp_dropout": 0.05,
  "hp_lr": 0.0005,
  "hp_hidden_dims": "[256, 256, 128]",
  "hp_hidden_size": 128,
  "hp_num_layers": 2,
  "hp_head_hidden": 128,
  "hp_head_layers": 2,
  "hp_d_model": 96,
  "hp_nhead": 4,
  "hp_ff_dim": 192,
  "hp_use_cls_token": false
}