{
  "trial_id": 12,
  "trial_name": "trial_012_lstm",
  "model": "lstm",
  "best_epoch": 86,
  "elapsed_sec": 2516.2217049598694,
  "direct_mae": 0.004403627477586269,
  "direct_rmse": 0.00617901049554348,
  "direct_r2": 0.9999004821746194,
  "direct_valid_ratio": 0.8809,
  "direct_residual_mean": 1.0568981220422549,
  "direct_residual_median": 0.1349449668956808,
  "direct_residual_p90": 1.9002759835684624,
  "plus_newton_mae": 0.0006962775508958232,
  "plus_newton_rmse": 0.00299055785232911,
  "plus_newton_r2": 0.9999766886502505,
  "plus_newton_valid_ratio": 1.0,
  "plus_newton_residual_mean": 0.7247572603572544,
  "plus_newton_residual_median": 8.881784197001252e-16,
  "plus_newton_residual_p90": 4.552536393172338,
  "plus_newton_newton_iter_mean": 3.5233,
  "plus_newton_newton_iter_median": 4.0,
  "plus_newton_newton_iter_p90": 5.0,
  "plus_newton_converged_ratio": 0.8809,
  "hp_use_log_features": true,
  "hp_optimizer": "adamw",
  "hp_weight_decay": 0.0001,
  "hp_dropout": 0.05,
  "hp_lr": 0.001,
  "hp_hidden_dims": "[256, 256, 128]",
  "hp_hidden_size": 96,
  "hp_num_layers": 2,
  "hp_head_hidden": 128,
  "hp_head_layers": 2,
  "hp_d_model": 96,
  "hp_nhead": 4,
  "hp_ff_dim": 192,
  "hp_use_cls_token": false
}