{
  "trial_id": 24,
  "trial_name": "trial_024_lstm",
  "model": "lstm",
  "best_epoch": 94,
  "elapsed_sec": 2894.9787595272064,
  "direct_mae": 0.005479362793266773,
  "direct_rmse": 0.007652337662875652,
  "direct_r2": 0.9998473660110615,
  "direct_valid_ratio": 0.8128,
  "direct_residual_mean": 2.3578519913980758,
  "direct_residual_median": 0.18476181371161893,
  "direct_residual_p90": 3.6566859034254247,
  "plus_newton_mae": 0.0010255210131075825,
  "plus_newton_rmse": 0.0038247153861542768,
  "plus_newton_r2": 0.9999618704877647,
  "plus_newton_valid_ratio": 1.0,
  "plus_newton_residual_mean": 1.2136097943853805,
  "plus_newton_residual_median": 1.0824674490095276e-15,
  "plus_newton_residual_p90": 5.951126826239663,
  "plus_newton_newton_iter_mean": 3.3901,
  "plus_newton_newton_iter_median": 4.0,
  "plus_newton_newton_iter_p90": 5.0,
  "plus_newton_converged_ratio": 0.8128,
  "hp_use_log_features": true,
  "hp_optimizer": "adamw",
  "hp_weight_decay": 0.0001,
  "hp_dropout": 0.1,
  "hp_lr": 0.001,
  "hp_hidden_dims": "[256, 256, 128]",
  "hp_hidden_size": 128,
  "hp_num_layers": 2,
  "hp_head_hidden": 128,
  "hp_head_layers": 2,
  "hp_d_model": 96,
  "hp_nhead": 4,
  "hp_ff_dim": 192,
  "hp_use_cls_token": false
}