{
  "trial_id": 28,
  "trial_name": "trial_028_gru",
  "model": "gru",
  "best_epoch": 84,
  "elapsed_sec": 2355.6264419555664,
  "direct_mae": 0.004414700902998447,
  "direct_rmse": 0.007184959482401609,
  "direct_r2": 0.9998654413558115,
  "direct_valid_ratio": 0.9228,
  "direct_residual_mean": 1.8266208723259996,
  "direct_residual_median": 0.14292466876813964,
  "direct_residual_p90": 3.058372195217043,
  "plus_newton_mae": 0.0007682024189591152,
  "plus_newton_rmse": 0.03023283491061261,
  "plus_newton_r2": 0.9976175667098213,
  "plus_newton_valid_ratio": 1.0,
  "plus_newton_residual_mean": 0.5152407378502637,
  "plus_newton_residual_median": 8.881784197001252e-16,
  "plus_newton_residual_p90": 6.125044915705767e-13,
  "plus_newton_newton_iter_mean": 3.79,
  "plus_newton_newton_iter_median": 4.0,
  "plus_newton_newton_iter_p90": 5.0,
  "plus_newton_converged_ratio": 0.9226,
  "hp_use_log_features": true,
  "hp_optimizer": "adamw",
  "hp_weight_decay": 0.0001,
  "hp_dropout": 0.05,
  "hp_lr": 0.001,
  "hp_hidden_dims": "[256, 256, 128]",
  "hp_hidden_size": 96,
  "hp_num_layers": 2,
  "hp_head_hidden": 128,
  "hp_head_layers": 2,
  "hp_d_model": 96,
  "hp_nhead": 4,
  "hp_ff_dim": 192,
  "hp_use_cls_token": false
}