{
  "trial_id": 7,
  "trial_name": "trial_007_mlp",
  "model": "mlp",
  "best_epoch": 19,
  "elapsed_sec": 1057.0806684494019,
  "direct_mae": 0.014180907979607582,
  "direct_rmse": 0.020744463428854942,
  "direct_r2": 0.998878324079471,
  "direct_valid_ratio": 0.7713,
  "direct_residual_mean": 18.402140125198756,
  "direct_residual_median": 0.4378176306624866,
  "direct_residual_p90": 17.61129597277341,
  "plus_newton_mae": 0.004048207294764312,
  "plus_newton_rmse": 0.013622430548997658,
  "plus_newton_r2": 0.9995163043199569,
  "plus_newton_valid_ratio": 1.0,
  "plus_newton_residual_mean": 1.8750408570892971,
  "plus_newton_residual_median": 1.7763568394002505e-15,
  "plus_newton_residual_p90": 6.991527450531883,
  "plus_newton_newton_iter_mean": 3.6826,
  "plus_newton_newton_iter_median": 4.0,
  "plus_newton_newton_iter_p90": 6.0,
  "plus_newton_converged_ratio": 0.7713,
  "hp_use_log_features": true,
  "hp_optimizer": "adamw",
  "hp_weight_decay": 0.0001,
  "hp_dropout": 0.1,
  "hp_lr": 0.0005,
  "hp_hidden_dims": "[256, 128, 64]",
  "hp_hidden_size": 128,
  "hp_num_layers": 2,
  "hp_head_hidden": 128,
  "hp_head_layers": 2,
  "hp_d_model": 96,
  "hp_nhead": 4,
  "hp_ff_dim": 192,
  "hp_use_cls_token": false
}