{
  "trial_id": 22,
  "trial_name": "trial_022_lstm",
  "model": "lstm",
  "best_epoch": 114,
  "elapsed_sec": 2952.9777171611786,
  "direct_mae": 0.004474515561014414,
  "direct_rmse": 0.005807782988995314,
  "direct_r2": 0.9999120807930617,
  "direct_valid_ratio": 0.925,
  "direct_residual_mean": 9.572543548959379,
  "direct_residual_median": 0.2935511730186177,
  "direct_residual_p90": 9.14781876254577,
  "plus_newton_mae": 0.0006685327240300722,
  "plus_newton_rmse": 0.031609188174462746,
  "plus_newton_r2": 0.9973957079354646,
  "plus_newton_valid_ratio": 1.0,
  "plus_newton_residual_mean": 0.45989277104719833,
  "plus_newton_residual_median": 8.881784197001252e-16,
  "plus_newton_residual_p90": 6.109779349117191e-13,
  "plus_newton_newton_iter_mean": 4.3123,
  "plus_newton_newton_iter_median": 4.0,
  "plus_newton_newton_iter_p90": 6.0,
  "plus_newton_converged_ratio": 0.9247,
  "hp_use_log_features": true,
  "hp_optimizer": "adamw",
  "hp_weight_decay": 0.0001,
  "hp_dropout": 0.1,
  "hp_lr": 0.001,
  "hp_hidden_dims": "[256, 256, 128]",
  "hp_hidden_size": 128,
  "hp_num_layers": 1,
  "hp_head_hidden": 128,
  "hp_head_layers": 2,
  "hp_d_model": 96,
  "hp_nhead": 4,
  "hp_ff_dim": 192,
  "hp_use_cls_token": false
}