{
  "trial_id": 30,
  "trial_name": "trial_030_gru",
  "model": "gru",
  "best_epoch": 84,
  "elapsed_sec": 2248.711303472519,
  "direct_mae": 0.003530349815264344,
  "direct_rmse": 0.004772738087922335,
  "direct_r2": 0.9999406257450386,
  "direct_valid_ratio": 0.9175,
  "direct_residual_mean": 1.6560793667524916,
  "direct_residual_median": 0.16406453171308671,
  "direct_residual_p90": 2.499087563270158,
  "plus_newton_mae": 0.0003686112830359049,
  "plus_newton_rmse": 0.0019292167551871722,
  "plus_newton_r2": 0.9999902988090265,
  "plus_newton_valid_ratio": 1.0,
  "plus_newton_residual_mean": 0.5279362248352651,
  "plus_newton_residual_median": 8.881784197001252e-16,
  "plus_newton_residual_p90": 6.626699189382638e-13,
  "plus_newton_newton_iter_mean": 3.8373,
  "plus_newton_newton_iter_median": 4.0,
  "plus_newton_newton_iter_p90": 6.0,
  "plus_newton_converged_ratio": 0.9175,
  "hp_use_log_features": true,
  "hp_optimizer": "adamw",
  "hp_weight_decay": 0.0001,
  "hp_dropout": 0.05,
  "hp_lr": 0.001,
  "hp_hidden_dims": "[256, 256, 128]",
  "hp_hidden_size": 128,
  "hp_num_layers": 1,
  "hp_head_hidden": 128,
  "hp_head_layers": 2,
  "hp_d_model": 96,
  "hp_nhead": 4,
  "hp_ff_dim": 192,
  "hp_use_cls_token": false
}