{
  "trial_id": 3,
  "trial_name": "trial_003_mlp",
  "model": "mlp",
  "best_epoch": 22,
  "elapsed_sec": 1465.5790457725525,
  "direct_mae": 0.010389087721705437,
  "direct_rmse": 0.014807560481131077,
  "direct_r2": 0.9994284818349667,
  "direct_valid_ratio": 0.8832,
  "direct_residual_mean": 11.152980879372796,
  "direct_residual_median": 0.3521685244875043,
  "direct_residual_p90": 11.19489715183037,
  "plus_newton_mae": 0.0014328203605171235,
  "plus_newton_rmse": 0.006437984955956121,
  "plus_newton_r2": 0.9998919653874293,
  "plus_newton_valid_ratio": 1.0,
  "plus_newton_residual_mean": 0.8915933323982251,
  "plus_newton_residual_median": 8.881784197001252e-16,
  "plus_newton_residual_p90": 5.42038673833469,
  "plus_newton_newton_iter_mean": 4.148,
  "plus_newton_newton_iter_median": 4.0,
  "plus_newton_newton_iter_p90": 7.0,
  "plus_newton_converged_ratio": 0.8832,
  "hp_use_log_features": true,
  "hp_optimizer": "adamw",
  "hp_weight_decay": 0.0001,
  "hp_dropout": 0.05,
  "hp_lr": 0.0005,
  "hp_hidden_dims": "[256, 128, 64]",
  "hp_hidden_size": 128,
  "hp_num_layers": 2,
  "hp_head_hidden": 128,
  "hp_head_layers": 2,
  "hp_d_model": 96,
  "hp_nhead": 4,
  "hp_ff_dim": 192,
  "hp_use_cls_token": false
}