{
  "trial_id": 1,
  "trial_name": "trial_001_mlp",
  "model": "mlp",
  "best_epoch": 20,
  "elapsed_sec": 1111.4365890026093,
  "direct_mae": 0.013580240309238434,
  "direct_rmse": 0.020297616720199585,
  "direct_r2": 0.9989261265831529,
  "direct_valid_ratio": 0.9107,
  "direct_residual_mean": 13.001258524153197,
  "direct_residual_median": 0.356463434802774,
  "direct_residual_p90": 13.324411830196473,
  "plus_newton_mae": 0.0014051704942093953,
  "plus_newton_rmse": 0.031798294874012104,
  "plus_newton_r2": 0.9973644535882115,
  "plus_newton_valid_ratio": 1.0,
  "plus_newton_residual_mean": 0.8094444765569444,
  "plus_newton_residual_median": 8.881784197001252e-16,
  "plus_newton_residual_p90": 8.154366071266853e-13,
  "plus_newton_newton_iter_mean": 4.3861,
  "plus_newton_newton_iter_median": 4.0,
  "plus_newton_newton_iter_p90": 7.0,
  "plus_newton_converged_ratio": 0.9106,
  "hp_use_log_features": true,
  "hp_optimizer": "adamw",
  "hp_weight_decay": 0.0001,
  "hp_dropout": 0.05,
  "hp_lr": 0.0005,
  "hp_hidden_dims": "[256, 256, 128]",
  "hp_hidden_size": 128,
  "hp_num_layers": 2,
  "hp_head_hidden": 128,
  "hp_head_layers": 2,
  "hp_d_model": 96,
  "hp_nhead": 4,
  "hp_ff_dim": 192,
  "hp_use_cls_token": false
}