{
  "trial_id": 33,
  "trial_name": "trial_033_gru",
  "model": "gru",
  "best_epoch": 36,
  "elapsed_sec": 1436.8631336688995,
  "direct_mae": 0.003826702479273081,
  "direct_rmse": 0.005709068384021521,
  "direct_r2": 0.9999150441044121,
  "direct_valid_ratio": 0.8779,
  "direct_residual_mean": 2.5447690183062037,
  "direct_residual_median": 0.1652545844087614,
  "direct_residual_p90": 3.729778295581162,
  "plus_newton_mae": 0.000660404478478939,
  "plus_newton_rmse": 0.003396773993854299,
  "plus_newton_r2": 0.9999699256459986,
  "plus_newton_valid_ratio": 1.0,
  "plus_newton_residual_mean": 0.7638307602967745,
  "plus_newton_residual_median": 8.881784197001252e-16,
  "plus_newton_residual_p90": 4.446380022205443,
  "plus_newton_newton_iter_mean": 3.6391,
  "plus_newton_newton_iter_median": 4.0,
  "plus_newton_newton_iter_p90": 6.0,
  "plus_newton_converged_ratio": 0.8779,
  "hp_use_log_features": true,
  "hp_optimizer": "adamw",
  "hp_weight_decay": 0.0001,
  "hp_dropout": 0.1,
  "hp_lr": 0.0005,
  "hp_hidden_dims": "[256, 256, 128]",
  "hp_hidden_size": 96,
  "hp_num_layers": 1,
  "hp_head_hidden": 128,
  "hp_head_layers": 2,
  "hp_d_model": 96,
  "hp_nhead": 4,
  "hp_ff_dim": 192,
  "hp_use_cls_token": false
}