{
  "trial_id": 4,
  "trial_name": "trial_004_mlp",
  "model": "mlp",
  "best_epoch": 8,
  "elapsed_sec": 1192.7617292404175,
  "direct_mae": 0.01659342087805271,
  "direct_rmse": 0.025099437683820724,
  "direct_r2": 0.9983579326961217,
  "direct_valid_ratio": 0.8267,
  "direct_residual_mean": 14.98784458763711,
  "direct_residual_median": 0.3084643772189223,
  "direct_residual_p90": 9.900670844615464,
  "plus_newton_mae": 0.003759098225850294,
  "plus_newton_rmse": 0.014594305584956717,
  "plus_newton_r2": 0.9994448250336642,
  "plus_newton_valid_ratio": 1.0,
  "plus_newton_residual_mean": 1.1324891525209757,
  "plus_newton_residual_median": 8.881784197001252e-16,
  "plus_newton_residual_p90": 5.803361049157779,
  "plus_newton_newton_iter_mean": 3.7846,
  "plus_newton_newton_iter_median": 4.0,
  "plus_newton_newton_iter_p90": 6.0,
  "plus_newton_converged_ratio": 0.8267,
  "hp_use_log_features": true,
  "hp_optimizer": "adamw",
  "hp_weight_decay": 0.0001,
  "hp_dropout": 0.05,
  "hp_lr": 0.001,
  "hp_hidden_dims": "[256, 128, 64]",
  "hp_hidden_size": 128,
  "hp_num_layers": 2,
  "hp_head_hidden": 128,
  "hp_head_layers": 2,
  "hp_d_model": 96,
  "hp_nhead": 4,
  "hp_ff_dim": 192,
  "hp_use_cls_token": false
}