{
  "trial_id": 1,
  "trial_name": "trial_001_mlp",
  "source_trial": "trial_013_mlp",
  "model": "mlp",
  "best_epoch": 315,
  "elapsed_sec": 4340.724609613419,
  "direct_mae": 0.0008047628376192733,
  "direct_rmse": 0.0011777570245864518,
  "direct_r2": 0.9999963844496803,
  "direct_valid_ratio": 0.9692,
  "direct_residual_mean": 0.2570937637327974,
  "direct_residual_median": 0.02478494995181177,
  "direct_residual_p90": 0.44848455792869374,
  "direct_mae_Q1": 0.00026017083326187275,
  "direct_mae_x1": 0.0009795116901397706,
  "direct_mae_x2": 0.0011746059894561767,
  "direct_max_abs_error": 0.02696990966796875,
  "plus_newton_mae": 4.1846677184543764e-05,
  "plus_newton_rmse": 0.00033090907874929316,
  "plus_newton_r2": 0.9999997145826505,
  "plus_newton_valid_ratio": 1.0,
  "plus_newton_residual_mean": 0.1674169823666796,
  "plus_newton_residual_median": 8.881784197001252e-16,
  "plus_newton_residual_p90": 2.333161441825383e-13,
  "plus_newton_newton_iter_mean": 3.2864,
  "plus_newton_newton_iter_median": 3.0,
  "plus_newton_newton_iter_p90": 4.0,
  "plus_newton_converged_ratio": 0.969,
  "plus_newton_mae_Q1": 6.887445791641894e-06,
  "plus_newton_mae_x1": 5.4700627910762334e-05,
  "plus_newton_mae_x2": 6.395195785122704e-05,
  "plus_newton_max_abs_error": 0.012611865997314453,
  "hp_use_log_features": true,
  "hp_optimizer": "adamw",
  "hp_loss_name": "smoothl1",
  "hp_weight_decay": 0.0001,
  "hp_dropout": 0.0,
  "hp_lr": 0.0005,
  "hp_hidden_dims": "[256, 256, 128]",
  "hp_hidden_size": 128,
  "hp_num_layers": 2,
  "hp_head_hidden": 128,
  "hp_head_layers": 2,
  "hp_d_model": 96,
  "hp_nhead": 4,
  "hp_ff_dim": 128,
  "hp_use_cls_token": true
}