{
  "trial_id": 2,
  "trial_name": "trial_002_lstm",
  "source_trial": "trial_030_lstm",
  "model": "lstm",
  "best_epoch": 286,
  "elapsed_sec": 4520.52064871788,
  "direct_mae": 0.0004720198928425816,
  "direct_rmse": 0.0006546912708041602,
  "direct_r2": 0.9999988827866809,
  "direct_valid_ratio": 0.9806,
  "direct_residual_mean": 0.2876597205664145,
  "direct_residual_median": 0.025283227209529746,
  "direct_residual_p90": 0.47530262921110833,
  "direct_mae_Q1": 0.00030090045306387764,
  "direct_mae_x1": 0.0006326208353042603,
  "direct_mae_x2": 0.00048253839015960695,
  "direct_max_abs_error": 0.009404182434082031,
  "plus_newton_mae": 1.5190979390614433e-05,
  "plus_newton_rmse": 0.0001537624493721882,
  "plus_newton_r2": 0.9999999383740565,
  "plus_newton_valid_ratio": 1.0,
  "plus_newton_residual_mean": 0.12533141254449265,
  "plus_newton_residual_median": 8.881784197001252e-16,
  "plus_newton_residual_p90": 1.9553109131820191e-13,
  "plus_newton_newton_iter_mean": 3.3806,
  "plus_newton_newton_iter_median": 3.0,
  "plus_newton_newton_iter_p90": 5.0,
  "plus_newton_converged_ratio": 0.9805,
  "plus_newton_mae_Q1": 8.25725406809344e-06,
  "plus_newton_mae_x1": 2.542518306852344e-05,
  "plus_newton_mae_x2": 1.189050103522642e-05,
  "plus_newton_max_abs_error": 0.005124330520629883,
  "hp_use_log_features": true,
  "hp_optimizer": "adamw",
  "hp_loss_name": "mse",
  "hp_weight_decay": 0.0001,
  "hp_dropout": 0.0,
  "hp_lr": 0.001,
  "hp_hidden_dims": "[256, 256, 128]",
  "hp_hidden_size": 128,
  "hp_num_layers": 1,
  "hp_head_hidden": 128,
  "hp_head_layers": 2,
  "hp_d_model": 96,
  "hp_nhead": 4,
  "hp_ff_dim": 128,
  "hp_use_cls_token": true
}