{
  "trial_id": 2,
  "trial_name": "trial_002_lstm",
  "model": "lstm",
  "best_epoch": 891,
  "elapsed_sec": 19501.055287361145,
  "direct_mae": 1.1952790021896362,
  "direct_rmse": 1.5753123760223389,
  "direct_r2": 0.5775940120220184,
  "direct_valid_ratio": 0.94946,
  "direct_residual_mean": 1.751927375793457,
  "direct_residual_median": 1.6107534170150757,
  "direct_residual_p90": 3.237789750099182,
  "plus_newton_mae": 0.030522681688442636,
  "plus_newton_rmse": 0.14367088124931957,
  "plus_newton_r2": 0.9964865464657202,
  "plus_newton_valid_ratio": 0.94946,
  "plus_newton_residual_mean": 0.07572732489153196,
  "plus_newton_residual_median": 1.1102230246251565e-16,
  "plus_newton_residual_p90": 1.3011813848606835e-13,
  "plus_newton_newton_iter_mean": 3.34553,
  "plus_newton_newton_iter_median": 3.0,
  "plus_newton_newton_iter_p90": 6.0,
  "plus_newton_converged_ratio": 0.92624,
  "hp_use_log_ab": false,
  "hp_optimizer": "adamw",
  "hp_criterion": "mse",
  "hp_dropout": 0.0,
  "hp_lr": 0.0005,
  "hp_weight_decay": 0.0001,
  "hp_hidden_dims": "[256, 256, 128]",
  "hp_hidden_size": 128,
  "hp_num_layers": 2,
  "hp_head_hidden": 128,
  "hp_head_layers": 1,
  "hp_d_model": 64,
  "hp_nhead": 4,
  "hp_ff_dim": 128,
  "hp_use_cls_token": false
}