{
  "trial_id": 1,
  "trial_name": "trial_001_mlp",
  "source_trial": "trial_013_mlp",
  "model": "mlp",
  "best_epoch": 179,
  "elapsed_sec": 3059.2841725349426,
  "direct_mae": 0.0010568674003122093,
  "direct_rmse": 0.0014948536790446384,
  "direct_r2": 0.9999941754768856,
  "direct_valid_ratio": 0.924,
  "direct_residual_mean": 0.6204847973260826,
  "direct_residual_median": 0.07638536105731461,
  "direct_residual_p90": 0.9635796683144595,
  "direct_mae_Q1": 0.0007427861437314277,
  "direct_mae_x1": 0.0011877402782440186,
  "direct_mae_x2": 0.0012400757789611816,
  "direct_max_abs_error": 0.06413507461547852,
  "plus_newton_mae": 0.0001064335742209762,
  "plus_newton_rmse": 0.000741411124593842,
  "plus_newton_r2": 0.9999985672144261,
  "plus_newton_valid_ratio": 1.0,
  "plus_newton_residual_mean": 0.465021258549286,
  "plus_newton_residual_median": 8.881784197001252e-16,
  "plus_newton_residual_p90": 5.747402553879514e-13,
  "plus_newton_newton_iter_mean": 3.5047,
  "plus_newton_newton_iter_median": 3.0,
  "plus_newton_newton_iter_p90": 5.0,
  "plus_newton_converged_ratio": 0.9239,
  "plus_newton_mae_Q1": 3.502102771903121e-05,
  "plus_newton_mae_x1": 0.0001581011603799496,
  "plus_newton_mae_x2": 0.00012617853456394775,
  "plus_newton_max_abs_error": 0.06413507461547852,
  "hp_use_log_features": true,
  "hp_optimizer": "adamw",
  "hp_loss_name": "smoothl1",
  "hp_weight_decay": 0.0001,
  "hp_dropout": 0.0,
  "hp_lr": 0.0005,
  "hp_hidden_dims": "[256, 256, 128]",
  "hp_hidden_size": 128,
  "hp_num_layers": 2,
  "hp_head_hidden": 128,
  "hp_head_layers": 2,
  "hp_d_model": 96,
  "hp_nhead": 4,
  "hp_ff_dim": 128,
  "hp_use_cls_token": true
}