{
  "trial_id": 4,
  "trial_name": "trial_004_transformer",
  "model": "transformer",
  "best_epoch": 267,
  "elapsed_sec": 8888.89122748375,
  "direct_mae": 0.14220616221427917,
  "direct_rmse": 0.21889473497867584,
  "direct_r2": 0.9918441856279969,
  "direct_valid_ratio": 0.94075,
  "direct_residual_mean": 0.2576601207256317,
  "direct_residual_median": 0.1747753620147705,
  "direct_residual_p90": 0.557512903213501,
  "plus_newton_mae": 0.008866006048346116,
  "plus_newton_rmse": 0.05295323033477237,
  "plus_newton_r2": 0.9995227107855051,
  "plus_newton_valid_ratio": 0.94075,
  "plus_newton_residual_mean": 0.0028583506138046668,
  "plus_newton_residual_median": 1.1102230246251565e-16,
  "plus_newton_residual_p90": 8.304468224196171e-14,
  "plus_newton_newton_iter_mean": 2.78143,
  "plus_newton_newton_iter_median": 3.0,
  "plus_newton_newton_iter_p90": 4.0,
  "plus_newton_converged_ratio": 0.93977,
  "hp_use_log_ab": false,
  "hp_optimizer": "adamw",
  "hp_criterion": "mse",
  "hp_dropout": 0.1,
  "hp_lr": 0.001,
  "hp_weight_decay": 1e-05,
  "hp_hidden_dims": "[256, 256, 128]",
  "hp_hidden_size": 128,
  "hp_num_layers": 1,
  "hp_head_hidden": 64,
  "hp_head_layers": 2,
  "hp_d_model": 64,
  "hp_nhead": 2,
  "hp_ff_dim": 64,
  "hp_use_cls_token": false
}