{
  "trial_id": 16,
  "trial_name": "trial_016_gru",
  "model": "gru",
  "best_epoch": 205,
  "elapsed_sec": 3932.87526679039,
  "direct_mae": 0.004401186015456915,
  "direct_rmse": 0.0063988156616687775,
  "direct_r2": 0.9998932759748023,
  "direct_valid_ratio": 0.888,
  "direct_residual_mean": 2.379284385945777,
  "direct_residual_median": 0.2159818286979029,
  "direct_residual_p90": 4.383537100626847,
  "plus_newton_mae": 0.0006494116672172318,
  "plus_newton_rmse": 0.0031745890700067042,
  "plus_newton_r2": 0.9999737313328794,
  "plus_newton_valid_ratio": 1.0,
  "plus_newton_residual_mean": 0.7723343164533482,
  "plus_newton_residual_median": 8.881784197001252e-16,
  "plus_newton_residual_p90": 4.628338535836031,
  "plus_newton_newton_iter_mean": 3.7883,
  "plus_newton_newton_iter_median": 4.0,
  "plus_newton_newton_iter_p90": 6.0,
  "plus_newton_converged_ratio": 0.888,
  "hp_use_log_features": true,
  "hp_optimizer": "adamw",
  "hp_weight_decay": 0.0001,
  "hp_dropout": 0.1,
  "hp_lr": 0.001,
  "hp_hidden_dims": "[256, 256, 128]",
  "hp_hidden_size": 128,
  "hp_num_layers": 2,
  "hp_head_hidden": 128,
  "hp_head_layers": 2,
  "hp_d_model": 96,
  "hp_nhead": 4,
  "hp_ff_dim": 192,
  "hp_use_cls_token": false
}