{
  "trial_id": 8,
  "trial_name": "trial_008_gru",
  "model": "gru",
  "best_epoch": 268,
  "elapsed_sec": 4099.913713693619,
  "direct_mae": 0.0032804966904222965,
  "direct_rmse": 0.004748157225549221,
  "direct_r2": 0.9999412357611759,
  "direct_valid_ratio": 0.8899,
  "direct_residual_mean": 1.2841571072630562,
  "direct_residual_median": 0.1336315347908199,
  "direct_residual_p90": 2.5402355942860213,
  "plus_newton_mae": 0.00047223781843869266,
  "plus_newton_rmse": 0.002083489148806382,
  "plus_newton_r2": 0.99998868523627,
  "plus_newton_valid_ratio": 1.0,
  "plus_newton_residual_mean": 0.7153385921387247,
  "plus_newton_residual_median": 8.881784197001252e-16,
  "plus_newton_residual_p90": 4.238020911762094,
  "plus_newton_newton_iter_mean": 3.6271,
  "plus_newton_newton_iter_median": 4.0,
  "plus_newton_newton_iter_p90": 6.0,
  "plus_newton_converged_ratio": 0.8899,
  "hp_use_log_features": true,
  "hp_optimizer": "adamw",
  "hp_weight_decay": 0.0001,
  "hp_dropout": 0.05,
  "hp_lr": 0.001,
  "hp_hidden_dims": "[256, 256, 128]",
  "hp_hidden_size": 128,
  "hp_num_layers": 2,
  "hp_head_hidden": 128,
  "hp_head_layers": 2,
  "hp_d_model": 96,
  "hp_nhead": 4,
  "hp_ff_dim": 192,
  "hp_use_cls_token": false
}