{
  "trial_id": 4,
  "trial_name": "trial_004_gru",
  "model": "gru",
  "best_epoch": 428,
  "elapsed_sec": 5203.871230363846,
  "direct_mae": 0.0037192092277109623,
  "direct_rmse": 0.0053332471288740635,
  "direct_r2": 0.9999258610582756,
  "direct_valid_ratio": 0.8992,
  "direct_residual_mean": 2.0490311287541747,
  "direct_residual_median": 0.16889252268796354,
  "direct_residual_p90": 3.327157536594882,
  "plus_newton_mae": 0.0004074086957472076,
  "plus_newton_rmse": 0.002030336043967178,
  "plus_newton_r2": 0.9999892551872115,
  "plus_newton_valid_ratio": 1.0,
  "plus_newton_residual_mean": 0.666354133386561,
  "plus_newton_residual_median": 8.881784197001252e-16,
  "plus_newton_residual_p90": 3.333467436839612,
  "plus_newton_newton_iter_mean": 3.7755,
  "plus_newton_newton_iter_median": 4.0,
  "plus_newton_newton_iter_p90": 6.0,
  "plus_newton_converged_ratio": 0.8991,
  "hp_use_log_features": true,
  "hp_optimizer": "adamw",
  "hp_weight_decay": 0.0001,
  "hp_dropout": 0.05,
  "hp_lr": 0.001,
  "hp_hidden_dims": "[256, 256, 128]",
  "hp_hidden_size": 96,
  "hp_num_layers": 2,
  "hp_head_hidden": 128,
  "hp_head_layers": 2,
  "hp_d_model": 96,
  "hp_nhead": 4,
  "hp_ff_dim": 192,
  "hp_use_cls_token": false
}