{
  "trial_id": 2,
  "trial_name": "trial_002_lstm",
  "source_trial": "trial_030_lstm",
  "model": "lstm",
  "best_epoch": 386,
  "elapsed_sec": 6196.784795761108,
  "direct_mae": 0.0005024878327340654,
  "direct_rmse": 0.0007008279358919669,
  "direct_r2": 0.9999987197764441,
  "direct_valid_ratio": 0.9833,
  "direct_residual_mean": 0.1977893333380433,
  "direct_residual_median": 0.025957454994991025,
  "direct_residual_p90": 0.3640391654431326,
  "direct_mae_Q1": 0.0002540031386288319,
  "direct_mae_x1": 0.0006313582181930542,
  "direct_mae_x2": 0.00062210214138031,
  "direct_max_abs_error": 0.010686397552490234,
  "plus_newton_mae": 1.2188747321116988e-05,
  "plus_newton_rmse": 0.00013843023045464404,
  "plus_newton_r2": 0.9999999500512197,
  "plus_newton_valid_ratio": 1.0,
  "plus_newton_residual_mean": 0.09502505900366635,
  "plus_newton_residual_median": 8.881784197001252e-16,
  "plus_newton_residual_p90": 1.4210854715202004e-13,
  "plus_newton_newton_iter_mean": 3.3434,
  "plus_newton_newton_iter_median": 3.0,
  "plus_newton_newton_iter_p90": 4.0,
  "plus_newton_converged_ratio": 0.9833,
  "plus_newton_mae_Q1": 3.200404598629409e-06,
  "plus_newton_mae_x1": 1.8488830104091615e-05,
  "plus_newton_mae_x2": 1.4877007260629948e-05,
  "plus_newton_max_abs_error": 0.004988670349121094,
  "hp_use_log_features": true,
  "hp_optimizer": "adamw",
  "hp_loss_name": "mse",
  "hp_weight_decay": 0.0001,
  "hp_dropout": 0.0,
  "hp_lr": 0.001,
  "hp_hidden_dims": "[256, 256, 128]",
  "hp_hidden_size": 128,
  "hp_num_layers": 1,
  "hp_head_hidden": 128,
  "hp_head_layers": 2,
  "hp_d_model": 96,
  "hp_nhead": 4,
  "hp_ff_dim": 128,
  "hp_use_cls_token": true
}