{
  "trial_id": 3,
  "trial_name": "trial_003_gru",
  "source_trial": "trial_042_gru",
  "model": "gru",
  "best_epoch": 567,
  "elapsed_sec": 7570.111406087875,
  "direct_mae": 0.00037638342968675714,
  "direct_rmse": 0.0005467628178936708,
  "direct_r2": 0.9999992207784586,
  "direct_valid_ratio": 0.9803,
  "direct_residual_mean": 0.16128621240040175,
  "direct_residual_median": 0.011849096377487989,
  "direct_residual_p90": 0.23082237547523018,
  "direct_mae_Q1": 0.0001244624314324028,
  "direct_mae_x1": 0.0004981871128082276,
  "direct_mae_x2": 0.0005065007448196411,
  "direct_max_abs_error": 0.007633209228515625,
  "plus_newton_mae": 1.2726357195269085e-05,
  "plus_newton_rmse": 0.00013888157911951565,
  "plus_newton_r2": 0.999999949724975,
  "plus_newton_valid_ratio": 1.0,
  "plus_newton_residual_mean": 0.10659882286056523,
  "plus_newton_residual_median": 8.881784197001252e-16,
  "plus_newton_residual_p90": 2.0786983245812975e-13,
  "plus_newton_newton_iter_mean": 3.0756,
  "plus_newton_newton_iter_median": 3.0,
  "plus_newton_newton_iter_p90": 4.0,
  "plus_newton_converged_ratio": 0.9797,
  "plus_newton_mae_Q1": 2.4992084272742793e-06,
  "plus_newton_mae_x1": 2.0065161294698265e-05,
  "plus_newton_mae_x2": 1.5614701863834714e-05,
  "plus_newton_max_abs_error": 0.007633209228515625,
  "hp_use_log_features": true,
  "hp_optimizer": "adamw",
  "hp_loss_name": "mse",
  "hp_weight_decay": 1e-05,
  "hp_dropout": 0.0,
  "hp_lr": 0.0005,
  "hp_hidden_dims": "[256, 256, 128]",
  "hp_hidden_size": 96,
  "hp_num_layers": 1,
  "hp_head_hidden": 128,
  "hp_head_layers": 2,
  "hp_d_model": 96,
  "hp_nhead": 4,
  "hp_ff_dim": 128,
  "hp_use_cls_token": true
}